date,open,high,low,close
2017-12-01,15.93000030517578,20.68000030517578,15.829999923706056,16.56999969482422
2017-12-04,16.149999618530273,18.07999992370605,15.920000076293944,18.030000686645508
2017-12-05,18.020000457763672,18.46999931335449,16.40999984741211,17.1200008392334
2017-12-06,17.139999389648438,17.790000915527344,16.520000457763672,16.709999084472656
2017-12-07,16.709999084472656,16.899999618530273,15.859999656677246,15.859999656677246
2017-12-08,15.859999656677246,15.859999656677246,14.420000076293944,14.420000076293944
2017-12-11,13.90999984741211,13.90999984741211,11.81999969482422,12.59000015258789
2017-12-12,12.960000038146973,13.850000381469728,12.06999969482422,12.859999656677246
2017-12-13,12.880000114440918,12.899999618530272,12.0,12.739999771118164
2017-12-14,12.739999771118164,13.260000228881836,12.06999969482422,12.390000343322754
2017-12-15,12.380000114440918,12.989999771118164,11.670000076293944,11.880000114440918
2017-12-18,11.859999656677246,12.649999618530272,11.859999656677246,12.529999732971191
2017-12-19,12.529999732971191,13.0600004196167,12.40999984741211,12.81999969482422
2017-12-20,13.119999885559082,13.380000114440918,12.720000267028809,12.779999732971191
2017-12-21,13.140000343322754,13.140000343322754,12.25,12.649999618530272
2017-12-22,13.119999885559082,13.140000343322754,12.479999542236328,12.539999961853027
2017-12-26,14.329999923706056,14.350000381469728,13.5600004196167,13.640000343322754
2017-12-27,14.0600004196167,14.4399995803833,13.75,14.289999961853027
2017-12-28,14.289999961853027,14.65999984741211,14.119999885559082,14.619999885559082
2017-12-29,14.760000228881836,15.890000343322754,14.720000267028809,15.68000030517578
2018-01-02,16.149999618530273,16.270000457763672,14.869999885559082,14.93000030517578
2018-01-03,14.93000030517578,14.949999809265137,13.850000381469728,14.15999984741211
2018-01-04,14.0600004196167,14.5600004196167,13.720000267028809,13.970000267028809
2018-01-05,13.859999656677246,14.100000381469728,13.460000038146973,13.479999542236328
2018-01-08,13.93000030517578,14.34000015258789,13.75,13.84000015258789
2018-01-09,13.84000015258789,14.630000114440918,13.84000015258789,14.630000114440918
2018-01-10,14.630000114440918,15.65999984741211,14.630000114440918,15.279999732971191
2018-01-11,15.279999732971191,15.640000343322754,14.739999771118164,14.770000457763672
2018-01-12,15.399999618530272,15.529999732971191,14.529999732971191,14.56999969482422
2018-01-16,14.56999969482422,17.170000076293945,14.56999969482422,16.34000015258789
2018-01-17,16.329999923706055,16.719999313354492,15.93000030517578,16.200000762939453
2018-01-18,16.200000762939453,17.1200008392334,16.190000534057617,16.950000762939453
2018-01-19,16.969999313354492,17.09000015258789,15.970000267028809,16.149999618530273
2018-01-22,17.0,17.020000457763672,16.190000534057617,16.290000915527344
2018-01-23,16.290000915527344,17.31999969482422,16.290000915527344,16.75
2018-01-24,16.780000686645508,18.709999084472656,16.780000686645508,17.899999618530273
2018-01-25,17.899999618530273,18.559999465942383,17.809999465942383,18.25
2018-01-26,18.1200008392334,18.21999931335449,17.520000457763672,17.520000457763672
2018-01-29,18.26000022888184,19.56999969482422,18.18000030517578,19.21999931335449
2018-01-30,20.3700008392334,20.709999084472656,19.399999618530277,20.350000381469727
2018-01-31,20.34000015258789,20.34000015258789,19.06999969482422,19.649999618530277
2018-02-01,19.600000381469727,20.239999771118164,17.610000610351562,19.149999618530277
2018-02-02,19.11000061035156,20.82999992370605,18.34000015258789,20.65999984741211
2018-02-05,20.670000076293945,33.11000061035156,19.549999237060547,33.02000045776367
2018-02-06,33.02000045776367,38.18000030517578,22.8700008392334,26.700000762939453
2018-02-07,27.1299991607666,27.1299991607666,19.940000534057617,24.729999542236328
2018-02-08,24.93000030517578,35.4900016784668,23.040000915527344,33.88999938964844
2018-02-09,31.8799991607666,37.75,28.76000022888184,29.6200008392334
2018-02-12,28.600000381469727,31.190000534057617,24.1299991607666,24.940000534057617
2018-02-13,24.940000534057617,26.100000381469727,23.450000762939453,23.709999084472656
2018-02-14,23.670000076293945,24.06999969482422,19.84000015258789,20.8700008392334
2018-02-15,20.86000061035156,22.059999465942383,19.18000030517578,20.850000381469727
2018-02-16,20.5,21.31999969482422,18.8700008392334,20.459999084472656
2018-02-20,20.459999084472656,22.51000022888184,20.459999084472656,21.670000076293945
2018-02-21,21.6299991607666,22.739999771118164,18.93000030517578,22.489999771118164
2018-02-22,22.0,22.5,20.61000061035156,20.90999984741211
2018-02-23,20.90999984741211,21.13999938964844,17.59000015258789,18.15999984741211
2018-02-26,18.149999618530277,19.459999084472656,18.1200008392334,18.1200008392334
2018-02-27,18.11000061035156,21.1200008392334,18.11000061035156,20.489999771118164
2018-02-28,20.530000686645508,22.8799991607666,18.899999618530277,22.01000022888184
2018-03-01,22.01000022888184,27.280000686645508,21.8799991607666,24.739999771118164
2018-03-02,24.76000022888184,28.280000686645508,20.68000030517578,21.530000686645508
2018-03-05,22.729999542236328,23.40999984741211,20.270000457763672,20.600000381469727
2018-03-06,20.07999992370605,21.479999542236328,19.299999237060547,20.600000381469727
2018-03-07,20.600000381469727,22.1200008392334,20.1200008392334,20.43000030517578
2018-03-08,19.93000030517578,20.489999771118164,19.1200008392334,19.26000022888184
2018-03-09,19.26000022888184,19.26000022888184,17.139999389648438,17.299999237060547
2018-03-12,16.719999313354492,17.889999389648438,16.459999084472656,17.559999465942383
2018-03-13,17.559999465942383,19.549999237060547,17.079999923706055,19.239999771118164
2018-03-14,18.950000762939453,19.959999084472656,18.149999618530277,19.520000457763672
2018-03-15,19.520000457763672,19.809999465942383,18.40999984741211,18.450000762939453
2018-03-16,18.799999237060547,18.82999992370605,17.149999618530273,17.639999389648438
2018-03-19,20.020000457763672,24.309999465942383,19.670000076293945,22.059999465942383
2018-03-20,22.059999465942383,23.51000022888184,21.76000022888184,22.1299991607666
2018-03-21,22.11000061035156,23.15999984741211,19.76000022888184,22.059999465942383
2018-03-22,25.040000915527344,26.82999992370605,23.96999931335449,26.6299991607666
2018-03-23,26.6299991607666,29.84000015258789,24.709999084472656,28.350000381469727
2018-03-26,28.309999465942383,29.149999618530277,24.850000381469727,25.149999618530277
2018-03-27,24.209999084472656,30.75,24.049999237060547,29.01000022888184
2018-03-28,29.01000022888184,33.630001068115234,29.01000022888184,30.190000534057617
2018-03-29,30.190000534057617,30.32999992370605,25.790000915527344,26.68000030517578
2018-04-02,28.68000030517578,31.600000381469727,28.020000457763672,29.920000076293945
2018-04-03,29.920000076293945,30.71999931335449,27.280000686645508,28.049999237060547
2018-04-04,30.809999465942383,30.809999465942383,25.81999969482422,26.290000915527344
2018-04-05,26.239999771118164,26.239999771118164,24.84000015258789,25.030000686645508
2018-04-06,26.43000030517578,28.68000030517578,25.40999984741211,27.43000030517578
2018-04-09,27.43000030517578,27.65999984741211,25.40999984741211,26.950000762939453
2018-04-10,26.950000762939453,26.979999542236328,24.93000030517578,25.149999618530277
2018-04-11,25.13999938964844,25.65999984741211,24.200000762939453,24.690000534057617
2018-04-12,24.34000015258789,24.3799991607666,22.71999931335449,22.899999618530277
2018-04-13,22.899999618530277,22.96999931335449,21.709999084472656,22.059999465942383
2018-04-16,22.06999969482422,22.440000534057617,20.350000381469727,20.450000762939453
2018-04-17,20.34000015258789,20.34000015258789,19.25,19.43000030517578
2018-04-18,19.43000030517578,20.34000015258789,19.3700008392334,19.3799991607666
2018-04-19,20.309999465942383,21.07999992370605,19.399999618530277,20.15999984741211
2018-04-20,20.46999931335449,22.3799991607666,20.420000076293945,21.6299991607666
2018-04-23,22.11000061035156,23.15999984741211,21.280000686645508,22.1200008392334
2018-04-24,22.040000915527344,25.25,21.71999931335449,23.6200008392334
2018-04-25,23.6200008392334,25.600000381469727,22.479999542236328,23.06999969482422
2018-04-26,23.06999969482422,23.06999969482422,20.36000061035156,20.36000061035156
2018-04-27,20.350000381469727,22.43000030517578,20.350000381469727,20.520000457763672
2018-04-30,20.76000022888184,21.68000030517578,20.459999084472656,21.059999465942383
2018-05-01,21.020000457763672,21.549999237060547,19.68000030517578,19.709999084472656
2018-05-02,20.100000381469727,20.520000457763672,18.84000015258789,19.76000022888184
2018-05-03,20.440000534057617,21.8700008392334,19.649999618530277,19.649999618530277
2018-05-04,19.649999618530277,20.6299991607666,18.350000381469727,18.40999984741211
2018-05-07,18.600000381469727,19.229999542236328,18.32999992370605,18.709999084472656
2018-05-08,18.709999084472656,19.25,18.46999931335449,18.479999542236328
2018-05-09,18.420000076293945,19.1200008392334,17.600000381469727,17.6200008392334
2018-05-10,17.6299991607666,17.790000915527344,16.299999237060547,16.3799991607666
2018-05-11,16.3799991607666,17.010000228881836,15.979999542236328,16.190000534057617
2018-05-14,16.610000610351562,16.68000030517578,15.960000038146973,16.079999923706055
2018-05-15,16.079999923706055,18.239999771118164,16.079999923706055,17.510000228881836
2018-05-16,17.459999084472656,17.950000762939453,16.709999084472656,16.709999084472656
2018-05-17,17.59000015258789,17.68000030517578,16.260000228881836,17.190000534057617
2018-05-18,17.190000534057617,17.530000686645508,16.739999771118164,16.8700008392334
2018-05-21,16.809999465942383,17.530000686645508,16.690000534057617,16.920000076293945
2018-05-22,16.229999542236328,17.229999542236328,16.219999313354492,16.920000076293945
2018-05-23,17.8799991607666,18.06999969482422,16.270000457763672,16.270000457763672
2018-05-24,16.270000457763672,17.639999389648438,15.81999969482422,15.81999969482422
2018-05-25,15.829999923706056,16.610000610351562,15.789999961853027,16.059999465942383
2018-05-29,17.6299991607666,19.399999618530277,17.469999313354492,18.420000076293945
2018-05-30,18.420000076293945,18.420000076293945,16.959999084472656,17.06999969482422
2018-05-31,17.06999969482422,17.860000610351562,16.530000686645508,16.780000686645508
2018-06-01,16.479999542236328,16.489999771118164,15.0,15.109999656677246
2018-06-04,15.109999656677246,15.979999542236328,15.109999656677246,15.489999771118164
2018-06-05,15.5,16.049999237060547,15.149999618530272,15.329999923706056
2018-06-06,15.31999969482422,15.75,14.93000030517578,15.510000228881836
2018-06-07,15.529999732971191,16.8799991607666,15.529999732971191,16.450000762939453
2018-06-08,16.40999984741211,19.940000534057617,16.299999237060547,16.510000228881836
2018-06-11,16.510000228881836,17.25,15.979999542236328,16.450000762939453
2018-06-12,16.43000030517578,16.43000030517578,15.18000030517578,15.699999809265137
2018-06-13,15.699999809265137,17.149999618530273,15.449999809265137,16.31999969482422
2018-06-14,16.329999923706055,16.329999923706055,15.489999771118164,15.9399995803833
2018-06-15,16.110000610351562,17.360000610351562,15.06999969482422,15.420000076293944
2018-06-18,15.420000076293944,17.920000076293945,15.420000076293944,16.81999969482422
2018-06-19,18.709999084472656,19.239999771118164,17.290000915527344,17.290000915527344
2018-06-20,17.290000915527344,17.360000610351562,16.729999542236328,16.889999389648438
2018-06-21,16.889999389648438,19.06999969482422,16.889999389648438,18.88999938964844
2018-06-22,18.90999984741211,19.200000762939453,17.829999923706055,18.3799991607666
2018-06-25,20.40999984741211,24.170000076293945,20.09000015258789,21.940000534057617
2018-06-26,21.940000534057617,22.09000015258789,20.21999931335449,20.51000022888184
2018-06-27,20.09000015258789,23.170000076293945,19.65999984741211,22.75
2018-06-28,22.75,23.6200008392334,21.309999465942383,21.76000022888184
2018-06-29,20.90999984741211,21.65999984741211,20.09000015258789,20.8799991607666
2018-07-02,22.700000762939453,23.209999084472656,20.790000915527344,20.809999465942383
2018-07-03,20.809999465942383,21.81999969482422,20.530000686645508,21.790000915527344
2018-07-05,21.100000381469727,21.790000915527344,20.350000381469727,20.350000381469727
2018-07-06,20.350000381469727,20.600000381469727,18.43000030517578,18.71999931335449
2018-07-09,18.790000915527344,19.030000686645508,17.90999984741211,17.90999984741211
2018-07-10,18.1200008392334,18.51000022888184,17.8700008392334,17.899999618530273
2018-07-11,17.899999618530273,19.059999465942383,17.899999618530273,18.270000457763672
2018-07-12,18.299999237060547,18.299999237060547,17.0,17.1200008392334
2018-07-13,17.110000610351562,17.469999313354492,16.809999465942383,16.8799991607666
2018-07-16,17.31999969482422,17.719999313354492,17.09000015258789,17.719999313354492
2018-07-17,18.1299991607666,18.18000030517578,16.520000457763672,16.709999084472656
2018-07-18,16.65999984741211,17.260000228881836,16.479999542236328,16.530000686645508
2018-07-19,17.030000686645508,17.530000686645508,16.8700008392334,17.350000381469727
2018-07-20,17.200000762939453,17.420000076293945,16.899999618530273,17.110000610351562
2018-07-23,17.110000610351562,18.31999969482422,16.299999237060547,16.489999771118164
2018-07-24,16.479999542236328,17.540000915527344,15.789999961853027,17.1299991607666
2018-07-25,17.1299991607666,17.81999969482422,15.989999771118164,16.670000076293945
2018-07-26,16.639999389648438,17.780000686645508,16.34000015258789,16.8700008392334
2018-07-27,16.84000015258789,19.799999237060547,16.760000228881836,18.71999931335449
2018-07-30,19.309999465942383,21.170000076293945,19.229999542236328,20.440000534057617
2018-07-31,20.440000534057617,20.549999237060547,19.09000015258789,19.170000076293945
2018-08-01,19.190000534057617,19.38999938964844,18.190000534057617,18.489999771118164
2018-08-02,19.170000076293945,19.3799991607666,16.309999465942383,16.309999465942383
2018-08-03,16.100000381469727,16.559999465942383,15.8100004196167,15.8100004196167
2018-08-06,16.43000030517578,16.510000228881836,15.470000267028809,15.470000267028809
2018-08-07,15.3100004196167,15.380000114440918,14.720000267028809,14.760000228881836
2018-08-08,14.760000228881836,15.289999961853027,14.65999984741211,14.829999923706056
2018-08-09,15.029999732971191,15.119999885559082,14.579999923706056,14.90999984741211
2018-08-10,15.890000343322754,16.850000381469727,15.729999542236328,16.219999313354492
2018-08-13,16.219999313354492,16.969999313354492,15.260000228881836,16.520000457763672
2018-08-14,16.3700008392334,16.760000228881836,15.140000343322754,15.15999984741211
2018-08-15,16.719999313354492,19.100000381469727,16.450000762939453,17.190000534057617
2018-08-16,16.530000686645508,16.829999923706055,15.65999984741211,16.43000030517578
2018-08-17,16.989999771118164,17.360000610351562,15.6899995803833,15.859999656677246
2018-08-20,16.610000610351562,16.90999984741211,16.100000381469727,16.290000915527344
2018-08-21,16.290000915527344,16.290000915527344,15.550000190734863,16.219999313354492
2018-08-22,16.239999771118164,16.68000030517578,15.5,15.640000343322754
2018-08-23,15.979999542236328,16.270000457763672,15.369999885559082,15.789999961853027
2018-08-24,15.619999885559082,15.800000190734863,15.149999618530272,15.15999984741211
2018-08-27,15.43000030517578,15.9399995803833,15.420000076293944,15.600000381469728
2018-08-28,15.489999771118164,15.789999961853027,15.239999771118164,15.420000076293944
2018-08-29,15.359999656677246,15.600000381469728,15.130000114440918,15.270000457763672
2018-08-30,15.270000457763672,16.229999542236328,15.170000076293944,16.020000457763672
2018-08-31,16.209999084472656,16.690000534057617,15.989999771118164,16.040000915527344
2018-09-04,17.670000076293945,18.18000030517578,17.100000381469727,17.100000381469727
2018-09-05,17.489999771118164,19.06999969482422,17.489999771118164,18.649999618530277
2018-09-06,18.649999618530277,20.520000457763672,18.56999969482422,19.170000076293945
2018-09-07,19.190000534057617,20.51000022888184,18.950000762939453,19.76000022888184
2018-09-10,19.649999618530277,20.280000686645508,18.93000030517578,19.040000915527344
2018-09-11,19.040000915527344,20.020000457763672,17.719999313354492,17.829999923706055
2018-09-12,17.81999969482422,19.170000076293945,17.309999465942383,17.469999313354492
2018-09-13,16.75,17.200000762939453,16.40999984741211,16.450000762939453
2018-09-14,16.450000762939453,16.799999237060547,16.049999237060547,16.1200008392334
2018-09-17,16.520000457763672,18.540000915527344,16.5,18.5
2018-09-18,18.09000015258789,18.309999465942383,16.979999542236328,17.350000381469727
2018-09-19,17.299999237060547,18.229999542236328,16.8700008392334,16.899999618530273
2018-09-20,16.899999618530273,16.899999618530273,16.030000686645508,16.200000762939453
2018-09-21,16.200000762939453,16.84000015258789,15.609999656677246,16.84000015258789
2018-09-24,16.739999771118164,19.049999237060547,16.739999771118164,17.25
2018-09-25,17.389999389648438,17.8799991607666,17.06999969482422,17.06999969482422
2018-09-26,16.90999984741211,17.670000076293945,16.290000915527344,17.399999618530273
2018-09-27,16.8799991607666,17.1299991607666,16.579999923706055,16.75
2018-09-28,17.200000762939453,17.670000076293945,16.530000686645508,16.579999923706055
2018-10-01,16.860000610351562,17.510000228881836,16.489999771118164,17.09000015258789
2018-10-02,17.459999084472656,17.850000381469727,16.799999237060547,17.549999237060547
2018-10-03,17.329999923706055,17.809999465942383,16.979999542236328,17.5
2018-10-04,18.280000686645508,21.709999084472656,18.280000686645508,20.1200008392334
2018-10-05,20.309999465942383,23.86000061035156,19.350000381469727,21.5
2018-10-08,21.5,24.700000762939453,21.5,22.190000534057617
2018-10-09,22.190000534057617,22.709999084472656,20.8799991607666,21.6200008392334
2018-10-10,21.6299991607666,27.6299991607666,21.6299991607666,27.530000686645508
2018-10-11,28.020000457763672,29.959999084472656,25.68000030517578,27.76000022888184
2018-10-12,25.1299991607666,27.59000015258789,24.3799991607666,24.690000534057617
2018-10-15,26.239999771118164,27.68000030517578,24.86000061035156,26.809999465942383
2018-10-16,25.209999084472656,25.40999984741211,22.38999938964844,22.51000022888184
2018-10-17,22.51000022888184,25.1200008392334,22.51000022888184,22.93000030517578
2018-10-18,23.93000030517578,27.13999938964844,23.899999618530277,26.07999992370605
2018-10-19,26.07999992370605,26.270000457763672,23.8799991607666,25.770000457763672
2018-10-22,25.38999938964844,26.6299991607666,24.56999969482422,25.15999984741211
2018-10-23,28.540000915527344,29.270000457763672,24.90999984741211,25.26000022888184
2018-10-24,25.26000022888184,32.18000030517578,25.26000022888184,30.25
2018-10-25,29.239999771118164,29.979999542236328,27.229999542236328,29.540000915527344
2018-10-26,30.770000457763672,33.38999938964844,28.56999969482422,29.8700008392334
2018-10-29,29.8700008392334,35.29999923706055,27.82999992370605,31.75
2018-10-30,32.83000183105469,33.04999923706055,30.530000686645508,30.729999542236328
2018-10-31,28.780000686645508,29.1200008392334,27.200000762939453,29.1200008392334
2018-11-01,28.280000686645508,28.950000762939453,26.09000015258789,26.1200008392334
2018-11-02,26.1200008392334,28.649999618530277,24.690000534057617,26.649999618530277
2018-11-05,27.6200008392334,28.950000762939453,27.040000915527344,27.26000022888184
2018-11-06,27.56999969482422,27.57999992370605,26.11000061035156,26.170000076293945
2018-11-07,24.739999771118164,24.8700008392334,22.32999992370605,22.38999938964844
2018-11-08,22.809999465942383,23.239999771118164,22.290000915527344,22.86000061035156
2018-11-09,23.790000915527344,25.200000762939453,23.68000030517578,24.270000457763672
2018-11-12,25.770000457763672,28.6299991607666,25.57999992370605,28.11000061035156
2018-11-13,27.190000534057617,28.43000030517578,26.3799991607666,27.68000030517578
2018-11-14,26.709999084472656,29.350000381469727,26.700000762939453,28.3700008392334
2018-11-15,28.26000022888184,29.09000015258789,25.90999984741211,26.049999237060547
2018-11-16,27.43000030517578,27.65999984741211,24.3799991607666,24.3799991607666
2018-11-19,25.979999542236328,28.559999465942383,25.920000076293945,27.440000534057617
2018-11-20,29.489999771118164,30.88999938964844,27.899999618530277,28.770000457763672
2018-11-21,27.600000381469727,28.239999771118164,26.32999992370605,26.959999084472656
2018-11-23,27.940000534057617,27.979999542236328,27.26000022888184,27.93000030517578
2018-11-26,27.93000030517578,27.93000030517578,25.790000915527344,26.020000457763672
2018-11-27,26.040000915527344,26.649999618530277,24.59000015258789,24.729999542236328
2018-11-28,24.309999465942383,24.88999938964844,23.59000015258789,24.11000061035156
2018-11-29,24.25,25.290000915527344,24.11000061035156,24.32999992370605
2018-11-30,24.32999992370605,25.270000457763672,23.899999618530277,24.020000457763672
2018-12-03,21.270000457763672,22.420000076293945,21.270000457763672,21.700000762939453
2018-12-04,22.170000076293945,25.690000534057617,21.6299991607666,25.3799991607666
2018-12-06,28.100000381469727,28.63999938964844,25.700000762939453,25.96999931335449
2018-12-07,25.96999931335449,28.81999969482422,24.88999938964844,28.030000686645508
2018-12-10,28.790000915527344,30.06999969482422,27.100000381469727,27.200000762939453
2018-12-11,26.100000381469727,27.65999984741211,25.780000686645508,26.770000457763672
2018-12-12,25.739999771118164,26.739999771118164,24.90999984741211,26.299999237060547
2018-12-13,25.979999542236328,26.540000915527344,25.420000076293945,25.799999237060547
2018-12-14,25.799999237060547,27.93000030517578,25.799999237060547,27.6200008392334
2018-12-17,28.59000015258789,31.049999237060547,27.82999992370605,30.06999969482422
2018-12-18,29.709999084472656,29.920000076293945,27.920000076293945,29.309999465942383
2018-12-19,29.6200008392334,30.979999542236328,27.76000022888184,29.43000030517578
2018-12-20,29.690000534057617,32.720001220703125,28.76000022888184,31.0
2018-12-21,31.729999542236328,34.56999969482422,30.21999931335449,33.869998931884766
2018-12-24,35.63999938964844,38.70000076293945,35.36000061035156,38.68000030517578
2018-12-26,37.59999847412109,38.58000183105469,33.11000061035156,33.70000076293945
2018-12-27,35.689998626708984,38.54999923706055,34.150001525878906,34.369998931884766
2018-12-28,34.369998931884766,35.06999969482422,32.689998626708984,34.20000076293945
2018-12-31,33.83000183105469,33.91999816894531,31.440000534057617,31.440000534057617
2019-01-02,34.0099983215332,34.0099983215332,30.09000015258789,30.09000015258789
2019-01-03,31.43000030517578,32.939998626708984,31.01000022888184,32.18000030517578
2019-01-04,30.6200008392334,30.989999771118164,28.229999542236328,28.56999969482422
2019-01-07,29.46999931335449,29.549999237060547,28.239999771118164,28.530000686645508
2019-01-08,27.84000015258789,29.420000076293945,27.57999992370605,27.65999984741211
2019-01-09,27.40999984741211,27.770000457763672,26.21999931335449,26.420000076293945
2019-01-10,26.420000076293945,27.64999961853028,25.700000762939453,25.90999984741211
2019-01-11,26.559999465942383,26.65999984741211,24.71999931335449,24.780000686645508
2019-01-14,26.690000534057617,27.170000076293945,25.07999992370605,25.739999771118164
2019-01-15,25.440000534057617,25.540000915527344,23.489999771118164,23.65999984741211
2019-01-16,23.65999984741211,24.13999938964844,23.09000015258789,24.06999969482422
2019-01-17,24.299999237060547,24.420000076293945,22.6200008392334,23.34000015258789
2019-01-18,22.540000915527344,23.059999465942383,21.479999542236328,21.88999938964844
2019-01-22,23.65999984741211,26.030000686645508,23.600000381469727,25.020000457763672
2019-01-23,25.020000457763672,26.600000381469727,24.07999992370605,24.5
2019-01-24,24.350000381469727,24.76000022888184,22.989999771118164,23.489999771118164
2019-01-25,23.489999771118164,23.489999771118164,21.700000762939453,21.780000686645508
2019-01-28,21.780000686645508,24.68000030517578,21.780000686645508,23.43000030517578
2019-01-29,23.43000030517578,24.3799991607666,23.34000015258789,23.86000061035156
2019-01-30,23.850000381469727,23.850000381469727,20.64999961853028,21.18000030517578
2019-01-31,21.07999992370605,21.209999084472656,19.6200008392334,20.239999771118164
2019-02-01,20.239999771118164,20.690000534057617,19.530000686645508,19.799999237060547
2019-02-04,19.799999237060547,20.600000381469727,19.34000015258789,19.68000030517578
2019-02-05,19.40999984741211,19.799999237060547,19.040000915527344,19.46999931335449
2019-02-06,19.46999931335449,20.229999542236328,19.26000022888184,19.739999771118164
2019-02-07,19.75,21.959999084472656,19.75,20.920000076293945
2019-02-08,20.920000076293945,22.190000534057617,19.790000915527344,20.040000915527344
2019-02-11,20.040000915527344,20.799999237060547,19.920000076293945,20.06999969482422
2019-02-12,20.059999465942383,20.059999465942383,18.559999465942383,18.690000534057617
2019-02-13,18.690000534057617,19.31999969482422,18.479999542236328,19.0
2019-02-14,19.0,20.65999984741211,18.68000030517578,19.020000457763672
2019-02-15,19.049999237060547,19.049999237060547,17.68000030517578,17.700000762939453
2019-02-19,17.690000534057617,19.06999969482422,17.690000534057617,18.100000381469727
2019-02-20,18.100000381469727,18.739999771118164,17.600000381469727,18.020000457763672
2019-02-21,18.010000228881836,19.170000076293945,17.850000381469727,18.190000534057617
2019-02-22,17.889999389648438,18.010000228881836,16.8700008392334,16.950000762939453
2019-02-25,16.809999465942383,17.8799991607666,16.670000076293945,17.809999465942383
2019-02-26,17.809999465942383,18.38999938964844,17.6200008392334,18.11000061035156
2019-02-27,18.14999961853028,19.31999969482422,17.56999969482422,17.600000381469727
2019-02-28,17.59000015258789,18.270000457763672,17.149999618530273,17.170000076293945
2019-03-01,16.780000686645508,17.25,16.049999237060547,16.1200008392334
2019-03-04,16.1200008392334,19.299999237060547,16.1200008392334,17.360000610351562
2019-03-05,17.3799991607666,18.09000015258789,16.850000381469727,17.059999465942383
2019-03-06,17.059999465942383,18.540000915527344,17.059999465942383,18.229999542236328
2019-03-07,18.239999771118164,20.18000030517578,18.239999771118164,19.59000015258789
2019-03-08,19.6200008392334,21.200000762939453,19.1200008392334,19.1200008392334
2019-03-11,19.14999961853028,19.14999961853028,16.34000015258789,16.360000610351562
2019-03-12,16.360000610351562,16.6200008392334,15.619999885559082,15.760000228881836
2019-03-13,15.600000381469728,15.779999732971191,15.300000190734863,15.380000114440918
2019-03-14,15.380000114440918,15.800000190734863,15.270000457763672,15.649999618530272
2019-03-15,15.649999618530272,15.649999618530272,14.550000190734863,15.119999885559082
2019-03-18,15.149999618530272,16.81999969482422,15.149999618530272,16.18000030517578
2019-03-19,16.170000076293945,17.06999969482422,15.9399995803833,16.729999542236328
2019-03-20,16.729999542236328,17.299999237060547,16.139999389648438,16.639999389648438
2019-03-21,17.059999465942383,17.190000534057617,16.280000686645508,16.59000015258789
2019-03-22,16.59000015258789,20.420000076293945,16.59000015258789,19.82999992370605
2019-03-25,19.84000015258789,21.6299991607666,19.440000534057617,19.440000534057617
2019-03-26,19.43000030517578,19.43000030517578,18.229999542236328,18.6299991607666
2019-03-27,18.6299991607666,20.09000015258789,18.3799991607666,18.739999771118164
2019-03-28,18.76000022888184,19.100000381469727,17.959999084472656,17.989999771118164
2019-03-29,18.0,18.0,16.579999923706055,16.6200008392334
2019-04-01,16.5,17.139999389648438,16.239999771118164,16.309999465942383
2019-04-02,16.309999465942383,16.559999465942383,16.09000015258789,16.329999923706055
2019-04-03,16.309999465942383,17.06999969482422,16.170000076293945,16.6200008392334
2019-04-04,16.600000381469727,17.43000030517578,16.540000915527344,16.790000915527344
2019-04-05,16.59000015258789,16.68000030517578,16.170000076293945,16.170000076293945
2019-04-08,16.170000076293945,17.309999465942383,16.170000076293945,16.81999969482422
2019-04-09,17.190000534057617,17.81999969482422,17.18000030517578,17.649999618530273
2019-04-10,17.649999618530273,17.780000686645508,16.75,16.760000228881836
2019-04-11,16.75,17.030000686645508,16.56999969482422,16.65999984741211
2019-04-12,16.420000076293945,16.489999771118164,15.529999732971191,15.630000114440918
2019-04-15,16.100000381469727,17.079999923706055,15.850000381469728,15.93000030517578
2019-04-16,15.93000030517578,16.030000686645508,15.4399995803833,15.880000114440918
2019-04-17,15.829999923706056,16.5,15.40999984741211,15.859999656677246
2019-04-18,15.779999732971191,16.100000381469727,15.140000343322754,15.149999618530272
2019-04-22,16.75,16.75,15.65999984741211,15.739999771118164
2019-04-23,15.84000015258789,16.3700008392334,15.510000228881836,16.149999618530273
2019-04-24,16.399999618530273,17.190000534057617,16.34000015258789,16.670000076293945
2019-04-25,16.670000076293945,18.049999237060547,16.139999389648438,16.489999771118164
2019-04-26,16.6200008392334,16.920000076293945,15.579999923706056,15.789999961853027
2019-04-29,15.789999961853027,16.739999771118164,15.789999961853027,16.440000534057617
2019-04-30,16.40999984741211,17.690000534057617,16.40999984741211,16.600000381469727
2019-05-01,16.270000457763672,17.959999084472656,16.170000076293945,17.93000030517578
2019-05-02,17.84000015258789,19.030000686645508,17.309999465942383,17.6200008392334
2019-05-03,17.6200008392334,17.6200008392334,15.949999809265137,15.979999542236328
2019-05-06,15.979999542236328,19.82999992370605,15.979999542236328,18.700000762939453
2019-05-07,19.89999961853028,24.86000061035156,19.81999969482422,22.86000061035156
2019-05-08,22.86000061035156,23.96999931335449,21.530000686645508,22.520000457763672
2019-05-09,24.670000076293945,26.46999931335449,21.81999969482422,22.030000686645508
2019-05-10,22.13999938964844,23.34000015258789,18.540000915527344,19.100000381469727
2019-05-13,23.26000022888184,25.40999984741211,23.09000015258789,25.25
2019-05-14,23.700000762939453,23.739999771118164,21.170000076293945,22.229999542236328
2019-05-15,23.309999465942383,23.3799991607666,19.780000686645508,19.920000076293945
2019-05-16,19.920000076293945,19.989999771118164,17.860000610351562,18.39999961853028
2019-05-17,19.57999992370605,19.8700008392334,17.6299991607666,19.38999938964844
2019-05-20,21.479999542236328,22.350000381469727,20.8799991607666,21.63999938964844
2019-05-21,20.690000534057617,20.71999931335449,19.32999992370605,19.57999992370605
2019-05-22,19.940000534057617,20.1299991607666,19.25,19.84000015258789
2019-05-23,21.200000762939453,23.059999465942383,21.190000534057617,21.309999465942383
2019-05-24,20.450000762939453,21.31999969482422,20.06999969482422,20.6299991607666
2019-05-28,21.190000534057617,21.959999084472656,20.690000534057617,21.82999992370605
2019-05-29,22.76000022888184,23.229999542236328,21.979999542236328,22.229999542236328
2019-05-30,21.6200008392334,22.600000381469727,20.82999992370605,21.68000030517578
2019-05-31,23.06999969482422,23.43000030517578,22.1299991607666,23.229999542236328
2019-06-03,23.549999237060547,25.01000022888184,22.93000030517578,24.21999931335449
2019-06-04,23.290000915527344,23.559999465942383,21.489999771118164,21.489999771118164
2019-06-05,21.32999992370605,22.3700008392334,20.799999237060547,20.8700008392334
2019-06-06,20.8700008392334,21.100000381469727,19.88999938964844,20.31999969482422
2019-06-07,20.190000534057617,20.21999931335449,19.40999984741211,19.93000030517578
2019-06-10,19.93000030517578,20.57999992370605,19.530000686645508,19.979999542236328
2019-06-11,19.3700008392334,20.549999237060547,19.280000686645508,20.21999931335449
2019-06-12,20.549999237060547,21.07999992370605,20.43000030517578,20.57999992370605
2019-06-13,20.229999542236328,20.530000686645508,19.89999961853028,20.030000686645508
2019-06-14,20.670000076293945,20.84000015258789,19.809999465942383,19.850000381469727
2019-06-17,19.850000381469727,20.3799991607666,19.75,20.040000915527344
2019-06-18,19.65999984741211,19.950000762939453,19.350000381469727,19.51000022888184
2019-06-19,19.5,20.170000076293945,18.43000030517578,18.799999237060547
2019-06-20,18.32999992370605,20.420000076293945,18.209999084472656,18.709999084472656
2019-06-21,19.020000457763672,19.270000457763672,18.450000762939453,19.18000030517578
2019-06-24,19.76000022888184,19.780000686645508,19.3799991607666,19.459999084472656
2019-06-25,19.459999084472656,21.209999084472656,19.459999084472656,20.770000457763672
2019-06-26,20.36000061035156,21.040000915527344,20.07999992370605,20.459999084472656
2019-06-27,20.280000686645508,20.729999542236328,19.770000457763672,20.06999969482422
2019-06-28,20.06999969482422,20.709999084472656,19.700000762939453,19.76000022888184
2019-07-01,17.729999542236328,18.11000061035156,17.450000762939453,17.639999389648438
2019-07-02,17.68000030517578,17.809999465942383,16.260000228881836,16.290000915527344
2019-07-03,16.350000381469727,16.579999923706055,16.010000228881836,16.149999618530273
2019-07-05,16.149999618530273,17.719999313354492,16.149999618530273,16.469999313354492
2019-07-08,17.809999465942383,18.1299991607666,17.600000381469727,17.770000457763672
2019-07-09,18.059999465942383,18.440000534057617,17.270000457763672,17.420000076293945
2019-07-10,17.049999237060547,17.049999237060547,16.360000610351562,16.43000030517578
2019-07-11,16.40999984741211,16.8799991607666,16.09000015258789,16.639999389648438
2019-07-12,16.639999389648438,16.68000030517578,16.040000915527344,16.25
2019-07-15,16.479999542236328,16.700000762939453,16.149999618530273,16.219999313354492
2019-07-16,16.469999313354492,16.850000381469727,15.859999656677246,16.65999984741211
2019-07-17,16.670000076293945,18.030000686645508,16.549999237060547,18.0
2019-07-18,18.209999084472656,18.290000915527344,16.84000015258789,17.010000228881836
2019-07-19,16.739999771118164,17.709999084472656,16.6200008392334,17.690000534057617
2019-07-22,17.899999618530273,18.010000228881836,17.0,17.06999969482422
2019-07-23,16.780000686645508,17.06999969482422,16.059999465942383,16.06999969482422
2019-07-24,16.06999969482422,16.6299991607666,15.119999885559082,15.40999984741211
2019-07-25,15.989999771118164,17.06999969482422,15.760000228881836,16.020000457763672
2019-07-26,16.020000457763672,16.1200008392334,15.18000030517578,15.420000076293944
2019-07-29,16.1299991607666,16.850000381469727,16.1200008392334,16.350000381469727
2019-07-30,17.290000915527344,17.690000534057617,16.959999084472656,17.530000686645508
2019-07-31,17.360000610351562,19.270000457763672,16.700000762939453,18.780000686645508
2019-08-01,18.489999771118164,22.25,17.389999389648438,21.059999465942383
2019-08-02,21.729999542236328,23.540000915527344,21.18000030517578,21.3700008392334
2019-08-05,25.040000915527344,28.299999237060547,24.64999961853028,27.559999465942383
2019-08-06,27.559999465942383,27.559999465942383,23.8799991607666,24.270000457763672
2019-08-07,24.290000915527344,27.01000022888184,23.21999931335449,23.46999931335449
2019-08-08,23.459999084472656,23.459999084472656,20.71999931335449,21.13999938964844
2019-08-09,21.950000762939453,23.75,21.36000061035156,21.770000457763672
2019-08-12,21.770000457763672,25.6200008392334,21.770000457763672,25.18000030517578
2019-08-13,25.209999084472656,25.3799991607666,21.61000061035156,21.81999969482422
2019-08-14,25.190000534057617,26.549999237060547,24.190000534057617,26.3799991607666
2019-08-15,25.93000030517578,27.270000457763672,24.65999984741211,24.790000915527344
2019-08-16,23.549999237060547,23.549999237060547,21.39999961853028,21.51000022888184
2019-08-19,21.51000022888184,21.51000022888184,20.040000915527344,20.43000030517578
2019-08-20,20.38999938964844,21.81999969482422,20.06999969482422,21.270000457763672
2019-08-21,19.65999984741211,20.15999984741211,19.350000381469727,19.809999465942383
2019-08-22,19.790000915527344,21.809999465942383,19.56999969482422,20.82999992370605
2019-08-23,20.82999992370605,24.65999984741211,20.229999542236328,23.65999984741211
2019-08-26,23.68000030517578,24.739999771118164,22.989999771118164,23.239999771118164
2019-08-27,22.600000381469727,25.06999969482422,22.46999931335449,24.11000061035156
2019-08-28,24.84000015258789,26.200000762939453,22.799999237060547,23.1200008392334
2019-08-29,21.75,22.530000686645508,21.06999969482422,21.25
2019-08-30,20.81999969482422,22.57999992370605,20.81999969482422,22.38999938964844
2019-09-03,23.86000061035156,24.309999465942383,23.040000915527344,23.3700008392334
2019-09-04,22.040000915527344,22.440000534057617,21.290000915527344,21.440000534057617
2019-09-05,20.51000022888184,21.01000022888184,19.549999237060547,19.90999984741211
2019-09-06,19.90999984741211,20.11000061035156,18.56999969482422,18.81999969482422
2019-09-09,19.21999931335449,20.049999237060547,18.96999931335449,19.420000076293945
2019-09-10,20.020000457763672,20.729999542236328,19.459999084472656,19.56999969482422
2019-09-11,19.57999992370605,19.799999237060547,18.14999961853028,18.600000381469727
2019-09-12,18.600000381469727,19.34000015258789,17.389999389648438,17.8799991607666
2019-09-13,18.06999969482422,18.489999771118164,17.579999923706055,18.1299991607666
2019-09-16,19.350000381469727,19.61000061035156,18.700000762939453,19.040000915527344
2019-09-17,19.040000915527344,19.46999931335449,18.489999771118164,18.57999992370605
2019-09-18,18.600000381469727,19.920000076293945,17.8799991607666,18.040000915527344
2019-09-19,18.040000915527344,18.040000915527344,17.030000686645508,17.549999237060547
2019-09-20,17.540000915527344,19.459999084472656,16.93000030517578,19.11000061035156
2019-09-23,19.11000061035156,20.11000061035156,18.46999931335449,18.63999938964844
2019-09-24,18.459999084472656,21.09000015258789,18.459999084472656,20.450000762939453
2019-09-25,20.450000762939453,22.11000061035156,18.68000030517578,19.13999938964844
2019-09-26,19.440000534057617,20.26000022888184,19.030000686645508,19.40999984741211
2019-09-27,19.280000686645508,22.32999992370605,18.8799991607666,20.88999938964844
2019-09-30,20.88999938964844,21.190000534057617,19.940000534057617,20.030000686645508
2019-10-01,19.809999465942383,22.190000534057617,19.440000534057617,21.950000762939453
2019-10-02,23.020000457763672,24.39999961853028,22.950000762939453,23.709999084472656
2019-10-03,23.57999992370605,25.270000457763672,22.280000686645508,22.32999992370605
2019-10-04,22.32999992370605,22.32999992370605,20.14999961853028,20.239999771118164
2019-10-07,20.25,21.82999992370605,20.25,21.6299991607666
2019-10-08,22.76000022888184,23.59000015258789,21.670000076293945,23.39999961853028
2019-10-09,22.6299991607666,23.0,21.46999931335449,21.8799991607666
2019-10-10,22.38999938964844,22.38999938964844,20.950000762939453,21.0
2019-10-11,20.040000915527344,21.6200008392334,18.96999931335449,19.440000534057617
2019-10-14,19.89999961853028,20.030000686645508,18.51000022888184,18.61000061035156
2019-10-15,18.61000061035156,18.61000061035156,17.040000915527344,17.18000030517578
2019-10-16,17.940000534057617,18.11000061035156,17.43000030517578,17.579999923706055
2019-10-17,17.579999923706055,17.989999771118164,17.25,17.389999389648438
2019-10-18,17.649999618530273,18.88999938964844,17.360000610351562,17.81999969482422
2019-10-21,18.170000076293945,18.39999961853028,17.3799991607666,17.389999389648438
2019-10-22,17.219999313354492,18.459999084472656,17.110000610351562,18.34000015258789
2019-10-23,18.34000015258789,18.559999465942383,17.309999465942383,17.780000686645508
2019-10-24,17.780000686645508,18.07999992370605,16.3700008392334,17.350000381469727
2019-10-25,17.3799991607666,17.399999618530273,16.170000076293945,16.170000076293945
2019-10-28,16.170000076293945,17.389999389648438,16.170000076293945,16.809999465942383
2019-10-29,17.020000457763672,17.8700008392334,16.850000381469727,17.469999313354492
2019-10-30,17.469999313354492,18.1299991607666,16.360000610351562,16.709999084472656
2019-10-31,17.15999984741211,18.229999542236328,17.15999984741211,17.360000610351562
2019-11-01,17.020000457763672,17.040000915527344,16.1299991607666,16.270000457763672
2019-11-04,16.270000457763672,17.139999389648438,16.270000457763672,16.559999465942383
2019-11-05,16.809999465942383,17.1200008392334,16.6299991607666,17.079999923706055
2019-11-06,17.280000686645508,17.459999084472656,16.399999618530273,16.450000762939453
2019-11-07,16.450000762939453,16.760000228881836,16.200000762939453,16.65999984741211
2019-11-08,16.760000228881836,17.350000381469727,16.110000610351562,16.170000076293945
2019-11-11,16.920000076293945,16.979999542236328,15.93000030517578,16.040000915527344
2019-11-12,16.139999389648438,16.399999618530273,15.739999771118164,15.859999656677246
2019-11-13,16.489999771118164,16.690000534057617,15.989999771118164,16.239999771118164
2019-11-14,16.239999771118164,16.719999313354492,15.739999771118164,15.850000381469728
2019-11-15,15.460000038146973,15.649999618530272,14.550000190734863,14.56999969482422
2019-11-18,15.56999969482422,15.789999961853027,14.81999969482422,14.9399995803833
2019-11-19,14.890000343322754,15.489999771118164,14.81999969482422,15.25
2019-11-20,15.720000267028809,17.270000457763672,15.34000015258789,15.609999656677246
2019-11-21,15.93000030517578,16.690000534057617,15.93000030517578,16.06999969482422
2019-11-22,15.90999984741211,16.81999969482422,15.520000457763672,15.600000381469728
2019-11-25,15.739999771118164,15.739999771118164,15.029999732971191,15.079999923706056
2019-11-26,15.149999618530272,15.270000457763672,14.630000114440918,14.779999732971191
2019-11-27,14.9399995803833,14.970000267028809,14.529999732971191,14.859999656677246
2019-11-29,15.619999885559082,15.93000030517578,15.550000190734863,15.84000015258789
2019-12-02,16.700000762939453,18.790000915527344,16.700000762939453,18.06999969482422
2019-12-03,18.06999969482422,21.18000030517578,18.06999969482422,19.15999984741211
2019-12-04,18.43000030517578,18.57999992370605,17.719999313354492,18.32999992370605
2019-12-05,18.1200008392334,18.89999961853028,17.889999389648438,17.969999313354492
2019-12-06,16.989999771118164,17.059999465942383,16.280000686645508,16.440000534057617
2019-12-09,17.18000030517578,18.21999931335449,16.8799991607666,18.14999961853028
2019-12-10,18.14999961853028,18.75,17.600000381469727,18.020000457763672
2019-12-11,17.989999771118164,18.229999542236328,17.3799991607666,17.40999984741211
2019-12-12,17.860000610351562,18.020000457763672,16.200000762939453,16.549999237060547
2019-12-13,16.549999237060547,16.950000762939453,14.979999542236328,15.09000015258789
2019-12-16,14.34000015258789,14.34000015258789,13.579999923706056,14.020000457763672
2019-12-17,14.020000457763672,14.510000228881836,13.739999771118164,14.420000076293944
2019-12-18,14.31999969482422,14.84000015258789,14.130000114440918,14.75
2019-12-19,14.75,14.890000343322754,14.329999923706056,14.420000076293944
2019-12-20,14.260000228881836,14.779999732971191,14.020000457763672,14.470000267028809
2019-12-23,14.470000267028809,15.18000030517578,14.470000267028809,15.15999984741211
2019-12-24,15.15999984741211,15.5,14.890000343322754,15.140000343322754
2019-12-26,15.140000343322754,15.579999923706056,14.90999984741211,15.06999969482422
2019-12-27,15.06999969482422,16.8799991607666,15.06999969482422,16.360000610351562
2019-12-30,16.3700008392334,18.51000022888184,16.3700008392334,17.899999618530273
2019-12-31,17.90999984741211,18.51000022888184,16.780000686645508,16.889999389648438
2020-01-02,16.899999618530273,17.06999969482422,15.770000457763672,16.0
2020-01-03,17.469999313354492,17.549999237060547,16.209999084472656,16.950000762939453
2020-01-06,16.950000762939453,18.3799991607666,16.93000030517578,17.190000534057617
2020-01-07,17.25,17.8799991607666,16.860000610351562,17.149999618530273
2020-01-08,17.149999618530273,17.469999313354492,16.110000610351562,16.93000030517578
2020-01-09,16.209999084472656,16.940000534057617,16.030000686645508,16.040000915527344
2020-01-10,16.040000915527344,16.600000381469727,15.859999656677246,16.479999542236328
2020-01-13,16.469999313354492,17.260000228881836,15.260000228881836,15.56999969482422
2020-01-14,15.81999969482422,16.649999618530273,15.029999732971191,15.829999923706056
2020-01-15,15.829999923706056,16.170000076293945,15.539999961853027,15.539999961853027
2020-01-16,15.539999961853027,15.539999961853027,14.710000038146973,14.949999809265137
2020-01-17,14.84000015258789,15.43000030517578,14.699999809265137,14.970000267028809
2020-01-21,14.970000267028809,17.0,14.970000267028809,16.219999313354492
2020-01-22,16.229999542236328,16.610000610351562,15.5,16.489999771118164
2020-01-23,16.8799991607666,17.559999465942383,16.110000610351562,16.229999542236328
2020-01-24,16.229999542236328,19.209999084472656,15.970000267028809,18.06999969482422
2020-01-27,21.43000030517578,21.8700008392334,20.3700008392334,21.459999084472656
2020-01-28,21.459999084472656,21.459999084472656,18.88999938964844,19.61000061035156
2020-01-29,19.6200008392334,20.520000457763672,18.6299991607666,19.56999969482422
2020-01-30,19.39999961853028,21.5,17.510000228881836,17.75
2020-01-31,19.540000915527344,22.440000534057617,19.540000915527344,21.32999992370605
2020-02-03,21.32999992370605,21.32999992370605,19.71999931335449,20.39999961853028
2020-02-04,20.350000381469727,20.350000381469727,18.030000686645508,18.450000762939453
2020-02-05,18.5,19.209999084472656,17.850000381469727,18.520000457763672
2020-02-06,18.84000015258789,19.030000686645508,18.25,18.40999984741211
2020-02-07,18.40999984741211,19.950000762939453,18.40999984741211,19.420000076293945
2020-02-10,20.40999984741211,20.420000076293945,19.190000534057617,19.309999465942383
2020-02-11,19.309999465942383,19.84000015258789,18.68000030517578,19.65999984741211
2020-02-12,19.670000076293945,19.670000076293945,17.969999313354492,18.040000915527344
2020-02-13,18.030000686645508,19.489999771118164,17.969999313354492,18.459999084472656
2020-02-14,18.450000762939453,18.809999465942383,17.950000762939453,17.950000762939453
2020-02-18,17.959999084472656,20.020000457763672,17.959999084472656,19.1200008392334
2020-02-19,19.1299991607666,19.1299991607666,18.059999465942383,18.57999992370605
2020-02-20,18.56999969482422,21.88999938964844,18.56999969482422,20.32999992370605
2020-02-21,21.07999992370605,23.63999938964844,20.700000762939453,22.459999084472656
2020-02-24,22.459999084472656,31.290000915527344,22.459999084472656,29.229999542236328
2020-02-25,29.18000030517578,32.47999954223633,26.209999084472656,31.030000686645508
2020-02-26,30.989999771118164,32.0,27.600000381469727,30.3799991607666
2020-02-27,30.3799991607666,41.02999877929688,30.3799991607666,41.0
2020-02-28,40.90999984741211,49.15999984741211,40.90999984741211,43.130001068115234
2020-03-02,39.790000915527344,41.31999969482422,33.400001525878906,35.099998474121094
2020-03-03,35.099998474121094,41.83000183105469,30.32999992370605,39.33000183105469
2020-03-04,39.33000183105469,39.33000183105469,32.5,33.540000915527344
2020-03-05,37.63999938964844,44.54999923706055,36.04999923706055,41.400001525878906
2020-03-06,48.470001220703125,50.88999938964844,43.5099983215332,43.970001220703125
2020-03-09,44.15999984741211,57.290000915527344,44.15999984741211,53.68000030517578
2020-03-10,53.68000030517578,54.709999084472656,46.470001220703125,47.43000030517578
2020-03-11,47.13999938964844,53.52000045776367,47.13999938964844,50.70000076293945
2020-03-12,50.720001220703125,68.1500015258789,50.650001525878906,67.83000183105469
2020-03-13,67.94999694824219,68.66000366210938,50.34999847412109,51.84000015258789
2020-03-16,51.0099983215332,82.47000122070312,51.0099983215332,80.08000183105469
2020-03-17,75.48999786376953,79.83999633789062,67.44000244140625,71.55000305175781
2020-03-18,71.55000305175781,84.66999816894531,69.05999755859375,74.22000122070312
2020-03-19,74.08000183105469,79.94999694824219,65.87000274658203,69.12000274658203
2020-03-20,68.44000244140625,68.44000244140625,54.93999862670898,63.84999847412109
2020-03-23,63.84999847412109,67.27999877929688,57.369998931884766,58.36000061035156
2020-03-24,58.41999816894531,58.41999816894531,49.040000915527344,56.95000076293945
2020-03-25,57.2400016784668,62.63999938964844,57.2400016784668,60.9900016784668
2020-03-26,60.93000030517578,60.93000030517578,55.79999923706055,57.59999847412109
2020-03-27,57.59999847412109,62.52000045776367,57.59999847412109,61.380001068115234
2020-03-30,61.52000045776367,61.52000045776367,54.77999877929688,55.040000915527344
2020-03-31,55.02000045776367,55.02000045776367,50.15999984741211,51.290000915527344
2020-04-01,51.2599983215332,55.68999862670898,51.09999847412109,54.290000915527344
2020-04-02,54.040000915527344,54.040000915527344,48.18000030517578,48.90999984741211
2020-04-03,48.68999862670898,48.68999862670898,44.7400016784668,44.869998931884766
2020-04-06,44.869998931884766,44.869998931884766,40.77999877929688,42.93000030517578
2020-04-07,42.91999816894531,45.52999877929688,42.33000183105469,44.68999862670898
2020-04-08,44.68999862670898,44.880001068115234,41.91999816894531,42.34000015258789
2020-04-09,42.369998931884766,43.5,41.119998931884766,41.36000061035156
2020-04-13,41.36000061035156,44.720001220703125,41.18000030517578,41.34000015258789
2020-04-14,41.2599983215332,41.2599983215332,37.7599983215332,38.33000183105469
2020-04-15,38.34999847412109,42.220001220703125,38.34999847412109,40.84999847412109
2020-04-16,40.84000015258789,42.77000045776367,39.2599983215332,40.36000061035156
2020-04-17,40.34000015258789,40.400001525878906,38.15999984741211,38.369998931884766
2020-04-20,38.38999938964844,43.880001068115234,38.36000061035156,43.84999847412109
2020-04-21,43.93000030517578,47.880001068115234,43.93000030517578,45.369998931884766
2020-04-22,45.310001373291016,45.310001373291016,41.83000183105469,42.369998931884766
2020-04-23,40.9900016784668,42.209999084472656,39.95000076293945,41.65999984741211
2020-04-24,41.65999984741211,41.65999984741211,36.27999877929688,36.5
2020-04-27,36.5099983215332,36.5099983215332,34.77000045776367,35.2599983215332
2020-04-28,35.2599983215332,37.40999984741211,34.2599983215332,36.61000061035156
2020-04-29,36.61000061035156,36.66999816894531,32.81999969482422,32.849998474121094
2020-04-30,32.90999984741211,38.119998931884766,32.90999984741211,35.279998779296875
2020-05-01,35.279998779296875,39.459999084472656,35.279998779296875,37.7599983215332
2020-05-04,37.790000915527344,40.130001068115234,36.59000015258789,36.86000061035156
2020-05-05,36.83000183105469,36.86000061035156,33.41999816894531,35.369998931884766
2020-05-06,35.36000061035156,35.81999969482422,33.86000061035156,35.599998474121094
2020-05-07,35.599998474121094,35.599998474121094,32.869998931884766,33.58000183105469
2020-05-08,33.529998779296875,33.619998931884766,30.46999931335449,30.63999938964844
2020-05-11,30.709999084472656,31.790000915527344,28.520000457763672,28.81999969482422
2020-05-12,28.81999969482422,33.29999923706055,26.90999984741211,33.29999923706055
2020-05-13,33.29999923706055,38.540000915527344,31.709999084472656,36.119998931884766
2020-05-14,36.06999969482422,39.83000183105469,33.22999954223633,33.790000915527344
2020-05-15,34.959999084472656,36.45000076293945,31.940000534057617,33.4900016784668
2020-05-18,33.4900016784668,33.4900016784668,29.170000076293945,30.21999931335449
2020-05-19,29.940000534057617,31.049999237060547,29.11000061035156,30.739999771118164
2020-05-20,30.770000457763672,30.770000457763672,28.520000457763672,29.1200008392334
2020-05-21,29.07999992370605,31.549999237060547,28.57999992370605,30.729999542236328
2020-05-22,30.729999542236328,31.34000015258789,29.09000015258789,29.36000061035156
2020-05-26,29.11000061035156,29.68000030517578,28.57999992370605,29.420000076293945
2020-05-27,29.3700008392334,32.810001373291016,28.920000076293945,29.520000457763672
2020-05-28,29.459999084472656,30.88999938964844,28.89999961853028,29.68000030517578
2020-05-29,30.32999992370605,31.15999984741211,27.75,27.959999084472656
2020-06-01,30.459999084472656,30.770000457763672,28.76000022888184,28.989999771118164
2020-06-02,28.989999771118164,29.850000381469727,27.459999084472656,27.68000030517578
2020-06-03,27.700000762939453,28.1299991607666,26.68000030517578,27.450000762939453
2020-06-04,27.209999084472656,27.93000030517578,26.57999992370605,27.43000030517578
2020-06-05,27.43000030517578,27.43000030517578,25.26000022888184,25.530000686645508
2020-06-08,25.530000686645508,27.3700008392334,25.530000686645508,26.799999237060547
2020-06-09,26.799999237060547,28.780000686645508,26.64999961853028,28.700000762939453
2020-06-10,27.190000534057617,29.86000061035156,27.190000534057617,29.31999969482422
2020-06-11,32.34000015258789,37.79999923706055,30.200000762939453,36.810001373291016
2020-06-12,33.59000015258789,40.61000061035156,33.189998626708984,35.4900016784668
2020-06-15,35.4900016784668,39.88999938964844,32.58000183105469,33.66999816894531
2020-06-16,30.520000457763672,34.630001068115234,30.520000457763672,32.689998626708984
2020-06-17,31.690000534057617,33.560001373291016,31.690000534057617,32.90999984741211
2020-06-18,32.90999984741211,33.939998626708984,31.09000015258789,31.56999969482422
2020-06-19,31.61000061035156,32.900001525878906,29.739999771118164,32.540000915527344
2020-06-22,32.11000061035156,33.400001525878906,31.100000381469727,31.3799991607666
2020-06-23,31.3799991607666,31.5,29.63999938964844,31.229999542236328
2020-06-24,31.200000762939453,35.5,31.200000762939453,33.58000183105469
2020-06-25,33.560001373291016,36.0099983215332,31.51000022888184,31.809999465942383
2020-06-26,31.809999465942383,35.380001068115234,30.89999961853028,33.810001373291016
2020-06-29,33.849998474121094,36.040000915527344,32.20000076293945,32.29999923706055
2020-06-30,32.290000915527344,32.939998626708984,30.229999542236328,30.75
2020-07-01,30.81999969482422,31.540000915527344,29.14999961853028,29.51000022888184
2020-07-02,29.5,29.5,24.959999084472656,28.600000381469727
2020-07-06,28.61000061035156,30.43000030517578,28.61000061035156,30.200000762939453
2020-07-07,30.21999931335449,32.099998474121094,29.76000022888184,31.71999931335449
2020-07-08,31.709999084472656,32.439998626708984,30.530000686645508,31.049999237060547
2020-07-09,31.030000686645508,34.22999954223633,30.82999992370605,32.68000030517578
2020-07-10,32.56999969482422,34.5,31.790000915527344,32.02000045776367
2020-07-13,31.34000015258789,38.02999877929688,31.290000915527344,37.59999847412109
2020-07-14,37.59999847412109,41.16999816894531,37.0,37.61000061035156
2020-07-15,37.66999816894531,38.84999847412109,35.29999923706055,35.84000015258789
2020-07-16,35.88999938964844,38.459999084472656,33.18000030517578,34.41999816894531
2020-07-17,34.5099983215332,34.5099983215332,30.170000076293945,30.770000457763672
2020-07-20,30.780000686645508,31.739999771118164,29.709999084472656,30.90999984741211
2020-07-21,30.940000534057617,32.61000061035156,29.96999931335449,30.90999984741211
2020-07-22,30.89999961853028,32.56999969482422,30.200000762939453,30.459999084472656
2020-07-23,30.440000534057617,33.380001068115234,29.8700008392334,32.75
2020-07-24,32.77000045776367,35.72999954223633,31.450000762939453,32.61000061035156
2020-07-27,32.689998626708984,33.40999984741211,31.15999984741211,31.549999237060547
2020-07-28,31.56999969482422,33.11000061035156,30.920000076293945,31.82999992370605
2020-07-29,31.86000061035156,31.86000061035156,30.1299991607666,30.1299991607666
2020-07-30,31.06999969482422,33.0,30.06999969482422,30.200000762939453
2020-07-31,28.01000022888184,31.239999771118164,27.82999992370605,27.93000030517578
2020-08-03,27.89999961853028,30.350000381469727,27.799999237060547,29.270000457763672
2020-08-04,29.270000457763672,30.25,28.26000022888184,29.1200008392334
2020-08-05,28.31999969482422,29.299999237060547,28.020000457763672,28.5
2020-08-06,28.5,29.530000686645508,27.940000534057617,28.530000686645508
2020-08-07,28.479999542236328,30.86000061035156,28.270000457763672,29.76000022888184
2020-08-10,29.93000030517578,31.770000457763672,29.559999465942383,29.86000061035156
2020-08-11,29.86000061035156,32.310001373291016,28.790000915527344,31.8700008392334
2020-08-12,31.90999984741211,31.90999984741211,29.229999542236328,30.15999984741211
2020-08-13,30.15999984741211,30.84000015258789,28.809999465942383,29.84000015258789
2020-08-14,29.82999992370605,30.530000686645508,28.940000534057617,29.14999961853028
2020-08-17,29.1200008392334,29.46999931335449,27.65999984741211,27.729999542236328
2020-08-18,27.690000534057617,28.40999984741211,26.540000915527344,26.89999961853028
2020-08-19,26.89999961853028,30.6299991607666,26.89999961853028,28.8799991607666
2020-08-20,28.90999984741211,30.209999084472656,27.989999771118164,28.440000534057617
2020-08-21,28.40999984741211,29.5,28.170000076293945,28.6200008392334
2020-08-24,28.63999938964844,31.5,28.1200008392334,29.82999992370605
2020-08-25,29.809999465942383,30.65999984741211,29.049999237060547,29.11000061035156
2020-08-26,28.90999984741211,32.130001068115234,28.84000015258789,32.099998474121094
2020-08-27,32.099998474121094,35.09000015258789,30.920000076293945,33.31999969482422
2020-08-28,32.84000015258789,35.099998474121094,32.45000076293945,32.79999923706055
2020-08-31,32.79999923706055,35.540000915527344,32.79999923706055,34.54999923706055
2020-09-01,34.400001525878906,35.63999938964844,32.93000030517578,34.66999816894531
2020-09-02,34.66999816894531,37.25,34.08000183105469,36.79999923706055
2020-09-03,36.790000915527344,44.34000015258789,36.630001068115234,42.09000015258789
2020-09-04,41.709999084472656,47.630001068115234,39.790000915527344,41.7400016784668
2020-09-08,41.7400016784668,46.470001220703125,39.56999969482422,41.02000045776367
2020-09-09,41.130001068115234,41.130001068115234,36.58000183105469,38.25
2020-09-10,36.7400016784668,38.72999954223633,36.33000183105469,37.91999816894531
2020-09-11,38.11000061035156,38.4900016784668,34.86000061035156,35.27000045776367
2020-09-14,35.31999969482422,35.31999969482422,33.18000030517578,33.560001373291016
2020-09-15,32.91999816894531,34.7599983215332,32.54999923706055,33.790000915527344
2020-09-16,33.790000915527344,35.849998474121094,33.790000915527344,35.47999954223633
2020-09-17,35.529998779296875,38.11000061035156,35.5099983215332,36.27000045776367
2020-09-18,36.290000915527344,38.150001525878906,35.0,36.040000915527344
2020-09-21,36.02999877929688,40.0099983215332,36.02999877929688,36.43000030517578
2020-09-22,36.43999862670898,37.27000045776367,35.060001373291016,35.2400016784668
2020-09-23,35.290000915527344,37.81999969482422,34.220001220703125,37.25
2020-09-24,37.25,38.45000076293945,36.70000076293945,36.9900016784668
2020-09-25,36.9900016784668,37.84999847412109,34.560001373291016,34.93000030517578
2020-09-28,34.91999816894531,35.84000015258789,34.4900016784668,34.65999984741211
2020-09-29,34.58000183105469,36.4900016784668,34.58000183105469,35.25
2020-09-30,35.25,35.439998626708984,34.06999969482422,35.41999816894531
2020-10-01,35.400001525878906,36.36000061035156,34.22999954223633,34.9900016784668
2020-10-02,36.88999938964844,37.18000030517578,35.68000030517578,36.43999862670898
2020-10-05,36.43999862670898,37.060001373291016,35.36000061035156,35.66999816894531
2020-10-06,35.66999816894531,37.119998931884766,34.83000183105469,36.66999816894531
2020-10-07,35.9900016784668,36.13999938964844,35.16999816894531,35.61000061035156
2020-10-08,35.61000061035156,35.61000061035156,34.310001373291016,34.43000030517578
2020-10-09,34.41999816894531,34.41999816894531,32.34000015258789,32.599998474121094
2020-10-12,32.58000183105469,34.7400016784668,32.099998474121094,33.439998626708984
2020-10-13,33.29999923706055,35.189998626708984,33.29999923706055,34.47999954223633
2020-10-14,34.4900016784668,35.33000183105469,33.66999816894531,34.040000915527344
2020-10-15,35.189998626708984,35.70000076293945,34.34000015258789,34.540000915527344
2020-10-16,34.540000915527344,35.189998626708984,33.099998474121094,35.02000045776367
2020-10-19,35.02000045776367,36.52000045776367,35.02000045776367,36.13999938964844
2020-10-20,36.15999984741211,36.470001220703125,34.61000061035156,35.25
2020-10-21,35.2400016784668,35.79999923706055,34.45000076293945,35.08000183105469
2020-10-22,35.060001373291016,36.13999938964844,33.95000076293945,34.279998779296875
2020-10-23,34.290000915527344,34.63999938964844,33.400001525878906,33.45000076293945
2020-10-26,33.459999084472656,38.79999923706055,33.459999084472656,37.40999984741211
2020-10-27,37.43000030517578,37.63999938964844,36.040000915527344,36.560001373291016
2020-10-28,36.540000915527344,43.45000076293945,36.540000915527344,43.38999938964844
2020-10-29,43.41999816894531,43.41999816894531,39.119998931884766,40.08000183105469
2020-10-30,40.68999862670898,43.0099983215332,39.93999862670898,41.29999923706055
2020-11-02,41.29999923706055,42.91999816894531,39.95000076293945,40.900001525878906
2020-11-03,40.869998931884766,40.880001068115234,37.619998931884766,38.380001068115234
2020-11-04,38.36000061035156,38.36000061035156,31.709999084472656,33.36000061035156
2020-11-05,33.36000061035156,34.150001525878906,31.809999465942383,32.81999969482422
2020-11-06,32.7400016784668,33.56999969482422,30.01000022888184,30.01000022888184
2020-11-09,30.059999465942383,31.32999992370605,28.75,31.31999969482422
2020-11-10,31.63999938964844,33.58000183105469,31.07999992370605,32.529998779296875
2020-11-11,32.529998779296875,32.529998779296875,30.100000381469727,30.290000915527344
2020-11-12,30.270000457763672,32.619998931884766,30.14999961853028,30.90999984741211
2020-11-13,30.8700008392334,30.8700008392334,29.030000686645508,29.030000686645508
2020-11-16,29.979999542236328,30.040000915527344,27.290000915527344,27.3700008392334
2020-11-17,27.8700008392334,29.020000457763672,27.07999992370605,27.309999465942383
2020-11-18,27.229999542236328,27.530000686645508,26.049999237060547,27.46999931335449
2020-11-19,27.450000762939453,28.049999237060547,26.6200008392334,26.809999465942383
2020-11-20,26.799999237060547,27.299999237060547,25.96999931335449,26.90999984741211
2020-11-23,27.170000076293945,28.34000015258789,26.32999992370605,26.63999938964844
2020-11-24,26.57999992370605,27.200000762939453,25.8700008392334,25.989999771118164
2020-11-25,25.989999771118164,26.46999931335449,25.5,25.690000534057617
2020-11-27,25.71999931335449,26.93000030517578,25.71999931335449,26.1200008392334
2020-11-30,27.209999084472656,28.75,26.61000061035156,26.68000030517578
2020-12-01,26.670000076293945,27.600000381469727,26.5,27.40999984741211
2020-12-02,27.40999984741211,28.0,27.25,27.549999237060547
2020-12-03,27.530000686645508,27.809999465942383,26.959999084472656,27.38999938964844
2020-12-04,27.39999961853028,27.440000534057617,26.71999931335449,27.020000457763672
2020-12-07,27.01000022888184,28.100000381469727,26.940000534057617,27.200000762939453
2020-12-08,27.309999465942383,27.600000381469727,26.06999969482422,26.07999992370605
2020-12-09,26.07999992370605,29.780000686645508,25.459999084472656,29.31999969482422
2020-12-10,29.32999992370605,30.26000022888184,28.239999771118164,29.14999961853028
2020-12-11,29.15999984741211,31.31999969482422,28.90999984741211,29.0
2020-12-14,28.600000381469727,29.46999931335449,27.82999992370605,29.440000534057617
2020-12-15,29.46999931335449,29.46999931335449,27.63999938964844,28.100000381469727
2020-12-16,28.100000381469727,28.64999961853028,27.31999969482422,27.850000381469727
2020-12-17,27.8700008392334,27.8700008392334,26.920000076293945,27.040000915527344
2020-12-18,27.170000076293945,28.68000030517578,26.8799991607666,26.90999984741211
2020-12-21,30.170000076293945,32.290000915527344,27.920000076293945,28.350000381469727
2020-12-22,28.350000381469727,30.0,27.82999992370605,27.940000534057617
2020-12-23,27.6299991607666,27.8799991607666,26.3799991607666,27.32999992370605
2020-12-24,27.32999992370605,27.32999992370605,25.940000534057617,25.940000534057617
2020-12-28,26.770000457763672,26.84000015258789,25.63999938964844,25.90999984741211
2020-12-29,25.75,27.59000015258789,25.479999542236328,26.81999969482422
2020-12-30,26.82999992370605,27.06999969482422,26.26000022888184,26.290000915527344
2020-12-31,26.280000686645508,27.200000762939453,26.030000686645508,26.93000030517578
2021-01-04,27.63999938964844,32.650001525878906,27.6200008392334,30.1299991607666
2021-01-05,30.1200008392334,30.850000381469727,28.350000381469727,28.420000076293945
2021-01-06,28.479999542236328,30.209999084472656,25.950000762939453,29.270000457763672
2021-01-07,29.25,29.25,26.34000015258789,26.989999771118164
2021-01-08,27.030000686645508,28.540000915527344,26.489999771118164,27.93000030517578
2021-01-11,29.600000381469727,29.93000030517578,28.020000457763672,28.920000076293945
2021-01-12,28.190000534057617,29.809999465942383,27.790000915527344,28.32999992370605
2021-01-13,28.270000457763672,28.540000915527344,26.82999992370605,27.36000061035156
2021-01-14,27.31999969482422,28.549999237060547,26.64999961853028,28.549999237060547
2021-01-15,28.6299991607666,31.11000061035156,28.06999969482422,29.170000076293945
2021-01-19,28.14999961853028,29.21999931335449,27.59000015258789,27.709999084472656
2021-01-20,26.26000022888184,27.39999961853028,26.229999542236328,26.790000915527344
2021-01-21,26.270000457763672,27.959999084472656,26.229999542236328,27.01000022888184
2021-01-22,27.76000022888184,28.420000076293945,27.299999237060547,28.06999969482422
2021-01-25,28.170000076293945,31.450000762939453,28.049999237060547,28.729999542236328
2021-01-26,28.559999465942383,29.790000915527344,28.51000022888184,29.200000762939453
2021-01-27,32.220001220703125,39.61000061035156,31.0,39.61000061035156
2021-01-28,39.61000061035156,39.61000061035156,32.09000015258789,35.04999923706055
2021-01-29,35.02000045776367,40.52999877929688,34.06999969482422,37.43999862670898
2021-02-01,33.97999954223633,37.02000045776367,32.810001373291016,34.2400016784668
2021-02-02,32.0,32.0,29.15999984741211,29.489999771118164
2021-02-03,28.030000686645508,29.93000030517578,28.030000686645508,29.030000686645508
2021-02-04,29.049999237060547,29.049999237060547,26.81999969482422,27.09000015258789
2021-02-05,27.09000015258789,27.57999992370605,25.34000015258789,25.459999084472656
2021-02-08,26.229999542236328,26.65999984741211,25.979999542236328,26.18000030517578
2021-02-09,26.15999984741211,27.06999969482422,25.959999084472656,26.600000381469727
2021-02-10,26.600000381469727,28.88999938964844,26.299999237060547,27.40999984741211
2021-02-11,27.40999984741211,28.75,26.57999992370605,27.06999969482422
2021-02-12,27.11000061035156,27.75,25.61000061035156,26.36000061035156
2021-02-16,26.96999931335449,30.07999992370605,26.600000381469727,28.520000457763672
2021-02-17,28.520000457763672,30.799999237060547,27.739999771118164,28.26000022888184
2021-02-18,28.25,30.6299991607666,27.040000915527344,27.59000015258789
2021-02-19,27.729999542236328,28.57999992370605,25.799999237060547,27.739999771118164
2021-02-22,27.670000076293945,31.020000457763672,27.670000076293945,31.020000457763672
2021-02-23,30.950000762939453,35.93000030517578,29.479999542236328,30.6200008392334
2021-02-24,32.279998779296875,33.13999938964844,28.670000076293945,28.670000076293945
2021-02-25,28.670000076293945,37.16999816894531,28.670000076293945,36.15999984741211
2021-02-26,35.93000030517578,37.060001373291016,31.57999992370605,34.060001373291016
2021-03-01,33.84000015258789,33.84000015258789,28.65999984741211,28.670000076293945
2021-03-02,28.65999984741211,30.56999969482422,28.540000915527344,30.11000061035156
2021-03-03,30.11000061035156,34.79999923706055,30.11000061035156,33.91999816894531
2021-03-04,33.91999816894531,37.86000061035156,32.20000076293945,34.83000183105469
2021-03-05,34.83000183105469,37.34000015258789,31.38999938964844,31.88999938964844
2021-03-08,31.86000061035156,34.79999923706055,31.86000061035156,33.869998931884766
2021-03-09,33.869998931884766,33.869998931884766,30.950000762939453,32.150001525878906
2021-03-10,32.16999816894531,32.38999938964844,30.56999969482422,31.520000457763672
2021-03-11,31.51000022888184,31.51000022888184,29.71999931335449,30.040000915527344
2021-03-12,30.059999465942383,32.25,30.030000686645508,30.100000381469727
2021-03-15,30.71999931335449,30.989999771118164,28.520000457763672,28.71999931335449
2021-03-16,27.11000061035156,29.8700008392334,27.11000061035156,29.270000457763672
2021-03-17,30.530000686645508,31.290000915527344,27.979999542236328,27.979999542236328
2021-03-18,27.979999542236328,32.20000076293945,27.979999542236328,30.61000061035156
2021-03-19,30.63999938964844,32.63999938964844,29.059999465942383,29.64999961853028
2021-03-22,29.799999237060547,29.799999237060547,26.700000762939453,26.700000762939453
2021-03-23,26.700000762939453,28.34000015258789,26.32999992370605,27.82999992370605
2021-03-24,27.86000061035156,29.299999237060547,26.979999542236328,28.96999931335449
2021-03-25,29.770000457763672,30.57999992370605,27.61000061035156,27.6299991607666
2021-03-26,27.65999984741211,28.700000762939453,25.270000457763672,25.63999938964844
2021-03-29,26.959999084472656,28.290000915527344,26.56999969482422,26.940000534057617
2021-03-30,26.940000534057617,28.799999237060547,26.34000015258789,26.38999938964844
2021-03-31,26.38999938964844,26.489999771118164,24.700000762939453,24.88999938964844
2021-04-01,24.850000381469727,24.850000381469727,23.15999984741211,23.209999084472656
2021-04-05,23.200000762939453,24.690000534057617,23.200000762939453,23.93000030517578
2021-04-06,23.93000030517578,24.39999961853028,23.51000022888184,23.86000061035156
2021-04-07,23.8700008392334,24.059999465942383,23.38999938964844,23.43000030517578
2021-04-08,23.440000534057617,24.239999771118164,23.059999465942383,23.489999771118164
2021-04-09,23.489999771118164,24.1299991607666,23.020000457763672,23.229999542236328
2021-04-12,23.25,23.729999542236328,22.290000915527344,22.489999771118164
2021-04-13,22.489999771118164,22.690000534057617,21.979999542236328,22.11000061035156
2021-04-14,22.459999084472656,23.309999465942383,22.209999084472656,22.63999938964844
2021-04-15,22.68000030517578,22.780000686645508,21.290000915527344,21.68000030517578
2021-04-16,21.68000030517578,22.049999237060547,20.209999084472656,20.51000022888184
2021-04-19,20.51000022888184,23.93000030517578,20.51000022888184,22.81999969482422
2021-04-20,22.81999969482422,25.39999961853028,22.81999969482422,24.3700008392334
2021-04-21,24.36000061035156,25.34000015258789,22.549999237060547,22.81999969482422
2021-04-22,22.809999465942383,24.850000381469727,22.06999969482422,24.0
2021-04-23,23.96999931335449,23.96999931335449,21.989999771118164,22.31999969482422
2021-04-26,22.34000015258789,23.59000015258789,22.309999465942383,22.56999969482422
2021-04-27,22.56999969482422,23.299999237060547,21.82999992370605,22.709999084472656
2021-04-28,22.709999084472656,23.299999237060547,22.09000015258789,22.36000061035156
2021-04-29,22.3700008392334,23.84000015258789,22.14999961853028,22.420000076293945
2021-04-30,22.440000534057617,23.670000076293945,22.440000534057617,22.89999961853028
2021-05-03,22.88999938964844,23.780000686645508,22.64999961853028,23.34000015258789
2021-05-04,23.34000015258789,27.46999931335449,23.34000015258789,25.700000762939453
2021-05-05,25.700000762939453,26.15999984741211,24.01000022888184,25.65999984741211
2021-05-06,25.6299991607666,27.200000762939453,24.65999984741211,24.82999992370605
2021-05-07,24.81999969482422,24.90999984741211,22.709999084472656,22.790000915527344
2021-05-10,22.729999542236328,26.6200008392334,22.729999542236328,26.59000015258789
2021-05-11,26.61000061035156,30.26000022888184,26.61000061035156,27.86000061035156
2021-05-12,27.86000061035156,32.720001220703125,27.86000061035156,31.8700008392334
2021-05-13,31.90999984741211,31.90999984741211,28.020000457763672,29.020000457763672
2021-05-14,29.020000457763672,29.020000457763672,24.739999771118164,24.989999771118164
2021-05-17,26.530000686645508,27.209999084472656,25.479999542236328,25.59000015258789
2021-05-18,25.709999084472656,26.420000076293945,24.729999542236328,26.13999938964844
2021-05-19,28.6299991607666,29.530000686645508,25.989999771118164,26.65999984741211
2021-05-20,25.809999465942383,25.850000381469727,24.07999992370605,24.239999771118164
2021-05-21,24.32999992370605,24.540000915527344,23.450000762939453,24.299999237060547
2021-05-24,24.3700008392334,24.489999771118164,22.39999961853028,22.76000022888184
2021-05-25,22.36000061035156,23.959999084472656,22.32999992370605,23.39999961853028
2021-05-26,23.309999465942383,23.559999465942383,22.309999465942383,22.350000381469727
2021-05-27,22.3700008392334,22.6200008392334,21.3700008392334,22.1200008392334
2021-05-28,22.07999992370605,22.07999992370605,20.86000061035156,21.440000534057617
2021-06-01,22.3700008392334,23.3799991607666,22.34000015258789,22.68000030517578
2021-06-02,22.68000030517578,22.68000030517578,21.68000030517578,22.01000022888184
2021-06-03,22.799999237060547,23.68000030517578,22.13999938964844,23.25
2021-06-04,23.34000015258789,23.34000015258789,21.170000076293945,21.21999931335449
2021-06-07,22.290000915527344,22.479999542236328,21.3700008392334,21.3700008392334
2021-06-08,21.3700008392334,22.51000022888184,21.059999465942383,21.57999992370605
2021-06-09,21.32999992370605,22.229999542236328,21.290000915527344,22.01000022888184
2021-06-10,21.190000534057617,21.32999992370605,19.90999984741211,19.979999542236328
2021-06-11,19.979999542236328,20.040000915527344,19.07999992370605,19.15999984741211
2021-06-14,19.559999465942383,20.34000015258789,19.530000686645508,20.059999465942383
2021-06-15,20.309999465942383,21.209999084472656,20.26000022888184,20.93000030517578
2021-06-16,20.790000915527344,22.709999084472656,20.440000534057617,21.459999084472656
2021-06-17,21.57999992370605,22.030000686645508,19.86000061035156,20.350000381469727
2021-06-18,22.040000915527344,23.040000915527344,21.39999961853028,22.43000030517578
2021-06-21,22.940000534057617,23.729999542236328,20.770000457763672,20.780000686645508
2021-06-22,20.76000022888184,21.09000015258789,19.850000381469727,20.0
2021-06-23,19.989999771118164,20.239999771118164,19.51000022888184,19.81999969482422
2021-06-24,19.81999969482422,19.81999969482422,19.030000686645508,19.600000381469727
2021-06-25,19.600000381469727,19.71999931335449,19.0,19.309999465942383
2021-06-28,19.6200008392334,20.14999961853028,19.489999771118164,19.57999992370605
2021-06-29,19.57999992370605,20.170000076293945,19.34000015258789,20.09000015258789
2021-06-30,20.09000015258789,20.809999465942383,20.040000915527344,20.13999938964844
2021-07-01,20.1200008392334,20.18000030517578,19.729999542236328,20.06999969482422
2021-07-02,19.59000015258789,19.59000015258789,18.729999542236328,19.280000686645508
2021-07-06,20.3799991607666,21.8700008392334,20.280000686645508,21.0
2021-07-07,21.0,22.940000534057617,20.530000686645508,21.11000061035156
2021-07-08,21.100000381469727,24.0,21.100000381469727,23.600000381469727
2021-07-09,22.43000030517578,22.43000030517578,21.1299991607666,21.229999542236328
2021-07-12,20.559999465942383,20.68000030517578,19.170000076293945,19.68000030517578
2021-07-13,20.190000534057617,21.11000061035156,19.3799991607666,20.8700008392334
2021-07-14,20.34000015258789,20.75,19.520000457763672,19.989999771118164
2021-07-15,19.989999771118164,21.32999992370605,19.809999465942383,20.11000061035156
2021-07-16,19.5,21.13999938964844,19.479999542236328,21.059999465942383
2021-07-19,23.950000762939453,25.100000381469727,22.96999931335449,23.440000534057617
2021-07-20,23.39999961853028,23.940000534057617,21.3700008392334,21.68000030517578
2021-07-21,21.350000381469727,21.420000076293945,20.200000762939453,20.39999961853028
2021-07-22,20.39999961853028,20.729999542236328,19.75,19.780000686645508
2021-07-23,19.8799991607666,19.90999984741211,18.770000457763672,19.059999465942383
2021-07-26,20.6200008392334,20.88999938964844,19.920000076293945,20.3700008392334
2021-07-27,21.049999237060547,23.850000381469727,20.739999771118164,22.84000015258789
2021-07-28,21.940000534057617,22.64999961853028,20.450000762939453,20.959999084472656
2021-07-29,20.540000915527344,20.65999984741211,20.030000686645508,20.549999237060547
2021-07-30,20.549999237060547,21.540000915527344,20.549999237060547,20.809999465942383
2021-08-02,21.07999992370605,21.8700008392334,20.809999465942383,21.489999771118164
2021-08-03,21.489999771118164,22.3700008392334,20.38999938964844,20.520000457763672
2021-08-04,20.520000457763672,21.309999465942383,20.36000061035156,20.68000030517578
2021-08-05,20.68000030517578,20.809999465942383,20.0,20.190000534057617
2021-08-06,20.18000030517578,20.200000762939453,19.40999984741211,19.61000061035156
2021-08-09,20.31999969482422,20.739999771118164,19.270000457763672,19.690000534057617
2021-08-10,19.549999237060547,20.780000686645508,19.26000022888184,20.3799991607666
2021-08-11,20.3799991607666,20.46999931335449,19.190000534057617,20.1299991607666
2021-08-12,20.450000762939453,20.89999961853028,19.34000015258789,19.39999961853028
2021-08-13,19.38999938964844,19.489999771118164,18.40999984741211,18.520000457763672
2021-08-16,19.489999771118164,20.549999237060547,18.90999984741211,19.049999237060547
2021-08-17,20.76000022888184,22.59000015258789,20.059999465942383,21.170000076293945
2021-08-18,21.170000076293945,24.39999961853028,20.950000762939453,24.350000381469727
2021-08-19,25.32999992370605,25.36000061035156,22.93000030517578,23.520000457763672
2021-08-20,23.520000457763672,23.59000015258789,20.540000915527344,20.96999931335449
2021-08-23,21.350000381469727,21.350000381469727,19.68000030517578,19.799999237060547
2021-08-24,19.799999237060547,20.270000457763672,19.540000915527344,19.86000061035156
2021-08-25,19.8700008392334,20.1299991607666,19.420000076293945,19.600000381469727
2021-08-26,19.690000534057617,21.540000915527344,19.690000534057617,21.3700008392334
2021-08-27,21.36000061035156,21.36000061035156,18.489999771118164,18.540000915527344
2021-08-30,19.09000015258789,19.32999992370605,18.690000534057617,19.07999992370605
2021-08-31,19.07999992370605,19.96999931335449,19.030000686645508,19.479999542236328
2021-09-01,19.479999542236328,20.100000381469727,19.100000381469727,19.84000015258789
2021-09-02,19.81999969482422,20.530000686645508,19.59000015258789,20.030000686645508
2021-09-03,19.89999961853028,20.46999931335449,19.46999931335449,19.75
2021-09-07,19.799999237060547,21.309999465942383,19.799999237060547,20.959999084472656
2021-09-08,20.959999084472656,22.11000061035156,20.6299991607666,20.809999465942383
2021-09-09,20.68000030517578,21.540000915527344,20.100000381469727,21.450000762939453
2021-09-10,21.450000762939453,23.280000686645508,19.76000022888184,22.75
2021-09-13,21.39999961853028,23.170000076293945,21.030000686645508,21.600000381469727
2021-09-14,21.600000381469727,22.65999984741211,20.3799991607666,21.68000030517578
2021-09-15,21.68000030517578,22.530000686645508,19.8799991607666,20.1200008392334
2021-09-16,20.1200008392334,21.86000061035156,19.65999984741211,20.170000076293945
2021-09-17,20.200000762939453,22.690000534057617,20.200000762939453,22.270000457763672
2021-09-20,26.530000686645508,30.239999771118164,24.709999084472656,27.229999542236328
2021-09-21,27.229999542236328,27.440000534057617,24.530000686645508,26.420000076293945
2021-09-22,26.38999938964844,26.38999938964844,22.559999465942383,22.96999931335449
2021-09-23,23.020000457763672,23.020000457763672,21.049999237060547,21.21999931335449
2021-09-24,21.21999931335449,22.850000381469727,20.170000076293945,20.93000030517578
2021-09-27,22.690000534057617,23.559999465942383,21.26000022888184,21.82999992370605
2021-09-28,21.82999992370605,27.450000762939453,21.82999992370605,27.350000381469727
2021-09-29,27.26000022888184,27.59000015258789,25.350000381469727,26.709999084472656
2021-09-30,26.700000762939453,27.90999984741211,25.100000381469727,26.64999961853028
2021-10-01,26.559999465942383,27.170000076293945,24.6299991607666,24.8700008392334
2021-10-04,24.82999992370605,28.82999992370605,24.82999992370605,27.71999931335449
2021-10-05,27.71999931335449,27.71999931335449,24.920000076293945,25.450000762939453
2021-10-06,25.459999084472656,28.049999237060547,24.700000762939453,24.8700008392334
2021-10-07,24.8700008392334,24.8700008392334,22.8799991607666,23.21999931335449
2021-10-08,23.21999931335449,23.59000015258789,22.59000015258789,23.15999984741211
2021-10-11,23.709999084472656,23.82999992370605,21.51000022888184,23.489999771118164
2021-10-12,23.489999771118164,23.89999961853028,22.280000686645508,23.40999984741211
2021-10-13,23.38999938964844,23.38999938964844,21.07999992370605,21.229999542236328
2021-10-14,21.229999542236328,21.229999542236328,18.84000015258789,19.09000015258789
2021-10-15,19.07999992370605,19.239999771118164,18.010000228881836,18.51000022888184
2021-10-18,18.5,20.34000015258789,18.5,18.82999992370605
2021-10-19,18.82999992370605,19.020000457763672,18.209999084472656,18.309999465942383
2021-10-20,18.309999465942383,18.809999465942383,18.049999237060547,18.729999542236328
2021-10-21,18.739999771118164,19.36000061035156,18.299999237060547,18.6299991607666
2021-10-22,18.670000076293945,19.700000762939453,18.1200008392334,19.1200008392334
2021-10-25,19.670000076293945,20.299999237060547,18.43000030517578,18.799999237060547
2021-10-26,18.799999237060547,20.049999237060547,18.459999084472656,19.3799991607666
2021-10-27,19.36000061035156,20.270000457763672,19.049999237060547,20.1200008392334
2021-10-28,20.11000061035156,20.13999938964844,19.209999084472656,19.75
2021-10-29,19.75,20.61000061035156,19.46999931335449,19.63999938964844
2021-11-01,20.459999084472656,20.940000534057617,19.61000061035156,19.729999542236328
2021-11-02,19.729999542236328,20.0,19.540000915527344,19.729999542236328
2021-11-03,19.71999931335449,20.32999992370605,19.040000915527344,19.43000030517578
2021-11-04,19.39999961853028,20.549999237060547,19.0,20.26000022888184
2021-11-05,20.26000022888184,21.850000381469727,20.26000022888184,21.56999969482422
2021-11-08,21.950000762939453,22.31999969482422,21.61000061035156,21.8799991607666
2021-11-09,21.8799991607666,23.280000686645508,21.71999931335449,22.690000534057617
2021-11-10,22.690000534057617,24.21999931335449,22.030000686645508,23.270000457763672
2021-11-11,23.26000022888184,23.26000022888184,21.8700008392334,22.3700008392334
2021-11-12,22.3799991607666,22.459999084472656,21.31999969482422,21.420000076293945
2021-11-15,21.739999771118164,22.76000022888184,21.56999969482422,21.709999084472656
2021-11-16,21.709999084472656,22.11000061035156,20.739999771118164,21.280000686645508
2021-11-17,21.280000686645508,21.8700008392334,20.8700008392334,21.559999465942383
2021-11-18,21.56999969482422,22.299999237060547,21.09000015258789,21.38999938964844
2021-11-19,21.38999938964844,22.100000381469727,21.01000022888184,21.75
2021-11-22,21.979999542236328,23.8799991607666,21.61000061035156,23.5
2021-11-23,23.5,26.059999465942383,23.5,24.43000030517578
2021-11-24,24.43000030517578,26.229999542236328,23.63999938964844,23.81999969482422
2021-11-26,23.81999969482422,29.46999931335449,23.81999969482422,28.450000762939453
2021-11-29,25.739999771118164,26.81999969482422,24.3700008392334,24.6299991607666
2021-11-30,24.6299991607666,28.96999931335449,24.6299991607666,27.38999938964844
2021-12-01,27.40999984741211,31.780000686645508,24.63999938964844,30.950000762939453
2021-12-02,30.959999084472656,31.940000534057617,28.86000061035156,29.780000686645508
2021-12-03,29.809999465942383,36.63999938964844,28.25,33.40999984741211
2021-12-06,32.4900016784668,34.81999969482422,30.059999465942383,30.170000076293945
2021-12-07,30.170000076293945,30.170000076293945,25.459999084472656,25.790000915527344
2021-12-08,25.799999237060547,26.440000534057617,24.520000457763672,24.81999969482422
2021-12-09,24.809999465942383,26.700000762939453,24.709999084472656,26.420000076293945
2021-12-10,26.39999961853028,26.39999961853028,23.940000534057617,23.950000762939453
2021-12-13,23.01000022888184,24.3700008392334,22.84000015258789,24.040000915527344
2021-12-14,24.040000915527344,27.290000915527344,24.040000915527344,25.309999465942383
2021-12-15,25.309999465942383,27.799999237060547,23.190000534057617,23.420000076293945
2021-12-16,23.39999961853028,27.43000030517578,23.11000061035156,25.239999771118164
2021-12-17,25.239999771118164,28.25,25.170000076293945,26.549999237060547
2021-12-20,26.61000061035156,31.040000915527344,26.61000061035156,27.8799991607666
2021-12-21,27.8799991607666,27.959999084472656,24.920000076293945,24.959999084472656
2021-12-22,24.959999084472656,25.239999771118164,22.14999961853028,22.14999961853028
2021-12-23,22.15999984741211,22.43000030517578,20.920000076293945,21.31999969482422
2021-12-27,22.1299991607666,22.84000015258789,21.56999969482422,21.71999931335449
2021-12-28,21.71999931335449,22.46999931335449,21.51000022888184,21.540000915527344
2021-12-29,21.549999237060547,22.600000381469727,21.100000381469727,21.280000686645508
2021-12-30,21.270000457763672,21.770000457763672,20.979999542236328,21.3799991607666
2021-12-31,21.3799991607666,21.82999992370605,21.030000686645508,21.200000762939453
2022-01-03,21.200000762939453,22.3700008392334,20.959999084472656,21.170000076293945
2022-01-04,21.18000030517578,23.38999938964844,21.18000030517578,22.31999969482422
2022-01-05,22.32999992370605,26.559999465942383,22.32999992370605,25.979999542236328
2022-01-06,25.950000762939453,28.3700008392334,25.520000457763672,25.809999465942383
2022-01-07,25.82999992370605,27.709999084472656,25.13999938964844,25.64999961853028
2022-01-10,28.200000762939453,30.489999771118164,25.489999771118164,25.82999992370605
2022-01-11,25.82999992370605,27.229999542236328,23.940000534057617,24.280000686645508
2022-01-12,24.290000915527344,24.940000534057617,23.1299991607666,23.440000534057617
2022-01-13,23.479999542236328,27.420000076293945,22.979999542236328,27.049999237060547
2022-01-14,27.049999237060547,28.34000015258789,25.309999465942383,25.71999931335449
2022-01-18,28.76000022888184,30.030000686645508,28.170000076293945,29.36000061035156
2022-01-19,29.36000061035156,29.729999542236328,27.600000381469727,29.020000457763672
2022-01-20,29.049999237060547,30.6200008392334,26.959999084472656,30.61000061035156
2022-01-21,30.56999969482422,34.68000030517578,29.729999542236328,34.060001373291016
2022-01-24,38.13999938964844,44.04999923706055,35.130001068115234,35.54999923706055
2022-01-25,35.54999923706055,41.38999938964844,35.540000915527344,38.20000076293945
2022-01-26,38.27000045776367,39.0099983215332,33.540000915527344,38.09999847412109
2022-01-27,38.11000061035156,38.150001525878906,34.63999938964844,36.63999938964844
2022-01-28,36.66999816894531,38.13999938964844,32.470001220703125,33.310001373291016
2022-01-31,33.290000915527344,34.380001068115234,29.850000381469727,30.15999984741211
2022-02-01,30.15999984741211,31.09000015258789,27.700000762939453,28.0
2022-02-02,27.979999542236328,29.780000686645508,27.270000457763672,29.57999992370605
2022-02-03,29.459999084472656,33.54999923706055,29.459999084472656,31.239999771118164
2022-02-04,31.26000022888184,33.04999923706055,29.299999237060547,30.31999969482422
2022-02-07,31.309999465942383,31.32999992370605,29.01000022888184,30.020000457763672
2022-02-08,30.020000457763672,31.350000381469727,28.21999931335449,28.32999992370605
2022-02-09,28.36000061035156,28.36000061035156,26.6200008392334,26.8700008392334
2022-02-10,26.8700008392334,30.739999771118164,26.84000015258789,30.06999969482422
2022-02-11,30.049999237060547,36.34999847412109,29.530000686645508,34.15999984741211
2022-02-14,34.900001525878906,36.63999938964844,33.31999969482422,34.06999969482422
2022-02-15,34.06999969482422,34.06999969482422,30.81999969482422,31.15999984741211
2022-02-16,31.15999984741211,32.7599983215332,29.14999961853028,29.450000762939453
2022-02-17,29.450000762939453,33.5,29.450000762939453,33.209999084472656
2022-02-18,33.150001525878906,34.83000183105469,32.04999923706055,33.04999923706055
2022-02-22,33.04999923706055,35.45000076293945,32.849998474121094,33.130001068115234
2022-02-23,33.130001068115234,35.4900016784668,32.0099983215332,35.27000045776367
2022-02-24,35.27000045776367,39.9900016784668,33.150001525878906,34.02000045776367
2022-02-25,34.04999923706055,34.369998931884766,30.75,31.190000534057617
2022-02-28,34.29999923706055,35.13999938964844,31.76000022888184,32.720001220703125
2022-03-01,32.720001220703125,36.77000045776367,32.720001220703125,35.220001220703125
2022-03-02,35.27000045776367,35.709999084472656,32.31999969482422,33.04999923706055
2022-03-03,33.02000045776367,34.7599983215332,32.310001373291016,33.34000015258789
2022-03-04,33.33000183105469,37.2599983215332,33.33000183105469,34.88999938964844
2022-03-07,34.88999938964844,38.79999923706055,34.880001068115234,38.72999954223633
2022-03-08,38.70000076293945,39.619998931884766,35.560001373291016,38.02000045776367
2022-03-09,38.06999969482422,38.06999969482422,34.599998474121094,35.34000015258789
2022-03-10,35.33000183105469,36.72999954223633,34.22999954223633,34.22999954223633
2022-03-11,34.220001220703125,35.04999923706055,33.16999816894531,34.849998474121094
2022-03-14,35.83000183105469,37.70000076293945,34.66999816894531,36.54999923706055
2022-03-15,36.54999923706055,37.02999877929688,34.529998779296875,34.650001525878906
2022-03-16,34.68000030517578,34.68000030517578,30.6299991607666,30.809999465942383
2022-03-17,30.809999465942383,31.63999938964844,28.950000762939453,29.51000022888184
2022-03-18,29.440000534057617,30.209999084472656,27.459999084472656,27.76000022888184
2022-03-21,28.96999931335449,29.959999084472656,28.21999931335449,28.65999984741211
2022-03-22,28.65999984741211,28.8700008392334,27.420000076293945,27.709999084472656
2022-03-23,27.71999931335449,29.26000022888184,27.71999931335449,28.84000015258789
2022-03-24,28.82999992370605,29.46999931335449,27.6200008392334,27.88999938964844
2022-03-25,27.89999961853028,29.39999961853028,27.0,27.34000015258789
2022-03-28,28.26000022888184,28.670000076293945,26.530000686645508,26.530000686645508
2022-03-29,26.530000686645508,26.920000076293945,25.520000457763672,25.8700008392334
2022-03-30,25.8700008392334,27.32999992370605,25.809999465942383,26.39999961853028
2022-03-31,26.3799991607666,27.540000915527344,26.239999771118164,26.989999771118164
2022-04-01,26.959999084472656,27.31999969482422,25.739999771118164,25.90999984741211
2022-04-04,26.6299991607666,26.75,24.82999992370605,24.93000030517578
2022-04-05,24.93000030517578,27.799999237060547,24.93000030517578,27.39999961853028
2022-04-06,27.40999984741211,30.76000022888184,27.40999984741211,28.90999984741211
2022-04-07,28.920000076293945,30.32999992370605,28.059999465942383,28.479999542236328
2022-04-08,28.489999771118164,29.90999984741211,27.38999938964844,28.059999465942383
2022-04-11,29.3799991607666,30.850000381469727,28.84000015258789,30.75
2022-04-12,30.75,31.06999969482422,28.280000686645508,30.3799991607666
2022-04-13,30.3700008392334,30.75,26.520000457763672,26.850000381469727
2022-04-14,26.86000061035156,28.96999931335449,26.26000022888184,28.86000061035156
2022-04-18,30.46999931335449,30.90999984741211,29.15999984741211,29.530000686645508
2022-04-19,29.530000686645508,30.5,27.81999969482422,29.100000381469727
2022-04-20,29.1200008392334,29.81999969482422,28.030000686645508,28.46999931335449
2022-04-21,28.520000457763672,31.920000076293945,27.56999969482422,31.3700008392334
2022-04-22,31.350000381469727,35.43000030517578,31.350000381469727,35.38999938964844
2022-04-25,36.68000030517578,37.52000045776367,33.540000915527344,33.83000183105469
2022-04-26,33.83000183105469,40.0,33.83000183105469,38.93000030517578
2022-04-27,39.16999816894531,39.16999816894531,35.7599983215332,36.90999984741211
2022-04-28,36.90999984741211,37.41999816894531,34.11000061035156,35.4900016784668
2022-04-29,35.2599983215332,39.45000076293945,34.099998474121094,38.25
2022-05-02,39.56999969482422,40.810001373291016,37.560001373291016,37.810001373291016
2022-05-03,37.810001373291016,38.290000915527344,35.7599983215332,36.0
2022-05-04,35.9900016784668,36.83000183105469,31.6200008392334,31.979999542236328
2022-05-05,32.0,39.20000076293945,32.0,37.18999862670898
2022-05-06,37.209999084472656,41.0099983215332,36.40999984741211,37.400001525878906
2022-05-09,40.150001525878906,41.90999984741211,39.2400016784668,41.43000030517578
2022-05-10,41.43000030517578,41.90999984741211,38.93000030517578,40.08000183105469
2022-05-11,40.09999847412109,41.63999938964844,38.02000045776367,40.66999816894531
2022-05-12,40.65999984741211,44.02000045776367,40.65999984741211,41.36000061035156
2022-05-13,41.31999969482422,41.31999969482422,37.040000915527344,37.61000061035156
2022-05-16,39.2599983215332,39.81999969482422,36.68999862670898,37.43999862670898
2022-05-17,37.43999862670898,37.43999862670898,33.72999954223633,33.880001068115234
2022-05-18,33.880001068115234,39.09999847412109,33.880001068115234,38.810001373291016
2022-05-19,38.81999969482422,39.83000183105469,35.97999954223633,36.150001525878906
2022-05-20,36.119998931884766,39.77000045776367,34.619998931884766,36.18000030517578
2022-05-23,36.97999954223633,37.619998931884766,34.970001220703125,35.18000030517578
2022-05-24,35.18000030517578,38.970001220703125,35.18000030517578,36.16999816894531
2022-05-25,36.15999984741211,37.310001373291016,34.83000183105469,35.380001068115234
2022-05-26,35.43000030517578,35.47999954223633,33.34000015258789,33.630001068115234
2022-05-27,33.65999984741211,33.65999984741211,31.770000457763672,32.0
2022-05-31,33.88999938964844,34.91999816894531,32.400001525878906,33.0099983215332
2022-06-01,33.0099983215332,34.279998779296875,31.950000762939453,32.599998474121094
2022-06-02,32.59000015258789,33.560001373291016,30.809999465942383,31.440000534057617
2022-06-03,31.440000534057617,32.77000045776367,31.440000534057617,31.75
2022-06-06,31.46999931335449,32.869998931884766,31.32999992370605,32.15999984741211
2022-06-07,33.04999923706055,33.34000015258789,30.38999938964844,31.030000686645508
2022-06-08,31.559999465942383,31.709999084472656,30.299999237060547,30.690000534057617
2022-06-09,31.32999992370605,32.869998931884766,30.61000061035156,32.72999954223633
2022-06-10,34.459999084472656,35.52000045776367,33.45000076293945,33.970001220703125
2022-06-13,38.27999877929688,41.119998931884766,37.540000915527344,40.36000061035156
2022-06-14,39.93999862670898,40.63999938964844,38.119998931884766,38.5099983215332
2022-06-15,38.040000915527344,38.040000915527344,19.809999465942383,35.349998474121094
2022-06-16,37.77999877929688,40.52999877929688,37.11000061035156,38.66999816894531
2022-06-17,38.4900016784668,38.75,32.59000015258789,36.65999984741211
2022-06-21,36.68000030517578,36.72999954223633,35.2599983215332,36.060001373291016
2022-06-22,37.16999816894531,37.16999816894531,35.25,35.939998626708984
2022-06-23,35.790000915527344,36.45000076293945,34.65999984741211,35.29999923706055
2022-06-24,34.959999084472656,35.040000915527344,33.040000915527344,33.77000045776367
2022-06-27,34.060001373291016,35.20000076293945,33.470001220703125,33.560001373291016
2022-06-28,33.56999969482422,35.779998779296875,32.91999816894531,35.43000030517578
2022-06-29,35.220001220703125,36.02999877929688,34.56999969482422,35.33000183105469
2022-06-30,36.43000030517578,37.459999084472656,35.650001525878906,36.209999084472656
2022-07-01,36.06999969482422,36.619998931884766,34.11000061035156,34.27000045776367
2022-07-05,37.470001220703125,37.88999938964844,34.5099983215332,34.86000061035156
2022-07-06,35.06999969482422,35.61000061035156,33.34000015258789,33.75
2022-07-07,34.04999923706055,34.20000076293945,32.20000076293945,32.810001373291016
2022-07-08,33.11000061035156,33.18000030517578,30.68000030517578,31.18000030517578
2022-07-11,33.52000045776367,33.650001525878906,32.540000915527344,32.93000030517578
2022-07-12,33.310001373291016,34.45000076293945,32.75,33.970001220703125
2022-07-13,35.20000076293945,35.720001220703125,33.099998474121094,33.66999816894531
2022-07-14,34.4900016784668,34.90999984741211,32.380001068115234,32.63999938964844
2022-07-15,31.739999771118164,32.150001525878906,30.32999992370605,30.38999938964844
2022-07-18,31.09000015258789,32.18000030517578,30.46999931335449,31.57999992370605
2022-07-19,30.71999931335449,31.239999771118164,30.280000686645508,30.65999984741211
2022-07-20,30.790000915527344,31.06999969482422,30.07999992370605,30.57999992370605
2022-07-21,30.63999938964844,31.31999969482422,28.8700008392334,29.309999465942383
2022-07-22,29.290000915527344,29.89999961853028,28.229999542236328,29.190000534057617
2022-07-25,30.520000457763672,30.93000030517578,29.32999992370605,29.420000076293945
2022-07-26,30.26000022888184,31.8700008392334,30.26000022888184,30.90999984741211
2022-07-27,30.46999931335449,30.65999984741211,26.040000915527344,29.59000015258789
2022-07-28,29.479999542236328,30.26000022888184,27.82999992370605,28.479999542236328
2022-07-29,28.01000022888184,28.13999938964844,26.8700008392334,27.25
2022-08-01,28.549999237060547,28.96999931335449,27.950000762939453,28.75
2022-08-02,29.81999969482422,30.549999237060547,28.5,30.0
2022-08-03,29.13999938964844,29.36000061035156,27.770000457763672,27.979999542236328
2022-08-04,28.459999084472656,28.96999931335449,27.809999465942383,27.809999465942383
2022-08-05,28.84000015258789,28.8700008392334,26.81999969482422,27.1299991607666
2022-08-08,27.940000534057617,28.21999931335449,26.96999931335449,27.64999961853028
2022-08-09,28.43000030517578,28.809999465942383,28.059999465942383,28.40999984741211
2022-08-10,27.030000686645508,27.229999542236328,25.46999931335449,25.71999931335449
2022-08-11,25.770000457763672,26.8700008392334,25.57999992370605,26.1299991607666
2022-08-12,25.93000030517578,26.239999771118164,24.90999984741211,25.18000030517578
2022-08-15,26.3799991607666,26.5,25.309999465942383,25.39999961853028
2022-08-16,25.709999084472656,25.93000030517578,25.1299991607666,25.549999237060547
2022-08-17,26.38999938964844,26.8700008392334,25.700000762939453,26.32999992370605
2022-08-18,26.57999992370605,26.82999992370605,25.309999465942383,25.520000457763672
2022-08-19,26.64999961853028,27.21999931335449,26.020000457763672,26.739999771118164
2022-08-22,29.26000022888184,30.21999931335449,29.049999237060547,29.64999961853028
2022-08-23,29.82999992370605,29.96999931335449,29.049999237060547,29.690000534057617
2022-08-24,29.84000015258789,30.14999961853028,28.65999984741211,28.959999084472656
2022-08-25,28.940000534057617,29.38999938964844,27.96999931335449,28.07999992370605
2022-08-26,28.34000015258789,31.770000457763672,24.8799991607666,31.71999931335449
2022-08-29,33.15999984741211,33.22999954223633,31.71999931335449,32.29999923706055
2022-08-30,31.950000762939453,33.560001373291016,31.90999984741211,32.119998931884766
2022-08-31,32.0,32.40999984741211,31.34000015258789,32.189998626708984
2022-09-01,32.91999816894531,33.810001373291016,32.08000183105469,32.2599983215332
2022-09-02,31.030000686645508,33.0099983215332,30.170000076293945,32.31999969482422
2022-09-06,32.7599983215332,34.470001220703125,32.75,33.59000015258789
2022-09-07,33.4900016784668,33.4900016784668,31.3799991607666,31.559999465942383
2022-09-08,32.22999954223633,32.380001068115234,29.799999237060547,30.479999542236328
2022-09-09,29.950000762939453,30.11000061035156,28.979999542236328,29.229999542236328
2022-09-12,29.790000915527344,30.18000030517578,29.540000915527344,29.809999465942383
2022-09-13,30.950000762939453,33.95000076293945,30.520000457763672,33.18000030517578
2022-09-14,33.15999984741211,33.63999938964844,32.34000015258789,32.56999969482422
2022-09-15,33.08000183105469,33.349998474121094,31.780000686645508,32.650001525878906
2022-09-16,34.16999816894531,34.81999969482422,32.7599983215332,32.83000183105469
2022-09-19,34.5099983215332,34.5099983215332,31.96999931335449,32.36000061035156
2022-09-20,33.34000015258789,34.04999923706055,32.720001220703125,33.29999923706055
2022-09-21,33.470001220703125,34.130001068115234,15.699999809265137,33.869998931884766
2022-09-22,33.560001373291016,34.16999816894531,32.47999954223633,32.91999816894531
2022-09-23,34.15999984741211,36.65999984741211,33.02000045776367,34.880001068115234
2022-09-26,36.47999954223633,37.119998931884766,34.88999938964844,36.93000030517578
2022-09-27,35.97999954223633,38.61000061035156,35.33000183105469,37.150001525878906
2022-09-28,37.560001373291016,38.310001373291016,33.22999954223633,35.5099983215332
2022-09-29,36.619998931884766,38.25,36.56999969482422,36.90999984741211
2022-09-30,37.66999816894531,38.13999938964844,35.25,36.61000061035156
2022-10-03,37.04999923706055,37.47999954223633,35.5,35.560001373291016
2022-10-04,34.86000061035156,34.959999084472656,33.95000076293945,34.41999816894531
2022-10-05,35.22999954223633,35.54999923706055,34.06999969482422,34.33000183105469
2022-10-06,34.59000015258789,35.959999084472656,34.470001220703125,35.84000015258789
2022-10-07,36.18999862670898,37.40999984741211,36.119998931884766,36.86000061035156
2022-10-10,38.25,39.77000045776367,38.040000915527344,38.56999969482422
2022-10-11,39.45000076293945,39.869998931884766,34.83000183105469,39.380001068115234
2022-10-12,39.84999847412109,40.20000076293945,39.11000061035156,39.5099983215332
2022-10-13,39.09999847412109,39.45000076293945,25.520000457763672,38.27000045776367
2022-10-14,37.869998931884766,39.119998931884766,35.0,37.75
2022-10-17,37.790000915527344,37.93999862670898,37.02999877929688,37.06999969482422
2022-10-18,36.630001068115234,37.2400016784668,36.09000015258789,36.11000061035156
2022-10-19,36.810001373291016,37.400001525878906,35.630001068115234,36.369998931884766
2022-10-20,36.47999954223633,36.72999954223633,34.220001220703125,35.77000045776367
2022-10-21,35.970001220703125,36.43999862670898,33.83000183105469,35.25
2022-10-24,36.130001068115234,36.66999816894531,24.3700008392334,35.5
2022-10-25,35.369998931884766,35.619998931884766,16.049999237060547,34.13999938964844
2022-10-26,34.45000076293945,34.45000076293945,28.209999084472656,33.279998779296875
2022-10-27,33.560001373291016,33.9900016784668,18.209999084472656,33.81999969482422
2022-10-28,33.220001220703125,33.2599983215332,16.809999465942383,31.86000061035156
2022-10-31,33.22999954223633,33.689998626708984,31.15999984741211,31.15999984741211
2022-11-01,31.6299991607666,32.15999984741211,31.07999992370605,31.989999771118164
2022-11-02,32.529998779296875,32.81999969482422,9.9399995803833,32.099998474121094
2022-11-03,33.119998931884766,33.189998626708984,31.68000030517578,31.790000915527344
2022-11-04,31.1299991607666,31.729999542236328,30.32999992370605,30.86000061035156
2022-11-07,31.82999992370605,32.18000030517578,28.780000686645508,30.84000015258789
2022-11-08,30.920000076293945,32.72999954223633,30.64999961853028,31.530000686645508
2022-11-09,31.86000061035156,32.619998931884766,31.40999984741211,32.4900016784668
2022-11-10,29.290000915527344,30.3799991607666,29.01000022888184,30.350000381469727
2022-11-11,30.459999084472656,30.68000030517578,28.3799991607666,28.96999931335449
2022-11-14,30.690000534057617,30.729999542236328,29.36000061035156,30.020000457763672
2022-11-15,29.63999938964844,32.209999084472656,29.3700008392334,30.299999237060547
2022-11-16,30.61000061035156,30.71999931335449,29.670000076293945,30.049999237060547
2022-11-17,31.030000686645508,31.200000762939453,29.51000022888184,30.020000457763672
2022-11-18,29.600000381469727,30.030000686645508,29.01000022888184,29.25
2022-11-21,30.229999542236328,30.32999992370605,28.64999961853028,29.0
2022-11-22,28.959999084472656,29.01000022888184,27.270000457763672,27.790000915527344
2022-11-23,28.059999465942383,28.200000762939453,26.200000762939453,26.65999984741211
2022-11-25,27.18000030517578,27.540000915527344,26.76000022888184,26.790000915527344
2022-11-28,28.489999771118164,28.6299991607666,27.88999938964844,28.309999465942383
2022-11-29,28.3700008392334,29.07999992370605,27.76000022888184,28.36000061035156
2022-11-30,28.68000030517578,28.950000762939453,26.170000076293945,26.459999084472656
2022-12-01,26.81999969482422,27.32999992370605,25.489999771118164,26.09000015258789
2022-12-02,26.440000534057617,26.64999961853028,24.25,24.780000686645508
2022-12-05,26.09000015258789,26.61000061035156,25.479999542236328,26.15999984741211
2022-12-06,26.06999969482422,28.059999465942383,25.920000076293945,27.530000686645508
2022-12-07,28.06999969482422,28.6299991607666,27.850000381469727,28.11000061035156
2022-12-08,28.25,28.82999992370605,27.540000915527344,27.59000015258789
2022-12-09,28.280000686645508,28.540000915527344,27.450000762939453,27.940000534057617
2022-12-12,29.700000762939453,30.21999931335449,29.59000015258789,30.059999465942383
2022-12-13,27.76000022888184,28.46999931335449,26.239999771118164,26.90999984741211
2022-12-14,27.549999237060547,27.8700008392334,11.920000076293944,25.75
2022-12-15,26.290000915527344,28.450000762939453,26.13999938964844,27.34000015258789
2022-12-16,27.8799991607666,27.920000076293945,22.799999237060547,27.32999992370605
2022-12-19,27.63999938964844,27.780000686645508,26.64999961853028,27.40999984741211
2022-12-20,27.790000915527344,28.0,26.26000022888184,26.64999961853028
2022-12-21,26.020000457763672,26.229999542236328,25.13999938964844,25.14999961853028
2022-12-22,25.76000022888184,29.559999465942383,25.75,27.350000381469727
2022-12-23,27.530000686645508,28.32999992370605,26.1200008392334,26.32999992370605
2022-12-27,28.1200008392334,28.809999465942383,27.75,27.780000686645508
2022-12-28,28.11000061035156,28.65999984741211,27.309999465942383,28.3799991607666
2022-12-29,28.11000061035156,28.280000686645508,27.01000022888184,27.36000061035156
2022-12-30,28.200000762939453,28.63999938964844,27.15999984741211,27.600000381469727
2023-01-03,29.059999465942383,30.07999992370605,28.690000534057617,29.11000061035156
2023-01-04,29.0,29.549999237060547,5.849999904632568,28.36000061035156
2023-01-05,28.670000076293945,29.459999084472656,28.3799991607666,28.809999465942383
2023-01-06,28.450000762939453,28.790000915527344,26.46999931335449,26.959999084472656
2023-01-09,27.549999237060547,28.0,27.25,27.86000061035156
2023-01-10,28.18000030517578,28.290000915527344,26.75,26.940000534057617
2023-01-11,27.15999984741211,27.46999931335449,26.8700008392334,27.34000015258789
2023-01-12,25.8700008392334,26.39999961853028,24.540000915527344,24.76000022888184
2023-01-13,25.190000534057617,25.190000534057617,23.13999938964844,23.81999969482422
2023-01-17,25.450000762939453,25.75,24.420000076293945,24.75
2023-01-18,24.51000022888184,25.790000915527344,24.26000022888184,25.51000022888184
2023-01-19,25.920000076293945,26.299999237060547,24.770000457763672,25.280000686645508
2023-01-20,25.100000381469727,25.309999465942383,24.040000915527344,24.540000915527344
2023-01-23,25.01000022888184,25.18000030517578,24.450000762939453,24.61000061035156
2023-01-24,24.96999931335449,25.479999542236328,24.07999992370605,24.549999237060547
2023-01-25,24.75,26.770000457763672,24.190000534057617,24.540000915527344
2023-01-26,24.46999931335449,25.049999237060547,24.420000076293945,25.01000022888184
2023-01-27,24.940000534057617,24.940000534057617,23.93000030517578,24.56999969482422
2023-01-30,25.89999961853028,26.559999465942383,25.739999771118164,26.25
2023-01-31,26.36000061035156,26.670000076293945,25.3799991607666,25.790000915527344
2023-02-01,26.11000061035156,26.280000686645508,23.07999992370605,24.040000915527344
2023-02-02,24.059999465942383,25.86000061035156,23.299999237060547,25.059999465942383
2023-02-03,24.309999465942383,25.739999771118164,21.950000762939453,25.39999961853028
2023-02-06,26.479999542236328,26.670000076293945,25.600000381469727,25.88999938964844
2023-02-07,26.15999984741211,26.350000381469727,20.96999931335449,25.459999084472656
2023-02-08,25.729999542236328,26.780000686645508,19.739999771118164,26.450000762939453
2023-02-09,26.1299991607666,28.440000534057617,26.09000015258789,27.63999938964844
2023-02-10,28.13999938964844,28.479999542236328,26.84000015258789,27.09000015258789
2023-02-13,28.280000686645508,28.350000381469727,26.88999938964844,27.26000022888184
2023-02-14,25.84000015258789,26.170000076293945,24.440000534057617,25.059999465942383
2023-02-15,25.1299991607666,25.209999084472656,23.63999938964844,24.09000015258789
2023-02-16,25.530000686645508,26.1299991607666,24.07999992370605,26.059999465942383
2023-02-17,26.8700008392334,27.1200008392334,25.56999969482422,25.81999969482422
2023-02-21,28.489999771118164,29.209999084472656,27.96999931335449,28.56999969482422
2023-02-22,28.979999542236328,29.09000015258789,27.59000015258789,28.020000457763672
2023-02-23,27.38999938964844,28.26000022888184,26.40999984741211,26.82999992370605
2023-02-24,27.979999542236328,28.559999465942383,27.020000457763672,27.18000030517578
2023-02-27,27.07999992370605,27.200000762939453,26.43000030517578,26.64999961853028
2023-02-28,26.940000534057617,27.07999992370605,25.75,26.39999961853028
2023-03-01,26.440000534057617,27.06999969482422,25.56999969482422,26.479999542236328
2023-03-02,27.030000686645508,27.1200008392334,25.25,25.700000762939453
2023-03-03,25.440000534057617,25.440000534057617,23.940000534057617,24.36000061035156
2023-03-06,24.76000022888184,24.790000915527344,23.81999969482422,24.25
2023-03-07,24.38999938964844,25.020000457763672,23.81999969482422,24.64999961853028
2023-03-08,24.799999237060547,25.07999992370605,23.86000061035156,24.07999992370605
2023-03-09,24.32999992370605,27.26000022888184,23.959999084472656,26.549999237060547
2023-03-10,26.350000381469727,31.200000762939453,26.09000015258789,27.940000534057617
2023-03-13,31.709999084472656,32.599998474121094,27.8799991607666,29.38999938964844
2023-03-14,26.88999938964844,27.850000381469727,16.850000381469727,26.71999931335449
2023-03-15,28.850000381469727,31.3799991607666,27.71999931335449,28.690000534057617
2023-03-16,29.46999931335449,29.71999931335449,26.229999542236328,26.6200008392334
2023-03-17,27.11000061035156,29.489999771118164,26.38999938964844,28.350000381469727
2023-03-20,29.229999542236328,29.64999961853028,27.21999931335449,27.549999237060547
2023-03-21,26.21999931335449,26.5,25.309999465942383,25.68000030517578
2023-03-22,25.530000686645508,26.670000076293945,24.1299991607666,26.600000381469727
2023-03-23,25.350000381469727,28.13999938964844,24.46999931335449,26.559999465942383
2023-03-24,27.34000015258789,28.59000015258789,23.959999084472656,25.780000686645508
2023-03-27,25.850000381469727,26.11000061035156,24.68000030517578,25.06999969482422
2023-03-28,25.6299991607666,25.850000381469727,24.46999931335449,24.5
2023-03-29,23.86000061035156,24.26000022888184,23.36000061035156,23.989999771118164
2023-03-30,23.809999465942383,24.780000686645508,23.56999969482422,23.989999771118164
2023-03-31,23.959999084472656,24.07999992370605,23.059999465942383,23.600000381469727
2023-04-03,24.959999084472656,24.959999084472656,23.440000534057617,23.670000076293945
2023-04-04,23.93000030517578,25.030000686645508,23.700000762939453,24.280000686645508
2023-04-05,24.88999938964844,25.479999542236328,24.25,24.6200008392334
2023-04-06,25.239999771118164,25.5,23.5,23.86000061035156
2023-04-10,25.5,25.700000762939453,24.309999465942383,24.559999465942383
2023-04-11,24.89999961853028,24.96999931335449,24.18000030517578,24.709999084472656
2023-04-12,24.540000915527344,25.100000381469727,23.68000030517578,24.489999771118164
2023-04-13,23.96999931335449,24.229999542236328,22.790000915527344,23.280000686645508
2023-04-14,23.5,23.530000686645508,19.489999771118164,22.21999931335449
2023-04-17,23.049999237060547,23.100000381469727,21.39999961853028,21.90999984741211
2023-04-18,21.86000061035156,22.21999931335449,20.940000534057617,21.40999984741211
2023-04-19,21.75,21.88999938964844,20.81999969482422,21.239999771118164
2023-04-20,22.1299991607666,22.26000022888184,20.8799991607666,21.770000457763672
2023-04-21,21.920000076293945,22.270000457763672,21.059999465942383,21.290000915527344
2023-04-24,22.290000915527344,22.32999992370605,21.21999931335449,21.520000457763672
2023-04-25,22.43000030517578,24.049999237060547,19.81999969482422,22.96999931335449
2023-04-26,23.200000762939453,23.520000457763672,22.25,22.770000457763672
2023-04-27,21.93000030517578,21.950000762939453,20.57999992370605,21.049999237060547
2023-04-28,21.07999992370605,21.13999938964844,19.96999931335449,20.1200008392334
2023-05-01,20.770000457763672,20.780000686645508,19.729999542236328,20.190000534057617
2023-05-02,20.59000015258789,23.21999931335449,20.40999984741211,21.6299991607666
2023-05-03,21.75,22.43000030517578,12.1899995803833,22.030000686645508
2023-05-04,22.850000381469727,24.1200008392334,22.440000534057617,23.13999938964844
2023-05-05,21.56999969482422,21.56999969482422,19.89999961853028,20.36000061035156
2023-05-08,21.13999938964844,21.26000022888184,19.8700008392334,20.309999465942383
2023-05-09,21.020000457763672,21.11000061035156,20.350000381469727,20.850000381469727
2023-05-10,19.76000022888184,21.100000381469727,19.26000022888184,19.76000022888184
2023-05-11,20.350000381469727,20.84000015258789,18.850000381469727,19.39999961853028
2023-05-12,19.200000762939453,20.459999084472656,18.489999771118164,19.530000686645508
2023-05-15,20.3799991607666,20.709999084472656,19.100000381469727,19.549999237060547
2023-05-16,19.93000030517578,20.280000686645508,19.239999771118164,19.84000015258789
2023-05-17,19.43000030517578,19.950000762939453,18.350000381469727,19.15999984741211
2023-05-18,19.1200008392334,19.559999465942383,18.739999771118164,19.31999969482422
2023-05-19,19.25,20.309999465942383,19.25,19.68000030517578
2023-05-22,20.0,20.350000381469727,19.36000061035156,19.96999931335449
2023-05-23,20.38999938964844,21.56999969482422,19.76000022888184,20.989999771118164
2023-05-24,22.100000381469727,22.89999961853028,21.540000915527344,22.39999961853028
2023-05-25,22.020000457763672,22.780000686645508,21.299999237060547,21.690000534057617
2023-05-26,21.65999984741211,22.6200008392334,20.82999992370605,22.209999084472656
2023-05-30,21.88999938964844,23.190000534057617,21.729999542236328,22.420000076293945
2023-05-31,22.57999992370605,22.850000381469727,21.1299991607666,22.1200008392334
2023-06-01,21.65999984741211,21.799999237060547,19.950000762939453,20.459999084472656
2023-06-02,20.200000762939453,20.290000915527344,19.26000022888184,19.290000915527344
2023-06-05,19.920000076293945,20.209999084472656,18.979999542236328,19.420000076293945
2023-06-06,18.8700008392334,19.63999938964844,18.049999237060547,18.540000915527344
2023-06-07,18.57999992370605,19.420000076293945,18.32999992370605,19.209999084472656
2023-06-08,19.31999969482422,19.57999992370605,18.13999938964844,18.65999984741211
2023-06-09,18.729999542236328,19.1200008392334,18.18000030517578,18.88999938964844
2023-06-12,19.61000061035156,20.5,19.479999542236328,20.459999084472656
2023-06-13,20.09000015258789,20.559999465942383,19.3700008392334,20.059999465942383
2023-06-14,20.020000457763672,20.690000534057617,19.25,19.71999931335449
2023-06-15,19.950000762939453,20.540000915527344,19.65999984741211,20.280000686645508
2023-06-16,20.39999961853028,20.71999931335449,19.25,19.549999237060547
2023-06-20,20.540000915527344,20.6299991607666,19.46999931335449,19.950000762939453
2023-06-21,20.0,20.020000457763672,18.6299991607666,19.290000915527344
2023-06-22,19.90999984741211,20.06999969482422,18.36000061035156,18.81999969482422
2023-06-23,19.56999969482422,19.86000061035156,18.61000061035156,19.290000915527344
2023-06-26,20.600000381469727,20.6200008392334,13.670000076293944,20.3700008392334
2023-06-27,20.46999931335449,20.59000015258789,19.64999961853028,20.07999992370605
2023-06-28,20.39999961853028,20.420000076293945,19.549999237060547,20.020000457763672
2023-06-29,20.1299991607666,20.57999992370605,19.46999931335449,19.979999542236328
2023-06-30,20.0,20.13999938964844,19.0,19.549999237060547
2023-07-03,20.170000076293945,20.170000076293945,19.39999961853028,19.8700008392334
2023-07-05,19.8700008392334,20.549999237060547,19.520000457763672,19.90999984741211
2023-07-06,20.670000076293945,21.86000061035156,20.440000534057617,21.11000061035156
2023-07-07,20.780000686645508,21.1200008392334,19.790000915527344,20.600000381469727
2023-07-10,21.14999961853028,21.51000022888184,20.600000381469727,21.07999992370605
2023-07-11,21.11000061035156,21.209999084472656,20.40999984741211,20.89999961853028
2023-07-12,20.36000061035156,20.440000534057617,18.90999984741211,19.479999542236328
2023-07-13,19.36000061035156,19.86000061035156,18.790000915527344,19.780000686645508
2023-07-14,19.88999938964844,20.200000762939453,18.8700008392334,19.64999961853028
2023-07-17,20.06999969482422,20.229999542236328,19.030000686645508,19.43000030517578
2023-07-18,19.270000457763672,19.530000686645508,18.76000022888184,19.290000915527344
2023-07-19,19.270000457763672,19.799999237060547,19.059999465942383,19.68000030517578
2023-07-20,20.09000015258789,20.729999542236328,19.40999984741211,20.200000762939453
2023-07-21,20.190000534057617,20.299999237060547,18.989999771118164,19.61000061035156
2023-07-24,20.209999084472656,20.39999961853028,19.46999931335449,19.82999992370605
2023-07-25,20.1200008392334,20.14999961853028,14.859999656677246,19.709999084472656
2023-07-26,19.8700008392334,19.90999984741211,18.40999984741211,18.989999771118164
2023-07-27,18.61000061035156,20.530000686645508,18.14999961853028,19.82999992370605
2023-07-28,19.280000686645508,19.56999969482422,18.420000076293945,18.920000076293945
2023-07-31,19.200000762939453,19.780000686645508,18.8799991607666,19.31999969482422
2023-08-01,19.799999237060547,19.850000381469727,19.020000457763672,19.670000076293945
2023-08-02,20.770000457763672,22.549999237060547,20.76000022888184,22.1299991607666
2023-08-03,22.65999984741211,23.309999465942383,21.729999542236328,22.07999992370605
2023-08-04,21.520000457763672,22.200000762939453,19.979999542236328,22.020000457763672
2023-08-07,21.600000381469727,22.13999938964844,20.690000534057617,20.81999969482422
2023-08-08,21.540000915527344,22.81999969482422,20.8700008392334,21.06999969482422
2023-08-09,20.96999931335449,22.09000015258789,20.799999237060547,21.5
2023-08-10,20.93000030517578,21.6200008392334,18.309999465942383,21.030000686645508
2023-08-11,21.65999984741211,21.920000076293945,20.32999992370605,20.450000762939453
2023-08-14,21.89999961853028,21.940000534057617,19.739999771118164,20.200000762939453
2023-08-15,20.81999969482422,21.520000457763672,20.200000762939453,21.3700008392334
2023-08-16,21.34000015258789,22.1299991607666,20.86000061035156,22.07999992370605
2023-08-17,21.790000915527344,23.1200008392334,21.6299991607666,22.709999084472656
2023-08-18,23.32999992370605,23.540000915527344,21.31999969482422,22.01000022888184
2023-08-21,22.540000915527344,22.600000381469727,21.5,21.88999938964844
2023-08-22,21.76000022888184,22.299999237060547,21.61000061035156,21.81999969482422
2023-08-23,21.739999771118164,21.799999237060547,20.88999938964844,21.36000061035156
2023-08-24,20.850000381469727,22.6299991607666,20.84000015258789,22.57999992370605
2023-08-25,22.200000762939453,22.920000076293945,19.190000534057617,20.8799991607666
2023-08-28,21.31999969482422,21.46999931335449,19.979999542236328,20.38999938964844
2023-08-29,20.520000457763672,20.559999465942383,15.699999809265137,19.32999992370605
2023-08-30,19.3799991607666,19.64999961853028,18.36000061035156,19.06999969482422
2023-08-31,19.040000915527344,19.21999931335449,17.959999084472656,18.739999771118164
2023-09-01,18.530000686645508,18.93000030517578,17.90999984741211,18.40999984741211
2023-09-05,19.81999969482422,19.86000061035156,18.61000061035156,19.39999961853028
2023-09-06,19.65999984741211,20.36000061035156,18.93000030517578,19.790000915527344
2023-09-07,21.030000686645508,21.350000381469727,19.549999237060547,19.950000762939453
2023-09-08,19.989999771118164,19.989999771118164,18.89999961853028,19.14999961853028
2023-09-11,19.489999771118164,19.56999969482422,18.459999084472656,18.84000015258789
2023-09-12,19.209999084472656,19.309999465942383,18.690000534057617,19.209999084472656
2023-09-13,18.96999931335449,18.989999771118164,17.940000534057617,18.06999969482422
2023-09-14,18.239999771118164,18.299999237060547,17.010000228881836,17.25
2023-09-15,17.559999465942383,19.030000686645508,17.440000534057617,18.690000534057617
2023-09-18,19.86000061035156,19.8799991607666,18.43000030517578,18.959999084472656
2023-09-19,19.59000015258789,20.11000061035156,18.600000381469727,19.209999084472656
2023-09-20,19.290000915527344,20.520000457763672,18.39999961853028,20.459999084472656
2023-09-21,21.06999969482422,22.479999542236328,21.06999969482422,22.479999542236328
2023-09-22,21.739999771118164,22.020000457763672,20.71999931335449,22.01000022888184
2023-09-25,22.71999931335449,22.88999938964844,21.56999969482422,21.64999961853028
2023-09-26,22.229999542236328,23.46999931335449,22.09000015258789,22.8700008392334
2023-09-27,22.36000061035156,23.540000915527344,22.25,22.34000015258789
2023-09-28,22.950000762939453,23.07999992370605,21.229999542236328,21.530000686645508
2023-09-29,20.81999969482422,21.700000762939453,20.18000030517578,21.280000686645508
2023-10-02,22.18000030517578,22.309999465942383,21.200000762939453,21.51000022888184
2023-10-03,22.420000076293945,24.3700008392334,22.209999084472656,23.770000457763672
2023-10-04,23.6200008392334,23.8799991607666,22.51000022888184,22.68000030517578
2023-10-05,22.780000686645508,23.89999961853028,22.5,22.76000022888184
2023-10-06,23.350000381469727,23.68000030517578,21.309999465942383,21.40999984741211
2023-10-09,22.850000381469727,23.1200008392334,21.75,21.81999969482422
2023-10-10,21.850000381469727,21.8799991607666,20.82999992370605,21.1299991607666
2023-10-11,20.670000076293945,21.489999771118164,20.15999984741211,20.15999984741211
2023-10-12,20.21999931335449,22.06999969482422,19.540000915527344,20.6299991607666
2023-10-13,20.739999771118164,24.26000022888184,20.530000686645508,22.75
2023-10-16,22.530000686645508,22.600000381469727,20.88999938964844,21.38999938964844
2023-10-17,22.63999938964844,23.14999961853028,21.420000076293945,21.959999084472656
2023-10-18,22.71999931335449,24.14999961853028,22.420000076293945,23.440000534057617
2023-10-19,23.1200008392334,24.88999938964844,22.34000015258789,24.739999771118164
2023-10-20,24.540000915527344,25.420000076293945,23.86000061035156,25.309999465942383
2023-10-23,25.459999084472656,25.88999938964844,23.26000022888184,23.96999931335449
2023-10-24,23.479999542236328,23.68000030517578,20.71999931335449,22.34000015258789
2023-10-25,22.709999084472656,24.84000015258789,22.709999084472656,24.34000015258789
2023-10-26,24.71999931335449,26.100000381469727,24.51000022888184,24.850000381469727
2023-10-27,24.25,25.13999938964844,23.549999237060547,24.440000534057617
2023-10-30,24.3799991607666,24.56999969482422,23.32999992370605,23.61000061035156
2023-10-31,23.64999961853028,24.049999237060547,22.229999542236328,22.459999084472656
2023-11-01,22.239999771118164,22.299999237060547,20.43000030517578,20.68000030517578
2023-11-02,20.06999969482422,20.11000061035156,19.15999984741211,19.540000915527344
2023-11-03,19.14999961853028,19.209999084472656,18.31999969482422,18.6200008392334
2023-11-06,19.32999992370605,19.39999961853028,18.549999237060547,18.64999961853028
2023-11-07,18.65999984741211,18.979999542236328,18.059999465942383,18.450000762939453
2023-11-08,18.459999084472656,18.920000076293945,17.739999771118164,18.15999984741211
2023-11-09,18.190000534057617,19.26000022888184,18.020000457763672,19.01000022888184
2023-11-10,18.770000457763672,18.84000015258789,17.549999237060547,17.950000762939453
2023-11-13,19.1299991607666,19.18000030517578,18.170000076293945,18.81999969482422
2023-11-14,18.14999961853028,18.200000762939453,17.270000457763672,17.889999389648438
2023-11-15,17.950000762939453,18.239999771118164,17.059999465942383,18.09000015258789
2023-11-16,18.010000228881836,18.309999465942383,17.049999237060547,17.829999923706055
2023-11-17,17.850000381469727,17.8700008392334,16.889999389648438,17.40999984741211
2023-11-20,17.799999237060547,17.799999237060547,16.639999389648438,17.139999389648438
2023-11-21,17.43000030517578,17.559999465942383,16.760000228881836,17.549999237060547
2023-11-22,16.90999984741211,17.139999389648438,16.1200008392334,16.65999984741211
2023-11-24,17.030000686645508,17.049999237060547,16.1200008392334,16.1200008392334
2023-11-27,16.770000457763672,16.899999618530273,15.899999618530272,16.440000534057617
2023-11-28,16.520000457763672,16.600000381469727,15.670000076293944,16.149999618530273
2023-11-29,16.139999389648438,16.579999923706055,15.579999923706056,16.520000457763672
2023-11-30,16.639999389648438,17.0,16.100000381469727,16.719999313354492
2023-12-01,16.93000030517578,16.969999313354492,15.880000114440918,16.209999084472656
2023-12-04,17.100000381469727,17.6299991607666,16.709999084472656,17.209999084472656
2023-12-05,17.360000610351562,17.530000686645508,16.75,16.989999771118164
2023-12-06,16.979999542236328,17.18000030517578,16.489999771118164,17.030000686645508
2023-12-07,17.139999389648438,17.3799991607666,16.770000457763672,17.079999923706055
2023-12-08,16.829999923706055,16.93000030517578,15.6899995803833,15.9399995803833
2023-12-11,16.799999237060547,16.829999923706055,13.5600004196167,16.270000457763672
2023-12-12,16.290000915527344,16.34000015258789,15.09000015258789,15.380000114440918
2023-12-13,15.670000076293944,15.869999885559082,14.170000076293944,15.350000381469728
2023-12-14,15.279999732971191,15.800000190734863,14.890000343322754,15.420000076293944
2023-12-15,15.31999969482422,15.81999969482422,14.609999656677246,15.470000267028809
2023-12-18,15.890000343322754,16.020000457763672,15.050000190734863,15.869999885559082
2023-12-19,15.670000076293944,15.880000114440918,15.050000190734863,15.800000190734863
2023-12-20,15.84000015258789,17.15999984741211,15.65999984741211,16.979999542236328
2023-12-21,16.709999084472656,17.8700008392334,16.440000534057617,17.18000030517578
2023-12-22,17.139999389648438,17.290000915527344,16.25,16.6200008392334
2023-12-26,17.559999465942383,17.59000015258789,16.600000381469727,17.0
2023-12-27,16.920000076293945,16.950000762939453,16.020000457763672,16.219999313354492
2023-12-28,16.34000015258789,16.520000457763672,15.890000343322754,16.360000610351562
2023-12-29,16.5,16.8700008392334,15.8100004196167,16.200000762939453
2024-01-02,17.6200008392334,18.36000061035156,17.25,17.59000015258789
2024-01-03,18.15999984741211,18.46999931335449,17.399999618530273,18.020000457763672
2024-01-04,18.229999542236328,18.25,17.469999313354492,17.889999389648438
2024-01-05,17.510000228881836,17.530000686645508,17.0,17.1299991607666
2024-01-08,17.600000381469727,17.709999084472656,16.809999465942383,16.860000610351562
2024-01-09,17.170000076293945,17.229999542236328,16.520000457763672,16.549999237060547
2024-01-10,16.649999618530273,16.68000030517578,16.31999969482422,16.600000381469727
2024-01-11,16.520000457763672,17.190000534057617,16.219999313354492,16.399999618530273
2024-01-12,16.6200008392334,16.93000030517578,16.139999389648438,16.540000915527344
2024-01-16,17.8700008392334,18.32999992370605,17.40999984741211,17.8700008392334
2024-01-17,18.93000030517578,19.40999984741211,18.209999084472656,18.700000762939453
2024-01-18,18.21999931335449,18.440000534057617,17.559999465942383,17.950000762939453
2024-01-19,17.81999969482422,18.010000228881836,17.18000030517578,17.399999618530273
2024-01-22,18.049999237060547,18.1299991607666,16.979999542236328,17.200000762939453
2024-01-23,17.270000457763672,17.3700008392334,16.229999542236328,16.549999237060547
2024-01-24,16.389999389648438,17.0,16.09000015258789,16.959999084472656
2024-01-25,17.110000610351562,17.420000076293945,15.859999656677246,17.260000228881836
2024-01-26,17.530000686645508,17.549999237060547,16.780000686645508,17.030000686645508
2024-01-29,17.729999542236328,17.739999771118164,17.15999984741211,17.389999389648438
2024-01-30,17.530000686645508,17.93000030517578,11.34000015258789,17.56999969482422
2024-01-31,17.579999923706055,18.40999984741211,17.389999389648438,18.25
2024-02-01,18.190000534057617,18.239999771118164,11.199999809265137,17.329999923706055
2024-02-02,17.670000076293945,17.799999237060547,17.110000610351562,17.219999313354492
2024-02-05,17.850000381469727,18.030000686645508,17.239999771118164,17.56999969482422
2024-02-06,17.610000610351562,17.8700008392334,17.040000915527344,17.309999465942383
2024-02-07,17.290000915527344,17.34000015258789,16.93000030517578,16.940000534057617
2024-02-08,17.290000915527344,17.299999237060547,11.829999923706056,16.959999084472656
2024-02-09,17.149999618530273,17.149999618530273,16.700000762939453,16.860000610351562
2024-02-12,17.59000015258789,18.96999931335449,17.459999084472656,18.09000015258789
2024-02-13,18.96999931335449,20.59000015258789,18.709999084472656,19.489999771118164
2024-02-14,18.84000015258789,19.1299991607666,18.100000381469727,18.26000022888184
2024-02-15,18.25,18.56999969482422,17.56999969482422,17.850000381469727
2024-02-16,18.190000534057617,18.63999938964844,17.899999618530273,18.600000381469727
2024-02-20,19.520000457763672,20.25,19.40999984741211,19.780000686645508
2024-02-21,20.14999961853028,20.209999084472656,19.530000686645508,19.600000381469727
2024-02-22,18.3700008392334,18.520000457763672,18.100000381469727,18.38999938964844
2024-02-23,18.270000457763672,18.40999984741211,17.700000762939453,17.700000762939453
2024-02-26,18.209999084472656,18.290000915527344,17.700000762939453,17.829999923706055
2024-02-27,17.850000381469727,18.010000228881836,17.239999771118164,17.579999923706055
2024-02-28,17.81999969482422,17.8799991607666,17.5,17.860000610351562
2024-02-29,17.479999542236328,17.799999237060547,16.1299991607666,17.209999084472656
2024-03-01,17.209999084472656,17.459999084472656,16.959999084472656,17.200000762939453
2024-03-04,17.6200008392334,17.639999389648438,17.31999969482422,17.600000381469727
2024-03-05,18.059999465942383,19.020000457763672,17.969999313354492,18.459999084472656
2024-03-06,17.989999771118164,18.71999931335449,17.979999542236328,18.540000915527344
2024-03-07,18.3799991607666,18.81999969482422,18.350000381469727,18.61000061035156
2024-03-08,18.38999938964844,19.63999938964844,18.229999542236328,19.040000915527344
2024-03-11,20.049999237060547,20.309999465942383,19.34000015258789,19.3700008392334
2024-03-12,18.89999961853028,19.18000030517578,7.119999885559082,18.1299991607666
2024-03-13,18.32999992370605,18.40999984741211,17.760000228881836,17.90999984741211
2024-03-14,17.93000030517578,18.940000534057617,17.93000030517578,18.61000061035156
2024-03-15,19.059999465942383,19.989999771118164,18.799999237060547,19.25
2024-03-18,19.63999938964844,19.850000381469727,19.229999542236328,19.39999961853028
2024-03-19,19.64999961853028,19.770000457763672,18.729999542236328,18.780000686645508
2024-03-20,19.100000381469727,19.15999984741211,15.359999656677246,17.549999237060547
2024-03-21,17.229999542236328,17.6299991607666,16.600000381469727,17.3799991607666
2024-03-22,17.469999313354492,17.479999542236328,16.850000381469727,17.040000915527344
2024-03-25,17.649999618530273,17.670000076293945,17.100000381469727,17.229999542236328
2024-03-26,17.329999923706055,17.329999923706055,16.780000686645508,17.100000381469727
2024-03-27,17.0,17.399999618530273,16.600000381469727,16.610000610351562
2024-03-28,16.790000915527344,16.889999389648438,16.489999771118164,16.65999984741211
2024-04-01,17.59000015258789,18.049999237060547,17.440000534057617,17.559999465942383
2024-04-02,18.489999771118164,18.979999542236328,18.059999465942383,18.18000030517578
2024-04-03,18.76000022888184,18.780000686645508,17.93000030517578,18.040000915527344
2024-04-04,17.739999771118164,20.100000381469727,17.6200008392334,19.950000762939453
2024-04-05,19.59000015258789,19.799999237060547,16.34000015258789,19.229999542236328
2024-04-08,19.450000762939453,19.76000022888184,18.770000457763672,18.770000457763672
2024-04-09,18.76000022888184,19.88999938964844,18.559999465942383,18.559999465942383
2024-04-10,19.25,19.5,17.239999771118164,18.989999771118164
2024-04-11,19.239999771118164,19.770000457763672,18.39999961853028,18.39999961853028
2024-04-12,19.780000686645508,21.6299991607666,19.34000015258789,20.38999938964844
2024-04-15,20.25,22.86000061035156,20.020000457763672,22.84000015258789
2024-04-16,22.88999938964844,23.209999084472656,21.38999938964844,22.01000022888184
2024-04-17,21.86000061035156,22.81999969482422,21.39999961853028,22.209999084472656
2024-04-18,21.729999542236328,22.36000061035156,20.88999938964844,21.63999938964844
2024-04-19,22.56999969482422,23.34000015258789,21.780000686645508,22.950000762939453
2024-04-22,22.239999771118164,22.32999992370605,20.89999961853028,21.11000061035156
2024-04-23,20.920000076293945,20.920000076293945,19.780000686645508,19.84000015258789
2024-04-24,20.270000457763672,20.65999984741211,20.06999969482422,20.43000030517578
2024-04-25,21.13999938964844,21.61000061035156,20.280000686645508,20.3700008392334
2024-04-26,19.950000762939453,20.01000022888184,19.190000534057617,19.32999992370605
2024-04-29,19.290000915527344,19.799999237060547,19.21999931335449,19.21999931335449
2024-04-30,19.459999084472656,20.229999542236328,18.43000030517578,18.43000030517578
2024-05-01,20.14999961853028,20.229999542236328,15.010000228881836,19.43000030517578
2024-05-02,19.270000457763672,20.01000022888184,18.6299991607666,18.729999542236328
2024-05-03,17.950000762939453,18.030000686645508,17.389999389648438,17.399999618530273
2024-05-06,17.850000381469727,17.889999389648438,17.399999618530273,17.420000076293945
2024-05-07,17.43000030517578,17.520000457763672,16.90999984741211,16.90999984741211
2024-05-08,17.280000686645508,17.290000915527344,16.690000534057617,16.799999237060547
2024-05-09,16.850000381469727,17.0,16.610000610351562,16.670000076293945
2024-05-10,16.799999237060547,16.8799991607666,16.3799991607666,16.459999084472656
2024-05-13,17.299999237060547,17.549999237060547,17.299999237060547,17.399999618530273
2024-05-14,17.56999969482422,17.639999389648438,16.959999084472656,17.290000915527344
2024-05-15,16.790000915527344,16.829999923706055,16.059999465942383,16.34000015258789
2024-05-16,16.329999923706055,16.440000534057617,15.899999618530272,16.260000228881836
2024-05-17,16.299999237060547,16.31999969482422,15.770000457763672,15.850000381469728
2024-05-20,16.270000457763672,16.31999969482422,15.920000076293944,15.920000076293944
2024-05-21,16.1299991607666,16.1299991607666,15.479999542236328,15.510000228881836
2024-05-22,15.869999885559082,16.690000534057617,15.210000038146973,16.399999618530273
2024-05-23,15.130000114440918,17.030000686645508,14.670000076293944,16.459999084472656
2024-05-24,16.219999313354492,16.280000686645508,15.479999542236328,15.65999984741211
2024-05-28,16.31999969482422,17.100000381469727,15.93000030517578,16.56999969482422
2024-05-29,17.610000610351562,17.809999465942383,16.860000610351562,17.489999771118164
2024-05-30,17.510000228881836,18.059999465942383,16.59000015258789,17.770000457763672
2024-05-31,17.309999465942383,18.59000015258789,16.100000381469727,16.700000762939453
2024-06-03,16.829999923706055,17.979999542236328,16.290000915527344,16.889999389648438
2024-06-04,17.25,17.549999237060547,16.780000686645508,16.860000610351562
2024-06-05,16.600000381469727,16.8700008392334,16.34000015258789,16.6299991607666
2024-06-06,16.579999923706055,16.75,16.399999618530273,16.43000030517578
2024-06-07,16.700000762939453,16.709999084472656,15.829999923706056,15.880000114440918
2024-06-10,16.579999923706055,16.59000015258789,15.850000381469728,16.0
2024-06-11,16.31999969482422,16.6299991607666,15.8100004196167,15.829999923706056
2024-06-12,15.470000267028809,15.470000267028809,6.480000019073486,13.59000015258789
2024-06-13,14.619999885559082,15.670000076293944,14.619999885559082,15.100000381469728
2024-06-14,15.93000030517578,16.219999313354492,15.399999618530272,16.049999237060547
2024-06-17,16.889999389648438,17.100000381469727,16.540000915527344,16.829999923706055
2024-06-18,16.940000534057617,17.229999542236328,16.399999618530273,16.700000762939453
2024-06-20,16.979999542236328,17.920000076293945,16.739999771118164,17.260000228881836
2024-06-21,17.530000686645508,17.6299991607666,16.59000015258789,16.950000762939453
2024-06-24,17.760000228881836,17.770000457763672,16.969999313354492,17.239999771118164
2024-06-25,17.200000762939453,17.219999313354492,16.639999389648438,16.700000762939453
2024-06-26,16.989999771118164,17.040000915527344,16.229999542236328,16.5
2024-06-27,16.520000457763672,16.6200008392334,16.25,16.290000915527344
2024-06-28,16.469999313354492,16.489999771118164,15.90999984741211,16.239999771118164
2024-07-01,16.959999084472656,17.309999465942383,16.059999465942383,16.079999923706055
2024-07-02,16.639999389648438,16.639999389648438,15.880000114440918,16.06999969482422
2024-07-03,16.299999237060547,16.420000076293945,15.890000343322754,16.280000686645508
2024-07-05,16.5,16.850000381469727,16.459999084472656,16.760000228881836
2024-07-08,17.34000015258789,17.40999984741211,16.850000381469727,17.030000686645508
2024-07-09,17.219999313354492,17.280000686645508,16.770000457763672,17.020000457763672
2024-07-10,17.06999969482422,17.34000015258789,16.920000076293945,17.280000686645508
2024-07-11,17.209999084472656,18.1299991607666,17.1299991607666,17.920000076293945
2024-07-12,17.93000030517578,17.93000030517578,17.15999984741211,17.260000228881836
2024-07-15,18.170000076293945,18.520000457763672,18.010000228881836,18.350000381469727
2024-07-16,18.39999961853028,18.63999938964844,18.25,18.350000381469727
2024-07-17,19.34000015258789,20.700000762939453,19.190000534057617,20.459999084472656
2024-07-18,20.239999771118164,21.739999771118164,19.920000076293945,21.26000022888184
2024-07-19,21.63999938964844,22.200000762939453,21.1299991607666,21.51000022888184
2024-07-22,21.25,21.26000022888184,19.88999938964844,19.96999931335449
2024-07-23,20.21999931335449,20.299999237060547,18.530000686645508,20.020000457763672
2024-07-24,20.68000030517578,23.299999237060547,20.63999938964844,23.059999465942383
2024-07-25,23.39999961853028,24.709999084472656,22.3700008392334,24.11000061035156
2024-07-26,23.420000076293945,23.459999084472656,22.170000076293945,22.40999984741211
2024-07-29,23.190000534057617,23.39999961853028,22.549999237060547,22.82999992370605
2024-07-30,22.90999984741211,24.57999992370605,22.690000534057617,23.940000534057617
2024-07-31,22.739999771118164,22.93000030517578,22.06999969482422,22.290000915527344
2024-08-01,22.290000915527344,25.559999465942383,21.600000381469727,24.709999084472656
2024-08-02,26.40999984741211,31.26000022888184,26.3799991607666,27.709999084472656
2024-08-05,27.709999084472656,40.119998931884766,21.82999992370605,35.099998474121094
2024-08-06,32.310001373291016,33.0099983215332,27.31999969482422,29.200000762939453
2024-08-07,26.88999938964844,29.540000915527344,26.14999961853028,29.020000457763672
2024-08-08,27.450000762939453,28.32999992370605,26.71999931335449,26.8799991607666
2024-08-09,27.489999771118164,27.670000076293945,24.86000061035156,24.940000534057617
2024-08-12,25.239999771118164,25.739999771118164,24.229999542236328,24.93000030517578
2024-08-13,24.489999771118164,24.520000457763672,23.229999542236328,23.26000022888184
2024-08-14,23.0,23.07999992370605,21.1299991607666,21.190000534057617
2024-08-15,20.56999969482422,20.65999984741211,19.88999938964844,20.280000686645508
2024-08-16,20.86000061035156,20.86000061035156,19.89999961853028,19.940000534057617
2024-08-19,21.209999084472656,21.229999542236328,19.76000022888184,19.93000030517578
2024-08-20,20.43000030517578,21.36000061035156,20.190000534057617,21.11000061035156
2024-08-21,21.56999969482422,22.190000534057617,21.170000076293945,21.21999931335449
2024-08-22,21.0,23.21999931335449,21.0,22.82999992370605
2024-08-23,22.06999969482422,22.46999931335449,20.89999961853028,21.11000061035156
2024-08-26,21.34000015258789,22.420000076293945,21.25,21.56999969482422
2024-08-27,22.01000022888184,22.31999969482422,20.84000015258789,20.90999984741211
2024-08-28,21.280000686645508,23.14999961853028,21.21999931335449,22.57999992370605
2024-08-29,20.799999237060547,21.309999465942383,19.790000915527344,20.57999992370605
2024-08-30,20.32999992370605,20.520000457763672,19.239999771118164,19.290000915527344
2024-09-03,21.059999465942383,24.68000030517578,20.989999771118164,23.59000015258789
2024-09-04,25.18000030517578,25.25,22.90999984741211,24.200000762939453
2024-09-05,24.11000061035156,24.64999961853028,22.6200008392334,23.540000915527344
2024-09-06,23.299999237060547,26.38999938964844,23.06999969482422,25.63999938964844
2024-09-09,24.850000381469727,25.1200008392334,23.729999542236328,23.920000076293945
2024-09-10,23.809999465942383,25.07999992370605,23.520000457763672,23.6200008392334
2024-09-11,23.36000061035156,25.239999771118164,22.07999992370605,22.15999984741211
2024-09-12,22.64999961853028,23.06999969482422,21.540000915527344,21.729999542236328
2024-09-13,22.049999237060547,22.06999969482422,21.0,21.280000686645508
2024-09-16,22.6299991607666,23.229999542236328,22.34000015258789,22.51000022888184
2024-09-17,22.3700008392334,23.32999992370605,22.1299991607666,22.690000534057617
2024-09-18,23.39999961853028,23.71999931335449,21.270000457763672,22.709999084472656
2024-09-19,20.809999465942383,21.64999961853028,20.780000686645508,21.09000015258789
2024-09-20,21.07999992370605,21.100000381469727,19.979999542236328,20.350000381469727
2024-09-23,20.59000015258789,20.65999984741211,19.459999084472656,19.540000915527344
2024-09-24,19.549999237060547,20.100000381469727,19.049999237060547,19.25
2024-09-25,19.51000022888184,19.520000457763672,19.06999969482422,19.06999969482422
2024-09-26,19.1299991607666,20.049999237060547,19.06999969482422,19.290000915527344
2024-09-27,19.36000061035156,20.059999465942383,19.11000061035156,20.040000915527344
2024-09-30,20.96999931335449,21.09000015258789,20.020000457763672,20.190000534057617
2024-10-01,20.5,23.020000457763672,20.489999771118164,21.670000076293945
2024-10-02,22.21999931335449,22.8799991607666,21.170000076293945,21.350000381469727
2024-10-03,22.34000015258789,23.1200008392334,21.61000061035156,22.479999542236328
2024-10-04,21.8799991607666,22.700000762939453,21.34000015258789,21.63999938964844
2024-10-07,23.690000534057617,24.81999969482422,23.270000457763672,24.34000015258789
2024-10-08,24.0,24.059999465942383,23.38999938964844,23.6200008392334
2024-10-09,23.88999938964844,23.93000030517578,23.209999084472656,23.420000076293945
2024-10-10,23.81999969482422,23.979999542236328,23.450000762939453,23.600000381469727
2024-10-11,24.020000457763672,24.020000457763672,23.030000686645508,23.290000915527344
2024-10-14,23.989999771118164,23.989999771118164,23.25,23.31999969482422
2024-10-15,23.479999542236328,24.850000381469727,23.229999542236328,24.540000915527344
2024-10-16,24.799999237060547,25.350000381469727,23.559999465942383,23.63999938964844
2024-10-17,23.270000457763672,23.89999961853028,22.61000061035156,22.850000381469727
2024-10-18,22.770000457763672,22.86000061035156,21.56999969482422,21.76000022888184
2024-10-21,22.440000534057617,22.82999992370605,21.959999084472656,21.959999084472656
2024-10-22,22.75,22.84000015258789,21.850000381469727,22.030000686645508
2024-10-23,22.43000030517578,24.059999465942383,22.25,22.920000076293945
2024-10-24,22.799999237060547,23.5,22.34000015258789,22.46999931335449
2024-10-25,22.040000915527344,23.530000686645508,21.780000686645508,23.239999771118164
2024-10-28,22.780000686645508,23.030000686645508,22.479999542236328,22.93000030517578
2024-10-29,23.190000534057617,23.59000015258789,22.290000915527344,22.440000534057617
2024-10-30,22.979999542236328,23.36000061035156,22.350000381469727,23.09000015258789
2024-10-31,23.989999771118164,25.14999961853028,23.780000686645508,24.86000061035156
2024-11-01,24.36000061035156,24.36000061035156,23.280000686645508,23.739999771118164
2024-11-04,24.520000457763672,24.950000762939453,23.690000534057617,23.8799991607666
2024-11-05,23.81999969482422,23.81999969482422,22.450000762939453,22.5
2024-11-06,19.06999969482422,19.93000030517578,18.739999771118164,18.86000061035156
2024-11-07,18.56999969482422,18.64999961853028,18.239999771118164,18.350000381469727
2024-11-08,18.309999465942383,18.3700008392334,17.649999618530273,17.8799991607666
2024-11-11,18.700000762939453,18.959999084472656,18.209999084472656,18.3700008392334
2024-11-12,18.690000534057617,18.690000534057617,18.11000061035156,18.1200008392334
2024-11-13,18.18000030517578,18.190000534057617,17.1299991607666,17.5
2024-11-14,17.670000076293945,17.799999237060547,16.979999542236328,17.700000762939453
2024-11-15,18.420000076293945,20.88999938964844,18.21999931335449,19.82999992370605
2024-11-18,20.790000915527344,20.850000381469727,19.5,19.770000457763672
2024-11-19,21.09000015258789,21.1299991607666,19.57999992370605,19.989999771118164
2024-11-20,20.420000076293945,22.38999938964844,20.309999465942383,20.850000381469727
2024-11-21,19.549999237060547,21.3700008392334,19.34000015258789,20.209999084472656
2024-11-22,19.979999542236328,20.049999237060547,18.540000915527344,18.56999969482422
2024-11-25,18.3799991607666,18.68000030517578,17.56999969482422,17.59000015258789
2024-11-26,17.559999465942383,17.559999465942383,16.719999313354492,16.799999237060547
2024-11-27,17.049999237060547,17.670000076293945,16.65999984741211,16.68000030517578
2024-11-29,16.84000015258789,16.940000534057617,16.06999969482422,16.06999969482422
2024-12-02,16.56999969482422,16.639999389648438,16.06999969482422,16.1200008392334
2024-12-03,16.469999313354492,16.5,15.619999885559082,15.760000228881836
2024-12-04,15.699999809265137,15.979999542236328,15.539999961853027,15.6899995803833
2024-12-05,15.789999961853027,15.789999961853027,15.479999542236328,15.6899995803833
2024-12-06,15.43000030517578,15.43000030517578,15.050000190734863,15.149999618530272
2024-12-09,15.989999771118164,16.600000381469727,15.81999969482422,16.549999237060547
2024-12-10,16.68000030517578,16.90999984741211,16.280000686645508,16.540000915527344
2024-12-11,16.1299991607666,16.31999969482422,15.729999542236328,15.880000114440918
2024-12-12,16.100000381469727,16.440000534057617,15.899999618530272,16.360000610351562
2024-12-13,16.100000381469727,16.700000762939453,15.829999923706056,16.610000610351562
2024-12-16,17.389999389648438,18.440000534057617,17.299999237060547,18.440000534057617
2024-12-17,18.76000022888184,19.56999969482422,18.309999465942383,19.440000534057617
2024-12-18,18.799999237060547,28.15999984741211,18.63999938964844,27.6299991607666
2024-12-19,23.670000076293945,26.34000015258789,22.979999542236328,26.32999992370605
2024-12-20,26.13999938964844,26.13999938964844,20.88999938964844,21.489999771118164
2024-12-23,20.989999771118164,21.8799991607666,19.030000686645508,19.030000686645508
2024-12-24,18.89999961853028,18.89999961853028,16.920000076293945,17.030000686645508
2024-12-26,17.920000076293945,18.36000061035156,17.239999771118164,17.530000686645508
2024-12-27,18.5,20.290000915527344,18.489999771118164,18.540000915527344
2024-12-30,20.31999969482422,20.82999992370605,19.059999465942383,19.790000915527344
2024-12-31,19.56999969482422,20.200000762939453,19.229999542236328,19.920000076293945
2025-01-02,20.07999992370605,21.51000022888184,19.86000061035156,20.5
2025-01-03,20.36000061035156,20.39999961853028,19.030000686645508,19.1200008392334
2025-01-06,19.420000076293945,19.65999984741211,19.0,19.0
2025-01-07,19.1299991607666,21.3799991607666,19.049999237060547,20.729999542236328
2025-01-08,21.61000061035156,22.06999969482422,20.46999931335449,20.690000534057617
2025-01-10,21.850000381469727,22.76000022888184,21.26000022888184,21.729999542236328
2025-01-13,23.36000061035156,23.450000762939453,21.739999771118164,21.799999237060547
2025-01-14,21.790000915527344,22.209999084472656,21.14999961853028,21.450000762939453
2025-01-15,20.190000534057617,20.190000534057617,19.1200008392334,19.290000915527344
2025-01-16,19.450000762939453,19.739999771118164,18.850000381469727,19.61000061035156
2025-01-17,18.950000762939453,19.26000022888184,18.68000030517578,18.959999084472656
2025-01-21,19.520000457763672,19.799999237060547,18.18000030517578,18.63999938964844
2025-01-22,18.670000076293945,18.71999931335449,18.34000015258789,18.68000030517578
2025-01-23,18.8700008392334,18.8700008392334,18.18000030517578,18.3799991607666
2025-01-24,18.5,18.68000030517578,18.07999992370605,18.21999931335449
2025-01-27,22.170000076293945,22.3799991607666,20.76000022888184,21.61000061035156
2025-01-28,21.3799991607666,21.8700008392334,20.15999984741211,20.309999465942383
2025-01-29,20.440000534057617,21.520000457763672,20.32999992370605,20.600000381469727
2025-01-30,19.82999992370605,20.34000015258789,19.15999984741211,19.799999237060547
2025-01-31,19.31999969482422,20.40999984741211,18.88999938964844,20.11000061035156
2025-02-03,22.229999542236328,22.780000686645508,20.790000915527344,21.280000686645508
2025-02-04,20.989999771118164,20.989999771118164,19.96999931335449,20.030000686645508
2025-02-05,20.049999237060547,20.309999465942383,19.170000076293945,19.18000030517578
2025-02-06,19.270000457763672,19.290000915527344,18.520000457763672,18.57999992370605
2025-02-07,18.21999931335449,19.549999237060547,18.030000686645508,19.18000030517578
2025-02-10,18.959999084472656,19.26000022888184,18.709999084472656,18.84000015258789
2025-02-11,19.14999961853028,19.15999984741211,18.559999465942383,18.770000457763672
2025-02-12,19.3799991607666,19.489999771118164,18.6200008392334,18.690000534057617
2025-02-13,18.809999465942383,19.09000015258789,18.31999969482422,18.40999984741211
2025-02-14,18.670000076293945,18.709999084472656,18.020000457763672,18.030000686645508
2025-02-18,19.729999542236328,20.07999992370605,18.780000686645508,19.229999542236328
2025-02-19,19.93000030517578,19.979999542236328,18.459999084472656,19.0
2025-02-20,19.06999969482422,20.13999938964844,18.729999542236328,18.89999961853028
2025-02-21,18.729999542236328,21.549999237060547,18.709999084472656,20.959999084472656
2025-02-24,20.71999931335449,22.520000457763672,20.18000030517578,21.459999084472656
2025-02-25,21.729999542236328,23.489999771118164,21.520000457763672,21.979999542236328
2025-02-26,22.09000015258789,22.790000915527344,20.81999969482422,21.940000534057617
2025-02-27,21.0,24.229999542236328,20.86000061035156,24.09000015258789
2025-02-28,24.489999771118164,25.049999237060547,22.3700008392334,22.65999984741211
2025-03-03,22.8799991607666,25.8700008392334,22.440000534057617,24.959999084472656
2025-03-04,26.479999542236328,27.46999931335449,24.06999969482422,25.21999931335449
2025-03-05,25.75,26.440000534057617,23.799999237060547,24.26000022888184
2025-03-06,25.520000457763672,26.709999084472656,24.88999938964844,26.229999542236328
2025-03-07,26.600000381469727,27.88999938964844,25.290000915527344,25.549999237060547
2025-03-10,27.780000686645508,29.5,27.690000534057617,28.84000015258789
2025-03-11,29.09000015258789,29.799999237060547,28.13999938964844,28.700000762939453
2025-03-12,27.6299991607666,28.31999969482422,26.51000022888184,26.81999969482422
2025-03-13,27.290000915527344,28.32999992370605,26.700000762939453,27.57999992370605
2025-03-14,27.940000534057617,27.940000534057617,25.489999771118164,25.790000915527344
2025-03-17,26.6299991607666,26.6299991607666,24.56999969482422,25.040000915527344
2025-03-18,25.850000381469727,26.959999084472656,25.59000015258789,25.850000381469727
2025-03-19,25.350000381469727,25.63999938964844,23.040000915527344,23.6200008392334
2025-03-20,24.76000022888184,24.799999237060547,22.82999992370605,23.3799991607666
2025-03-21,24.3700008392334,24.68000030517578,22.709999084472656,22.920000076293945
2025-03-24,22.57999992370605,22.57999992370605,21.200000762939453,21.270000457763672
2025-03-25,21.13999938964844,21.280000686645508,20.559999465942383,20.56999969482422
2025-03-26,20.82999992370605,22.739999771118164,20.600000381469727,22.040000915527344
2025-03-27,22.549999237060547,23.21999931335449,21.700000762939453,22.40999984741211
2025-03-28,23.11000061035156,25.39999961853028,22.90999984741211,25.059999465942383
2025-03-31,27.32999992370605,28.15999984741211,24.959999084472656,25.3700008392334
2025-04-01,26.030000686645508,26.739999771118164,24.76000022888184,24.799999237060547
2025-04-02,26.3799991607666,26.38999938964844,23.64999961853028,23.64999961853028
2025-04-03,28.18000030517578,30.57999992370605,27.57999992370605,30.56999969482422
2025-04-04,33.77000045776367,38.06999969482422,33.560001373291016,37.650001525878906
2025-04-07,38.400001525878906,40.04999923706055,33.43000030517578,38.63999938964844
2025-04-08,35.2599983215332,40.560001373291016,33.7599983215332,39.560001373291016
2025-04-09,50.81999969482422,52.16999816894531,26.959999084472656,34.79999923706055
2025-04-10,38.130001068115234,51.869998931884766,37.56999969482422,43.25
2025-04-11,45.459999084472656,47.52000045776367,39.06999969482422,39.95000076293945
2025-04-14,34.16999816894531,38.33000183105469,32.91999816894531,34.33000183105469
2025-04-15,33.439998626708984,33.5,31.459999084472656,32.709999084472656
2025-04-16,35.029998779296875,37.43000030517578,32.279998779296875,35.380001068115234
2025-04-17,34.2599983215332,35.27000045776367,32.810001373291016,32.83000183105469
2025-04-21,35.630001068115234,38.41999816894531,35.470001220703125,36.869998931884766
2025-04-22,35.2400016784668,35.630001068115234,33.650001525878906,33.97999954223633
2025-04-23,31.21999931335449,33.22999954223633,30.520000457763672,31.82999992370605
2025-04-24,31.299999237060547,31.34000015258789,29.799999237060547,29.959999084472656
2025-04-25,30.299999237060547,30.57999992370605,28.1299991607666,28.3700008392334
2025-04-28,28.920000076293945,30.34000015258789,28.190000534057617,28.540000915527344
2025-04-29,29.18000030517578,29.200000762939453,26.93000030517578,27.600000381469727
2025-04-30,29.82999992370605,31.420000076293945,22.549999237060547,27.799999237060547
2025-05-01,27.489999771118164,28.049999237060547,26.65999984741211,27.690000534057617
2025-05-02,26.11000061035156,26.51000022888184,25.520000457763672,25.729999542236328
2025-05-05,27.1299991607666,27.350000381469727,25.90999984741211,26.540000915527344
2025-05-06,27.729999542236328,27.86000061035156,26.530000686645508,27.11000061035156
2025-05-07,27.76000022888184,28.420000076293945,26.270000457763672,26.489999771118164
2025-05-08,25.959999084472656,26.68000030517578,25.09000015258789,25.96999931335449
2025-05-09,25.790000915527344,26.350000381469727,25.14999961853028,25.5
2025-05-12,23.64999961853028,23.68000030517578,22.040000915527344,22.280000686645508
2025-05-13,21.700000762939453,22.32999992370605,21.280000686645508,22.280000686645508
2025-05-14,22.450000762939453,22.88999938964844,22.26000022888184,22.65999984741211
2025-05-15,22.940000534057617,23.0,21.850000381469727,21.88999938964844
2025-05-16,21.81999969482422,21.82999992370605,21.0,21.200000762939453
2025-05-19,23.290000915527344,23.31999969482422,21.8799991607666,21.950000762939453
2025-05-20,22.100000381469727,22.600000381469727,21.549999237060547,22.06999969482422
2025-05-21,22.739999771118164,24.6200008392334,21.799999237060547,24.200000762939453
2025-05-22,24.239999771118164,24.61000061035156,22.799999237060547,23.6299991607666
2025-05-23,26.81999969482422,26.989999771118164,24.46999931335449,25.290000915527344
2025-05-27,23.86000061035156,24.34000015258789,22.309999465942383,22.31999969482422
2025-05-28,22.64999961853028,22.989999771118164,22.170000076293945,22.76000022888184
2025-05-29,21.770000457763672,22.950000762939453,21.520000457763672,21.799999237060547
2025-05-30,22.020000457763672,22.549999237060547,20.729999542236328,20.8700008392334
2025-06-02,20.32999992370605,20.5,19.43000030517578,19.43000030517578
2025-06-03,19.13999938964844,19.309999465942383,18.739999771118164,18.739999771118164
2025-06-04,18.950000762939453,19.26000022888184,18.81999969482422,19.01000022888184
2025-06-05,20.25,21.82999992370605,19.93000030517578,21.479999542236328
2025-06-06,20.6299991607666,20.6299991607666,19.739999771118164,19.809999465942383
2025-06-09,20.71999931335449,20.86000061035156,19.850000381469727,20.170000076293945
2025-06-10,20.049999237060547,20.559999465942383,19.61000061035156,19.81999969482422
2025-06-11,19.31999969482422,20.940000534057617,19.21999931335449,20.3799991607666
2025-06-12,20.86000061035156,21.170000076293945,20.299999237060547,20.690000534057617
2025-06-13,22.40999984741211,23.39999961853028,21.280000686645508,22.40999984741211
2025-06-16,21.600000381469727,21.600000381469727,20.63999938964844,21.09000015258789
2025-06-17,21.86000061035156,23.520000457763672,21.38999938964844,23.309999465942383
2025-06-18,22.950000762939453,23.350000381469727,21.46999931335449,22.13999938964844
2025-06-20,21.309999465942383,22.88999938964844,20.76000022888184,22.229999542236328
2025-06-23,22.530000686645508,23.40999984741211,21.100000381469727,21.14999961853028
2025-06-24,19.89999961853028,20.01000022888184,19.40999984741211,19.459999084472656
2025-06-25,19.190000534057617,19.57999992370605,18.93000030517578,19.0
2025-06-26,18.950000762939453,19.170000076293945,18.670000076293945,18.989999771118164
2025-06-27,18.850000381469727,19.64999961853028,18.790000915527344,18.88999938964844
2025-06-30,19.799999237060547,20.01000022888184,19.350000381469727,19.559999465942383
2025-07-01,20.11000061035156,20.14999961853028,19.540000915527344,19.8799991607666
2025-07-02,20.26000022888184,20.31999969482422,19.59000015258789,19.739999771118164
2025-07-03,19.26000022888184,19.770000457763672,19.229999542236328,19.46999931335449
2025-07-07,20.61000061035156,21.21999931335449,20.450000762939453,20.68000030517578
2025-07-08,20.13999938964844,20.26000022888184,19.36000061035156,19.530000686645508
2025-07-09,18.86000061035156,19.38999938964844,18.559999465942383,18.709999084472656
2025-07-10,18.729999542236328,19.32999992370605,18.6299991607666,18.76000022888184
2025-07-11,19.450000762939453,19.709999084472656,18.76000022888184,19.040000915527344
2025-07-14,19.86000061035156,20.26000022888184,19.6299991607666,19.780000686645508
2025-07-15,19.38999938964844,19.850000381469727,19.209999084472656,19.739999771118164
2025-07-16,19.5,21.540000915527344,19.190000534057617,19.540000915527344
2025-07-17,19.600000381469727,19.700000762939453,18.38999938964844,18.670000076293945
2025-07-18,18.670000076293945,19.14999961853028,18.34000015258789,18.61000061035156
2025-07-21,19.01000022888184,19.01000022888184,18.40999984741211,18.709999084472656
2025-07-22,18.8700008392334,19.780000686645508,18.690000534057617,18.950000762939453
2025-07-23,18.770000457763672,18.88999938964844,17.049999237060547,17.940000534057617
2025-07-24,17.739999771118164,17.93000030517578,17.520000457763672,17.719999313354492
2025-07-25,17.799999237060547,17.799999237060547,17.15999984741211,17.15999984741211
2025-07-28,17.540000915527344,17.780000686645508,17.260000228881836,17.270000457763672
2025-07-29,17.059999465942383,18.38999938964844,17.059999465942383,18.209999084472656
2025-07-30,18.32999992370605,19.39999961853028,17.270000457763672,17.31999969482422
2025-07-31,17.420000076293945,19.46999931335449,17.15999984741211,19.229999542236328
2025-08-01,20.790000915527344,22.96999931335449,20.59000015258789,21.540000915527344
2025-08-04,20.190000534057617,20.190000534057617,19.229999542236328,19.239999771118164
2025-08-05,19.6299991607666,20.520000457763672,19.170000076293945,19.8700008392334
2025-08-06,19.780000686645508,19.950000762939453,18.63999938964844,18.770000457763672
2025-08-07,18.3700008392334,19.65999984741211,18.270000457763672,18.81999969482422
2025-08-08,18.479999542236328,18.59000015258789,17.290000915527344,17.290000915527344
2025-08-11,17.860000610351562,18.350000381469727,17.6200008392334,18.170000076293945
2025-08-12,17.610000610351562,17.940000534057617,16.690000534057617,16.84000015258789
2025-08-13,16.520000457763672,17.049999237060547,16.489999771118164,16.729999542236328
2025-08-14,17.34000015258789,17.40999984741211,16.860000610351562,17.079999923706055
2025-08-15,17.270000457763672,17.56999969482422,16.899999618530273,17.5
2025-08-18,18.36000061035156,18.40999984741211,17.420000076293945,17.75
2025-08-19,17.860000610351562,19.600000381469727,17.81999969482422,19.38999938964844
2025-08-20,19.809999465942383,21.71999931335449,19.57999992370605,20.0
2025-08-21,20.850000381469727,21.459999084472656,20.059999465942383,20.549999237060547
2025-08-22,20.850000381469727,20.850000381469727,18.020000457763672,18.059999465942383
2025-08-25,18.809999465942383,19.020000457763672,17.829999923706055,18.420000076293945
2025-08-26,18.81999969482422,18.989999771118164,18.190000534057617,18.190000534057617
2025-08-27,18.71999931335449,19.06999969482422,18.489999771118164,18.690000534057617
2025-08-28,17.8700008392334,18.13999938964844,17.34000015258789,17.6200008392334
2025-08-29,18.06999969482422,19.440000534057617,17.90999984741211,19.11000061035156
2025-09-02,22.76000022888184,22.96999931335449,20.32999992370605,20.36000061035156
2025-09-03,20.40999984741211,20.520000457763672,19.6299991607666,19.690000534057617
2025-09-04,19.709999084472656,19.81999969482422,18.729999542236328,18.790000915527344
2025-09-05,18.270000457763672,20.18000030517578,18.200000762939453,18.440000534057617
2025-09-08,18.6200008392334,18.770000457763672,18.209999084472656,18.350000381469727
2025-09-09,18.600000381469727,19.020000457763672,18.09000015258789,18.21999931335449
2025-09-10,18.1200008392334,18.76000022888184,17.729999542236328,18.6200008392334
2025-09-11,18.229999542236328,18.530000686645508,17.93000030517578,18.229999542236328
2025-09-12,18.13999938964844,18.309999465942383,17.649999618530273,18.18000030517578
2025-09-15,18.540000915527344,19.299999237060547,18.5,19.1200008392334
2025-09-16,19.15999984741211,19.709999084472656,19.13999938964844,19.56999969482422
2025-09-17,19.600000381469727,20.420000076293945,18.57999992370605,19.020000457763672
2025-09-18,18.40999984741211,18.940000534057617,18.299999237060547,18.86000061035156
2025-09-19,18.709999084472656,19.25,18.549999237060547,18.739999771118164
2025-09-22,19.420000076293945,19.459999084472656,19.09000015258789,19.420000076293945
2025-09-23,19.5,20.530000686645508,19.43000030517578,20.1299991607666
2025-09-24,20.1200008392334,20.809999465942383,19.93000030517578,19.93000030517578
2025-09-25,20.950000762939453,21.540000915527344,20.06999969482422,20.540000915527344
2025-09-26,20.63999938964844,20.82999992370605,19.32999992370605,19.32999992370605
2025-09-29,20.07999992370605,20.11000061035156,19.75,19.8700008392334
2025-09-30,20.1299991607666,20.34000015258789,19.81999969482422,20.0
2025-10-01,20.479999542236328,20.63999938964844,19.709999084472656,19.8700008392334
2025-10-02,19.63999938964844,20.3799991607666,19.57999992370605,20.01000022888184
2025-10-03,20.030000686645508,20.670000076293945,19.729999542236328,20.07999992370605
2025-10-06,20.3799991607666,20.71999931335449,20.209999084472656,20.39999961853028
2025-10-07,20.3799991607666,21.440000534057617,20.32999992370605,20.81999969482422
2025-10-08,20.61000061035156,20.739999771118164,19.940000534057617,20.020000457763672
2025-10-09,20.07999992370605,20.89999961853028,19.979999542236328,20.040000915527344
2025-10-10,20.040000915527344,25.82999992370605,19.770000457763672,25.229999542236328
2025-10-13,23.989999771118164,24.280000686645508,22.540000915527344,22.799999237060547
2025-10-14,25.290000915527344,26.36000061035156,22.75,24.280000686645508
2025-10-15,23.049999237060547,25.84000015258789,22.600000381469727,24.420000076293945
2025-10-16,24.100000381469727,28.459999084472656,24.020000457763672,28.26000022888184
2025-10-17,27.770000457763672,28.459999084472656,24.959999084472656,24.96999931335449
2025-10-20,24.84000015258789,24.84000015258789,22.6299991607666,22.63999938964844
2025-10-21,23.15999984741211,23.440000534057617,21.75,22.59000015258789
2025-10-22,23.1299991607666,25.57999992370605,22.61000061035156,23.299999237060547
2025-10-23,23.46999931335449,23.540000915527344,21.489999771118164,21.71999931335449
2025-10-24,20.940000534057617,21.059999465942383,20.280000686645508,20.61000061035156
2025-10-27,20.030000686645508,20.6299991607666,20.01000022888184,20.5
2025-10-28,20.600000381469727,21.32999992370605,20.450000762939453,21.309999465942383
2025-10-29,21.530000686645508,22.489999771118164,21.520000457763672,21.76000022888184
2025-10-30,21.600000381469727,22.21999931335449,21.020000457763672,21.65999984741211
2025-10-31,20.8799991607666,22.809999465942383,20.82999992370605,21.989999771118164
2025-11-03,21.88999938964844,23.07999992370605,21.450000762939453,21.729999542236328
2025-11-04,23.450000762939453,23.799999237060547,22.239999771118164,23.299999237060547
2025-11-05,23.530000686645508,23.729999542236328,21.690000534057617,22.600000381469727
2025-11-06,22.920000076293945,25.059999465942383,22.76000022888184,24.63999938964844
2025-11-07,26.040000915527344,27.559999465942383,24.5,24.57999992370605
2025-11-10,23.39999961853028,23.459999084472656,22.520000457763672,22.6200008392334
2025-11-11,22.90999984741211,23.1200008392334,22.450000762939453,22.670000076293945
2025-11-12,22.729999542236328,23.959999084472656,22.670000076293945,23.059999465942383
2025-11-13,23.88999938964844,27.229999542236328,23.76000022888184,25.8799991607666
2025-11-14,28.979999542236328,29.75,25.36000061035156,26.14999961853028
2025-11-17,27.799999237060547,29.34000015258789,26.200000762939453,28.15999984741211
2025-11-18,29.82999992370605,32.130001068115234,29.040000915527344,30.51000022888184
2025-11-19,30.280000686645508,30.75,27.56999969482422,29.299999237060547
2025-11-20,24.6200008392334,33.459999084472656,24.239999771118164,32.720001220703125
2025-11-21,31.09000015258789,33.5099983215332,28.020000457763672,28.950000762939453
2025-11-24,28.280000686645508,28.280000686645508,25.440000534057617,25.56999969482422
2025-11-25,25.850000381469727,27.26000022888184,23.489999771118164,23.670000076293945
2025-11-26,22.93000030517578,23.21999931335449,22.020000457763672,22.26000022888184
2025-11-28,21.84000015258789,22.32999992370605,21.13999938964844,21.170000076293945
2025-12-01,22.670000076293945,22.8700008392334,21.530000686645508,22.059999465942383
2025-12-02,21.799999237060547,22.15999984741211,21.170000076293945,21.280000686645508
2025-12-03,21.979999542236328,22.049999237060547,20.520000457763672,20.64999961853028
2025-12-04,20.729999542236328,21.13999938964844,20.18000030517578,20.190000534057617
2025-12-05,19.8700008392334,20.40999984741211,19.549999237060547,19.6200008392334
2025-12-08,20.56999969482422,21.25,20.520000457763672,20.75
2025-12-09,21.229999542236328,21.38999938964844,20.450000762939453,20.76000022888184
2025-12-10,21.229999542236328,21.549999237060547,19.459999084472656,19.670000076293945
2025-12-11,20.40999984741211,20.940000534057617,18.39999961853028,18.39999961853028
2025-12-12,19.440000534057617,22.13999938964844,19.01000022888184,20.6200008392334
2025-12-15,20.530000686645508,22.11000061035156,20.3799991607666,20.709999084472656
2025-12-16,21.270000457763672,21.6200008392334,19.81999969482422,20.190000534057617
2025-12-17,20.040000915527344,22.450000762939453,19.82999992370605,21.780000686645508
2025-12-18,20.280000686645508,21.25,19.8799991607666,20.71999931335449
2025-12-19,19.76000022888184,19.790000915527344,18.51000022888184,18.520000457763672
2025-12-22,18.709999084472656,18.90999984741211,17.75,17.850000381469727
2025-12-23,17.899999618530273,18.049999237060547,17.09000015258789,17.469999313354492
2025-12-24,17.68000030517578,17.68000030517578,17.110000610351562,17.200000762939453
2025-12-26,17.860000610351562,18.13999938964844,17.290000915527344,17.3799991607666
2025-12-29,19.13999938964844,19.190000534057617,18.170000076293945,18.38999938964844
2025-12-30,18.790000915527344,19.0,18.270000457763672,18.950000762939453
2025-12-31,19.239999771118164,19.65999984741211,18.809999465942383,19.559999465942383
2026-01-02,19.030000686645508,20.86000061035156,18.950000762939453,19.75
2026-01-05,19.89999961853028,20.200000762939453,19.75,20.01000022888184
2026-01-06,19.989999771118164,20.11000061035156,19.440000534057617,19.530000686645508
2026-01-07,19.75,20.040000915527344,19.350000381469727,20.030000686645508
2026-01-08,20.420000076293945,20.770000457763672,20.0,20.14999961853028
2026-01-09,20.32999992370605,20.39999961853028,19.01000022888184,19.059999465942383
2026-01-12,20.450000762939453,20.450000762939453,19.299999237060547,19.530000686645508
2026-01-13,19.350000381469727,21.0,19.229999542236328,20.049999237060547
2026-01-14,21.170000076293945,22.709999084472656,20.780000686645508,20.959999084472656
2026-01-15,19.68000030517578,20.31999969482422,19.34000015258789,20.200000762939453
2026-01-16,19.299999237060547,20.90999984741211,19.299999237060547,20.290000915527344
2026-01-20,23.84000015258789,24.81999969482422,22.64999961853028,24.26000022888184
2026-01-21,23.43000030517578,23.959999084472656,20.489999771118164,21.190000534057617
2026-01-22,20.32999992370605,20.84000015258789,19.739999771118164,20.07999992370605
2026-01-23,20.31999969482422,20.6299991607666,19.530000686645508,20.3700008392334
2026-01-26,21.18000030517578,21.18000030517578,19.86000061035156,20.43000030517578
2026-01-27,20.190000534057617,20.59000015258789,19.90999984741211,20.549999237060547
2026-01-28,20.6299991607666,21.559999465942383,20.3700008392334,20.3700008392334
2026-01-29,21.07999992370605,24.559999465942383,20.959999084472656,21.440000534057617
2026-01-30,22.049999237060547,23.420000076293945,21.32999992370605,22.520000457763672
2026-02-02,23.26000022888184,23.32999992370605,20.850000381469727,21.229999542236328
2026-02-03,21.209999084472656,25.770000457763672,21.200000762939453,23.450000762939453
2026-02-04,24.25,28.26000022888184,23.809999465942383,26.01000022888184
2026-02-05,28.89999961853028,30.07999992370605,27.34000015258789,29.190000534057617
2026-02-06,27.739999771118164,27.770000457763672,23.82999992370605,24.299999237060547
2026-02-09,26.07999992370605,26.18000030517578,22.75,23.420000076293945
2026-02-10,23.540000915527344,23.959999084472656,22.6299991607666,23.459999084472656
2026-02-11,22.21999931335449,24.86000061035156,22.170000076293945,23.26000022888184
2026-02-12,22.940000534057617,27.520000457763672,22.6299991607666,26.8700008392334
2026-02-13,27.5,28.770000457763672,24.709999084472656,26.3700008392334
2026-02-17,27.940000534057617,28.989999771118164,25.38999938964844,25.979999542236328
2026-02-18,25.89999961853028,26.0,23.32999992370605,24.959999084472656
2026-02-19,25.739999771118164,26.39999961853028,24.950000762939453,25.63999938964844
2026-02-20,26.739999771118164,26.76000022888184,23.799999237060547,24.229999542236328
2026-02-23,25.25,27.63999938964844,25.13999938964844,26.36000061035156
2026-02-24,26.5,27.26000022888184,24.15999984741211,24.81999969482422
2026-02-25,23.989999771118164,23.989999771118164,22.920000076293945,22.940000534057617
2026-02-26,23.21999931335449,25.82999992370605,23.049999237060547,23.61000061035156
2026-02-27,25.799999237060547,26.420000076293945,24.239999771118164,24.520000457763672
2026-03-02,26.82999992370605,26.82999992370605,24.489999771118164,25.39999961853028
2026-03-03,25.39999961853028,31.46999931335449,25.39999961853028,27.51000022888184
2026-03-04,25.709999084472656,26.75,24.049999237060547,24.8700008392334
2026-03-05,25.82999992370605,28.690000534057617,24.65999984741211,26.0
2026-03-06,30.209999084472656,31.989999771118164,27.89999961853028,31.440000534057617
2026-03-09,32.88999938964844,33.81999969482422,27.21999931335449,27.690000534057617
2026-03-10,26.84000015258789,27.920000076293945,24.89999961853028,27.32999992370605
2026-03-11,26.57999992370605,27.950000762939453,26.059999465942383,26.81999969482422
2026-03-12,28.420000076293945,29.920000076293945,27.93000030517578,29.82999992370605
2026-03-13,28.540000915527344,30.559999465942383,27.31999969482422,29.8700008392334
2026-03-16,27.809999465942383,27.809999465942383,25.6200008392334,26.31999969482422
2026-03-17,25.459999084472656,25.57999992370605,24.299999237060547,24.65999984741211
2026-03-18,25.46999931335449,27.75,25.06999969482422,27.71999931335449
2026-03-19,29.84000015258789,29.989999771118164,26.36000061035156,26.89999961853028
2026-03-20,28.040000915527344,31.64999961853028,27.64999961853028,29.200000762939453
2026-03-23,27.450000762939453,29.01000022888184,25.799999237060547,27.979999542236328
2026-03-24,29.049999237060547,29.76000022888184,27.600000381469727,28.739999771118164
2026-03-25,27.239999771118164,28.59000015258789,26.729999542236328,27.64999961853028
2026-03-26,29.68000030517578,31.280000686645508,28.59000015258789,29.86000061035156
2026-03-27,31.88999938964844,33.849998474121094,31.25,33.540000915527344
2026-03-30,32.33000183105469,33.91999816894531,32.0099983215332,33.2599983215332
2026-03-31,30.90999984741211,30.959999084472656,28.020000457763672,28.239999771118164
2026-04-01,27.56999969482422,28.309999465942383,26.3700008392334,27.559999465942383
2026-04-02,30.25,30.790000915527344,26.920000076293945,27.040000915527344
2026-04-06,27.790000915527344,28.18000030517578,26.920000076293945,27.38999938964844
2026-04-07,28.540000915527344,30.979999542236328,28.43000030517578,28.43000030517578
2026-04-08,23.350000381469727,25.940000534057617,22.920000076293945,25.239999771118164
2026-04-09,25.049999237060547,25.239999771118164,23.239999771118164,23.5
2026-04-10,23.13999938964844,23.89999961853028,22.780000686645508,23.09000015258789
2026-04-13,24.32999992370605,24.46999931335449,22.1200008392334,22.190000534057617
2026-04-14,21.559999465942383,22.170000076293945,21.100000381469727,21.799999237060547
2026-04-15,21.440000534057617,22.39999961853028,21.26000022888184,22.25
2026-04-16,22.56999969482422,23.350000381469727,21.61000061035156,22.18000030517578
2026-04-17,21.809999465942383,22.270000457763672,21.34000015258789,21.56999969482422
2026-04-20,23.290000915527344,23.8799991607666,22.86000061035156,22.93000030517578
2026-04-21,23.64999961853028,25.190000534057617,23.100000381469727,23.799999237060547
2026-04-22,23.350000381469727,24.1200008392334,23.25,23.57999992370605
2026-04-23,24.39999961853028,25.809999465942383,23.270000457763672,23.31999969482422
2026-04-24,23.51000022888184,24.36000061035156,23.049999237060547,23.3799991607666
2026-04-27,24.1299991607666,24.39999961853028,23.040000915527344,23.07999992370605
2026-04-28,24.32999992370605,24.32999992370605,23.18000030517578,23.239999771118164
2026-04-29,23.979999542236328,24.18000030517578,22.89999961853028,23.76000022888184
2026-04-30,23.190000534057617,23.479999542236328,21.39999961853028,21.790000915527344
2026-05-01,21.64999961853028,22.350000381469727,20.96999931335449,21.920000076293945
2026-05-04,23.09000015258789,23.850000381469727,22.290000915527344,23.040000915527344
2026-05-05,22.479999542236328,23.43000030517578,22.299999237060547,22.459999084472656
2026-05-06,23.049999237060547,23.770000457763672,22.920000076293945,23.57999992370605
2026-05-07,23.61000061035156,23.950000762939453,22.809999465942383,23.14999961853028
2026-05-08,23.21999931335449,24.96999931335449,23.18000030517578,23.76000022888184
2026-05-11,24.979999542236328,25.209999084472656,24.440000534057617,24.739999771118164
2026-05-12,24.61000061035156,25.40999984741211,24.1200008392334,24.1299991607666
2026-05-13,24.690000534057617,25.21999931335449,24.280000686645508,24.59000015258789
2026-05-14,24.799999237060547,25.09000015258789,24.07999992370605,24.07999992370605
2026-05-15,25.850000381469727,25.8799991607666,24.729999542236328,25.32999992370605
2026-05-18,25.32999992370605,25.690000534057617,24.01000022888184,24.209999084472656
2026-05-19,24.6299991607666,25.07999992370605,23.959999084472656,24.09000015258789
2026-05-20,24.209999084472656,24.670000076293945,23.459999084472656,23.709999084472656
2026-05-21,23.75,23.799999237060547,22.690000534057617,22.739999771118164
2026-05-22,22.739999771118164,23.280000686645508,22.350000381469727,22.81999969482422
2026-05-26,23.209999084472656,24.209999084472656,23.209999084472656,23.89999961853028
2026-05-27,24.049999237060547,24.31999969482422,23.38999938964844,23.38999938964844
2026-05-28,23.440000534057617,23.56999969482422,22.709999084472656,22.920000076293945
2026-05-29,22.989999771118164,23.440000534057617,22.25,22.57999992370605
2026-06-01,23.739999771118164,23.88999938964844,23.18000030517578,23.18000030517578
2026-06-02,23.780000686645508,23.86000061035156,23.09000015258789,23.270000457763672
2026-06-03,23.790000915527344,24.440000534057617,23.56999969482422,23.84000015258789
2026-06-04,24.709999084472656,24.709999084472656,23.1200008392334,23.21999931335449
2026-06-05,24.049999237060547,30.850000381469727,23.790000915527344,30.46999931335449
2026-06-08,25.65999984741211,27.790000915527344,25.65999984741211,27.1200008392334
