level_id,level_date,side,level,touched_at,anchor
0,2018-01-02,upper,6529.134910517963,2018-01-03 04:06:00-05:00,5.75
1,2018-01-03,upper,6591.363648739487,2018-01-03 19:09:00-05:00,6.0
4,2018-01-08,upper,6700.852925468027,2018-01-09 08:26:00-05:00,5.75
5,2018-01-09,lower,6644.365418961772,2018-01-10 05:59:00-05:00,7.0
4,2018-01-08,lower,6629.772074531973,2018-01-10 10:02:00-05:00,35.5
5,2018-01-09,upper,6741.759581038228,2018-01-12 03:25:00-05:00,6.25
9,2018-01-15,upper,6809.770647884909,2018-01-16 05:23:00-05:00,11.0
12,2018-01-18,upper,6862.577746742863,2018-01-22 10:09:00-05:00,23.75
10,2018-01-16,upper,6869.187003432237,2018-01-22 10:12:00-05:00,23.75
15,2018-01-23,upper,6998.255469793344,2018-01-24 10:14:00-05:00,28.25
19,2018-01-29,lower,6956.366742923148,2018-01-29 22:52:00-05:00,5.5
18,2018-01-26,lower,6909.722612509674,2018-01-30 10:05:00-05:00,36.75
17,2018-01-25,lower,6880.975997086674,2018-02-02 04:21:00-05:00,32.75
20,2018-01-30,lower,6858.1542886397965,2018-02-02 05:14:00-05:00,31.0
22,2018-02-01,lower,6848.88704859149,2018-02-02 06:36:00-05:00,17.25
25,2018-02-06,upper,6684.944584107352,2018-02-07 10:08:00-05:00,44.75
27,2018-02-08,lower,6489.755992857791,2018-02-08 10:54:00-05:00,69.0
28,2018-02-09,upper,6513.528021066135,2018-02-12 09:44:00-05:00,33.25
30,2018-02-13,upper,6590.569710186437,2018-02-14 02:34:00-05:00,8.0
29,2018-02-12,upper,6601.510020156329,2018-02-14 02:41:00-05:00,8.0
34,2018-02-19,lower,6727.800168995409,2018-02-20 05:04:00-05:00,34.0
35,2018-02-20,lower,6674.644394150568,2018-03-02 08:01:00-05:00,44.5
32,2018-02-15,lower,6655.008211491266,2018-03-02 09:44:00-05:00,30.25
46,2018-03-07,upper,6945.66025015068,2018-03-08 02:11:00-05:00,11.0
42,2018-03-01,upper,6967.241668711537,2018-03-08 09:08:00-05:00,12.25
45,2018-03-06,upper,6989.60835460164,2018-03-08 20:24:00-05:00,14.75
41,2018-02-28,upper,7013.153575857334,2018-03-09 08:30:00-05:00,6.5
47,2018-03-08,upper,7017.325979440954,2018-03-09 08:30:00-05:00,6.5
40,2018-02-27,upper,7057.28680551017,2018-03-09 08:36:00-05:00,6.5
49,2018-03-12,upper,7211.202029295153,2018-03-13 09:42:00-04:00,34.0
51,2018-03-14,lower,7027.927462033644,2018-03-14 21:10:00-04:00,45.25
53,2018-03-16,lower,7019.536644549242,2018-03-18 20:59:00-04:00,8.75
48,2018-03-09,lower,6984.070799723797,2018-03-19 01:09:00-04:00,6.25
52,2018-03-15,lower,6994.530479370314,2018-03-19 01:09:00-04:00,6.25
55,2018-03-20,lower,6815.833165584705,2018-03-22 03:59:00-04:00,26.75
56,2018-03-21,lower,6818.242298500356,2018-03-22 03:59:00-04:00,26.75
46,2018-03-07,lower,6796.46474984932,2018-03-22 06:50:00-04:00,38.0
58,2018-03-23,upper,6796.0404081907745,2018-03-26 20:01:00-04:00,16.25
68,2018-04-09,upper,6618.015361193202,2018-04-09 22:42:00-04:00,70.5
69,2018-04-10,upper,6674.120573515432,2018-04-12 09:59:00-04:00,11.75
70,2018-04-11,upper,6690.253399853834,2018-04-12 10:22:00-04:00,47.25
71,2018-04-12,upper,6742.225463751627,2018-04-17 02:19:00-04:00,8.5
73,2018-04-16,upper,6747.283059462454,2018-04-17 06:13:00-04:00,11.25
72,2018-04-13,upper,6791.429923534902,2018-04-17 10:54:00-04:00,29.5
75,2018-04-18,lower,6754.992006121582,2018-04-20 03:30:00-04:00,14.25
76,2018-04-19,lower,6744.784812561076,2018-04-20 03:35:00-04:00,14.25
78,2018-04-23,lower,6615.554947578565,2018-04-24 10:24:00-04:00,48.0
80,2018-04-25,upper,6618.426920574853,2018-04-26 10:04:00-04:00,35.75
78,2018-04-23,upper,6767.945052421435,2018-04-27 08:47:00-04:00,15.25
86,2018-05-03,upper,6692.836225843241,2018-05-04 10:25:00-04:00,53.5
77,2018-04-20,upper,6828.16377343615,2018-05-07 00:30:00-04:00,8.5
92,2018-05-11,upper,7007.349699090812,2018-05-14 10:30:00-04:00,27.25
93,2018-05-14,lower,6928.543047509258,2018-05-15 08:39:00-04:00,21.0
92,2018-05-11,lower,6900.775300909188,2018-05-15 09:32:00-04:00,47.75
91,2018-05-10,lower,6870.515226696004,2018-05-15 09:55:00-04:00,47.75
95,2018-05-16,upper,6960.568010688974,2018-05-17 10:57:00-04:00,19.5
98,2018-05-21,lower,6878.121273342689,2018-05-22 21:51:00-04:00,10.25
99,2018-05-22,lower,6869.126676304564,2018-05-22 23:06:00-04:00,10.25
96,2018-05-17,lower,6862.149696078842,2018-05-23 03:24:00-04:00,12.0
95,2018-05-16,lower,6851.181989311026,2018-05-23 03:30:00-04:00,12.0
94,2018-05-15,lower,6829.859454475612,2018-05-23 05:42:00-04:00,18.0
97,2018-05-18,lower,6830.651133686588,2018-05-23 05:42:00-04:00,18.0
94,2018-05-15,upper,6971.765545524388,2018-05-24 03:19:00-04:00,16.5
96,2018-05-17,upper,6973.725303921158,2018-05-24 03:19:00-04:00,16.5
98,2018-05-21,upper,6988.503726657311,2018-05-24 21:33:00-04:00,11.75
99,2018-05-22,upper,7003.623323695436,2018-05-24 21:34:00-04:00,11.75
103,2018-05-28,lower,6935.904766379892,2018-05-29 02:47:00-04:00,12.75
102,2018-05-25,lower,6899.922722627305,2018-05-29 04:32:00-04:00,29.25
93,2018-05-14,upper,7036.581952490742,2018-06-01 09:55:00-04:00,21.75
106,2018-05-31,upper,7034.913711385827,2018-06-01 09:55:00-04:00,21.75
107,2018-06-01,upper,7092.43659505992,2018-06-03 20:18:00-04:00,15.5
108,2018-06-04,upper,7156.635231374005,2018-06-05 04:00:00-04:00,16.0
110,2018-06-06,upper,7231.326699234774,2018-06-07 02:32:00-04:00,3.25
110,2018-06-06,lower,7113.548300765226,2018-06-08 04:10:00-04:00,27.25
112,2018-06-08,upper,7194.487916844135,2018-06-11 09:46:00-04:00,11.0
114,2018-06-12,upper,7254.301705073458,2018-06-12 20:23:00-04:00,5.25
111,2018-06-07,upper,7269.677208812118,2018-06-13 10:20:00-04:00,15.0
115,2018-06-13,upper,7303.289655676041,2018-06-14 10:20:00-04:00,33.0
117,2018-06-15,lower,7214.541889345101,2018-06-18 09:34:00-04:00,15.0
116,2018-06-14,lower,7207.821104982877,2018-06-18 21:55:00-04:00,13.25
115,2018-06-13,lower,7199.085344323959,2018-06-18 22:11:00-04:00,30.75
118,2018-06-18,lower,7172.345652503716,2018-06-19 03:07:00-04:00,18.0
114,2018-06-12,lower,7161.698294926542,2018-06-19 10:30:00-04:00,45.75
119,2018-06-19,upper,7262.911183414944,2018-06-19 20:02:00-04:00,14.25
118,2018-06-18,upper,7287.904347496284,2018-06-20 08:54:00-04:00,10.25
116,2018-06-14,upper,7342.428895017123,2018-06-20 21:57:00-04:00,9.75
120,2018-06-20,upper,7343.719569612136,2018-06-20 21:57:00-04:00,9.75
120,2018-06-20,lower,7237.780430387864,2018-06-21 10:22:00-04:00,32.25
121,2018-06-21,lower,7198.555087663368,2018-06-22 10:34:00-04:00,54.5
122,2018-06-22,lower,7161.205449367277,2018-06-25 05:03:00-04:00,20.25
113,2018-06-11,lower,7127.38217917601,2018-06-25 09:39:00-04:00,15.0
119,2018-06-19,lower,7107.463816585056,2018-06-25 10:03:00-04:00,58.0
112,2018-06-08,lower,7092.637083155865,2018-06-25 10:12:00-04:00,58.0
126,2018-06-28,upper,7076.796525590399,2018-06-28 22:36:00-04:00,18.5
127,2018-06-29,lower,7021.939275551633,2018-07-02 02:24:00-04:00,24.25
127,2018-06-29,upper,7161.685724448367,2018-07-03 07:36:00-04:00,14.0
131,2018-07-05,upper,7154.980786813723,2018-07-06 01:32:00-04:00,37.5
124,2018-06-26,upper,7169.8256782714725,2018-07-06 10:12:00-04:00,39.25
123,2018-06-25,upper,7245.184324224052,2018-07-08 20:08:00-04:00,8.25
133,2018-07-09,upper,7333.438705783388,2018-07-09 20:54:00-04:00,7.0
135,2018-07-11,upper,7328.303579632185,2018-07-12 10:07:00-04:00,31.0
122,2018-06-22,upper,7339.794550632723,2018-07-12 10:28:00-04:00,31.0
121,2018-06-21,upper,7406.569912336632,2018-07-12 23:46:00-04:00,5.75
140,2018-07-18,lower,7346.6858821268015,2018-07-22 21:00:00-04:00,18.5
142,2018-07-20,lower,7339.022912419565,2018-07-22 21:42:00-04:00,18.5
141,2018-07-19,lower,7317.598652863049,2018-07-23 09:40:00-04:00,11.0
142,2018-07-20,upper,7438.102087580435,2018-07-23 19:52:00-04:00,10.5
137,2018-07-13,upper,7442.534348931817,2018-07-23 21:45:00-04:00,7.5
141,2018-07-19,upper,7443.276347136951,2018-07-23 21:45:00-04:00,7.5
138,2018-07-16,upper,7446.894584057618,2018-07-23 22:59:00-04:00,14.75
140,2018-07-18,upper,7478.0641178731985,2018-07-24 09:36:00-04:00,18.75
136,2018-07-12,lower,7226.908261951898,2018-07-30 09:44:00-04:00,20.5
139,2018-07-17,lower,7230.34528216633,2018-07-30 09:44:00-04:00,20.5
153,2018-08-06,upper,7459.432390640652,2018-08-06 23:02:00-04:00,5.5
146,2018-07-26,upper,7482.682503501307,2018-08-07 09:35:00-04:00,5.0
156,2018-08-09,lower,7424.720023865139,2018-08-10 06:04:00-04:00,21.0
154,2018-08-07,lower,7413.1515343948895,2018-08-10 10:04:00-04:00,28.75
157,2018-08-10,lower,7372.920652415312,2018-08-15 10:00:00-04:00,44.5
158,2018-08-13,lower,7371.422048658076,2018-08-15 10:00:00-04:00,44.5
159,2018-08-14,lower,7360.378719596196,2018-08-15 10:00:00-04:00,44.5
153,2018-08-06,lower,7345.192609359348,2018-08-15 10:05:00-04:00,44.5
152,2018-08-03,lower,7324.042209470524,2018-08-15 10:29:00-04:00,44.5
161,2018-08-16,lower,7360.173904777643,2018-08-17 08:08:00-04:00,10.25
164,2018-08-21,lower,7352.896833553673,2018-08-21 19:14:00-04:00,18.5
165,2018-08-22,upper,7452.447510363063,2018-08-23 09:42:00-04:00,7.25
163,2018-08-20,upper,7463.365513188715,2018-08-23 09:49:00-04:00,7.25
164,2018-08-21,upper,7463.978166446327,2018-08-23 09:49:00-04:00,7.25
161,2018-08-16,upper,7466.576095222357,2018-08-23 09:53:00-04:00,7.25
157,2018-08-10,upper,7480.329347584688,2018-08-24 10:35:00-04:00,19.0
160,2018-08-15,upper,7486.53136055269,2018-08-24 10:45:00-04:00,19.0
154,2018-08-07,upper,7522.8484656051105,2018-08-26 19:44:00-04:00,18.75
156,2018-08-09,upper,7534.904976134861,2018-08-27 09:30:00-04:00,8.25
168,2018-08-27,upper,7599.9516883498845,2018-08-28 22:28:00-04:00,5.25
169,2018-08-28,upper,7634.351839522623,2018-08-29 10:41:00-04:00,30.25
173,2018-09-03,lower,7633.061168833607,2018-09-04 07:41:00-04:00,14.5
171,2018-08-30,lower,7604.500703523443,2018-09-04 09:39:00-04:00,9.5
172,2018-08-31,lower,7588.051325303866,2018-09-04 09:42:00-04:00,9.5
174,2018-09-04,lower,7549.8898326392355,2018-09-05 10:01:00-04:00,69.5
169,2018-08-28,lower,7539.273160477377,2018-09-05 10:02:00-04:00,69.5
170,2018-08-29,lower,7542.660072927727,2018-09-05 10:02:00-04:00,69.5
168,2018-08-27,lower,7472.1733116501155,2018-09-06 10:12:00-04:00,55.25
175,2018-09-05,lower,7476.605387816969,2018-09-06 10:12:00-04:00,55.25
167,2018-08-24,lower,7401.824362995334,2018-09-07 09:00:00-04:00,40.25
179,2018-09-11,upper,7527.395003291416,2018-09-12 03:47:00-04:00,7.0
177,2018-09-07,upper,7527.9003965509155,2018-09-12 03:48:00-04:00,7.0
178,2018-09-10,upper,7547.622652900693,2018-09-13 09:32:00-04:00,20.5
180,2018-09-12,upper,7571.28304460421,2018-09-13 09:43:00-04:00,20.5
176,2018-09-06,upper,7612.28905045813,2018-09-14 02:25:00-04:00,10.5
181,2018-09-13,upper,7616.4399418532485,2018-09-14 02:28:00-04:00,10.5
182,2018-09-14,lower,7544.14004620946,2018-09-17 09:36:00-04:00,8.75
184,2018-09-18,upper,7584.795092564204,2018-09-20 09:43:00-04:00,21.5
183,2018-09-17,upper,7631.354115860666,2018-09-21 02:47:00-04:00,8.75
186,2018-09-20,lower,7499.12113621541,2018-09-24 09:31:00-04:00,9.25
187,2018-09-21,upper,7688.758399715875,2018-09-30 19:08:00-04:00,16.0
192,2018-09-28,upper,7692.848829541818,2018-09-30 19:24:00-04:00,16.0
175,2018-09-05,upper,7702.894612183031,2018-09-30 22:17:00-04:00,8.0
174,2018-09-04,upper,7704.8601673607645,2018-09-30 22:23:00-04:00,8.0
173,2018-09-03,upper,7709.313831166393,2018-09-30 22:32:00-04:00,8.0
191,2018-09-27,upper,7713.619433421061,2018-10-01 03:48:00-04:00,7.5
193,2018-10-01,lower,7641.621028945046,2018-10-02 04:46:00-04:00,15.25
195,2018-10-03,lower,7629.524241982807,2018-10-03 21:36:00-04:00,16.25
194,2018-10-02,lower,7588.947492919474,2018-10-04 09:40:00-04:00,19.0
192,2018-09-28,lower,7579.776170458182,2018-10-04 09:41:00-04:00,19.0
191,2018-09-27,lower,7560.755566578939,2018-10-04 10:20:00-04:00,56.25
190,2018-09-26,lower,7545.196349324198,2018-10-04 10:25:00-04:00,56.25
198,2018-10-08,lower,7286.224538054712,2018-10-10 09:50:00-04:00,23.5
199,2018-10-09,lower,7283.018140223528,2018-10-10 09:50:00-04:00,23.5
208,2018-10-22,lower,7032.3496815496055,2018-10-23 05:17:00-04:00,17.5
203,2018-10-15,lower,7000.761047057629,2018-10-23 09:30:00-04:00,20.5
211,2018-10-25,lower,6762.610909414232,2018-10-26 05:25:00-04:00,37.25
214,2018-10-30,upper,6889.683844244571,2018-10-31 04:37:00-04:00,21.25
215,2018-10-31,upper,7089.567462295751,2018-11-02 01:04:00-04:00,63.75
216,2018-11-01,upper,7104.642675752431,2018-11-02 02:06:00-04:00,36.0
217,2018-11-02,lower,6903.866612075746,2018-11-05 09:44:00-05:00,17.75
218,2018-11-05,upper,7081.0047610942565,2018-11-07 03:20:00-05:00,22.0
219,2018-11-06,upper,7094.245089541209,2018-11-07 03:45:00-05:00,22.0
221,2018-11-08,lower,7094.461029890275,2018-11-09 06:37:00-05:00,24.75
220,2018-11-07,lower,6976.819470200613,2018-11-12 09:32:00-05:00,41.75
215,2018-10-31,lower,6812.432537704249,2018-11-12 19:44:00-05:00,21.75
218,2018-11-05,lower,6806.8702389057435,2018-11-12 19:44:00-05:00,21.75
227,2018-11-16,lower,6729.6333303671845,2018-11-19 10:34:00-05:00,76.75
214,2018-10-30,lower,6537.816155755429,2018-11-20 08:40:00-05:00,54.25
229,2018-11-20,upper,6638.488855974993,2018-11-21 09:31:00-05:00,25.0
230,2018-11-21,lower,6499.389445867615,2018-11-23 08:43:00-05:00,17.5
231,2018-11-22,upper,6623.8814122187305,2018-11-26 03:15:00-05:00,24.25
232,2018-11-23,upper,6655.437697558632,2018-11-26 09:59:00-05:00,18.75
233,2018-11-26,upper,6735.842929241806,2018-11-28 01:10:00-05:00,7.0
242,2018-12-10,upper,6741.269055832232,2018-12-11 05:53:00-05:00,29.5
244,2018-12-12,lower,6708.373377780335,2018-12-13 20:03:00-05:00,32.75
245,2018-12-13,lower,6708.7658878650445,2018-12-13 20:03:00-05:00,32.75
234,2018-11-27,lower,6528.160513975401,2018-12-17 09:53:00-05:00,28.5
254,2018-12-27,upper,6340.354224240451,2018-12-27 23:30:00-05:00,18.0
256,2018-12-31,lower,6238.169923802291,2019-01-02 03:03:00-05:00,28.75
255,2018-12-28,lower,6185.839423975138,2019-01-02 03:22:00-05:00,28.75
250,2018-12-20,upper,6469.258199892534,2019-01-06 19:03:00-05:00,15.25
256,2018-12-31,upper,6465.205076197709,2019-01-06 19:03:00-05:00,15.25
265,2019-01-14,upper,6623.795237270195,2019-01-15 09:36:00-05:00,18.75
249,2018-12-19,upper,6661.077467806572,2019-01-15 10:00:00-05:00,79.25
263,2019-01-10,upper,6658.400453387424,2019-01-15 10:00:00-05:00,79.25
264,2019-01-11,upper,6668.516077014737,2019-01-15 10:02:00-05:00,79.25
247,2018-12-17,upper,6698.710922106751,2019-01-16 09:33:00-05:00,8.25
266,2019-01-15,upper,6720.912585668611,2019-01-16 09:46:00-05:00,8.25
267,2019-01-16,lower,6615.187968301361,2019-01-17 03:16:00-05:00,19.0
267,2019-01-16,upper,6785.562031698639,2019-01-18 09:28:00-05:00,12.75
273,2019-01-24,upper,6774.122767182309,2019-01-25 10:02:00-05:00,30.75
272,2019-01-23,upper,6782.178267459183,2019-01-25 10:09:00-05:00,30.75
274,2019-01-25,lower,6680.472121266195,2019-01-28 09:33:00-05:00,12.75
276,2019-01-29,lower,6621.250354668582,2019-01-29 10:57:00-05:00,43.5
282,2019-02-06,lower,6927.889636332791,2019-02-07 09:30:00-05:00,15.5
283,2019-02-07,upper,7011.94860488138,2019-02-12 10:58:00-05:00,34.5
286,2019-02-12,upper,7043.27827199871,2019-02-12 19:12:00-05:00,13.5
281,2019-02-05,upper,7058.524825242923,2019-02-13 01:18:00-05:00,8.25
287,2019-02-13,lower,6981.2659991287555,2019-02-14 09:31:00-05:00,58.0
288,2019-02-14,upper,7071.945814887033,2019-02-15 09:28:00-05:00,27.5
282,2019-02-06,upper,7103.860363667209,2019-02-20 10:40:00-05:00,21.75
290,2019-02-18,upper,7110.376430518732,2019-02-20 22:40:00-05:00,29.0
291,2019-02-19,upper,7111.280173650113,2019-02-20 22:40:00-05:00,29.0
290,2019-02-18,lower,7026.498569481268,2019-02-21 09:45:00-05:00,20.75
292,2019-02-20,lower,7028.562500307805,2019-02-21 09:45:00-05:00,20.75
292,2019-02-20,upper,7137.312499692195,2019-02-25 06:24:00-05:00,10.75
289,2019-02-15,upper,7144.790488080103,2019-02-25 08:47:00-05:00,8.25
295,2019-02-25,lower,7101.039941058964,2019-02-25 20:28:00-05:00,11.75
302,2019-03-06,lower,7097.747854027111,2019-03-06 19:05:00-05:00,12.5
301,2019-03-05,lower,7088.7027966258065,2019-03-07 02:04:00-05:00,5.0
296,2019-02-26,lower,7038.961093836613,2019-03-07 09:52:00-05:00,21.25
298,2019-02-28,lower,7039.805088038031,2019-03-07 09:52:00-05:00,21.25
289,2019-02-15,lower,6998.584511919897,2019-03-08 08:30:00-05:00,11.75
297,2019-02-27,lower,7001.408073618603,2019-03-08 08:30:00-05:00,11.75
303,2019-03-07,lower,6988.053107921589,2019-03-08 08:31:00-05:00,11.75
291,2019-02-19,lower,6981.344826349887,2019-03-08 09:00:00-05:00,35.0
306,2019-03-12,upper,7262.804382013026,2019-03-13 08:00:00-04:00,15.5
308,2019-03-14,upper,7332.254555376385,2019-03-15 09:56:00-04:00,17.5
309,2019-03-15,upper,7364.223578148492,2019-03-18 09:58:00-04:00,11.0
311,2019-03-19,lower,7337.82254636648,2019-03-24 20:24:00-04:00,10.0
312,2019-03-20,lower,7323.372814727505,2019-03-24 20:36:00-04:00,10.0
313,2019-03-21,lower,7320.096737468441,2019-03-24 20:37:00-04:00,10.0
315,2019-03-25,upper,7433.512851730817,2019-03-26 09:57:00-04:00,16.0
317,2019-03-27,upper,7455.804037375222,2019-03-31 19:05:00-04:00,26.0
321,2019-04-02,upper,7556.688231456711,2019-04-02 21:45:00-04:00,41.5
314,2019-03-22,upper,7571.935485980624,2019-04-03 03:32:00-04:00,6.25
326,2019-04-09,upper,7658.0460071098805,2019-04-10 19:42:00-04:00,6.75
327,2019-04-10,upper,7657.600879389686,2019-04-10 19:42:00-04:00,6.75
329,2019-04-12,lower,7599.4532325090695,2019-04-15 10:43:00-04:00,19.5
328,2019-04-11,upper,7699.333072790703,2019-04-16 21:59:00-04:00,16.25
330,2019-04-15,upper,7708.943373859822,2019-04-17 08:03:00-04:00,8.75
331,2019-04-16,upper,7730.394273932708,2019-04-17 09:23:00-04:00,17.25
333,2019-04-18,upper,7772.171559230863,2019-04-23 09:44:00-04:00,9.5
332,2019-04-17,upper,7789.432332547307,2019-04-23 10:04:00-04:00,45.0
336,2019-04-24,lower,7773.931429214922,2019-04-26 09:43:00-04:00,38.5
339,2019-04-29,lower,7787.768622292595,2019-04-29 21:00:00-04:00,9.75
328,2019-04-11,lower,7578.916927209297,2019-05-09 02:52:00-04:00,22.75
330,2019-04-15,lower,7575.056626140178,2019-05-09 02:52:00-04:00,22.75
327,2019-04-10,lower,7553.774120610314,2019-05-09 08:49:00-04:00,18.25
346,2019-05-08,lower,7531.209619502675,2019-05-09 09:43:00-04:00,30.75
347,2019-05-09,upper,7651.573096473161,2019-05-09 20:24:00-04:00,28.25
347,2019-05-09,lower,7422.426903526839,2019-05-13 08:14:00-04:00,35.25
350,2019-05-14,upper,7481.289402916763,2019-05-15 10:42:00-04:00,58.25
353,2019-05-17,lower,7446.417643630048,2019-05-20 06:14:00-04:00,20.0
352,2019-05-16,lower,7420.153305477888,2019-05-20 06:26:00-04:00,20.0
355,2019-05-21,lower,7371.647120555797,2019-05-23 02:07:00-04:00,13.75
356,2019-05-22,lower,7352.542250373677,2019-05-23 03:10:00-04:00,24.5
354,2019-05-20,lower,7312.929449834561,2019-05-23 09:45:00-04:00,25.5
359,2019-05-27,upper,7364.662584484247,2019-05-28 09:39:00-04:00,23.5
358,2019-05-24,lower,7278.526693405793,2019-05-28 20:09:00-04:00,14.0
351,2019-05-15,lower,7258.772250513976,2019-05-28 20:12:00-04:00,14.0
357,2019-05-23,lower,7259.372346804601,2019-05-28 20:12:00-04:00,14.0
359,2019-05-27,lower,7264.587415515753,2019-05-28 20:12:00-04:00,14.0
360,2019-05-28,lower,7260.096672759144,2019-05-28 20:12:00-04:00,14.0
362,2019-05-30,lower,7176.495656589786,2019-05-31 03:05:00-04:00,15.75
361,2019-05-29,lower,7155.648976688797,2019-05-31 03:53:00-04:00,15.75
364,2019-06-03,upper,7224.946166549782,2019-06-05 05:27:00-04:00,13.25
363,2019-05-31,upper,7232.539676526665,2019-06-05 05:31:00-04:00,13.25
367,2019-06-06,upper,7306.2149127648445,2019-06-07 04:08:00-04:00,15.25
362,2019-05-30,upper,7318.629343410214,2019-06-07 06:53:00-04:00,8.75
361,2019-05-29,upper,7320.976023311203,2019-06-07 06:59:00-04:00,8.75
366,2019-06-05,upper,7325.629743750348,2019-06-07 08:50:00-04:00,12.25
357,2019-05-23,upper,7409.752653195399,2019-06-07 10:34:00-04:00,71.25
360,2019-05-28,upper,7417.403327240856,2019-06-07 10:40:00-04:00,71.25
358,2019-05-24,upper,7436.098306594207,2019-06-07 10:57:00-04:00,71.25
354,2019-05-20,upper,7490.945550165439,2019-06-10 09:33:00-04:00,15.5
356,2019-05-22,upper,7514.957749626323,2019-06-10 09:42:00-04:00,15.5
355,2019-05-21,upper,7524.477879444203,2019-06-10 10:06:00-04:00,58.25
369,2019-06-10,upper,7584.364849485702,2019-06-11 08:35:00-04:00,10.75
373,2019-06-14,upper,7560.9113085016415,2019-06-17 09:53:00-04:00,17.25
371,2019-06-12,upper,7570.924729812347,2019-06-17 09:55:00-04:00,17.25
372,2019-06-13,upper,7584.937138920871,2019-06-18 04:18:00-04:00,25.75
374,2019-06-17,upper,7620.4344029936965,2019-06-18 06:40:00-04:00,10.25
370,2019-06-11,upper,7662.43816592718,2019-06-18 09:40:00-04:00,13.5
376,2019-06-19,upper,7748.238854969065,2019-06-19 21:09:00-04:00,15.0
375,2019-06-18,upper,7765.55530926014,2019-06-19 23:49:00-04:00,16.5
379,2019-06-24,lower,7702.584942229007,2019-06-25 10:22:00-04:00,43.25
378,2019-06-21,lower,7687.89774341991,2019-06-25 10:50:00-04:00,43.25
379,2019-06-24,upper,7829.290057770993,2019-07-01 03:03:00-04:00,13.75
385,2019-07-02,upper,7845.729041524407,2019-07-03 03:15:00-04:00,7.25
377,2019-06-20,upper,7864.7414727131645,2019-07-03 04:55:00-04:00,24.75
387,2019-07-04,lower,7857.780845939943,2019-07-05 08:30:00-04:00,10.75
386,2019-07-03,lower,7791.326459544721,2019-07-08 09:37:00-04:00,9.25
388,2019-07-05,lower,7762.717990386845,2019-07-08 23:23:00-04:00,12.0
384,2019-07-01,lower,7751.393282055672,2019-07-09 03:43:00-04:00,17.5
389,2019-07-08,upper,7873.192209136437,2019-07-10 08:33:00-04:00,10.75
388,2019-07-05,upper,7888.532009613155,2019-07-10 08:36:00-04:00,10.75
384,2019-07-01,upper,7913.106717944328,2019-07-10 09:32:00-04:00,84.75
387,2019-07-04,upper,7937.219154060057,2019-07-10 09:48:00-04:00,84.75
392,2019-07-11,upper,7994.358280096334,2019-07-15 19:54:00-04:00,5.25
399,2019-07-22,upper,7959.990078487765,2019-07-23 08:08:00-04:00,10.25
403,2019-07-26,lower,7941.555932796677,2019-07-30 07:31:00-04:00,13.75
389,2019-07-08,lower,7742.182790863563,2019-08-02 03:50:00-04:00,17.75
390,2019-07-09,lower,7705.005158577311,2019-08-02 10:08:00-04:00,85.0
408,2019-08-02,lower,7636.544656962058,2019-08-04 21:35:00-04:00,19.75
411,2019-08-07,upper,7582.281783028347,2019-08-07 21:24:00-04:00,20.0
409,2019-08-05,upper,7617.434691441897,2019-08-08 09:05:00-04:00,21.75
410,2019-08-06,upper,7614.288242813922,2019-08-08 09:05:00-04:00,21.75
414,2019-08-12,lower,7521.640114106753,2019-08-13 05:30:00-04:00,27.25
414,2019-08-12,upper,7694.484885893247,2019-08-13 09:46:00-04:00,25.5
417,2019-08-15,upper,7624.934694968692,2019-08-16 10:59:00-04:00,37.0
418,2019-08-16,upper,7664.75497912878,2019-08-19 01:18:00-04:00,7.5
416,2019-08-14,upper,7698.231790929952,2019-08-19 03:03:00-04:00,29.5
421,2019-08-21,lower,7670.164265236528,2019-08-22 10:35:00-04:00,24.0
422,2019-08-22,lower,7648.5269320504385,2019-08-23 08:25:00-04:00,17.5
419,2019-08-19,lower,7631.648645621291,2019-08-23 09:50:00-04:00,101.5
420,2019-08-20,lower,7631.558906683257,2019-08-23 09:50:00-04:00,101.5
424,2019-08-26,upper,7642.508695258361,2019-08-27 09:06:00-04:00,35.0
426,2019-08-28,upper,7646.212089161028,2019-08-29 03:13:00-04:00,10.75
425,2019-08-27,upper,7713.9752591962115,2019-08-29 09:33:00-04:00,13.0
423,2019-08-23,upper,7762.221632104627,2019-08-30 05:30:00-04:00,22.75
429,2019-09-02,upper,7734.292320353883,2019-09-04 20:04:00-04:00,7.0
430,2019-09-03,upper,7749.207958554301,2019-09-04 21:02:00-04:00,27.25
431,2019-09-04,upper,7770.337546044502,2019-09-04 21:29:00-04:00,27.25
427,2019-08-29,upper,7781.590202994903,2019-09-04 21:30:00-04:00,27.25
420,2019-08-20,upper,7785.691093316743,2019-09-04 21:31:00-04:00,27.25
413,2019-08-09,upper,7793.271226938899,2019-09-04 21:37:00-04:00,27.25
419,2019-08-19,upper,7805.101354378709,2019-09-04 21:51:00-04:00,27.25
421,2019-08-21,upper,7820.460734763472,2019-09-04 21:59:00-04:00,27.25
428,2019-08-30,upper,7824.208333687415,2019-09-04 22:00:00-04:00,88.25
422,2019-08-22,upper,7843.3480679495615,2019-09-05 09:52:00-04:00,16.25
415,2019-08-13,upper,7854.386960178828,2019-09-05 10:00:00-04:00,44.0
433,2019-09-06,lower,7792.904046735641,2019-09-10 03:41:00-04:00,14.75
435,2019-09-10,upper,7870.113220323607,2019-09-11 10:33:00-04:00,42.0
436,2019-09-11,upper,7921.3221564805135,2019-09-11 19:22:00-04:00,8.25
432,2019-09-05,upper,7938.40261158739,2019-09-11 19:25:00-04:00,8.25
433,2019-09-06,upper,7939.595953264359,2019-09-11 19:25:00-04:00,8.25
434,2019-09-09,upper,7944.259560974863,2019-09-11 19:25:00-04:00,8.25
439,2019-09-16,upper,7939.129790605412,2019-09-19 09:32:00-04:00,39.25
440,2019-09-17,upper,7944.690188223614,2019-09-19 09:32:00-04:00,39.25
441,2019-09-18,upper,7954.424124244044,2019-09-19 09:36:00-04:00,39.25
444,2019-09-23,upper,7904.190003267094,2019-09-23 19:02:00-04:00,8.5
435,2019-09-10,lower,7698.761779676393,2019-09-25 04:49:00-04:00,30.5
449,2019-09-30,upper,7806.146137609452,2019-09-30 21:02:00-04:00,25.25
450,2019-10-01,lower,7689.38138584795,2019-10-02 03:10:00-04:00,17.0
449,2019-09-30,lower,7648.353862390548,2019-10-02 04:44:00-04:00,51.5
446,2019-09-25,lower,7610.409579793959,2019-10-02 09:38:00-04:00,25.0
431,2019-09-04,lower,7600.412453955498,2019-10-02 09:53:00-04:00,25.0
452,2019-10-03,upper,7686.64445205237,2019-10-04 08:31:00-04:00,15.75
454,2019-10-07,lower,7665.2128056712345,2019-10-08 09:39:00-04:00,19.0
456,2019-10-09,upper,7763.794102950359,2019-10-10 10:54:00-04:00,75.5
455,2019-10-08,upper,7773.449807936275,2019-10-10 10:57:00-04:00,75.5
454,2019-10-07,upper,7817.0371943287655,2019-10-11 04:10:00-04:00,18.75
457,2019-10-10,upper,7816.801037077112,2019-10-11 04:10:00-04:00,18.75
447,2019-09-26,upper,7884.881813648036,2019-10-11 09:49:00-04:00,12.5
448,2019-09-27,upper,7885.897479540845,2019-10-11 09:49:00-04:00,12.5
459,2019-10-14,upper,7922.282429616186,2019-10-15 10:27:00-04:00,30.75
458,2019-10-11,upper,7943.843644046412,2019-10-15 10:40:00-04:00,30.75
445,2019-09-24,upper,7950.682805928566,2019-10-15 10:56:00-04:00,30.75
460,2019-10-15,upper,7971.955612648202,2019-10-17 05:31:00-04:00,18.75
443,2019-09-20,upper,7986.951446281968,2019-10-17 05:34:00-04:00,18.75
461,2019-10-16,upper,7985.241452461576,2019-10-17 05:34:00-04:00,18.75
462,2019-10-17,lower,7912.521825537877,2019-10-18 10:35:00-04:00,23.5
464,2019-10-21,upper,7986.401104246743,2019-10-22 09:34:00-04:00,10.25
466,2019-10-23,upper,7934.28716641723,2019-10-24 03:15:00-04:00,14.0
463,2019-10-18,upper,8007.758089508419,2019-10-25 10:50:00-04:00,46.25
470,2019-10-29,lower,8030.131719428886,2019-10-30 10:03:00-04:00,35.25
469,2019-10-28,lower,8021.348177926654,2019-10-30 10:04:00-04:00,35.25
469,2019-10-28,upper,8143.651822073346,2019-11-01 09:54:00-04:00,35.5
472,2019-10-31,upper,8184.4999706264025,2019-11-03 21:37:00-05:00,10.25
473,2019-11-01,upper,8206.423598005367,2019-11-04 05:02:00-05:00,11.25
476,2019-11-06,upper,8264.95911284065,2019-11-07 10:16:00-05:00,27.0
479,2019-11-11,upper,8281.578124415639,2019-11-12 10:19:00-05:00,21.75
478,2019-11-08,upper,8282.358070710947,2019-11-12 10:20:00-05:00,21.75
475,2019-11-05,upper,8288.247810213234,2019-11-12 10:37:00-05:00,21.75
482,2019-11-14,upper,8303.323514829619,2019-11-14 20:15:00-05:00,34.5
477,2019-11-07,upper,8306.876726080602,2019-11-14 21:56:00-05:00,10.75
481,2019-11-13,upper,8308.599787545481,2019-11-15 08:48:00-05:00,11.75
480,2019-11-12,upper,8325.258197873129,2019-11-18 02:16:00-05:00,5.0
483,2019-11-15,upper,8366.008839006541,2019-11-18 02:17:00-05:00,5.0
484,2019-11-18,upper,8363.69098040014,2019-11-19 03:23:00-05:00,6.25
485,2019-11-19,lower,8296.92587972569,2019-11-20 03:54:00-05:00,24.75
487,2019-11-21,upper,8337.282692203938,2019-11-25 09:34:00-05:00,14.5
488,2019-11-22,upper,8354.591379426907,2019-11-25 10:06:00-05:00,42.5
485,2019-11-19,upper,8414.82412027431,2019-11-25 20:46:00-05:00,21.25
489,2019-11-25,upper,8400.926662617732,2019-11-25 20:46:00-05:00,21.25
492,2019-11-28,lower,8403.609446385071,2019-12-02 09:30:00-05:00,19.75
493,2019-11-29,lower,8382.432578571777,2019-12-02 09:38:00-05:00,19.75
491,2019-11-27,lower,8363.173461706589,2019-12-02 09:40:00-05:00,19.75
490,2019-11-26,lower,8329.121331876755,2019-12-02 10:00:00-05:00,78.5
494,2019-12-02,lower,8261.172082087238,2019-12-03 07:45:00-05:00,21.0
489,2019-11-25,lower,8249.698337382268,2019-12-03 08:11:00-05:00,40.5
487,2019-11-21,lower,8216.717307796062,2019-12-03 09:04:00-05:00,40.0
488,2019-11-22,lower,8214.408620573093,2019-12-03 09:06:00-05:00,40.0
480,2019-11-12,lower,8199.616802126871,2019-12-03 09:30:00-05:00,40.0
481,2019-11-13,lower,8188.025212454519,2019-12-03 09:31:00-05:00,40.0
482,2019-11-14,lower,8189.676485170381,2019-12-03 09:31:00-05:00,40.0
477,2019-11-07,lower,8184.373273919398,2019-12-03 09:48:00-05:00,40.0
495,2019-12-03,upper,8288.801957918473,2019-12-04 04:07:00-05:00,27.25
496,2019-12-04,upper,8372.8689328482,2019-12-06 08:41:00-05:00,13.5
499,2019-12-09,lower,8329.83248049312,2019-12-10 03:52:00-05:00,6.0
498,2019-12-06,lower,8313.651757845686,2019-12-10 06:27:00-05:00,14.75
498,2019-12-06,upper,8437.348242154314,2019-12-12 09:38:00-05:00,22.0
501,2019-12-11,upper,8446.178824150378,2019-12-12 09:38:00-05:00,22.0
491,2019-11-27,upper,8462.576538293411,2019-12-12 09:39:00-05:00,22.0
500,2019-12-10,upper,8453.677172524822,2019-12-12 09:39:00-05:00,22.0
499,2019-12-09,upper,8465.79251950688,2019-12-12 10:00:00-05:00,83.75
492,2019-11-28,upper,8478.390553614929,2019-12-12 10:01:00-05:00,83.75
493,2019-11-29,upper,8478.067421428223,2019-12-12 10:01:00-05:00,83.75
502,2019-12-12,upper,8544.400039693046,2019-12-13 05:31:00-05:00,9.0
503,2019-12-13,upper,8594.903059526845,2019-12-16 09:45:00-05:00,9.5
508,2019-12-20,upper,8756.55477276877,2019-12-26 09:45:00-05:00,12.75
512,2019-12-27,lower,8742.97249466529,2019-12-30 09:38:00-05:00,13.25
514,2020-01-02,lower,8743.715344071625,2020-01-03 05:56:00-05:00,33.5
515,2020-01-03,upper,8881.00840595395,2020-01-06 21:23:00-05:00,14.0
515,2020-01-03,lower,8696.61659404605,2020-01-07 19:32:00-05:00,120.25
509,2019-12-23,lower,8685.372862250453,2020-01-07 19:38:00-05:00,120.25
511,2019-12-26,lower,8689.775988051686,2020-01-07 19:38:00-05:00,120.25
524,2020-01-16,upper,9163.275526241003,2020-01-17 04:51:00-05:00,17.75
526,2020-01-20,lower,9121.972242453598,2020-01-20 21:35:00-05:00,39.75
526,2020-01-20,upper,9212.777757546402,2020-01-21 21:51:00-05:00,11.5
527,2020-01-21,upper,9221.951137059525,2020-01-21 21:51:00-05:00,11.5
525,2020-01-17,upper,9236.007077102986,2020-01-22 01:06:00-05:00,7.5
528,2020-01-22,lower,9157.475099792833,2020-01-23 09:35:00-05:00,17.75
529,2020-01-23,upper,9274.55896358009,2020-01-24 03:07:00-05:00,7.0
523,2020-01-15,lower,8991.946156459002,2020-01-27 05:03:00-05:00,48.0
522,2020-01-14,lower,8990.4850459068,2020-01-27 05:12:00-05:00,48.0
520,2020-01-10,lower,8961.298613170124,2020-01-27 05:21:00-05:00,48.0
521,2020-01-13,lower,8950.865943718176,2020-01-27 06:00:00-05:00,47.75
519,2020-01-09,lower,8937.7482854863,2020-01-27 09:30:00-05:00,21.25
531,2020-01-27,upper,9053.02925865888,2020-01-28 10:25:00-05:00,38.75
533,2020-01-29,lower,9012.488205660382,2020-01-30 02:06:00-05:00,19.5
536,2020-02-03,upper,9218.804595713065,2020-02-04 03:23:00-05:00,28.0
533,2020-01-29,upper,9252.011794339618,2020-02-04 07:40:00-05:00,19.0
535,2020-01-31,upper,9289.789046206857,2020-02-04 10:40:00-05:00,49.0
528,2020-01-22,upper,9294.399900207167,2020-02-04 10:42:00-05:00,49.0
538,2020-02-05,upper,9567.69569543655,2020-02-10 20:45:00-05:00,32.5
544,2020-02-13,upper,9650.077889608092,2020-02-13 22:02:00-05:00,21.0
543,2020-02-12,upper,9673.031877068039,2020-02-16 20:47:00-05:00,13.25
542,2020-02-11,upper,9676.808177323495,2020-02-17 00:41:00-05:00,4.25
547,2020-02-18,upper,9684.604784625351,2020-02-19 07:58:00-05:00,9.5
545,2020-02-14,upper,9706.908512159982,2020-02-19 09:36:00-05:00,8.75
546,2020-02-17,upper,9717.242152893028,2020-02-19 09:55:00-05:00,8.75
543,2020-02-12,lower,9489.093122931961,2020-02-21 09:49:00-05:00,21.5
547,2020-02-18,lower,9500.395215374649,2020-02-21 09:49:00-05:00,21.5
541,2020-02-10,lower,9281.154486973353,2020-02-23 21:27:00-05:00,19.5
537,2020-02-04,lower,9156.767105704166,2020-02-24 04:16:00-05:00,87.0
553,2020-02-26,lower,8724.757467992544,2020-02-26 22:58:00-05:00,50.25
555,2020-02-28,upper,8455.361761076416,2020-03-01 20:31:00-05:00,73.25
559,2020-03-05,lower,8551.275749585217,2020-03-05 22:53:00-05:00,56.25
558,2020-03-04,lower,8518.953269957827,2020-03-06 04:37:00-05:00,67.25
561,2020-03-09,lower,7595.5999259774835,2020-03-12 09:30:00-04:00,4.25
568,2020-03-18,upper,7511.458736501807,2020-03-20 03:26:00-04:00,169.5
567,2020-03-17,upper,7562.472908087322,2020-03-20 03:44:00-04:00,169.5
571,2020-03-23,upper,7322.838733246481,2020-03-24 04:07:00-04:00,60.5
572,2020-03-24,upper,7646.30369503761,2020-03-25 03:59:00-04:00,102.5
569,2020-03-19,upper,7668.104140993251,2020-03-25 04:29:00-04:00,115.75
566,2020-03-16,upper,7684.401914829,2020-03-25 04:47:00-04:00,115.75
570,2020-03-20,upper,7726.54366907242,2020-03-25 05:07:00-04:00,116.25
575,2020-03-27,upper,7888.718408387388,2020-03-30 20:01:00-04:00,31.0
573,2020-03-25,upper,7909.778477294267,2020-03-30 21:02:00-04:00,29.0
576,2020-03-30,upper,7949.624439029813,2020-03-31 05:22:00-04:00,37.5
577,2020-03-31,lower,7578.254553993011,2020-04-01 01:49:00-04:00,38.0
578,2020-04-01,lower,7388.1058233536705,2020-04-02 09:14:00-04:00,145.0
579,2020-04-02,upper,7703.231612359354,2020-04-05 20:17:00-04:00,32.5
578,2020-04-01,upper,7776.1441766463295,2020-04-05 20:31:00-04:00,32.5
580,2020-04-03,upper,7808.464622827671,2020-04-05 20:35:00-04:00,32.5
577,2020-03-31,upper,8151.870446006989,2020-04-07 02:58:00-04:00,72.5
583,2020-04-08,upper,8316.921889912834,2020-04-09 09:43:00-04:00,171.75
585,2020-04-13,upper,8377.974427210953,2020-04-13 21:33:00-04:00,47.0
582,2020-04-07,upper,8503.366634118818,2020-04-14 09:34:00-04:00,40.5
584,2020-04-09,upper,8512.476025798893,2020-04-14 09:35:00-04:00,40.5
587,2020-04-15,upper,8708.551354323605,2020-04-16 10:58:00-04:00,58.5
589,2020-04-17,lower,8627.887119112991,2020-04-20 22:38:00-04:00,49.75
590,2020-04-20,lower,8582.137175759435,2020-04-21 09:37:00-04:00,32.5
588,2020-04-16,lower,8458.051185239154,2020-04-21 10:49:00-04:00,121.75
592,2020-04-22,upper,8752.552576739732,2020-04-23 10:23:00-04:00,81.25
594,2020-04-24,upper,8823.787808365498,2020-04-26 22:06:00-04:00,40.75
591,2020-04-21,upper,8842.999663098304,2020-04-27 00:00:00-04:00,20.5
593,2020-04-23,upper,8898.367238360446,2020-04-28 05:20:00-04:00,21.75
590,2020-04-20,upper,8919.612824240565,2020-04-28 05:26:00-04:00,21.75
595,2020-04-27,lower,8698.205896333413,2020-04-28 10:58:00-04:00,96.5
600,2020-05-04,upper,8892.408305458119,2020-05-05 03:30:00-04:00,23.75
601,2020-05-05,upper,9092.014338145143,2020-05-07 05:36:00-04:00,23.75
598,2020-04-30,upper,9157.354943061793,2020-05-07 20:00:00-04:00,28.75
602,2020-05-06,upper,9164.406582835476,2020-05-07 20:04:00-04:00,28.75
603,2020-05-07,upper,9243.358037197813,2020-05-10 19:33:00-04:00,45.5
605,2020-05-11,lower,9008.407743009884,2020-05-12 19:45:00-04:00,47.0
608,2020-05-14,upper,9130.678190866347,2020-05-15 03:07:00-04:00,25.75
609,2020-05-15,upper,9169.976526088944,2020-05-17 19:04:00-04:00,57.75
607,2020-05-13,upper,9331.220279581725,2020-05-18 10:59:00-04:00,60.5
610,2020-05-18,upper,9425.837628444118,2020-05-20 09:30:00-04:00,20.25
613,2020-05-21,lower,9317.397405779739,2020-05-21 22:54:00-04:00,44.0
612,2020-05-20,lower,9267.835063848652,2020-05-22 01:29:00-04:00,26.0
614,2020-05-22,upper,9515.473595904761,2020-05-25 06:50:00-04:00,16.25
612,2020-05-20,upper,9572.289936151348,2020-05-25 23:54:00-04:00,15.25
614,2020-05-22,lower,9202.026404095239,2020-05-27 10:46:00-04:00,131.5
611,2020-05-19,lower,9182.905269092378,2020-05-27 10:49:00-04:00,131.5
619,2020-05-29,upper,9608.202720566167,2020-06-02 02:29:00-04:00,27.0
615,2020-05-25,upper,9624.147499658488,2020-06-02 03:31:00-04:00,15.0
613,2020-05-21,upper,9633.477594220261,2020-06-02 04:18:00-04:00,33.5
620,2020-06-01,upper,9681.300958053465,2020-06-02 20:45:00-04:00,37.5
616,2020-05-26,upper,9702.493545767029,2020-06-03 10:01:00-04:00,48.75
621,2020-06-02,upper,9728.37040825345,2020-06-04 09:50:00-04:00,40.75
625,2020-06-08,upper,9943.600120332674,2020-06-09 10:45:00-04:00,64.0
626,2020-06-09,upper,10005.261489168231,2020-06-09 21:32:00-04:00,17.0
627,2020-06-10,lower,9906.19433490329,2020-06-11 08:22:00-04:00,45.5
621,2020-06-02,lower,9460.75459174655,2020-06-15 01:36:00-04:00,43.0
620,2020-06-01,lower,9384.324041946535,2020-06-15 02:05:00-04:00,124.5
629,2020-06-12,upper,9998.480141994416,2020-06-16 08:57:00-04:00,36.75
628,2020-06-11,upper,10095.593960731061,2020-06-19 08:36:00-04:00,21.5
633,2020-06-18,upper,10112.119354596121,2020-06-19 09:28:00-04:00,22.0
632,2020-06-17,upper,10164.240165724947,2020-06-23 03:15:00-04:00,56.75
635,2020-06-22,upper,10174.123908644677,2020-06-23 03:16:00-04:00,56.75
627,2020-06-10,upper,10182.93066509671,2020-06-23 03:54:00-04:00,56.75
634,2020-06-19,upper,10230.516390847179,2020-06-23 10:42:00-04:00,42.0
638,2020-06-25,lower,9758.955832485262,2020-06-29 09:41:00-04:00,43.25
640,2020-06-29,upper,10024.81294832396,2020-06-30 01:21:00-04:00,5.5
638,2020-06-25,upper,10189.419167514738,2020-07-01 09:33:00-04:00,68.5
641,2020-07-01,upper,10329.492613096521,2020-07-02 04:27:00-04:00,29.25
636,2020-06-23,upper,10344.29260296773,2020-07-02 08:30:00-04:00,27.5
637,2020-06-24,upper,10378.76301438694,2020-07-02 08:53:00-04:00,27.5
643,2020-07-03,upper,10467.840840343804,2020-07-05 21:46:00-04:00,28.0
642,2020-07-02,upper,10530.716111433376,2020-07-06 10:00:00-04:00,53.5
644,2020-07-06,upper,10645.149837633802,2020-07-06 19:33:00-04:00,30.5
648,2020-07-10,upper,10926.109448111816,2020-07-13 07:06:00-04:00,21.5
647,2020-07-09,lower,10556.529124282211,2020-07-14 08:51:00-04:00,82.5
648,2020-07-10,lower,10495.390551888184,2020-07-14 09:02:00-04:00,164.5
646,2020-07-08,lower,10416.702043158333,2020-07-14 09:52:00-04:00,164.5
645,2020-07-07,lower,10402.458341307061,2020-07-14 09:53:00-04:00,164.5
651,2020-07-15,lower,10513.317772147313,2020-07-16 05:11:00-04:00,68.25
652,2020-07-16,upper,10766.167459552898,2020-07-20 10:27:00-04:00,89.25
654,2020-07-20,lower,10437.617993932472,2020-07-24 02:57:00-04:00,34.0
653,2020-07-17,lower,10405.520316001515,2020-07-24 03:14:00-04:00,63.5
652,2020-07-16,lower,10357.582540447102,2020-07-24 09:37:00-04:00,34.5
644,2020-07-06,lower,10331.725162366198,2020-07-24 09:38:00-04:00,34.5
656,2020-07-22,upper,11023.64486768893,2020-08-03 09:33:00-04:00,19.75
657,2020-07-23,upper,11022.153653034926,2020-08-03 09:33:00-04:00,19.75
663,2020-07-31,upper,11106.176913153135,2020-08-05 02:05:00-04:00,17.0
649,2020-07-13,upper,11129.013825812228,2020-08-05 03:00:00-04:00,32.0
670,2020-08-11,upper,11198.889330594502,2020-08-13 09:31:00-04:00,62.25
671,2020-08-12,upper,11226.37510379692,2020-08-13 09:40:00-04:00,62.25
669,2020-08-10,upper,11308.249889090679,2020-08-17 19:31:00-04:00,11.5
672,2020-08-13,upper,11353.428427392624,2020-08-18 09:35:00-04:00,41.75
668,2020-08-07,upper,11375.79834656539,2020-08-18 09:38:00-04:00,41.75
673,2020-08-14,upper,11369.976296981264,2020-08-18 09:38:00-04:00,41.75
677,2020-08-20,upper,11503.059627482893,2020-08-20 20:00:00-04:00,13.0
675,2020-08-18,upper,11520.947100351841,2020-08-20 21:00:00-04:00,18.75
676,2020-08-19,upper,11549.90659303957,2020-08-21 10:55:00-04:00,55.5
678,2020-08-21,upper,11657.182826359074,2020-08-24 04:00:00-04:00,37.75
680,2020-08-25,upper,11773.882955083516,2020-08-26 06:54:00-04:00,17.75
683,2020-08-28,upper,12175.52827197218,2020-09-01 02:16:00-04:00,18.75
682,2020-08-27,upper,12206.825693556519,2020-09-01 03:21:00-04:00,31.25
684,2020-08-31,upper,12216.688193135331,2020-09-01 03:22:00-04:00,31.25
685,2020-09-01,upper,12458.311956416417,2020-09-02 05:56:00-04:00,29.5
686,2020-09-02,lower,12087.299430239142,2020-09-03 10:19:00-04:00,138.0
685,2020-09-01,lower,11938.563043583583,2020-09-03 10:46:00-04:00,138.0
681,2020-08-26,lower,11622.124257880094,2020-09-03 19:06:00-04:00,119.25
679,2020-08-24,lower,11457.682293514365,2020-09-04 10:15:00-04:00,342.0
680,2020-08-25,lower,11427.367044916484,2020-09-04 10:17:00-04:00,342.0
678,2020-08-21,lower,11317.567173640926,2020-09-04 10:35:00-04:00,342.0
676,2020-08-19,lower,11216.34340696043,2020-09-04 10:42:00-04:00,342.0
689,2020-09-07,lower,11253.833137562138,2020-09-08 06:25:00-04:00,126.75
675,2020-08-18,lower,11134.052899648159,2020-09-08 09:41:00-04:00,101.5
693,2020-09-11,upper,11505.250841805442,2020-09-16 04:08:00-04:00,27.0
694,2020-09-14,upper,11506.810727848246,2020-09-16 04:08:00-04:00,27.0
694,2020-09-14,lower,10994.689272151754,2020-09-17 08:30:00-04:00,81.5
693,2020-09-11,lower,10928.374158194558,2020-09-17 09:10:00-04:00,74.5
697,2020-09-17,lower,10727.425618727215,2020-09-21 04:48:00-04:00,123.25
697,2020-09-17,upper,11249.324381272785,2020-09-28 04:10:00-04:00,34.5
700,2020-09-22,upper,11276.112173252448,2020-09-28 05:32:00-04:00,53.0
698,2020-09-18,upper,11326.604011271396,2020-09-28 06:17:00-04:00,29.25
701,2020-09-23,upper,11360.491702084564,2020-09-28 08:06:00-04:00,42.25
705,2020-09-29,lower,11169.921437132627,2020-09-30 02:10:00-04:00,93.25
704,2020-09-28,upper,11532.33747309487,2020-10-01 05:41:00-04:00,56.75
705,2020-09-29,upper,11533.578562867373,2020-10-01 05:42:00-04:00,56.75
690,2020-09-08,upper,11582.995004935285,2020-10-01 08:39:00-04:00,34.75
691,2020-09-09,upper,11582.121047368802,2020-10-01 08:39:00-04:00,34.75
707,2020-10-01,lower,11332.60493006846,2020-10-02 01:30:00-04:00,116.25
709,2020-10-05,upper,11565.107239575818,2020-10-08 02:42:00-04:00,13.0
711,2020-10-07,upper,11596.252640737981,2020-10-08 23:08:00-04:00,16.75
708,2020-10-02,upper,11616.392866816183,2020-10-09 08:56:00-04:00,36.0
695,2020-09-15,upper,11618.987828672012,2020-10-09 09:35:00-04:00,42.5
706,2020-09-30,upper,11626.478295484241,2020-10-09 09:43:00-04:00,42.5
696,2020-09-16,upper,11647.987374097873,2020-10-09 10:37:00-04:00,51.25
710,2020-10-06,upper,11658.258711575745,2020-10-09 10:49:00-04:00,51.25
707,2020-10-01,upper,11749.39506993154,2020-10-11 19:46:00-04:00,57.25
712,2020-10-08,upper,11765.108817550014,2020-10-11 21:52:00-04:00,27.25
713,2020-10-09,upper,11794.396357206313,2020-10-12 03:58:00-04:00,16.25
715,2020-10-13,lower,11886.27611815851,2020-10-14 22:50:00-04:00,76.25
716,2020-10-14,lower,11869.462070647038,2020-10-14 23:00:00-04:00,46.25
717,2020-10-15,lower,11559.063209803786,2020-10-22 10:32:00-04:00,59.25
712,2020-10-08,lower,11338.641182449986,2020-10-28 09:40:00-04:00,68.25
725,2020-10-27,lower,11310.353257423809,2020-10-28 09:50:00-04:00,68.25
708,2020-10-02,lower,11084.857133183817,2020-10-30 01:45:00-04:00,27.75
726,2020-10-28,lower,11048.899520805486,2020-10-30 02:10:00-04:00,133.25
729,2020-11-02,upper,11392.75306250971,2020-11-03 20:52:00-05:00,114.5
727,2020-10-29,upper,11492.281810086992,2020-11-03 22:00:00-05:00,175.5
728,2020-10-30,upper,11541.84102146125,2020-11-03 22:00:00-05:00,175.5
730,2020-11-03,upper,11513.833345591567,2020-11-03 22:00:00-05:00,175.5
726,2020-10-28,upper,11667.350479194514,2020-11-03 22:10:00-05:00,175.5
725,2020-10-27,upper,11756.646742576191,2020-11-03 22:15:00-05:00,175.5
723,2020-10-23,upper,11875.730155823774,2020-11-04 22:27:00-05:00,65.75
720,2020-10-20,upper,11904.375147228217,2020-11-04 22:38:00-05:00,65.75
721,2020-10-21,upper,11932.8357295319,2020-11-04 22:39:00-05:00,65.75
722,2020-10-22,upper,11926.02908684188,2020-11-04 22:39:00-05:00,65.75
731,2020-11-04,upper,11991.199723329857,2020-11-05 02:26:00-05:00,70.75
717,2020-10-15,upper,12032.936790196214,2020-11-05 03:23:00-05:00,97.75
733,2020-11-06,upper,12264.887181720746,2020-11-08 19:40:00-05:00,135.75
732,2020-11-05,upper,12279.630216098809,2020-11-08 19:58:00-05:00,135.75
716,2020-10-14,upper,12337.787929352962,2020-11-08 20:09:00-05:00,91.75
715,2020-10-13,upper,12357.34888184149,2020-11-08 22:53:00-05:00,33.0
732,2020-11-05,lower,11791.119783901191,2020-11-09 19:24:00-05:00,51.25
733,2020-11-06,lower,11736.362818279254,2020-11-09 22:38:00-05:00,141.25
735,2020-11-10,upper,11943.547030998563,2020-11-12 04:58:00-05:00,35.75
740,2020-11-17,lower,11840.639868789596,2020-11-18 22:11:00-05:00,17.0
739,2020-11-16,upper,12141.813069613383,2020-11-24 19:10:00-05:00,34.5
744,2020-11-23,upper,12150.068327496718,2020-11-24 19:16:00-05:00,34.5
740,2020-11-17,upper,12188.735131210404,2020-11-25 20:33:00-05:00,17.0
746,2020-11-25,upper,12270.439816503806,2020-11-27 10:17:00-05:00,40.0
748,2020-11-27,upper,12410.052418330972,2020-12-01 10:02:00-05:00,61.0
751,2020-12-02,upper,12586.464225177839,2020-12-07 09:58:00-05:00,15.5
752,2020-12-03,lower,12306.297441328374,2020-12-10 01:44:00-05:00,22.25
758,2020-12-11,upper,12513.505255950953,2020-12-14 09:57:00-05:00,47.5
757,2020-12-10,upper,12569.580163178834,2020-12-15 09:30:00-05:00,22.25
754,2020-12-07,upper,12722.324964145053,2020-12-17 02:21:00-05:00,7.5
760,2020-12-15,upper,12726.133997689696,2020-12-17 02:21:00-05:00,7.5
755,2020-12-08,upper,12743.687013793919,2020-12-17 03:22:00-05:00,28.75
761,2020-12-16,upper,12771.969398294714,2020-12-18 04:09:00-05:00,31.25
756,2020-12-09,upper,12787.820547812002,2020-12-18 09:18:00-05:00,30.75
762,2020-12-17,lower,12570.712238347565,2020-12-21 05:07:00-05:00,84.5
763,2020-12-18,lower,12556.000015542591,2020-12-21 05:23:00-05:00,84.5
764,2020-12-21,upper,12816.798684725329,2020-12-28 08:45:00-05:00,21.5
766,2020-12-23,upper,12879.983338357597,2020-12-29 00:37:00-05:00,11.25
762,2020-12-17,upper,12901.412761652435,2020-12-29 09:30:00-05:00,9.5
765,2020-12-22,upper,12900.844260317794,2020-12-29 09:30:00-05:00,9.5
763,2020-12-18,upper,12953.999984457409,2021-01-04 04:16:00-05:00,30.5
766,2020-12-23,lower,12520.391661642403,2021-01-06 03:21:00-05:00,100.75
767,2020-12-24,lower,12504.65386111247,2021-01-06 03:22:00-05:00,100.75
773,2021-01-06,upper,12863.465892051086,2021-01-07 10:04:00-05:00,130.5
768,2020-12-28,upper,12972.891274962194,2021-01-07 20:31:00-05:00,24.75
774,2021-01-07,upper,13020.927210784295,2021-01-08 09:28:00-05:00,35.25
779,2021-01-14,lower,12829.992660451164,2021-01-15 10:07:00-05:00,60.25
782,2021-01-19,upper,13081.986247428205,2021-01-20 03:43:00-05:00,17.25
778,2021-01-13,upper,13085.890264484906,2021-01-20 03:44:00-05:00,17.25
777,2021-01-12,upper,13108.910184604236,2021-01-20 08:00:00-05:00,27.75
780,2021-01-15,upper,13129.140117721747,2021-01-20 09:12:00-05:00,19.0
779,2021-01-14,upper,13147.632339548836,2021-01-20 09:34:00-05:00,19.0
776,2021-01-11,upper,13161.060130644688,2021-01-20 09:35:00-05:00,19.0
775,2021-01-08,upper,13210.34397654155,2021-01-20 10:10:00-05:00,74.75
783,2021-01-20,upper,13373.571867454353,2021-01-20 20:05:00-05:00,45.25
784,2021-01-21,upper,13530.829602947819,2021-01-25 09:34:00-05:00,31.0
785,2021-01-22,upper,13527.942483189676,2021-01-25 09:34:00-05:00,31.0
787,2021-01-26,lower,13281.87280141763,2021-01-27 09:32:00-05:00,46.0
785,2021-01-22,lower,13179.557516810324,2021-01-27 09:51:00-05:00,46.0
791,2021-02-01,upper,13321.262122402999,2021-02-01 20:23:00-05:00,31.25
790,2021-01-29,upper,13378.420181457432,2021-02-02 04:52:00-05:00,62.0
792,2021-02-02,upper,13605.373124295926,2021-02-05 00:32:00-05:00,19.25
787,2021-01-26,upper,13679.37719858237,2021-02-07 20:23:00-05:00,39.0
786,2021-01-25,upper,13688.795702475387,2021-02-08 10:08:00-05:00,41.25
793,2021-02-03,upper,13758.10878065542,2021-02-10 02:35:00-05:00,11.75
795,2021-02-05,upper,13757.696659595818,2021-02-10 02:35:00-05:00,11.75
797,2021-02-09,upper,13852.90228910213,2021-02-14 19:20:00-05:00,34.0
800,2021-02-12,upper,13863.442729351453,2021-02-14 20:02:00-05:00,40.25
799,2021-02-11,upper,13888.65707742389,2021-02-15 20:21:00-05:00,27.25
801,2021-02-15,lower,13714.378111306329,2021-02-16 19:04:00-05:00,40.75
802,2021-02-16,lower,13667.283785427255,2021-02-17 08:52:00-05:00,25.25
799,2021-02-11,lower,13538.96792257611,2021-02-18 09:04:00-05:00,51.5
800,2021-02-12,lower,13507.807270648547,2021-02-18 10:07:00-05:00,61.0
796,2021-02-08,lower,13498.135433371881,2021-02-18 10:18:00-05:00,61.0
797,2021-02-09,lower,13479.34771089787,2021-02-18 10:23:00-05:00,61.0
805,2021-02-19,lower,13493.982062487335,2021-02-22 02:06:00-05:00,32.0
798,2021-02-10,lower,13424.45039840004,2021-02-22 02:47:00-05:00,32.0
803,2021-02-17,lower,13420.857446890208,2021-02-22 02:47:00-05:00,32.0
795,2021-02-05,lower,13388.678340404182,2021-02-22 03:30:00-05:00,124.75
804,2021-02-18,lower,13316.927214861695,2021-02-22 10:38:00-05:00,80.5
806,2021-02-22,lower,13180.62114639175,2021-02-23 04:03:00-05:00,105.25
792,2021-02-02,lower,13138.126875704074,2021-02-23 04:13:00-05:00,105.25
791,2021-02-01,lower,12767.362877597001,2021-02-23 09:50:00-05:00,61.0
807,2021-02-23,upper,13294.905916763611,2021-02-24 07:56:00-05:00,63.5
812,2021-03-02,lower,13016.401124013051,2021-03-03 08:34:00-05:00,51.0
811,2021-03-01,lower,12855.840824947016,2021-03-03 10:13:00-05:00,159.25
810,2021-02-26,lower,12543.721079432133,2021-03-03 22:58:00-05:00,87.0
814,2021-03-04,lower,12304.997183398267,2021-03-04 20:14:00-05:00,79.0
815,2021-03-05,upper,12884.42255597324,2021-03-10 08:35:00-05:00,39.0
816,2021-03-08,upper,12909.141971053332,2021-03-10 09:05:00-05:00,172.0
817,2021-03-09,upper,12931.270088192054,2021-03-10 09:07:00-05:00,172.0
814,2021-03-04,upper,12996.127816601733,2021-03-11 04:19:00-05:00,77.0
820,2021-03-12,upper,13090.352101714769,2021-03-15 21:16:00-04:00,28.5
821,2021-03-15,upper,13151.866626470983,2021-03-16 02:55:00-04:00,20.75
819,2021-03-11,upper,13171.475961304095,2021-03-16 09:32:00-04:00,36.75
818,2021-03-10,upper,13217.394136701863,2021-03-16 09:56:00-04:00,36.75
813,2021-03-03,upper,13285.51222726878,2021-03-16 10:52:00-04:00,98.0
822,2021-03-16,lower,12945.071957511602,2021-03-17 09:39:00-04:00,43.25
819,2021-03-11,lower,12739.774038695905,2021-03-19 02:01:00-04:00,43.75
821,2021-03-15,lower,12727.008373529017,2021-03-19 02:01:00-04:00,43.75
825,2021-03-19,upper,13022.717653119242,2021-03-22 10:00:00-04:00,93.25
827,2021-03-23,lower,12917.899088749797,2021-03-24 10:17:00-04:00,140.0
826,2021-03-22,lower,12741.205908997852,2021-03-25 07:53:00-04:00,24.0
818,2021-03-10,lower,12634.480863298137,2021-03-25 10:55:00-04:00,114.5
832,2021-03-30,upper,13057.544428571517,2021-03-31 10:00:00-04:00,103.25
824,2021-03-18,upper,13181.85833179647,2021-04-01 03:24:00-04:00,43.0
833,2021-03-31,upper,13228.238630547401,2021-04-01 04:07:00-04:00,62.5
828,2021-03-24,upper,13279.716633298362,2021-04-01 09:36:00-04:00,25.75
827,2021-03-23,upper,13288.100911250203,2021-04-01 09:37:00-04:00,25.75
822,2021-03-16,upper,13414.803042488398,2021-04-05 08:40:00-04:00,23.25
834,2021-04-01,upper,13438.997987515359,2021-04-05 09:33:00-04:00,65.75
836,2021-04-06,upper,13739.329262634976,2021-04-08 06:27:00-04:00,31.25
837,2021-04-07,upper,13752.062079921416,2021-04-08 09:57:00-04:00,26.25
839,2021-04-09,upper,13873.479850750839,2021-04-13 08:39:00-04:00,33.75
838,2021-04-08,upper,13883.3727833234,2021-04-13 08:45:00-04:00,33.75
840,2021-04-12,upper,13940.822384174495,2021-04-13 09:48:00-04:00,91.0
846,2021-04-20,lower,13715.223625595678,2021-04-20 22:01:00-04:00,23.25
846,2021-04-20,upper,14049.651374404322,2021-04-27 01:51:00-04:00,6.0
848,2021-04-22,upper,14051.393956724412,2021-04-29 08:44:00-04:00,26.75
841,2021-04-13,upper,14061.127568847576,2021-04-29 08:53:00-04:00,26.75
852,2021-04-28,lower,13755.986604749303,2021-05-03 20:20:00-04:00,24.75
855,2021-05-03,lower,13725.04197896484,2021-05-03 21:22:00-04:00,27.5
854,2021-04-30,lower,13686.343941088197,2021-05-04 07:40:00-04:00,30.75
849,2021-04-23,lower,13623.32431093971,2021-05-04 09:33:00-04:00,38.0
840,2021-04-12,lower,13619.677615825505,2021-05-04 09:40:00-04:00,38.0
838,2021-04-08,lower,13566.3772166766,2021-05-04 09:52:00-04:00,38.0
847,2021-04-21,lower,13547.10047736728,2021-05-04 09:57:00-04:00,38.0
839,2021-04-09,lower,13518.645149249161,2021-05-04 10:01:00-04:00,161.25
857,2021-05-05,lower,13388.96846679183,2021-05-06 10:21:00-04:00,84.5
858,2021-05-06,upper,13677.48205119757,2021-05-07 08:30:00-04:00,17.0
859,2021-05-07,lower,13495.178507508765,2021-05-10 10:30:00-04:00,157.0
858,2021-05-06,lower,13256.14294880243,2021-05-10 20:54:00-04:00,16.0
862,2021-05-12,lower,12917.82391110361,2021-05-13 04:50:00-04:00,115.25
866,2021-05-18,lower,13159.67258306895,2021-05-18 20:07:00-04:00,56.5
865,2021-05-17,lower,13107.509969965256,2021-05-19 02:35:00-04:00,21.75
864,2021-05-14,lower,13034.817106139166,2021-05-19 04:46:00-04:00,89.0
866,2021-05-18,upper,13529.45241693105,2021-05-20 20:09:00-04:00,27.0
868,2021-05-20,upper,13556.392993626328,2021-05-21 09:28:00-04:00,29.5
869,2021-05-21,upper,13721.457519968146,2021-05-25 02:14:00-04:00,30.75
874,2021-05-28,lower,13572.782154047016,2021-06-03 06:58:00-04:00,35.5
875,2021-05-31,lower,13562.918284045032,2021-06-03 07:02:00-04:00,76.5
871,2021-05-25,lower,13521.849361945318,2021-06-03 07:46:00-04:00,76.5
872,2021-05-26,lower,13534.16477444736,2021-06-03 07:46:00-04:00,76.5
873,2021-05-27,lower,13528.076840548809,2021-06-03 07:46:00-04:00,76.5
877,2021-06-02,lower,13524.711742664807,2021-06-03 07:46:00-04:00,76.5
876,2021-06-01,lower,13518.03941414036,2021-06-03 08:04:00-04:00,63.0
878,2021-06-03,upper,13718.091853387603,2021-06-04 10:01:00-04:00,112.25
872,2021-05-26,upper,13833.96022555264,2021-06-07 19:24:00-04:00,14.25
873,2021-05-27,upper,13833.048159451191,2021-06-07 19:24:00-04:00,14.25
874,2021-05-28,upper,13847.842845952984,2021-06-07 21:01:00-04:00,26.25
879,2021-06-04,upper,13861.83358656822,2021-06-07 21:13:00-04:00,26.25
871,2021-05-25,upper,13867.900638054682,2021-06-08 07:42:00-04:00,62.25
880,2021-06-07,upper,13876.402438307223,2021-06-08 07:53:00-04:00,62.25
876,2021-06-01,upper,13935.08558585964,2021-06-10 09:46:00-04:00,109.5
882,2021-06-09,upper,14029.2275428399,2021-06-14 06:38:00-04:00,10.5
885,2021-06-14,upper,14152.666148882203,2021-06-14 21:15:00-04:00,41.25
887,2021-06-16,upper,14199.654863564487,2021-06-17 21:45:00-04:00,20.75
891,2021-06-22,upper,14282.770750377364,2021-06-22 20:10:00-04:00,9.75
896,2021-06-29,upper,14643.198381504113,2021-07-02 09:01:00-04:00,56.75
899,2021-07-02,upper,14769.97071956765,2021-07-06 09:32:00-04:00,18.5
900,2021-07-05,upper,14806.114928665245,2021-07-07 03:06:00-04:00,15.75
902,2021-07-07,lower,14671.044908797909,2021-07-08 03:46:00-04:00,34.5
901,2021-07-06,lower,14617.108007617651,2021-07-08 05:22:00-04:00,62.25
900,2021-07-05,lower,14596.385071334755,2021-07-08 06:15:00-04:00,52.0
904,2021-07-09,upper,14868.276518067436,2021-07-12 08:20:00-04:00,17.5
901,2021-07-06,upper,14887.391992382349,2021-07-12 09:32:00-04:00,35.5
907,2021-07-14,lower,14814.252863178532,2021-07-15 09:38:00-04:00,32.5
909,2021-07-16,lower,14617.459438183269,2021-07-18 19:34:00-04:00,31.0
904,2021-07-09,lower,14526.598481932564,2021-07-19 07:44:00-04:00,32.75
899,2021-07-02,lower,14501.27928043235,2021-07-19 09:33:00-04:00,51.75
912,2021-07-21,upper,14882.366829089071,2021-07-22 09:42:00-04:00,24.5
913,2021-07-22,upper,15012.191094334647,2021-07-23 05:39:00-04:00,19.25
909,2021-07-16,upper,15016.540561816731,2021-07-23 10:38:00-04:00,59.75
907,2021-07-14,upper,15120.247136821468,2021-07-25 19:21:00-04:00,18.5
915,2021-07-26,lower,14921.995893743886,2021-07-27 10:36:00-04:00,85.5
918,2021-07-29,lower,14826.22986524775,2021-07-29 20:47:00-04:00,61.75
925,2021-08-09,lower,14956.42257734829,2021-08-12 09:36:00-04:00,42.5
923,2021-08-05,lower,14950.043816398447,2021-08-12 09:45:00-04:00,42.5
929,2021-08-13,lower,14942.374736532061,2021-08-16 10:28:00-04:00,90.5
917,2021-07-28,lower,14749.254664502118,2021-08-19 02:58:00-04:00,30.75
921,2021-08-03,lower,14740.080070638804,2021-08-19 02:58:00-04:00,30.75
933,2021-08-19,upper,15017.266824294666,2021-08-20 09:46:00-04:00,59.0
932,2021-08-18,upper,15153.221444576327,2021-08-23 01:11:00-04:00,6.0
928,2021-08-12,upper,15160.25267047382,2021-08-23 09:32:00-04:00,16.75
921,2021-08-03,upper,15181.544929361196,2021-08-23 09:37:00-04:00,16.75
931,2021-08-17,upper,15173.50598711105,2021-08-23 09:37:00-04:00,16.75
918,2021-07-29,upper,15187.89513475225,2021-08-23 09:40:00-04:00,16.75
922,2021-08-04,upper,15196.921396699883,2021-08-23 09:46:00-04:00,16.75
920,2021-08-02,upper,15197.874867911843,2021-08-23 09:50:00-04:00,16.75
934,2021-08-20,upper,15221.656553095427,2021-08-23 10:02:00-04:00,88.0
915,2021-07-26,upper,15232.254106256114,2021-08-23 10:05:00-04:00,88.0
917,2021-07-28,upper,15231.995335497882,2021-08-23 10:05:00-04:00,88.0
929,2021-08-13,upper,15251.625263467939,2021-08-23 10:25:00-04:00,88.0
923,2021-08-05,upper,15254.456183601553,2021-08-23 10:33:00-04:00,88.0
927,2021-08-11,upper,15257.021402190428,2021-08-23 10:34:00-04:00,88.0
924,2021-08-06,upper,15261.229418408118,2021-08-23 10:39:00-04:00,88.0
925,2021-08-09,upper,15262.95242265171,2021-08-23 10:39:00-04:00,88.0
935,2021-08-23,upper,15364.265950275054,2021-08-24 02:36:00-04:00,20.0
936,2021-08-24,upper,15484.655610356942,2021-08-30 09:33:00-04:00,14.75
938,2021-08-26,upper,15501.215600059822,2021-08-30 09:37:00-04:00,14.75
937,2021-08-25,upper,15507.01804512092,2021-08-30 09:38:00-04:00,14.75
939,2021-08-27,upper,15552.237212514417,2021-08-30 10:06:00-04:00,85.0
940,2021-08-30,upper,15671.691483257986,2021-08-31 02:14:00-04:00,26.5
945,2021-09-06,lower,15570.883865846456,2021-09-08 10:38:00-04:00,60.0
941,2021-08-31,lower,15415.380775283047,2021-09-13 01:07:00-04:00,9.0
944,2021-09-03,lower,15391.201243038602,2021-09-13 10:01:00-04:00,129.25
951,2021-09-14,lower,15272.996543165842,2021-09-19 22:16:00-04:00,30.0
954,2021-09-17,lower,15255.1655824113,2021-09-19 22:16:00-04:00,30.0
953,2021-09-16,lower,15241.178088679098,2021-09-19 22:44:00-04:00,30.0
937,2021-08-25,lower,15233.73195487908,2021-09-19 22:46:00-04:00,30.0
950,2021-09-13,lower,15224.9403948474,2021-09-19 22:48:00-04:00,30.0
936,2021-08-24,lower,15190.469389643058,2021-09-20 02:44:00-04:00,31.25
952,2021-09-15,lower,15177.757575355927,2021-09-20 04:02:00-04:00,48.0
938,2021-08-26,lower,15150.909399940178,2021-09-20 05:25:00-04:00,50.0
939,2021-08-27,lower,15103.137787485583,2021-09-20 07:32:00-04:00,33.75
955,2021-09-20,upper,15299.061195048975,2021-09-23 05:08:00-04:00,20.75
957,2021-09-22,upper,15296.048377097144,2021-09-23 05:08:00-04:00,20.75
956,2021-09-21,upper,15317.193855351527,2021-09-23 10:03:00-04:00,121.5
959,2021-09-24,upper,15382.419064245358,2021-09-26 21:31:00-04:00,59.0
959,2021-09-24,lower,15050.330935754642,2021-09-28 03:19:00-04:00,127.25
958,2021-09-23,lower,14996.315256417569,2021-09-28 03:47:00-04:00,127.25
960,2021-09-27,lower,14959.99226761498,2021-09-28 05:55:00-04:00,66.75
957,2021-09-22,lower,14839.076622902856,2021-09-28 10:20:00-04:00,122.0
956,2021-09-21,lower,14832.556144648473,2021-09-28 10:21:00-04:00,122.0
963,2021-09-30,lower,14625.509577891058,2021-09-30 21:08:00-04:00,51.25
962,2021-09-29,lower,14599.441719688431,2021-09-30 21:11:00-04:00,51.25
967,2021-10-06,upper,14831.385381404469,2021-10-06 20:36:00-04:00,33.75
965,2021-10-04,upper,14955.978758632344,2021-10-07 09:59:00-04:00,32.25
964,2021-10-01,upper,14957.96895576549,2021-10-07 10:00:00-04:00,96.75
969,2021-10-08,lower,14720.10499822078,2021-10-10 19:39:00-04:00,77.75
972,2021-10-13,upper,14938.793156548334,2021-10-14 08:30:00-04:00,45.75
971,2021-10-12,upper,14953.877863206815,2021-10-14 09:52:00-04:00,41.25
969,2021-10-08,upper,15107.52000177922,2021-10-15 01:58:00-04:00,26.0
960,2021-09-27,upper,15374.50773238502,2021-10-19 10:58:00-04:00,55.75
977,2021-10-20,upper,15555.53419964312,2021-10-25 20:09:00-04:00,18.0
980,2021-10-25,upper,15575.71752928018,2021-10-25 21:04:00-04:00,35.25
979,2021-10-22,upper,15579.37207458463,2021-10-25 21:07:00-04:00,35.25
988,2021-11-04,upper,16425.401381401833,2021-11-05 09:33:00-04:00,67.75
989,2021-11-05,lower,16240.353578456474,2021-11-09 09:58:00-05:00,49.25
991,2021-11-09,lower,16056.304931374681,2021-11-10 09:32:00-05:00,81.0
993,2021-11-11,upper,16273.028589163645,2021-11-15 08:20:00-05:00,14.75
995,2021-11-15,upper,16417.715750437408,2021-11-18 09:47:00-05:00,20.25
990,2021-11-08,upper,16533.348439223577,2021-11-18 20:47:00-05:00,11.75
989,2021-11-05,upper,16581.271421543526,2021-11-18 22:14:00-05:00,43.0
998,2021-11-18,upper,16591.693634465002,2021-11-19 09:56:00-05:00,25.75
991,2021-11-09,upper,16610.32006862532,2021-11-19 09:58:00-05:00,25.75
999,2021-11-19,upper,16756.992745632924,2021-11-22 10:04:00-05:00,104.0
999,2021-11-19,lower,16358.632254367074,2021-11-22 21:23:00-05:00,42.5
998,2021-11-18,lower,16168.556365534996,2021-11-23 10:59:00-05:00,137.0
1003,2021-11-25,lower,16226.186692272446,2021-11-26 02:06:00-05:00,71.0
1002,2021-11-24,upper,16448.308599813936,2021-11-30 10:10:00-05:00,99.25
1010,2021-12-06,upper,16066.717553940765,2021-12-07 03:25:00-05:00,40.75
1008,2021-12-02,upper,16221.309859915767,2021-12-07 09:54:00-05:00,34.5
1009,2021-12-03,upper,16420.0253666291,2021-12-08 06:46:00-05:00,32.0
1015,2021-12-13,lower,16047.80046864001,2021-12-14 04:40:00-05:00,26.75
1014,2021-12-10,lower,16020.02413333892,2021-12-14 04:52:00-05:00,26.75
1011,2021-12-07,lower,15869.1494347324,2021-12-14 09:30:00-05:00,128.0
1011,2021-12-07,upper,16444.1005652676,2021-12-16 06:28:00-05:00,38.5
1016,2021-12-14,lower,15660.17671606175,2021-12-17 09:42:00-05:00,62.0
1017,2021-12-15,lower,15654.603758391648,2021-12-17 10:22:00-05:00,186.0
1008,2021-12-02,lower,15509.440140084233,2021-12-20 04:06:00-05:00,88.75
1020,2021-12-20,upper,15823.338074885565,2021-12-21 01:50:00-05:00,21.0
1019,2021-12-17,upper,16014.14752821853,2021-12-22 09:45:00-05:00,51.75
1021,2021-12-21,upper,16029.767771822662,2021-12-22 09:47:00-05:00,51.75
1022,2021-12-22,upper,16200.362242887906,2021-12-23 05:52:00-05:00,16.0
1023,2021-12-23,upper,16403.39085923301,2021-12-27 09:32:00-05:00,24.25
1005,2021-11-29,upper,16496.02863119391,2021-12-27 10:24:00-05:00,103.5
1004,2021-11-26,upper,16511.655832947203,2021-12-27 10:30:00-05:00,103.5
1014,2021-12-10,upper,16514.47586666108,2021-12-27 10:33:00-05:00,103.5
1013,2021-12-09,upper,16592.642008049654,2021-12-28 03:28:00-05:00,22.0
1018,2021-12-16,upper,16592.50352248033,2021-12-28 03:28:00-05:00,22.0
1006,2021-11-30,upper,16617.096899375094,2021-12-28 04:04:00-05:00,61.5
1024,2021-12-27,upper,16636.21188160003,2021-12-28 04:38:00-05:00,61.5
1025,2021-12-28,lower,16361.783170368326,2021-12-30 19:28:00-05:00,15.5
1027,2021-12-30,lower,16280.964755748751,2022-01-04 10:44:00-05:00,83.5
1030,2022-01-04,lower,16242.267817268195,2022-01-04 10:55:00-05:00,83.5
1026,2021-12-29,lower,16236.850141334391,2022-01-04 10:56:00-05:00,83.5
1024,2021-12-27,lower,16139.413118399969,2022-01-05 09:32:00-05:00,46.5
1029,2022-01-03,lower,16120.130755933289,2022-01-05 09:34:00-05:00,46.5
1019,2021-12-17,lower,15446.47747178147,2022-01-10 07:31:00-05:00,54.0
1033,2022-01-07,lower,15462.256586799467,2022-01-10 07:31:00-05:00,54.0
1021,2021-12-21,lower,15438.482228177338,2022-01-10 07:33:00-05:00,54.0
1032,2022-01-06,lower,15374.002043052154,2022-01-10 07:59:00-05:00,54.0
1020,2021-12-20,lower,15355.536925114435,2022-01-10 09:31:00-05:00,55.75
1034,2022-01-10,upper,15645.538295963997,2022-01-11 04:16:00-05:00,61.0
1039,2022-01-17,lower,15397.302536893398,2022-01-18 03:10:00-05:00,34.75
1035,2022-01-11,lower,15288.82998890561,2022-01-18 04:19:00-05:00,134.75
1038,2022-01-14,lower,15125.980470062965,2022-01-18 21:47:00-05:00,64.5
1040,2022-01-18,lower,15088.58411136899,2022-01-18 21:53:00-05:00,64.5
1043,2022-01-21,lower,14333.793796523118,2022-01-24 05:26:00-05:00,86.75
1047,2022-01-27,upper,14659.001656557593,2022-01-31 10:02:00-05:00,217.75
1049,2022-01-31,upper,14934.757318438846,2022-02-01 02:12:00-05:00,35.0
1050,2022-02-01,upper,15221.075791511645,2022-02-02 04:44:00-05:00,36.0
1052,2022-02-03,lower,14452.756770548807,2022-02-04 08:54:00-05:00,117.0
1053,2022-02-04,upper,14872.83087731542,2022-02-09 05:14:00-05:00,21.5
1049,2022-01-31,lower,14123.867681561154,2022-02-14 03:29:00-05:00,76.75
1059,2022-02-14,upper,14523.728553381487,2022-02-15 04:19:00-05:00,249.0
1045,2022-01-25,lower,13810.601816727918,2022-02-20 19:04:00-05:00,118.75
1064,2022-02-21,upper,14078.253565031777,2022-02-22 09:53:00-05:00,62.25
1066,2022-02-23,upper,14302.928269466458,2022-03-01 02:07:00-05:00,51.25
1069,2022-02-28,upper,14321.309474498965,2022-03-01 02:08:00-05:00,51.25
1071,2022-03-02,upper,14367.318002793538,2022-03-03 09:02:00-05:00,135.25
1072,2022-03-03,lower,13953.51822142953,2022-03-03 19:23:00-05:00,36.0
1069,2022-02-28,lower,13812.940525501035,2022-03-03 19:55:00-05:00,36.0
1077,2022-03-10,upper,13824.115930626305,2022-03-11 06:26:00-05:00,48.0
1079,2022-03-14,lower,12962.621135300313,2022-03-15 03:13:00-04:00,38.5
1079,2022-03-14,upper,13578.503864699687,2022-03-16 01:47:00-04:00,22.75
1074,2022-03-07,upper,14187.741551871979,2022-03-18 10:04:00-04:00,160.75
1082,2022-03-17,upper,14191.899513881308,2022-03-18 10:04:00-04:00,160.75
1073,2022-03-04,upper,14230.416261891665,2022-03-18 10:11:00-04:00,160.75
1070,2022-03-01,upper,14453.856455113139,2022-03-21 09:41:00-04:00,45.25
1089,2022-03-28,upper,15057.055654262684,2022-03-29 05:07:00-04:00,27.5
1091,2022-03-30,lower,14970.528899214507,2022-03-31 10:02:00-04:00,134.75
1090,2022-03-29,lower,14854.153631311128,2022-04-01 09:50:00-04:00,59.5
1092,2022-03-31,lower,14820.130536802219,2022-04-01 09:52:00-04:00,59.5
1094,2022-04-04,lower,14660.552011881444,2022-04-06 06:40:00-04:00,66.0
1093,2022-04-01,lower,14647.550897343368,2022-04-06 07:09:00-04:00,57.25
1088,2022-03-25,lower,14535.264843202222,2022-04-06 09:44:00-04:00,28.0
1089,2022-03-28,lower,14527.194345737316,2022-04-06 09:45:00-04:00,28.0
1086,2022-03-23,lower,14286.08670759079,2022-04-10 20:00:00-04:00,55.5
1096,2022-04-06,lower,14294.094390312293,2022-04-10 20:00:00-04:00,55.5
1087,2022-03-24,lower,14268.21242611832,2022-04-10 20:09:00-04:00,55.5
1097,2022-04-07,lower,14239.955251332522,2022-04-10 21:55:00-04:00,57.0
1098,2022-04-08,lower,14161.646099407772,2022-04-11 04:25:00-04:00,116.5
1085,2022-03-22,lower,14121.37027015438,2022-04-11 09:33:00-04:00,61.25
1084,2022-03-21,lower,14039.052082115206,2022-04-11 10:46:00-04:00,98.0
1101,2022-04-13,upper,14285.013848168608,2022-04-14 00:30:00-04:00,28.5
1083,2022-03-18,lower,13748.176154048422,2022-04-17 19:46:00-04:00,111.0
1104,2022-04-19,upper,14264.07134928854,2022-04-20 07:55:00-04:00,34.0
1103,2022-04-18,lower,13609.250742000215,2022-04-22 10:20:00-04:00,161.5
1110,2022-04-27,lower,12644.912422332749,2022-05-06 09:35:00-04:00,178.5
1113,2022-05-02,lower,12476.874443244957,2022-05-09 04:31:00-04:00,97.5
1117,2022-05-06,lower,12307.665710997568,2022-05-09 10:39:00-04:00,136.25
1118,2022-05-09,lower,12107.686455371198,2022-05-09 20:16:00-04:00,36.0
1119,2022-05-10,lower,12122.912972747228,2022-05-11 08:55:00-04:00,42.75
1120,2022-05-11,lower,11852.015796082807,2022-05-12 03:22:00-04:00,78.5
1121,2022-05-12,upper,12268.313117446343,2022-05-13 09:54:00-04:00,34.25
1122,2022-05-13,lower,11779.567880580866,2022-05-19 03:33:00-04:00,36.75
1128,2022-05-23,lower,11583.832248436425,2022-05-24 10:15:00-04:00,175.75
1130,2022-05-25,upper,12058.985649560062,2022-05-26 09:43:00-04:00,62.0
1129,2022-05-24,upper,12115.5432523897,2022-05-26 09:56:00-04:00,62.0
1128,2022-05-23,upper,12181.542751563575,2022-05-26 10:19:00-04:00,227.0
1131,2022-05-26,upper,12352.814438592224,2022-05-27 05:51:00-04:00,103.0
1125,2022-05-18,upper,12592.230044868815,2022-05-27 10:37:00-04:00,151.0
1132,2022-05-27,upper,12733.78235199662,2022-05-29 19:14:00-04:00,48.25
1124,2022-05-17,upper,12748.128693461784,2022-05-29 19:33:00-04:00,48.25
1118,2022-05-09,upper,12783.688544628802,2022-05-29 22:22:00-04:00,31.0
1119,2022-05-10,upper,12815.212027252772,2022-05-30 00:38:00-04:00,22.25
1133,2022-05-30,lower,12581.52690726071,2022-05-31 09:34:00-04:00,84.5
1138,2022-06-06,lower,12495.726312429277,2022-06-06 21:26:00-04:00,62.25
1137,2022-06-03,lower,12439.248149815852,2022-06-07 08:31:00-04:00,71.75
1139,2022-06-07,upper,12764.47816450088,2022-06-08 09:49:00-04:00,63.0
1132,2022-05-27,lower,12165.96764800338,2022-06-10 08:30:00-04:00,46.0
1136,2022-06-02,lower,12232.779875369513,2022-06-10 08:30:00-04:00,46.0
1139,2022-06-07,lower,12198.89683549912,2022-06-10 08:30:00-04:00,46.0
1131,2022-05-26,lower,11607.310561407776,2022-06-12 21:17:00-04:00,59.0
1130,2022-05-25,lower,11463.889350439938,2022-06-13 04:18:00-04:00,74.75
1129,2022-05-24,lower,11412.8317476103,2022-06-13 10:27:00-04:00,114.5
1145,2022-06-15,lower,11257.956617134842,2022-06-16 09:54:00-04:00,107.5
1143,2022-06-13,lower,11219.639261064722,2022-06-16 10:05:00-04:00,122.25
1147,2022-06-17,upper,11507.124027557198,2022-06-21 03:31:00-04:00,50.5
1146,2022-06-16,upper,11554.674231574641,2022-06-21 09:35:00-04:00,49.75
1148,2022-06-20,upper,11550.179976842752,2022-06-21 09:35:00-04:00,49.75
1149,2022-06-21,upper,11818.83622306228,2022-06-23 22:40:00-04:00,63.75
1150,2022-06-22,upper,11874.846477759074,2022-06-24 01:39:00-04:00,55.0
1151,2022-06-23,upper,11895.125130442535,2022-06-24 09:32:00-04:00,29.75
1152,2022-06-24,upper,12236.810160825215,2022-06-27 03:34:00-04:00,37.25
1152,2022-06-24,lower,11573.314839174785,2022-06-29 09:45:00-04:00,85.5
1151,2022-06-23,lower,11380.624869557465,2022-06-30 10:02:00-04:00,195.25
1155,2022-06-29,lower,11378.472697492016,2022-06-30 10:02:00-04:00,195.25
1158,2022-07-04,upper,11729.578380953579,2022-07-04 19:06:00-04:00,103.0
1160,2022-07-06,upper,12064.931469469657,2022-07-07 10:52:00-04:00,136.25
1162,2022-07-08,lower,11783.392712713761,2022-07-12 02:01:00-04:00,20.5
1160,2022-07-06,lower,11579.068530530343,2022-07-13 08:30:00-04:00,33.0
1161,2022-07-07,lower,11709.247550843076,2022-07-13 08:30:00-04:00,33.0
1164,2022-07-12,lower,11624.902893102582,2022-07-13 08:30:00-04:00,33.0
1166,2022-07-14,upper,11888.583341969457,2022-07-15 08:48:00-04:00,38.25
1167,2022-07-15,upper,12162.60462922617,2022-07-18 03:37:00-04:00,31.75
1154,2022-06-28,upper,12354.526735464444,2022-07-19 22:36:00-04:00,29.0
1153,2022-06-27,upper,12442.439464275212,2022-07-20 10:47:00-04:00,94.25
1170,2022-07-20,upper,12544.34347200561,2022-07-21 08:43:00-04:00,24.75
1171,2022-07-21,lower,12210.07686467328,2022-07-26 09:45:00-04:00,50.25
1177,2022-07-29,upper,13088.189952220942,2022-08-01 10:51:00-04:00,172.25
1179,2022-08-02,upper,13108.99430266321,2022-08-03 09:56:00-04:00,46.0
1180,2022-08-03,upper,13312.843340278974,2022-08-04 06:04:00-04:00,53.75
1181,2022-08-04,lower,13061.266921843504,2022-08-09 09:31:00-04:00,39.75
1183,2022-08-08,lower,13028.568800180667,2022-08-09 09:53:00-04:00,39.75
1184,2022-08-09,upper,13302.994635853946,2022-08-10 08:30:00-04:00,36.0
1182,2022-08-05,upper,13439.758793471228,2022-08-10 20:27:00-04:00,27.25
1181,2022-08-04,upper,13494.733078156496,2022-08-11 08:30:00-04:00,45.5
1185,2022-08-10,upper,13539.715846427483,2022-08-11 10:05:00-04:00,57.5
1183,2022-08-08,upper,13561.306199819333,2022-08-11 10:15:00-04:00,57.5
1187,2022-08-12,upper,13606.256169569082,2022-08-15 09:54:00-04:00,48.75
1188,2022-08-15,lower,13365.945639921973,2022-08-19 06:43:00-04:00,31.5
1190,2022-08-17,lower,13321.025025966936,2022-08-19 09:50:00-04:00,34.0
1191,2022-08-18,lower,13293.015863515035,2022-08-19 10:09:00-04:00,125.0
1192,2022-08-19,lower,13148.997800446936,2022-08-22 03:26:00-04:00,38.25
1185,2022-08-10,lower,13096.909153572517,2022-08-22 03:51:00-04:00,38.25
1184,2022-08-09,lower,12840.755364146054,2022-08-23 02:21:00-04:00,43.75
1193,2022-08-22,lower,12836.79262784472,2022-08-23 02:36:00-04:00,43.75
1195,2022-08-24,upper,13096.517773170734,2022-08-25 10:25:00-04:00,87.0
1194,2022-08-23,upper,13169.443883299631,2022-08-26 09:03:00-04:00,78.75
1198,2022-08-29,lower,12284.974091751095,2022-08-30 10:46:00-04:00,126.5
1201,2022-09-01,upper,12400.766479503596,2022-09-02 08:38:00-04:00,45.5
1203,2022-09-05,lower,11943.492632717136,2022-09-06 10:12:00-04:00,168.75
1201,2022-09-01,lower,11931.358520496404,2022-09-06 10:13:00-04:00,168.75
1204,2022-09-06,upper,12406.704601741834,2022-09-09 00:48:00-04:00,18.0
1206,2022-09-08,upper,12452.290778087321,2022-09-09 03:27:00-04:00,35.25
1200,2022-08-31,upper,12706.163063434018,2022-09-12 02:38:00-04:00,26.25
1198,2022-08-29,upper,12763.025908248905,2022-09-12 04:42:00-04:00,49.25
1199,2022-08-30,upper,12821.26914206977,2022-09-12 10:00:00-04:00,110.25
1208,2022-09-12,upper,12973.35751315287,2022-09-13 08:30:00-04:00,25.0
1208,2022-09-12,lower,12534.14248684713,2022-09-13 08:38:00-04:00,25.0
1205,2022-09-07,lower,11841.776479599794,2022-09-16 08:57:00-04:00,37.25
1213,2022-09-19,upper,12074.777340173583,2022-09-19 19:51:00-04:00,23.25
1216,2022-09-22,lower,11406.62824728022,2022-09-23 06:46:00-04:00,59.0
1219,2022-09-27,lower,11205.345983893674,2022-09-27 22:12:00-04:00,123.0
1217,2022-09-23,lower,11200.453623716281,2022-09-27 22:19:00-04:00,123.0
1222,2022-09-30,lower,10951.813380464959,2022-10-02 19:52:00-04:00,71.25
1223,2022-10-03,upper,11394.19061439567,2022-10-03 20:17:00-04:00,48.0
1222,2022-09-30,upper,11443.811619535041,2022-10-04 02:46:00-04:00,29.25
1221,2022-09-29,upper,11659.698774180375,2022-10-04 10:01:00-04:00,123.5
1217,2022-09-23,upper,11665.171376283719,2022-10-04 10:12:00-04:00,123.5
1226,2022-10-06,lower,11320.090857567091,2022-10-07 08:51:00-04:00,22.75
1224,2022-10-04,lower,11293.145995587087,2022-10-07 09:44:00-04:00,243.5
1225,2022-10-05,lower,11210.846316789759,2022-10-07 10:01:00-04:00,162.25
1223,2022-10-03,lower,10839.30938560433,2022-10-11 09:56:00-04:00,63.25
1228,2022-10-10,lower,10828.911918928978,2022-10-11 09:58:00-04:00,63.25
1229,2022-10-11,lower,10626.049230701945,2022-10-13 08:30:00-04:00,79.5
1230,2022-10-12,lower,10612.661745419522,2022-10-13 08:30:00-04:00,79.5
1229,2022-10-11,upper,11160.575769298055,2022-10-13 22:31:00-04:00,105.5
1233,2022-10-17,upper,11282.132898557971,2022-10-17 23:42:00-04:00,15.25
1228,2022-10-10,upper,11334.338081071022,2022-10-18 00:18:00-04:00,128.5
1227,2022-10-07,upper,11564.971176348332,2022-10-25 09:31:00-04:00,34.0
1238,2022-10-24,upper,11643.776491612476,2022-10-25 09:54:00-04:00,34.0
1234,2022-10-18,upper,11657.433404218707,2022-10-25 09:55:00-04:00,34.0
1239,2022-10-25,lower,11295.296535945847,2022-10-27 09:51:00-04:00,103.75
1235,2022-10-19,lower,10890.143606830316,2022-11-03 06:18:00-04:00,42.75
1236,2022-10-20,lower,10838.772800764338,2022-11-03 07:28:00-04:00,69.25
1233,2022-10-17,lower,10785.242101442029,2022-11-03 09:44:00-04:00,56.75
1237,2022-10-21,lower,10764.719610538341,2022-11-03 09:45:00-04:00,56.75
1248,2022-11-07,upper,11131.65562868064,2022-11-08 10:48:00-05:00,97.75
1250,2022-11-09,upper,11198.403031557606,2022-11-10 08:30:00-05:00,27.25
1249,2022-11-08,upper,11265.117067630265,2022-11-10 08:45:00-05:00,27.25
1243,2022-10-31,upper,11701.105117735204,2022-11-11 00:48:00-05:00,30.5
1240,2022-10-26,upper,11747.73290059356,2022-11-11 02:46:00-05:00,34.0
1252,2022-11-11,upper,11911.900365803349,2022-11-15 07:27:00-05:00,25.75
1253,2022-11-14,upper,11963.510825379766,2022-11-15 08:30:00-05:00,62.5
1255,2022-11-16,lower,11592.448534422849,2022-11-17 08:08:00-05:00,66.25
1253,2022-11-14,lower,11555.739174620234,2022-11-17 09:00:00-05:00,78.5
1256,2022-11-17,upper,11797.285748835813,2022-11-18 05:40:00-05:00,63.0
1257,2022-11-18,lower,11549.211504960516,2022-11-22 03:32:00-05:00,31.5
1259,2022-11-22,upper,11790.142005674923,2022-11-23 07:40:00-05:00,31.75
1258,2022-11-21,upper,11849.28186562853,2022-11-23 09:54:00-05:00,45.25
1261,2022-11-24,lower,11787.196029486602,2022-11-25 09:31:00-05:00,34.75
1262,2022-11-25,lower,11643.535986435312,2022-11-28 05:02:00-05:00,64.75
1260,2022-11-23,lower,11573.070378612196,2022-11-29 09:45:00-05:00,58.75
1266,2022-12-01,lower,11789.394449088326,2022-12-02 08:31:00-05:00,33.25
1268,2022-12-05,lower,11735.080997899688,2022-12-06 09:44:00-05:00,43.75
1267,2022-12-02,lower,11677.698355199149,2022-12-06 09:57:00-05:00,43.75
1269,2022-12-06,lower,11501.850823944607,2022-12-07 06:44:00-05:00,21.5
1258,2022-11-21,lower,11443.71813437147,2022-12-07 07:21:00-05:00,60.25
1264,2022-11-29,lower,11439.211018160979,2022-12-07 07:27:00-05:00,60.25
1270,2022-12-07,upper,11739.750537768581,2022-12-09 08:30:00-05:00,45.75
1273,2022-12-12,upper,11855.629740050335,2022-12-13 03:01:00-05:00,23.75
1269,2022-12-06,upper,12005.524176055393,2022-12-13 08:26:00-05:00,48.75
1267,2022-12-02,upper,12062.801644800851,2022-12-13 08:29:00-05:00,48.75
1268,2022-12-05,upper,12101.919002100312,2022-12-13 08:29:00-05:00,48.75
1254,2022-11-15,upper,12218.957330024152,2022-12-13 08:30:00-05:00,48.75
1266,2022-12-01,upper,12311.730550911674,2022-12-13 08:30:00-05:00,48.75
1273,2022-12-12,lower,11529.745259949665,2022-12-15 10:04:00-05:00,158.25
1265,2022-11-30,lower,11381.964807967212,2022-12-16 03:14:00-05:00,63.0
1271,2022-12-08,lower,11315.876460299049,2022-12-16 04:25:00-05:00,110.75
1278,2022-12-19,lower,11121.328961004048,2022-12-19 22:11:00-05:00,19.25
1280,2022-12-21,lower,11036.300929721321,2022-12-22 10:12:00-05:00,115.5
1287,2023-01-03,lower,10779.425622787592,2023-01-06 04:35:00-05:00,24.25
1282,2022-12-23,upper,11211.791251359777,2023-01-09 09:30:00-05:00,50.75
1283,2022-12-27,upper,11232.564966598495,2023-01-09 09:31:00-05:00,50.75
1288,2023-01-04,upper,11242.204783054403,2023-01-09 09:32:00-05:00,50.75
1287,2023-01-03,upper,11388.574377212408,2023-01-11 10:30:00-05:00,72.25
1293,2023-01-11,upper,11509.481806465741,2023-01-12 08:18:00-05:00,34.5
1278,2022-12-19,upper,11527.296038995952,2023-01-12 08:28:00-05:00,34.5
1295,2023-01-13,upper,11631.48996521479,2023-01-15 20:58:00-05:00,25.25
1277,2022-12-16,upper,11644.39805068837,2023-01-17 10:00:00-05:00,77.75
1294,2023-01-12,upper,11716.054661598511,2023-01-18 08:30:00-05:00,31.0
1296,2023-01-16,upper,11708.830563420666,2023-01-18 08:30:00-05:00,31.0
1297,2023-01-17,lower,11413.349099754087,2023-01-19 05:26:00-05:00,41.5
1297,2023-01-17,upper,11802.650900245913,2023-01-23 09:51:00-05:00,38.75
1298,2023-01-18,upper,11869.08571788345,2023-01-23 10:47:00-05:00,149.75
1302,2023-01-24,lower,11693.33517488565,2023-01-25 09:30:00-05:00,61.0
1302,2023-01-24,upper,12061.53982511435,2023-01-26 09:32:00-05:00,80.0
1306,2023-01-30,lower,11895.872014981738,2023-01-31 05:34:00-05:00,24.75
1309,2023-02-02,lower,12500.098735179718,2023-02-06 04:53:00-05:00,45.75
1312,2023-02-07,lower,12340.168862818882,2023-02-10 04:56:00-05:00,46.0
1310,2023-02-03,lower,12320.31182394092,2023-02-10 05:02:00-05:00,99.75
1311,2023-02-06,lower,12321.531123900639,2023-02-10 05:02:00-05:00,99.75
1316,2023-02-13,upper,12614.653492198106,2023-02-14 08:29:00-05:00,26.0
1318,2023-02-15,lower,12377.141552724202,2023-02-17 02:02:00-05:00,26.75
1319,2023-02-16,lower,12344.34054521155,2023-02-17 03:36:00-05:00,40.0
1321,2023-02-20,lower,12259.764318305486,2023-02-21 03:46:00-05:00,35.75
1316,2023-02-13,lower,12200.096507801894,2023-02-21 10:12:00-05:00,73.5
1322,2023-02-21,lower,12041.934029496524,2023-02-22 10:16:00-05:00,59.0
1308,2023-02-01,lower,11986.569081537058,2023-02-24 08:39:00-05:00,20.75
1325,2023-02-24,upper,12183.818814027736,2023-02-27 10:09:00-05:00,45.25
1326,2023-02-27,lower,11962.934722229944,2023-03-01 10:11:00-05:00,75.5
1327,2023-02-28,lower,11896.630632581931,2023-03-01 20:39:00-05:00,46.25
1323,2023-02-22,lower,11892.536197123522,2023-03-01 20:40:00-05:00,46.25
1323,2023-02-22,upper,12335.463802876478,2023-03-05 21:37:00-05:00,33.5
1330,2023-03-03,upper,12344.409548221498,2023-03-05 21:39:00-05:00,33.5
1322,2023-02-21,upper,12422.565970503476,2023-03-06 10:17:00-05:00,49.25
1324,2023-02-23,upper,12423.04259798885,2023-03-06 10:17:00-05:00,49.25
1331,2023-03-06,lower,12203.699916401045,2023-03-07 10:08:00-05:00,49.75
1335,2023-03-10,upper,12213.8751113092,2023-03-13 02:12:00-04:00,32.5
1336,2023-03-13,upper,12215.005555992415,2023-03-14 09:16:00-04:00,170.75
1333,2023-03-08,upper,12357.00815734723,2023-03-14 22:08:00-04:00,22.75
1337,2023-03-14,upper,12439.642295720492,2023-03-15 20:29:00-04:00,36.5
1334,2023-03-09,upper,12461.976905940846,2023-03-15 21:08:00-04:00,57.25
1321,2023-02-20,upper,12516.985681694514,2023-03-16 10:54:00-04:00,104.5
1341,2023-03-20,upper,12804.894940581522,2023-03-21 09:32:00-04:00,35.25
1346,2023-03-27,lower,12736.870630244797,2023-03-28 09:33:00-04:00,38.75
1344,2023-03-23,lower,12676.622596200361,2023-03-28 10:00:00-04:00,95.5
1345,2023-03-24,upper,13008.379541218379,2023-03-30 05:27:00-04:00,16.5
1348,2023-03-29,upper,13044.435005252406,2023-03-30 08:11:00-04:00,16.25
1344,2023-03-23,upper,13081.252403799639,2023-03-30 10:00:00-04:00,47.0
1346,2023-03-27,upper,13102.629369755203,2023-03-30 10:28:00-04:00,47.0
1352,2023-04-04,lower,13100.946936245124,2023-04-05 10:19:00-04:00,88.0
1351,2023-04-03,lower,13062.13261025822,2023-04-05 10:44:00-04:00,88.0
1353,2023-04-05,lower,12969.69249010037,2023-04-06 09:34:00-04:00,56.0
1355,2023-04-10,upper,13195.157886365982,2023-04-11 05:02:00-04:00,27.0
1358,2023-04-13,upper,13252.1139706832,2023-04-14 10:04:00-04:00,136.5
1361,2023-04-18,lower,13049.068378614229,2023-04-20 04:37:00-04:00,72.75
1360,2023-04-17,lower,13017.100469293404,2023-04-21 06:50:00-04:00,26.0
1362,2023-04-19,lower,12962.19925758433,2023-04-25 10:07:00-04:00,49.5
1365,2023-04-24,lower,12931.882433696444,2023-04-25 10:35:00-04:00,49.5
1367,2023-04-26,upper,13095.741714779244,2023-04-27 10:34:00-04:00,49.0
1353,2023-04-05,upper,13337.05750989963,2023-04-30 22:55:00-04:00,14.5
1357,2023-04-12,upper,13354.499817652139,2023-05-01 02:42:00-04:00,22.25
1359,2023-04-14,upper,13363.054618825254,2023-05-01 02:42:00-04:00,22.25
1370,2023-05-01,lower,13176.138032476792,2023-05-02 10:36:00-04:00,47.5
1369,2023-04-28,lower,13042.435086729922,2023-05-04 09:44:00-04:00,39.25
1373,2023-05-04,upper,13224.223199417047,2023-05-05 10:09:00-04:00,81.0
1369,2023-04-28,upper,13410.064913270078,2023-05-10 09:32:00-04:00,139.25
1376,2023-05-09,upper,13411.199002032656,2023-05-10 09:32:00-04:00,139.25
1375,2023-05-08,upper,13420.995773064913,2023-05-10 10:04:00-04:00,95.75
1370,2023-05-01,upper,13428.486967523208,2023-05-10 10:08:00-04:00,95.75
1371,2023-05-02,upper,13454.855520657635,2023-05-11 03:46:00-04:00,22.0
1361,2023-04-18,upper,13458.181621385771,2023-05-11 04:17:00-04:00,38.0
1385,2023-05-22,lower,13706.076931880389,2023-05-24 03:03:00-04:00,20.75
1386,2023-05-23,lower,13705.75447902552,2023-05-24 03:03:00-04:00,20.75
1386,2023-05-23,upper,13975.37052097448,2023-05-25 09:06:00-04:00,47.0
1384,2023-05-19,upper,14037.217523662237,2023-05-26 07:26:00-04:00,58.25
1385,2023-05-22,upper,14038.798068119611,2023-05-26 07:42:00-04:00,58.25
1388,2023-05-25,upper,14124.819324931072,2023-05-26 10:00:00-04:00,109.25
1390,2023-05-29,upper,14500.603669049202,2023-05-30 05:20:00-04:00,62.25
1392,2023-05-31,upper,14550.866559532675,2023-06-02 05:14:00-04:00,26.75
1391,2023-05-30,upper,14725.630739165332,2023-06-12 00:00:00-04:00,13.25
1395,2023-06-05,upper,14747.391837767087,2023-06-12 00:00:00-04:00,13.25
1396,2023-06-06,upper,14705.582042342263,2023-06-12 00:00:00-04:00,13.25
1394,2023-06-02,upper,14766.651222966137,2023-06-12 01:07:00-04:00,12.25
1399,2023-06-09,upper,14781.10558132931,2023-06-12 02:16:00-04:00,15.75
1397,2023-06-07,upper,14796.265242329355,2023-06-12 03:51:00-04:00,22.75
1404,2023-06-16,lower,15222.97180417187,2023-06-20 01:20:00-04:00,8.25
1405,2023-06-19,lower,15127.861700125628,2023-06-20 10:30:00-04:00,106.25
1406,2023-06-20,lower,14975.540735129565,2023-06-22 02:13:00-04:00,26.5
1412,2023-06-28,upper,15254.069572783555,2023-06-30 08:38:00-04:00,19.25
1408,2023-06-22,upper,15255.780357455948,2023-06-30 08:39:00-04:00,19.25
1410,2023-06-26,upper,15256.948067275396,2023-06-30 08:39:00-04:00,19.25
1413,2023-06-29,upper,15290.171958931223,2023-06-30 09:43:00-04:00,87.5
1405,2023-06-19,upper,15364.888299874372,2023-06-30 10:20:00-04:00,96.25
1407,2023-06-21,upper,15385.778277982936,2023-07-03 04:11:00-04:00,18.25
1416,2023-07-04,lower,15242.18319312509,2023-07-06 08:30:00-04:00,22.5
1415,2023-07-03,lower,15217.434278627898,2023-07-06 08:38:00-04:00,22.5
1417,2023-07-05,lower,15123.607764319166,2023-07-06 10:05:00-04:00,85.0
1418,2023-07-06,upper,15359.868794196565,2023-07-12 08:30:00-04:00,31.5
1420,2023-07-10,upper,15363.52393419702,2023-07-12 08:30:00-04:00,31.5
1419,2023-07-07,upper,15404.626860323093,2023-07-12 08:31:00-04:00,31.5
1421,2023-07-11,upper,15390.16854075785,2023-07-12 08:31:00-04:00,31.5
1406,2023-06-20,upper,15454.584264870435,2023-07-12 09:48:00-04:00,124.75
1414,2023-06-30,upper,15487.728110338554,2023-07-12 10:09:00-04:00,73.0
1416,2023-07-04,upper,15480.31680687491,2023-07-12 10:09:00-04:00,73.0
1415,2023-07-03,upper,15501.440721372102,2023-07-12 10:19:00-04:00,73.0
1417,2023-07-05,upper,15527.892235680834,2023-07-13 00:13:00-04:00,18.5
1430,2023-07-24,upper,15770.652112320444,2023-07-27 03:49:00-04:00,25.0
1432,2023-07-26,upper,15771.204732097638,2023-07-27 03:49:00-04:00,25.0
1431,2023-07-25,upper,15778.833445787948,2023-07-27 04:09:00-04:00,64.5
1429,2023-07-21,upper,15897.89369544417,2023-07-27 09:45:00-04:00,36.5
1435,2023-07-31,lower,15680.358069343134,2023-08-02 02:53:00-04:00,27.75
1436,2023-08-01,lower,15614.468371465435,2023-08-02 04:02:00-04:00,64.25
1434,2023-07-28,lower,15562.880214080487,2023-08-02 10:08:00-04:00,99.0
1430,2023-07-24,lower,15359.097887679556,2023-08-03 03:31:00-04:00,67.25
1422,2023-07-12,lower,15258.530623284445,2023-08-08 10:11:00-04:00,114.0
1439,2023-08-04,lower,15237.655694235033,2023-08-08 10:57:00-04:00,114.0
1441,2023-08-08,lower,15133.43673161332,2023-08-11 08:31:00-04:00,28.0
1443,2023-08-10,lower,15088.731762423424,2023-08-11 08:49:00-04:00,28.0
1447,2023-08-16,lower,14907.749306880967,2023-08-16 20:19:00-04:00,16.25
1444,2023-08-11,lower,14901.54356216347,2023-08-16 20:39:00-04:00,16.25
1445,2023-08-14,lower,14877.054024812234,2023-08-17 10:33:00-04:00,106.25
1449,2023-08-18,upper,14823.580191280835,2023-08-21 04:24:00-04:00,80.5
1450,2023-08-21,upper,15046.702045487342,2023-08-22 03:44:00-04:00,37.5
1448,2023-08-17,upper,15178.222756936233,2023-08-23 10:51:00-04:00,125.0
1454,2023-08-25,upper,15179.062138640245,2023-08-29 10:00:00-04:00,115.0
1455,2023-08-28,upper,15281.362425241365,2023-08-29 10:22:00-04:00,115.0
1442,2023-08-09,upper,15532.052676827978,2023-08-31 08:16:00-04:00,57.5
1441,2023-08-08,upper,15557.31326838668,2023-08-31 09:45:00-04:00,51.5
1443,2023-08-10,upper,15569.768237576576,2023-08-31 10:00:00-04:00,86.75
1453,2023-08-24,upper,15589.592104097457,2023-08-31 10:21:00-04:00,86.75
1440,2023-08-07,upper,15629.551658579476,2023-09-01 08:32:00-04:00,23.25
1457,2023-08-30,upper,15629.449940807615,2023-09-01 08:32:00-04:00,23.25
1460,2023-09-04,lower,15439.378375806675,2023-09-05 04:12:00-04:00,46.25
1459,2023-09-01,lower,15389.281890276656,2023-09-06 10:13:00-04:00,53.75
1462,2023-09-06,lower,15268.239324433607,2023-09-07 08:14:00-04:00,37.75
1457,2023-08-30,lower,15227.925059192385,2023-09-07 08:32:00-04:00,37.75
1463,2023-09-07,upper,15365.185919182659,2023-09-08 09:50:00-04:00,50.0
1461,2023-09-05,upper,15639.465689431374,2023-09-11 09:33:00-04:00,32.75
1465,2023-09-11,lower,15421.240815329766,2023-09-13 08:30:00-04:00,50.0
1466,2023-09-12,lower,15437.157466874622,2023-09-13 08:30:00-04:00,50.0
1468,2023-09-14,lower,15426.248171057954,2023-09-15 10:59:00-04:00,144.5
1467,2023-09-13,lower,15323.86663134196,2023-09-19 09:50:00-04:00,45.75
1464,2023-09-08,lower,15106.912083583575,2023-09-20 20:07:00-04:00,22.5
1463,2023-09-07,lower,15034.564080817341,2023-09-21 06:01:00-04:00,35.25
1473,2023-09-21,lower,14797.891152351334,2023-09-25 04:44:00-04:00,32.0
1474,2023-09-22,lower,14756.293148302426,2023-09-26 10:13:00-04:00,82.5
1476,2023-09-26,upper,15007.11661205743,2023-09-29 08:30:00-04:00,40.75
1475,2023-09-25,upper,15030.213529050536,2023-09-29 09:48:00-04:00,87.0
1481,2023-10-03,lower,14608.482636343826,2023-10-04 02:18:00-04:00,50.0
1486,2023-10-10,upper,15423.339015007881,2023-10-11 20:06:00-04:00,14.25
1490,2023-10-16,lower,14977.196253654805,2023-10-19 03:46:00-04:00,29.5
1492,2023-10-18,lower,14960.180489348062,2023-10-19 03:49:00-04:00,29.5
1485,2023-10-09,lower,14811.455813199624,2023-10-20 02:21:00-04:00,23.0
1483,2023-10-05,lower,14637.371414457424,2023-10-23 03:43:00-04:00,18.25
1494,2023-10-20,lower,14609.982422914665,2023-10-23 05:05:00-04:00,42.0
1482,2023-10-04,lower,14571.433193573237,2023-10-23 05:31:00-04:00,42.0
1477,2023-09-27,lower,14562.4107943609,2023-10-23 05:32:00-04:00,42.0
1484,2023-10-06,lower,14524.195341913888,2023-10-23 05:48:00-04:00,42.0
1495,2023-10-23,upper,14861.637096466304,2023-10-24 10:38:00-04:00,79.5
1496,2023-10-24,lower,14596.908218834995,2023-10-25 10:27:00-04:00,153.0
1495,2023-10-23,lower,14341.862903533696,2023-10-25 19:21:00-04:00,76.5
1501,2023-10-31,upper,14601.035061183555,2023-11-01 10:22:00-04:00,114.5
1500,2023-10-30,upper,14619.357213490988,2023-11-01 10:23:00-04:00,114.5
1497,2023-10-25,upper,14935.534575520875,2023-11-02 08:30:00-04:00,29.25
1494,2023-10-20,upper,15070.892577085335,2023-11-03 09:31:00-04:00,125.5
1503,2023-11-02,upper,15083.732484351021,2023-11-03 09:43:00-04:00,125.5
1504,2023-11-03,upper,15268.539634336601,2023-11-07 09:17:00-05:00,33.75
1493,2023-10-19,upper,15275.736996760073,2023-11-07 09:18:00-05:00,33.75
1492,2023-10-18,upper,15343.319510651938,2023-11-07 10:28:00-05:00,79.25
1491,2023-10-17,upper,15360.114190722343,2023-11-07 10:40:00-05:00,79.25
1505,2023-11-06,upper,15362.709554818362,2023-11-07 10:41:00-05:00,79.25
1510,2023-11-13,upper,15665.251049723287,2023-11-14 08:30:00-05:00,19.75
1511,2023-11-14,upper,15999.786834905073,2023-11-15 08:25:00-05:00,24.0
1514,2023-11-17,upper,15994.229960445984,2023-11-20 09:58:00-05:00,32.5
1516,2023-11-21,upper,16158.55957440403,2023-11-22 09:36:00-05:00,26.75
1518,2023-11-23,lower,15958.763632343205,2023-11-26 21:04:00-05:00,19.25
1521,2023-11-28,upper,16103.147216602607,2023-11-29 04:23:00-05:00,44.0
1520,2023-11-27,upper,16150.415113714713,2023-11-29 08:06:00-05:00,21.5
1518,2023-11-23,upper,16164.611367656795,2023-11-29 08:30:00-05:00,21.5
1519,2023-11-24,upper,16161.885073242043,2023-11-29 08:30:00-05:00,21.5
1522,2023-11-29,lower,15967.453281160262,2023-11-30 09:42:00-05:00,49.5
1519,2023-11-24,lower,15888.614926757957,2023-11-30 10:48:00-05:00,105.0
1521,2023-11-28,lower,15854.352783397393,2023-12-04 09:24:00-05:00,65.0
1516,2023-11-21,lower,15825.81542559597,2023-12-04 09:51:00-05:00,65.0
1523,2023-11-30,lower,15820.722394369506,2023-12-04 10:15:00-05:00,85.0
1524,2023-12-01,lower,15763.11166609792,2023-12-04 10:24:00-05:00,85.0
1515,2023-11-20,lower,15747.922036739732,2023-12-04 10:28:00-05:00,85.0
1514,2023-11-17,lower,15722.395039554016,2023-12-04 10:53:00-05:00,85.0
1525,2023-12-04,upper,16019.860859026965,2023-12-06 09:00:00-05:00,84.75
1526,2023-12-05,upper,16031.998355606553,2023-12-06 09:23:00-05:00,84.75
1524,2023-12-01,upper,16085.76333390208,2023-12-08 10:11:00-05:00,87.5
1528,2023-12-07,upper,16111.463071266982,2023-12-08 10:24:00-05:00,87.5
1523,2023-11-30,upper,16196.902605630494,2023-12-11 00:00:00-05:00,10.5
1527,2023-12-06,upper,16208.126026151109,2023-12-11 00:00:00-05:00,10.5
1529,2023-12-08,upper,16209.423002982388,2023-12-11 00:00:00-05:00,10.5
1517,2023-11-22,upper,16300.91155252398,2023-12-11 04:25:00-05:00,19.25
1522,2023-11-29,upper,16326.546718839738,2023-12-11 09:33:00-05:00,26.75
1530,2023-12-11,upper,16478.359105597912,2023-12-11 19:21:00-05:00,15.25
1533,2023-12-14,upper,16980.404600724352,2023-12-19 07:17:00-05:00,24.75
1535,2023-12-18,upper,16999.357653136416,2023-12-19 10:31:00-05:00,51.0
1539,2023-12-22,upper,17145.732745703783,2023-12-27 20:09:00-05:00,15.5
1540,2023-12-26,upper,17154.551837927178,2023-12-27 20:43:00-05:00,15.5
1537,2023-12-20,upper,17161.66111147293,2023-12-28 07:34:00-05:00,9.25
1542,2023-12-28,lower,17003.61585585585,2023-12-29 10:48:00-05:00,33.75
1540,2023-12-26,lower,16886.198162072822,2024-01-02 06:27:00-05:00,29.25
1539,2023-12-22,lower,16868.892254296217,2024-01-02 06:34:00-05:00,29.25
1538,2023-12-21,lower,16727.620588496313,2024-01-02 09:56:00-05:00,38.5
1535,2023-12-18,lower,16716.142346863584,2024-01-02 10:30:00-05:00,158.25
1544,2024-01-02,lower,16606.828216044698,2024-01-03 07:35:00-05:00,29.75
1532,2023-12-13,lower,16488.54939710143,2024-01-04 08:21:00-05:00,31.25
1545,2024-01-03,lower,16435.46891329104,2024-01-05 00:20:00-05:00,15.75
1546,2024-01-04,upper,16639.231009485135,2024-01-08 10:04:00-05:00,161.25
1547,2024-01-05,upper,16661.23570688657,2024-01-08 10:48:00-05:00,161.25
1550,2024-01-10,upper,16987.228593438093,2024-01-10 20:07:00-05:00,27.5
1544,2024-01-02,upper,17043.921783955302,2024-01-11 03:26:00-05:00,12.5
1553,2024-01-15,lower,16837.32090714007,2024-01-16 03:03:00-05:00,27.75
1552,2024-01-12,lower,16823.93116504002,2024-01-16 03:04:00-05:00,27.75
1554,2024-01-16,lower,16716.46127168041,2024-01-17 09:48:00-05:00,85.25
1550,2024-01-10,lower,16690.521406561907,2024-01-17 10:00:00-05:00,140.0
1551,2024-01-11,lower,16699.745493257127,2024-01-17 10:00:00-05:00,140.0
1555,2024-01-17,upper,17013.626595573453,2024-01-18 07:37:00-05:00,58.0
1553,2024-01-15,upper,17071.67909285993,2024-01-18 10:48:00-05:00,72.0
1556,2024-01-18,upper,17169.014278191687,2024-01-18 21:48:00-05:00,27.75
1552,2024-01-12,upper,17172.94383495998,2024-01-18 22:00:00-05:00,20.75
1543,2023-12-29,upper,17209.447723507175,2024-01-19 03:59:00-05:00,39.0
1551,2024-01-11,upper,17218.754506742873,2024-01-19 04:13:00-05:00,42.75
1541,2023-12-27,upper,17241.52214873588,2024-01-19 05:51:00-05:00,35.25
1559,2024-01-23,upper,17629.672967767547,2024-01-24 01:52:00-05:00,19.0
1558,2024-01-22,upper,17717.829133271625,2024-01-24 10:29:00-05:00,58.0
1560,2024-01-24,lower,17524.716559417848,2024-01-25 20:00:00-05:00,21.25
1563,2024-01-29,lower,17406.34184385252,2024-01-31 04:15:00-05:00,27.5
1562,2024-01-26,lower,17386.561549636164,2024-01-31 04:17:00-05:00,27.5
1558,2024-01-22,lower,17338.545866728375,2024-01-31 06:01:00-05:00,27.25
1559,2024-01-23,lower,17306.577032232453,2024-01-31 10:32:00-05:00,79.25
1564,2024-01-30,upper,17812.5491509663,2024-02-07 10:14:00-05:00,60.75
1560,2024-01-24,upper,17846.033440582152,2024-02-07 10:27:00-05:00,60.75
1561,2024-01-25,upper,17875.211386513845,2024-02-07 10:52:00-05:00,60.75
1568,2024-02-05,upper,17902.655592144743,2024-02-09 03:02:00-05:00,25.5
1569,2024-02-06,upper,17946.099026789314,2024-02-09 08:31:00-05:00,25.25
1571,2024-02-08,upper,17983.080504427424,2024-02-09 10:34:00-05:00,69.0
1573,2024-02-12,lower,17892.693496105894,2024-02-13 03:46:00-05:00,19.0
1572,2024-02-09,lower,17738.414944922893,2024-02-13 08:30:00-05:00,37.5
1571,2024-02-08,lower,17689.669495572576,2024-02-13 08:32:00-05:00,37.5
1575,2024-02-14,upper,17990.626370761616,2024-02-16 03:18:00-05:00,27.25
1576,2024-02-15,lower,17676.52460225718,2024-02-19 21:00:00-05:00,74.75
1578,2024-02-19,lower,17652.603222612077,2024-02-20 03:21:00-05:00,27.75
1575,2024-02-14,lower,17593.123629238384,2024-02-20 09:40:00-05:00,43.0
1577,2024-02-16,lower,17605.139797406704,2024-02-20 09:40:00-05:00,43.0
1568,2024-02-05,lower,17489.094407855257,2024-02-20 10:30:00-05:00,180.75
1578,2024-02-19,upper,17928.521777387923,2024-02-22 09:45:00-05:00,36.25
1579,2024-02-20,upper,17927.209425475638,2024-02-22 09:45:00-05:00,36.25
1581,2024-02-22,upper,18108.59940195433,2024-02-23 09:20:00-05:00,51.0
1582,2024-02-23,lower,17902.034269207063,2024-02-28 04:41:00-05:00,48.25
1583,2024-02-26,lower,17839.442824688555,2024-02-29 03:10:00-05:00,32.0
1577,2024-02-16,upper,18145.110202593296,2024-03-01 02:03:00-05:00,16.0
1573,2024-02-12,upper,18166.181503894106,2024-03-01 10:00:00-05:00,63.25
1584,2024-02-27,upper,18181.861360565214,2024-03-01 10:10:00-05:00,63.25
1583,2024-02-26,upper,18186.182175311445,2024-03-01 10:13:00-05:00,63.25
1588,2024-03-04,lower,18169.62004403596,2024-03-05 01:31:00-05:00,26.0
1587,2024-03-01,lower,17936.756730880457,2024-03-05 10:32:00-05:00,121.75
1591,2024-03-07,upper,18390.720229220504,2024-03-08 10:00:00-05:00,102.0
1593,2024-03-11,upper,18412.61624174652,2024-03-12 10:41:00-04:00,165.0
1596,2024-03-14,lower,18078.053768774233,2024-03-15 09:45:00-04:00,51.0
1597,2024-03-15,upper,18353.50334997892,2024-03-18 09:46:00-04:00,26.75
1598,2024-03-18,lower,18106.176019092043,2024-03-19 07:37:00-04:00,33.75
1599,2024-03-19,upper,18320.328722424594,2024-03-20 07:29:00-04:00,38.25
1592,2024-03-08,upper,18569.96596831918,2024-03-20 19:07:00-04:00,36.25
1594,2024-03-12,upper,18583.89754582985,2024-03-20 19:22:00-04:00,36.25
1596,2024-03-14,upper,18597.821231225767,2024-03-21 00:31:00-04:00,12.25
1595,2024-03-13,upper,18608.29114754552,2024-03-21 01:39:00-04:00,17.75
1601,2024-03-21,lower,18500.875677885975,2024-03-22 08:17:00-04:00,78.25
1604,2024-03-26,lower,18411.910640705857,2024-03-27 10:02:00-04:00,125.75
1602,2024-03-22,lower,18375.152865133503,2024-04-02 08:40:00-04:00,44.0
1606,2024-03-28,lower,18332.642898587055,2024-04-02 08:50:00-04:00,44.0
1607,2024-04-01,lower,18323.650439996607,2024-04-02 09:00:00-04:00,86.75
1603,2024-03-25,lower,18265.28429594975,2024-04-02 09:33:00-04:00,86.75
1605,2024-03-27,lower,18266.626181235515,2024-04-02 09:33:00-04:00,86.75
1609,2024-04-03,upper,18542.060069309577,2024-04-04 09:00:00-04:00,99.5
1612,2024-04-08,lower,18099.594831948525,2024-04-10 08:36:00-04:00,17.0
1613,2024-04-09,lower,18104.71379025402,2024-04-10 08:36:00-04:00,17.0
1620,2024-04-18,lower,17410.581461499758,2024-04-18 21:04:00-04:00,76.25
1622,2024-04-22,upper,17525.21619148364,2024-04-23 09:56:00-04:00,67.75
1623,2024-04-23,upper,17720.605247732077,2024-04-23 21:19:00-04:00,33.75
1621,2024-04-19,upper,17727.306506392364,2024-04-23 21:48:00-04:00,33.75
1624,2024-04-24,upper,17928.001554531023,2024-04-29 08:54:00-04:00,37.5
1630,2024-05-02,upper,17819.63219946777,2024-05-03 08:30:00-04:00,31.75
1626,2024-04-26,upper,17980.92676687437,2024-05-03 09:45:00-04:00,219.0
1628,2024-04-30,upper,18021.84481907967,2024-05-03 10:00:00-04:00,103.5
1618,2024-04-16,upper,18099.553537313353,2024-05-06 09:38:00-04:00,35.25
1627,2024-04-29,upper,18115.39107608424,2024-05-06 10:06:00-04:00,67.0
1632,2024-05-06,upper,18240.819564105637,2024-05-07 10:56:00-04:00,48.0
1634,2024-05-08,upper,18318.397605320453,2024-05-10 09:35:00-04:00,52.25
1635,2024-05-09,upper,18347.544038678338,2024-05-10 09:49:00-04:00,52.25
1633,2024-05-07,upper,18359.901500514046,2024-05-14 10:26:00-04:00,76.25
1636,2024-05-10,upper,18479.93747753404,2024-05-15 08:30:00-04:00,14.25
1637,2024-05-13,upper,18479.049190011305,2024-05-15 08:30:00-04:00,14.25
1638,2024-05-14,upper,18484.564685290257,2024-05-15 08:30:00-04:00,14.25
1640,2024-05-16,upper,18830.790448757154,2024-05-22 10:00:00-04:00,41.75
1644,2024-05-22,upper,18941.475837723636,2024-05-22 22:59:00-04:00,47.25
1646,2024-05-24,upper,18958.714051933915,2024-05-28 04:14:00-04:00,31.0
1647,2024-05-27,lower,18759.350668282255,2024-05-29 09:27:00-04:00,62.5
1641,2024-05-17,lower,18508.723924773964,2024-05-30 20:35:00-04:00,23.75
1642,2024-05-20,lower,18477.15801455111,2024-05-31 10:15:00-04:00,127.5
1653,2024-06-04,upper,18807.187537455473,2024-06-05 07:40:00-04:00,23.5
1651,2024-05-31,upper,18848.519801691473,2024-06-05 09:29:00-04:00,50.25
1652,2024-06-03,upper,18896.411467455782,2024-06-05 10:30:00-04:00,45.75
1650,2024-05-30,upper,18923.21482195206,2024-06-05 10:34:00-04:00,45.75
1655,2024-06-06,upper,19260.324238183544,2024-06-11 19:00:00-04:00,26.0
1659,2024-06-12,upper,19663.67406997938,2024-06-13 03:14:00-04:00,31.25
1663,2024-06-18,upper,20350.794364611073,2024-06-20 03:30:00-04:00,26.0
1668,2024-06-25,upper,20035.72334406313,2024-06-26 03:24:00-04:00,18.0
1667,2024-06-24,upper,20140.576519285627,2024-06-28 08:16:00-04:00,10.75
1669,2024-06-26,upper,20144.2849638104,2024-06-28 08:16:00-04:00,10.75
1666,2024-06-21,upper,20199.650250156366,2024-06-28 10:02:00-04:00,109.75
1670,2024-06-27,upper,20231.238573085313,2024-06-28 10:05:00-04:00,109.75
1671,2024-06-28,lower,19824.90114202006,2024-07-01 10:14:00-04:00,151.25
1670,2024-06-27,lower,19812.511426914687,2024-07-01 10:15:00-04:00,151.25
1665,2024-06-20,upper,20444.240953614135,2024-07-05 02:19:00-04:00,14.5
1675,2024-07-04,upper,20537.91546560341,2024-07-05 10:01:00-04:00,105.75
1677,2024-07-08,upper,20791.771230340233,2024-07-10 10:10:00-04:00,56.25
1679,2024-07-10,upper,20938.09926077548,2024-07-11 08:30:00-04:00,7.75
1682,2024-07-15,lower,20414.57002644139,2024-07-17 03:06:00-04:00,97.75
1683,2024-07-16,lower,20334.44173532563,2024-07-17 04:13:00-04:00,111.25
1676,2024-07-05,lower,20261.602184664138,2024-07-17 07:34:00-04:00,47.25
1675,2024-07-04,lower,20256.45953439659,2024-07-17 09:29:00-04:00,47.0
1681,2024-07-12,lower,20224.89098474614,2024-07-17 09:41:00-04:00,47.0
1684,2024-07-17,lower,19956.62531162463,2024-07-18 10:35:00-04:00,142.75
1669,2024-06-26,lower,19756.5900361896,2024-07-19 03:44:00-04:00,81.75
1688,2024-07-23,lower,19747.333224551483,2024-07-24 00:20:00-04:00,29.5
1687,2024-07-22,lower,19693.507880417463,2024-07-24 04:24:00-04:00,45.25
1686,2024-07-19,lower,19594.193933182516,2024-07-24 09:34:00-04:00,97.5
1691,2024-07-26,upper,19417.278253940567,2024-07-31 10:01:00-04:00,103.75
1694,2024-07-31,upper,19669.08822149362,2024-07-31 19:16:00-04:00,62.0
1690,2024-07-25,lower,18719.653445721407,2024-08-01 22:22:00-04:00,53.0
1696,2024-08-02,lower,18164.805856265015,2024-08-04 20:52:00-04:00,144.25
1697,2024-08-05,upper,18314.59494601252,2024-08-05 20:48:00-04:00,93.25
1698,2024-08-06,upper,18519.82576537015,2024-08-07 09:32:00-04:00,68.5
1701,2024-08-09,upper,18769.267023665285,2024-08-13 03:06:00-04:00,56.25
1699,2024-08-07,upper,18778.646306602845,2024-08-13 03:08:00-04:00,56.25
1704,2024-08-14,upper,19420.629424864208,2024-08-15 09:52:00-04:00,233.25
1705,2024-08-15,upper,19643.32445003435,2024-08-15 22:19:00-04:00,36.5
1711,2024-08-23,lower,19470.180575569306,2024-08-27 09:38:00-04:00,94.0
1717,2024-09-02,lower,19440.876008721498,2024-09-03 09:31:00-04:00,45.5
1716,2024-08-30,lower,19336.518959636516,2024-09-03 09:54:00-04:00,45.5
1715,2024-08-29,lower,19227.162012840792,2024-09-03 10:43:00-04:00,178.75
1704,2024-08-14,lower,18787.370575135792,2024-09-06 03:14:00-04:00,58.25
1719,2024-09-04,lower,18605.78967459617,2024-09-06 10:35:00-04:00,230.75
1703,2024-08-13,lower,18596.88453544776,2024-09-06 10:40:00-04:00,230.75
1720,2024-09-05,lower,18588.802171752275,2024-09-06 10:40:00-04:00,230.75
1722,2024-09-09,upper,18916.42852213519,2024-09-11 09:21:00-04:00,144.75
1720,2024-09-05,upper,19315.447828247725,2024-09-12 00:34:00-04:00,41.25
1718,2024-09-03,upper,19712.93003387691,2024-09-16 00:00:00-04:00,20.25
1726,2024-09-13,upper,19685.053570433898,2024-09-16 00:00:00-04:00,20.25
1716,2024-08-30,upper,19794.106040363484,2024-09-17 07:52:00-04:00,36.75
1717,2024-09-02,upper,19794.373991278502,2024-09-17 07:52:00-04:00,36.75
1713,2024-08-27,upper,19843.30115923372,2024-09-17 10:45:00-04:00,119.75
1727,2024-09-16,upper,19901.305728557876,2024-09-19 02:25:00-04:00,48.75
1729,2024-09-18,upper,19938.759423010662,2024-09-19 03:58:00-04:00,57.25
1712,2024-08-26,upper,20029.50585661215,2024-09-19 09:12:00-04:00,28.5
1728,2024-09-17,upper,20031.687214054655,2024-09-19 09:12:00-04:00,28.5
1711,2024-08-23,upper,20090.444424430694,2024-09-19 10:20:00-04:00,109.0
1731,2024-09-20,upper,20264.48376077762,2024-09-25 10:15:00-04:00,96.0
1732,2024-09-23,upper,20288.360122640388,2024-09-25 20:01:00-04:00,42.5
1730,2024-09-19,upper,20354.416612917434,2024-09-25 23:39:00-04:00,22.25
1733,2024-09-24,upper,20378.651620315424,2024-09-26 00:53:00-04:00,44.5
1734,2024-09-25,upper,20409.398137686894,2024-09-26 01:52:00-04:00,26.25
1736,2024-09-27,lower,20143.4885118941,2024-09-30 07:38:00-04:00,36.25
1734,2024-09-25,lower,19936.101862313106,2024-10-01 10:10:00-04:00,301.5
1737,2024-09-30,lower,19942.533568741703,2024-10-01 10:10:00-04:00,301.5
1739,2024-10-02,upper,20223.771768351384,2024-10-04 08:52:00-04:00,42.25
1741,2024-10-04,upper,20509.27467220082,2024-10-14 06:16:00-04:00,25.25
1744,2024-10-09,upper,20549.36248371189,2024-10-14 09:01:00-04:00,38.5
1736,2024-09-27,upper,20568.1364881059,2024-10-14 09:32:00-04:00,38.5
1738,2024-10-01,upper,20596.23447517919,2024-10-14 09:35:00-04:00,38.5
1745,2024-10-10,upper,20616.47541862654,2024-10-14 09:46:00-04:00,38.5
1746,2024-10-11,upper,20667.24401157799,2024-10-14 09:59:00-04:00,38.5
1755,2024-10-24,upper,20584.71443989178,2024-10-25 09:43:00-04:00,51.0
1749,2024-10-16,upper,20611.265099348686,2024-10-25 09:46:00-04:00,51.0
1754,2024-10-23,upper,20668.742921410816,2024-10-25 10:00:00-04:00,167.75
1753,2024-10-22,upper,20697.275890303114,2024-10-25 10:22:00-04:00,167.75
1757,2024-10-28,lower,20354.781234151604,2024-10-31 02:48:00-04:00,27.25
1759,2024-10-30,lower,20356.834513967042,2024-10-31 02:48:00-04:00,27.25
1758,2024-10-29,lower,20216.829993385454,2024-10-31 09:47:00-04:00,46.0
1756,2024-10-25,lower,20216.71943003478,2024-10-31 09:48:00-04:00,46.0
1755,2024-10-24,lower,20125.16056010822,2024-10-31 10:12:00-04:00,244.75
1746,2024-10-11,lower,20071.00598842201,2024-10-31 10:52:00-04:00,244.75
1762,2024-11-04,upper,20430.183873389637,2024-11-05 21:09:00-05:00,46.25
1761,2024-11-01,upper,20462.67945644694,2024-11-05 21:21:00-05:00,46.25
1763,2024-11-05,upper,20497.59375280246,2024-11-05 21:30:00-05:00,46.25
1760,2024-10-31,upper,20662.143906139332,2024-11-06 01:37:00-05:00,143.75
1758,2024-10-29,upper,20811.795006614546,2024-11-06 10:31:00-05:00,161.25
1764,2024-11-06,upper,20993.111733587757,2024-11-07 08:10:00-05:00,36.5
1769,2024-11-13,lower,20908.426789910554,2024-11-14 20:07:00-05:00,43.0
1770,2024-11-14,lower,20892.111380793085,2024-11-14 20:11:00-05:00,43.0
1765,2024-11-07,lower,20802.5159054236,2024-11-15 03:24:00-05:00,34.5
1772,2024-11-18,upper,20842.995254350048,2024-11-20 03:22:00-05:00,39.0
1771,2024-11-15,upper,20990.661921935727,2024-11-25 08:45:00-05:00,29.25
1774,2024-11-20,upper,21041.58280563,2024-11-25 09:16:00-05:00,84.0
1776,2024-11-22,upper,21057.184712607195,2024-11-25 09:39:00-05:00,84.0
1778,2024-11-26,lower,20747.240537818947,2024-11-27 10:37:00-05:00,116.5
1780,2024-11-28,upper,21023.332330874753,2024-12-02 08:11:00-05:00,46.5
1781,2024-11-29,upper,21107.046660596272,2024-12-02 09:32:00-05:00,37.75
1779,2024-11-27,upper,21147.605270926877,2024-12-02 09:49:00-05:00,37.75
1778,2024-11-26,upper,21163.634462181053,2024-12-02 09:54:00-05:00,37.75
1770,2024-11-14,upper,21353.263619206915,2024-12-03 23:56:00-05:00,19.25
1783,2024-12-03,upper,21364.40750052978,2024-12-04 00:38:00-05:00,16.0
1769,2024-11-13,upper,21370.823210089446,2024-12-04 03:35:00-05:00,16.0
1766,2024-11-08,upper,21381.682474424437,2024-12-04 03:53:00-05:00,16.0
1768,2024-11-12,upper,21406.807232979983,2024-12-04 05:50:00-05:00,26.25
1767,2024-11-11,upper,21490.698550965142,2024-12-04 10:38:00-05:00,68.75
1784,2024-12-04,upper,21596.018806749427,2024-12-06 09:49:00-05:00,89.5
1785,2024-12-05,upper,21687.530920669866,2024-12-09 02:36:00-05:00,8.5
1789,2024-12-11,upper,21869.341110276982,2024-12-13 09:43:00-05:00,29.75
1790,2024-12-12,upper,21873.75941044215,2024-12-13 09:43:00-05:00,29.75
1786,2024-12-06,lower,21291.86742736369,2024-12-19 19:16:00-05:00,66.25
1795,2024-12-19,lower,21266.566315075303,2024-12-19 19:53:00-05:00,66.25
1784,2024-12-04,lower,21247.731193250573,2024-12-19 21:07:00-05:00,44.5
1797,2024-12-23,upper,21913.918142038703,2024-12-24 10:01:00-05:00,108.25
1798,2024-12-24,upper,22102.530090185646,2024-12-25 22:23:00-05:00,24.0
1799,2024-12-26,lower,21715.499624103435,2024-12-27 09:39:00-05:00,55.5
1798,2024-12-24,lower,21593.969909814354,2024-12-27 10:05:00-05:00,223.75
1800,2024-12-27,lower,21369.223516791924,2024-12-30 08:54:00-05:00,211.75
1797,2024-12-23,lower,21281.456857961297,2024-12-30 10:00:00-05:00,142.5
1803,2025-01-03,upper,21612.9893337931,2025-01-06 03:47:00-05:00,36.75
1801,2024-12-30,upper,21634.523694805746,2025-01-06 04:02:00-05:00,60.5
1802,2025-01-02,upper,21686.300340523907,2025-01-06 05:19:00-05:00,56.5
1804,2025-01-06,lower,21498.6503620867,2025-01-07 10:32:00-05:00,110.75
1806,2025-01-08,lower,21047.201412505878,2025-01-10 08:35:00-05:00,66.5
1803,2025-01-03,lower,21031.8856662069,2025-01-10 09:48:00-05:00,278.5
1802,2025-01-02,lower,20966.699659476093,2025-01-10 10:01:00-05:00,187.25
1796,2024-12-20,lower,20812.622135091402,2025-01-13 03:42:00-05:00,49.0
1807,2025-01-10,lower,20715.49254738771,2025-01-13 04:04:00-05:00,116.75
1809,2025-01-14,upper,21347.480482178587,2025-01-15 10:00:00-05:00,158.25
1807,2025-01-10,upper,21513.00745261229,2025-01-16 02:30:00-05:00,103.75
1810,2025-01-15,upper,21603.9698663063,2025-01-17 09:12:00-05:00,201.5
1806,2025-01-08,upper,21627.173587494122,2025-01-17 09:26:00-05:00,201.5
1811,2025-01-16,upper,21724.619794802715,2025-01-20 09:26:00-05:00,155.25
1813,2025-01-20,lower,21503.086594849883,2025-01-20 19:53:00-05:00,67.0
1812,2025-01-17,upper,21888.13218343735,2025-01-22 03:47:00-05:00,26.5
1813,2025-01-20,upper,21948.538405150117,2025-01-22 09:31:00-05:00,30.5
1814,2025-01-21,upper,21957.066362776357,2025-01-22 09:32:00-05:00,30.5
1804,2025-01-06,upper,22039.2246379133,2025-01-22 10:37:00-05:00,129.0
1816,2025-01-23,upper,22074.607099461522,2025-01-24 09:53:00-05:00,36.0
1814,2025-01-21,lower,21375.683637223643,2025-01-27 01:37:00-05:00,95.75
1812,2025-01-17,lower,21326.61781656265,2025-01-27 02:16:00-05:00,83.0
1810,2025-01-15,lower,20944.6551336937,2025-01-27 05:44:00-05:00,114.0
1809,2025-01-14,lower,20772.019517821413,2025-01-27 05:52:00-05:00,114.0
1819,2025-01-28,upper,21718.871737055117,2025-01-30 09:49:00-05:00,63.5
1820,2025-01-29,upper,21822.843311433993,2025-01-31 09:31:00-05:00,53.0
1824,2025-02-04,upper,21835.221789986164,2025-02-06 10:12:00-05:00,85.5
1828,2025-02-10,lower,21540.774109111204,2025-02-12 08:36:00-05:00,51.75
1821,2025-01-30,upper,21979.59206087388,2025-02-13 10:20:00-05:00,116.25
1829,2025-02-11,upper,21993.130402007595,2025-02-13 10:22:00-05:00,116.25
1826,2025-02-06,upper,22016.822171434134,2025-02-13 10:39:00-05:00,116.25
1828,2025-02-10,upper,22032.225890888796,2025-02-13 10:39:00-05:00,116.25
1831,2025-02-13,upper,22159.305308485862,2025-02-14 02:16:00-05:00,17.25
1817,2025-01-24,upper,22250.5219911343,2025-02-16 20:36:00-05:00,26.75
1832,2025-02-14,upper,22313.494446651624,2025-02-18 02:07:00-05:00,52.75
1833,2025-02-17,lower,22049.49225012711,2025-02-20 09:53:00-05:00,26.25
1834,2025-02-18,lower,21982.87512247588,2025-02-20 10:00:00-05:00,225.0
1835,2025-02-19,lower,21958.49167465195,2025-02-20 10:01:00-05:00,225.0
1831,2025-02-13,lower,21626.319691514138,2025-02-24 09:53:00-05:00,46.0
1829,2025-02-11,lower,21485.869597992405,2025-02-24 10:04:00-05:00,245.0
1825,2025-02-05,lower,21315.422272791406,2025-02-25 02:53:00-05:00,35.75
1830,2025-02-12,lower,21298.48825970309,2025-02-25 05:51:00-05:00,82.0
1838,2025-02-24,lower,21247.86849815972,2025-02-25 09:52:00-05:00,59.0
1824,2025-02-04,lower,21120.403210013836,2025-02-25 10:17:00-05:00,203.0
1840,2025-02-26,lower,20953.828863134346,2025-02-27 10:00:00-05:00,385.0
1842,2025-02-28,lower,20196.21082559822,2025-03-04 10:00:00-05:00,202.5
1846,2025-03-06,lower,19963.50233256204,2025-03-07 10:32:00-05:00,218.25
1847,2025-03-07,lower,19729.831228780633,2025-03-10 10:02:00-04:00,197.75
1850,2025-03-12,lower,19332.563153600902,2025-03-13 10:00:00-04:00,251.25
1852,2025-03-14,upper,19830.48773287708,2025-03-17 09:40:00-04:00,118.25
1848,2025-03-10,upper,20207.49026863832,2025-03-24 04:09:00-04:00,32.5
1854,2025-03-18,upper,20212.41589944504,2025-03-24 04:09:00-04:00,32.5
1856,2025-03-20,upper,20270.254580858167,2025-03-24 08:32:00-04:00,52.5
1847,2025-03-07,upper,20439.543771219367,2025-03-25 08:31:00-04:00,52.5
1861,2025-03-27,lower,19728.32899871131,2025-03-28 10:12:00-04:00,126.0
1852,2025-03-14,lower,19163.26226712292,2025-03-30 20:20:00-04:00,98.5
1851,2025-03-13,lower,19132.060649987903,2025-03-31 07:32:00-04:00,48.5
1849,2025-03-11,lower,19011.986383264026,2025-03-31 09:44:00-04:00,74.5
1863,2025-03-31,lower,18790.769736152346,2025-04-03 10:49:00-04:00,244.0
1867,2025-04-04,lower,17658.120958752366,2025-04-04 10:50:00-04:00,267.5
1873,2025-04-14,lower,18689.628057598842,2025-04-15 20:13:00-04:00,69.0
1874,2025-04-15,lower,18604.621901765408,2025-04-16 01:18:00-04:00,26.75
1876,2025-04-17,lower,18043.702403837182,2025-04-21 09:56:00-04:00,57.0
1876,2025-04-17,upper,18854.922596162818,2025-04-23 04:40:00-04:00,77.0
1875,2025-04-16,upper,18940.5845063049,2025-04-23 07:05:00-04:00,89.75
1882,2025-04-28,lower,19193.2781252601,2025-04-30 09:39:00-04:00,278.0
1883,2025-04-29,lower,19113.959979825704,2025-04-30 09:58:00-04:00,278.0
1886,2025-05-02,lower,19771.59466634644,2025-05-06 09:51:00-04:00,51.75
1887,2025-05-05,lower,19747.916462641893,2025-05-06 09:55:00-04:00,51.75
1889,2025-05-07,upper,20194.64849673071,2025-05-08 00:41:00-04:00,73.75
1891,2025-05-09,upper,20528.440535847047,2025-05-11 21:07:00-04:00,67.5
1892,2025-05-12,upper,21222.895093414,2025-05-13 10:17:00-04:00,159.0
1896,2025-05-16,lower,21217.734988096745,2025-05-18 23:41:00-04:00,39.75
1895,2025-05-15,upper,21548.17602820053,2025-05-19 19:32:00-04:00,22.0
1894,2025-05-14,lower,21057.278595660748,2025-05-22 08:16:00-04:00,168.25
1895,2025-05-15,lower,21051.44897179947,2025-05-22 08:16:00-04:00,168.25
1899,2025-05-21,lower,21026.60371456908,2025-05-23 07:43:00-04:00,46.5
1897,2025-05-19,lower,20911.397499358634,2025-05-23 07:44:00-04:00,46.5
1900,2025-05-22,lower,20848.158405671267,2025-05-23 07:49:00-04:00,46.5
1902,2025-05-26,upper,21513.310861378166,2025-05-28 06:54:00-04:00,24.25
1900,2025-05-22,upper,21545.216594328733,2025-05-28 09:39:00-04:00,37.25
1897,2025-05-19,upper,21624.227500641366,2025-05-28 19:00:00-04:00,108.0
1899,2025-05-21,upper,21611.27128543092,2025-05-28 19:00:00-04:00,108.0
1903,2025-05-27,upper,21612.80588287719,2025-05-28 19:00:00-04:00,108.0
1898,2025-05-20,upper,21638.17615650389,2025-05-28 19:01:00-04:00,108.0
1896,2025-05-16,upper,21678.890011903255,2025-05-28 19:07:00-04:00,108.0
1904,2025-05-28,upper,21774.231123650083,2025-05-28 19:16:00-04:00,108.0
1904,2025-05-28,lower,21233.893876349917,2025-05-30 08:11:00-04:00,44.5
1906,2025-05-30,upper,21634.145485961726,2025-06-03 10:03:00-04:00,96.25
1907,2025-06-02,upper,21643.6669817203,2025-06-03 10:51:00-04:00,96.25
1908,2025-06-03,upper,21806.20617937395,2025-06-05 03:27:00-04:00,21.25
1905,2025-05-29,upper,22005.095955978955,2025-06-11 08:30:00-04:00,58.25
1910,2025-06-05,upper,22048.378437910666,2025-06-11 08:30:00-04:00,58.25
1911,2025-06-06,upper,22050.342588744585,2025-06-11 08:30:00-04:00,58.25
1912,2025-06-09,upper,22043.883602389964,2025-06-11 08:30:00-04:00,58.25
1913,2025-06-10,upper,22060.03083400799,2025-06-11 08:30:00-04:00,58.25
1914,2025-06-11,lower,21746.69078079703,2025-06-12 04:02:00-04:00,112.25
1913,2025-06-10,lower,21631.84416599201,2025-06-12 20:05:00-04:00,106.25
1915,2025-06-12,lower,21608.59291976779,2025-06-12 20:05:00-04:00,106.25
1911,2025-06-06,lower,21560.907411255415,2025-06-12 20:32:00-04:00,106.25
1912,2025-06-09,lower,21562.116397610036,2025-06-12 20:32:00-04:00,106.25
1916,2025-06-13,upper,21986.976553121214,2025-06-16 03:07:00-04:00,52.25
1915,2025-06-12,upper,22095.40708023221,2025-06-16 09:32:00-04:00,39.5
1918,2025-06-17,lower,21823.793626264163,2025-06-18 21:04:00-04:00,104.75
1917,2025-06-16,lower,21741.51368658432,2025-06-19 09:05:00-04:00,82.75
1919,2025-06-18,lower,21695.16034984777,2025-06-19 09:47:00-04:00,82.75
1920,2025-06-19,upper,22028.016247638705,2025-06-20 08:51:00-04:00,110.25
1922,2025-06-23,upper,22243.279916919673,2025-06-23 19:18:00-04:00,151.25
1914,2025-06-11,upper,22250.05921920297,2025-06-23 19:22:00-04:00,151.25
1919,2025-06-18,upper,22302.46465015223,2025-06-24 01:45:00-04:00,29.0
1918,2025-06-17,upper,22319.956373735837,2025-06-24 02:08:00-04:00,61.25
1917,2025-06-16,upper,22381.23631341568,2025-06-24 03:07:00-04:00,76.5
1923,2025-06-24,upper,22516.453264443597,2025-06-25 09:30:00-04:00,29.0
1924,2025-06-25,upper,22722.758394924076,2025-06-27 02:11:00-04:00,30.25
1925,2025-06-26,upper,22773.328162960443,2025-06-27 07:38:00-04:00,23.5
1929,2025-07-02,upper,22963.565131112424,2025-07-03 09:30:00-04:00,85.0
1926,2025-06-27,upper,22990.650113436634,2025-07-03 09:51:00-04:00,85.0
1928,2025-07-01,upper,23034.85071845072,2025-07-03 10:02:00-04:00,113.5
1931,2025-07-04,upper,23120.43003053195,2025-07-14 21:50:00-04:00,22.25
1932,2025-07-07,upper,23158.99858672232,2025-07-14 21:52:00-04:00,22.25
1933,2025-07-08,upper,23157.740492599638,2025-07-14 21:52:00-04:00,22.25
1936,2025-07-11,upper,23184.128315938666,2025-07-15 06:31:00-04:00,30.0
1937,2025-07-14,upper,23195.73563913029,2025-07-15 08:30:00-04:00,38.0
1938,2025-07-15,lower,22944.324729310974,2025-07-16 03:07:00-04:00,42.5
1939,2025-07-16,upper,23315.830634039354,2025-07-18 09:28:00-04:00,18.25
1935,2025-07-10,upper,23329.70872407908,2025-07-21 09:39:00-04:00,47.75
1940,2025-07-17,upper,23354.46373998964,2025-07-21 09:45:00-04:00,47.75
1938,2025-07-15,upper,23427.550270689026,2025-07-24 21:43:00-04:00,22.75
1942,2025-07-21,upper,23574.398521302704,2025-07-28 01:53:00-04:00,20.25
1946,2025-07-25,upper,23577.8482349201,2025-07-28 01:54:00-04:00,20.25
1945,2025-07-24,upper,23588.220500917443,2025-07-29 03:46:00-04:00,13.5
1943,2025-07-22,upper,23624.97526779357,2025-07-29 09:31:00-04:00,41.0
1948,2025-07-29,upper,23825.434098859478,2025-07-31 03:41:00-04:00,29.25
1946,2025-07-25,lower,23155.5267650799,2025-08-01 03:36:00-04:00,41.0
1945,2025-07-24,lower,23135.404499082557,2025-08-01 03:51:00-04:00,41.0
1941,2025-07-18,lower,23026.723166003285,2025-08-01 09:32:00-04:00,108.0
1942,2025-07-21,lower,23019.101478697296,2025-08-01 09:33:00-04:00,108.0
1944,2025-07-23,lower,22987.824169929674,2025-08-01 09:36:00-04:00,108.0
1943,2025-07-22,lower,22949.89973220643,2025-08-01 09:42:00-04:00,108.0
1940,2025-07-17,lower,22866.28626001036,2025-08-01 09:49:00-04:00,108.0
1951,2025-08-01,upper,23398.54778671259,2025-08-05 08:14:00-04:00,34.25
1953,2025-08-05,upper,23601.613878410044,2025-08-07 05:56:00-04:00,67.25
1950,2025-07-31,upper,23967.18508415141,2025-08-12 19:49:00-04:00,19.5
1958,2025-08-12,upper,24017.78030730159,2025-08-13 08:36:00-04:00,19.5
1959,2025-08-13,lower,23791.33191477614,2025-08-15 09:49:00-04:00,36.25
1960,2025-08-14,lower,23646.978338376586,2025-08-19 09:47:00-04:00,44.0
1961,2025-08-15,lower,23624.344429819088,2025-08-19 10:28:00-04:00,132.0
1962,2025-08-18,lower,23558.987295314553,2025-08-19 10:48:00-04:00,132.0
1956,2025-08-08,lower,23299.313203460883,2025-08-20 09:45:00-04:00,39.75
1965,2025-08-21,upper,23567.909221342314,2025-08-22 10:08:00-04:00,136.75
1968,2025-08-26,upper,23724.339417208048,2025-08-28 09:31:00-04:00,60.25
1967,2025-08-25,upper,23738.692284472432,2025-08-28 09:33:00-04:00,60.25
1970,2025-08-28,lower,23363.293313891954,2025-09-02 03:42:00-04:00,40.75
1969,2025-08-27,lower,23301.282843405126,2025-09-02 03:51:00-04:00,40.75
1971,2025-08-29,lower,23271.670795404636,2025-09-02 03:54:00-04:00,40.75
1972,2025-09-01,lower,23271.494967550883,2025-09-02 03:54:00-04:00,40.75
1967,2025-08-25,lower,23259.432715527568,2025-09-02 06:28:00-04:00,40.25
1968,2025-08-26,lower,23233.910582791952,2025-09-02 06:43:00-04:00,40.25
1973,2025-09-02,upper,23475.55294373329,2025-09-03 10:34:00-04:00,87.0
1975,2025-09-04,upper,23749.775744290502,2025-09-05 00:25:00-04:00,16.75
1966,2025-08-22,upper,23834.97845614906,2025-09-05 08:35:00-04:00,31.75
1971,2025-08-29,upper,23928.329204595364,2025-09-10 01:30:00-04:00,8.25
1970,2025-08-28,upper,23934.331686108046,2025-09-10 02:22:00-04:00,16.75
1962,2025-08-18,upper,23988.887704685447,2025-09-10 08:30:00-04:00,35.0
1963,2025-08-19,upper,23990.56198856292,2025-09-10 08:30:00-04:00,35.0
1977,2025-09-08,upper,24039.42526747664,2025-09-10 08:30:00-04:00,35.0
1978,2025-09-09,upper,24041.327753375834,2025-09-10 08:30:00-04:00,35.0
1976,2025-09-05,upper,24186.124086410302,2025-09-15 00:00:00-04:00,14.5
1979,2025-09-10,upper,24206.15384415444,2025-09-15 00:00:00-04:00,14.5
1980,2025-09-11,upper,24197.77569131601,2025-09-15 00:00:00-04:00,14.5
1981,2025-09-12,upper,24252.674782796334,2025-09-15 00:00:00-04:00,14.5
1982,2025-09-15,upper,24669.905354290502,2025-09-18 03:55:00-04:00,39.25
1984,2025-09-17,upper,24757.18340133589,2025-09-18 08:26:00-04:00,55.25
1983,2025-09-16,upper,24803.595250114304,2025-09-18 10:31:00-04:00,114.5
1987,2025-09-22,lower,24601.656739631573,2025-09-25 07:58:00-04:00,45.25
1989,2025-09-24,lower,24596.023389169062,2025-09-25 07:58:00-04:00,45.25
1986,2025-09-19,lower,24544.463873412373,2025-09-25 09:09:00-04:00,85.0
1990,2025-09-25,upper,24895.717462472956,2025-09-29 05:28:00-04:00,43.75
1993,2025-09-30,upper,25058.547694982582,2025-10-01 20:50:00-04:00,25.75
1987,2025-09-22,upper,25073.968260368427,2025-10-01 21:54:00-04:00,44.25
1994,2025-10-01,upper,25091.24029677349,2025-10-02 04:03:00-04:00,34.25
1989,2025-09-24,upper,25131.101610830938,2025-10-02 07:12:00-04:00,31.25
1992,2025-09-29,upper,25150.12594001621,2025-10-02 07:55:00-04:00,31.25
1988,2025-09-23,upper,25220.90530462186,2025-10-06 08:10:00-04:00,57.5
1996,2025-10-03,upper,25391.50666616943,2025-10-08 19:17:00-04:00,29.0
2002,2025-10-13,lower,24449.281358953056,2025-10-14 09:43:00-04:00,106.0
2003,2025-10-14,upper,25041.29858138374,2025-10-15 10:04:00-04:00,126.5
2004,2025-10-15,lower,24618.367308282344,2025-10-17 01:43:00-04:00,40.25
2002,2025-10-13,upper,25194.468641046944,2025-10-20 09:32:00-04:00,56.25
2006,2025-10-17,upper,25252.09866226461,2025-10-20 10:08:00-04:00,125.25
2005,2025-10-16,upper,25366.29683763213,2025-10-20 22:30:00-04:00,29.25
2004,2025-10-15,upper,25389.257691717656,2025-10-24 05:37:00-04:00,47.5
1995,2025-10-02,upper,25425.744700949235,2025-10-24 08:30:00-04:00,23.25
1997,2025-10-06,upper,25454.087730001516,2025-10-24 08:30:00-04:00,23.25
1998,2025-10-07,upper,25466.44714607301,2025-10-24 08:30:00-04:00,23.25
1999,2025-10-08,upper,25423.70632878086,2025-10-24 08:30:00-04:00,23.25
2007,2025-10-20,upper,25518.070219511428,2025-10-24 08:30:00-04:00,23.25
2010,2025-10-23,upper,25402.111880325712,2025-10-24 08:30:00-04:00,23.25
2011,2025-10-24,upper,25769.150397814352,2025-10-26 23:20:00-04:00,38.5
2012,2025-10-27,upper,26079.10496771575,2025-10-28 09:31:00-04:00,32.5
2013,2025-10-28,upper,26300.264687610725,2025-10-29 04:03:00-04:00,38.0
2014,2025-10-29,lower,26019.877638426828,2025-10-30 09:36:00-04:00,186.25
2016,2025-10-31,lower,25852.202423778017,2025-11-04 00:40:00-05:00,36.25
2013,2025-10-28,lower,25813.360312389275,2025-11-04 00:49:00-05:00,36.25
2017,2025-11-03,lower,25795.982471649295,2025-11-04 01:03:00-05:00,120.0
2015,2025-10-30,lower,25705.554893746776,2025-11-04 04:51:00-05:00,62.0
2018,2025-11-04,lower,25382.76732691323,2025-11-04 20:01:00-05:00,95.75
2011,2025-10-24,lower,25186.599602185648,2025-11-06 23:02:00-05:00,78.5
2019,2025-11-05,lower,25181.312852136136,2025-11-06 23:02:00-05:00,78.5
2020,2025-11-06,lower,25185.929961468115,2025-11-06 23:02:00-05:00,78.5
2021,2025-11-07,upper,25453.09916771965,2025-11-09 22:02:00-05:00,40.0
2024,2025-11-12,lower,25346.039679448055,2025-11-13 09:40:00-05:00,105.25
2023,2025-11-11,lower,25298.96729248103,2025-11-13 09:44:00-05:00,105.25
2022,2025-11-10,lower,25229.97463227871,2025-11-13 10:49:00-05:00,229.25
2010,2025-10-23,lower,24703.513119674288,2025-11-14 07:39:00-05:00,167.75
2021,2025-11-07,lower,24653.90083228035,2025-11-14 09:32:00-05:00,109.25
2026,2025-11-14,upper,25313.414958811893,2025-11-17 02:23:00-05:00,42.25
2027,2025-11-17,lower,24585.258299853253,2025-11-18 09:52:00-05:00,76.5
2028,2025-11-18,upper,25234.4251950072,2025-11-20 08:31:00-05:00,97.5
2029,2025-11-19,upper,25287.387854159508,2025-11-20 09:56:00-05:00,144.0
2031,2025-11-21,upper,24685.046496390183,2025-11-24 09:35:00-05:00,73.0
2033,2025-11-25,upper,25241.61892892361,2025-11-26 09:30:00-05:00,52.5
2030,2025-11-20,upper,25607.58457932311,2025-12-02 09:39:00-05:00,34.25
2037,2025-12-01,upper,25606.62300268882,2025-12-02 09:39:00-05:00,34.25
2036,2025-11-28,upper,25641.988813068652,2025-12-02 10:01:00-05:00,141.75
2039,2025-12-03,upper,25804.97962875158,2025-12-05 10:00:00-05:00,191.75
2025,2025-11-13,upper,25816.058498009275,2025-12-05 10:03:00-05:00,191.75
2042,2025-12-08,lower,25438.648571256614,2025-12-10 22:07:00-05:00,137.5
2041,2025-12-05,lower,25391.117997106376,2025-12-10 22:09:00-05:00,137.5
2044,2025-12-10,lower,25360.622668419237,2025-12-12 10:26:00-05:00,130.75
2040,2025-12-04,lower,25326.706987981703,2025-12-12 10:28:00-05:00,130.75
2043,2025-12-09,lower,25340.70852169315,2025-12-12 10:28:00-05:00,130.75
2046,2025-12-12,lower,25096.208397431896,2025-12-16 02:37:00-05:00,32.0
2036,2025-11-28,lower,25092.511186931348,2025-12-16 02:38:00-05:00,32.0
2047,2025-12-15,lower,25092.503025969778,2025-12-16 02:38:00-05:00,32.0
2035,2025-11-27,lower,25072.881355830254,2025-12-17 10:52:00-05:00,236.5
2049,2025-12-17,lower,25046.539881481185,2025-12-17 10:58:00-05:00,236.5
2050,2025-12-18,upper,25597.517031847376,2025-12-19 10:00:00-05:00,274.75
2049,2025-12-17,upper,25722.585118518815,2025-12-22 04:40:00-05:00,35.5
2051,2025-12-19,upper,25793.515304493496,2025-12-22 09:31:00-05:00,26.25
2044,2025-12-10,upper,25906.252331580763,2025-12-25 19:13:00-05:00,33.5
2046,2025-12-12,upper,25921.416602568104,2025-12-26 08:40:00-05:00,28.0
2053,2025-12-23,upper,25923.7220721326,2025-12-26 09:36:00-05:00,36.5
2054,2025-12-24,lower,25599.45271544758,2025-12-30 20:00:00-05:00,52.25
2053,2025-12-23,lower,25410.2779278674,2026-01-02 10:57:00-05:00,165.5
2058,2025-12-31,lower,25385.539402438862,2026-01-02 10:58:00-05:00,165.5
2052,2025-12-22,upper,26021.232009355885,2026-01-13 08:31:00-05:00,30.5
2066,2026-01-13,lower,25582.086025672208,2026-01-14 09:59:00-05:00,73.0
2062,2026-01-07,lower,25543.814377771352,2026-01-14 10:00:00-05:00,208.25
2065,2026-01-12,lower,25472.4207777887,2026-01-14 10:51:00-05:00,208.25
2068,2026-01-15,lower,25629.313156713768,2026-01-16 10:36:00-05:00,164.75
2063,2026-01-08,lower,25373.145816891818,2026-01-18 22:24:00-05:00,32.75
2061,2026-01-06,lower,25350.284539800687,2026-01-19 02:10:00-05:00,33.25
2064,2026-01-09,lower,25353.252695582778,2026-01-19 02:10:00-05:00,33.25
2060,2026-01-05,lower,25334.233238038545,2026-01-19 02:40:00-05:00,33.25
2067,2026-01-14,lower,25317.811823945234,2026-01-19 04:25:00-05:00,62.75
2059,2026-01-02,lower,25216.808747005507,2026-01-20 03:31:00-05:00,63.75
2074,2026-01-23,upper,25972.950621766613,2026-01-26 21:57:00-05:00,31.75
2073,2026-01-22,upper,26026.77634869439,2026-01-27 01:06:00-05:00,37.75
2062,2026-01-07,upper,26072.435622228648,2026-01-27 10:10:00-05:00,140.75
2067,2026-01-14,upper,26082.313176054766,2026-01-27 10:36:00-05:00,140.75
2068,2026-01-15,upper,26192.561843286232,2026-01-27 19:35:00-05:00,36.75
2069,2026-01-16,upper,26186.22827522189,2026-01-27 19:35:00-05:00,36.75
2066,2026-01-13,upper,26295.788974327792,2026-01-28 01:00:00-05:00,28.5
2076,2026-01-27,upper,26300.743719245176,2026-01-28 01:04:00-05:00,28.5
2077,2026-01-28,lower,25984.096228371418,2026-01-29 09:42:00-05:00,53.0
2076,2026-01-27,lower,25678.006280754824,2026-01-29 10:36:00-05:00,338.75
2073,2026-01-22,lower,25336.47365130561,2026-02-01 22:14:00-05:00,92.5
2074,2026-01-23,lower,25298.049378233387,2026-02-01 22:40:00-05:00,92.5
2080,2026-02-02,lower,25144.154549493003,2026-02-04 10:01:00-05:00,204.0
2083,2026-02-05,upper,25308.784126629384,2026-02-08 19:02:00-05:00,140.75
2085,2026-02-09,lower,24633.391857165167,2026-02-13 06:30:00-05:00,72.0
2090,2026-02-16,upper,25073.84211892498,2026-02-18 10:17:00-05:00,206.5
2091,2026-02-17,upper,25154.51755998832,2026-02-25 08:55:00-05:00,45.0
2089,2026-02-13,upper,25224.132890528406,2026-02-25 09:31:00-05:00,42.0
2093,2026-02-19,upper,25220.168147069966,2026-02-25 09:31:00-05:00,42.0
2096,2026-02-24,upper,25317.93310463668,2026-02-25 09:47:00-05:00,42.0
2092,2026-02-18,upper,25340.76802389252,2026-02-25 09:51:00-05:00,42.0
2094,2026-02-20,upper,25335.12052777034,2026-02-25 09:51:00-05:00,42.0
2095,2026-02-23,upper,25332.810387186175,2026-02-25 09:51:00-05:00,42.0
2097,2026-02-25,lower,24825.88513501576,2026-02-27 08:30:00-05:00,96.0
2095,2026-02-23,lower,24588.439612813825,2026-03-02 01:48:00-05:00,97.5
2093,2026-02-19,lower,24473.331852930034,2026-03-03 04:46:00-05:00,189.5
2099,2026-02-27,lower,24475.95325548935,2026-03-03 04:46:00-05:00,189.5
2090,2026-02-16,lower,24434.03288107502,2026-03-03 05:08:00-05:00,137.75
2092,2026-02-18,lower,24381.73197610748,2026-03-03 06:20:00-05:00,91.0
2101,2026-03-03,upper,24982.357602534,2026-03-04 10:01:00-05:00,144.25
2099,2026-02-27,upper,25229.04674451065,2026-03-04 19:15:00-05:00,50.75
2091,2026-02-17,lower,24143.73244001168,2026-03-08 20:23:00-04:00,158.0
2101,2026-03-03,lower,24059.267397466,2026-03-08 21:31:00-04:00,146.75
2104,2026-03-06,upper,25119.94149499076,2026-03-10 04:08:00-04:00,137.5
2107,2026-03-11,lower,24652.496682358294,2026-03-12 09:55:00-04:00,61.5
2106,2026-03-10,lower,24590.175292751177,2026-03-12 10:37:00-04:00,222.25
2109,2026-03-13,upper,25096.19805301506,2026-03-17 09:46:00-04:00,127.5
2108,2026-03-12,upper,25161.616617122825,2026-03-18 01:27:00-04:00,18.0
2112,2026-03-18,lower,24550.4725595392,2026-03-19 03:57:00-04:00,65.25
2110,2026-03-16,lower,24504.40746154799,2026-03-19 05:25:00-04:00,88.0
2109,2026-03-13,lower,24257.42694698494,2026-03-20 10:12:00-04:00,247.75
2115,2026-03-23,lower,24069.165318483185,2026-03-26 08:35:00-04:00,89.75
2120,2026-03-30,lower,22983.31380287526,2026-03-30 20:17:00-04:00,78.75
2119,2026-03-27,upper,24027.08869351358,2026-03-31 19:58:00-04:00,94.0
2122,2026-04-01,lower,23729.68143980739,2026-04-02 07:28:00-04:00,65.75
2123,2026-04-02,upper,24289.10131924296,2026-04-05 22:19:00-04:00,56.25
2115,2026-03-23,upper,24984.459681516815,2026-04-07 19:04:00-04:00,569.5
2110,2026-03-16,upper,25273.09253845201,2026-04-09 20:59:00-04:00,45.0
2112,2026-03-18,upper,25282.7774404608,2026-04-09 21:30:00-04:00,74.0
2111,2026-03-17,upper,25378.695918099,2026-04-10 08:29:00-04:00,40.5
2128,2026-04-10,upper,25611.34815671422,2026-04-13 19:07:00-04:00,33.25
2130,2026-04-14,upper,26016.020610526048,2026-04-14 19:34:00-04:00,38.5
2132,2026-04-16,upper,26750.85865637195,2026-04-17 09:07:00-04:00,184.25
2136,2026-04-22,upper,27267.134887108085,2026-04-24 07:07:00-04:00,84.75
2137,2026-04-23,upper,27362.418606603605,2026-04-24 07:30:00-04:00,84.75
2138,2026-04-24,upper,27541.200536733537,2026-04-26 22:00:00-04:00,84.0
2139,2026-04-27,lower,27049.808787510927,2026-04-28 08:23:00-04:00,189.25
2140,2026-04-28,upper,27529.434177961637,2026-04-29 19:48:00-04:00,293.0
2141,2026-04-29,upper,27551.438765966275,2026-04-29 19:54:00-04:00,293.0
2139,2026-04-27,upper,27727.691212489073,2026-05-01 09:33:00-04:00,78.75
2142,2026-04-30,upper,27896.92021898806,2026-05-01 10:03:00-04:00,300.0
2143,2026-05-01,upper,28138.06154108305,2026-05-05 10:36:00-04:00,141.0
2147,2026-05-07,upper,29174.65787972472,2026-05-08 10:58:00-04:00,251.75
2148,2026-05-08,upper,29422.9618069465,2026-05-11 09:32:00-04:00,94.0
2150,2026-05-12,upper,29646.42303898361,2026-05-13 19:05:00-04:00,81.25
2151,2026-05-13,upper,29656.73036561582,2026-05-13 20:17:00-04:00,58.25
2149,2026-05-11,upper,29708.514501113983,2026-05-14 10:50:00-04:00,236.5
2152,2026-05-14,lower,29084.62855805579,2026-05-17 19:40:00-04:00,173.75
2151,2026-05-13,lower,28811.51963438418,2026-05-19 09:20:00-04:00,106.75
2153,2026-05-15,lower,28775.551734540284,2026-05-19 10:07:00-04:00,265.25
2150,2026-05-12,lower,28739.45196101639,2026-05-19 10:14:00-04:00,265.25
2155,2026-05-19,upper,29420.86955887296,2026-05-21 00:59:00-04:00,56.25
2157,2026-05-21,upper,29642.116120772633,2026-05-22 04:18:00-04:00,58.75
2152,2026-05-14,upper,29963.24644194421,2026-05-24 23:00:00-04:00,57.75
2158,2026-05-22,upper,30009.455726915767,2026-05-26 10:00:00-04:00,180.25
2159,2026-05-25,upper,30248.501331652922,2026-05-27 07:00:00-04:00,36.25
2160,2026-05-26,upper,30374.530427233534,2026-05-27 08:22:00-04:00,61.75
2162,2026-05-28,upper,30514.38147395403,2026-05-29 09:57:00-04:00,54.0
2166,2026-06-03,lower,30203.484160153974,2026-06-04 07:36:00-04:00,132.75
2165,2026-06-02,lower,30115.50365037811,2026-06-04 21:13:00-04:00,133.25
2163,2026-05-29,lower,30011.076790907744,2026-06-05 09:30:00-04:00,115.0
2164,2026-06-01,lower,29975.874536138486,2026-06-05 09:39:00-04:00,115.0
2167,2026-06-04,lower,29834.523639704264,2026-06-05 09:57:00-04:00,115.0
