entry_time,exit_time,side,entry_price,exit_price,exit_reason,pnl,level_id,cum_pnl
2018-01-03 04:06:00-05:00,2018-01-03 04:53:00-05:00,short,6529.134910517963,6529.134910517963,BE,0.0,0,0.0
2018-01-03 19:09:00-05:00,2018-01-03 19:10:00-05:00,short,6591.363648739487,6592.25,cutoff,-0.89,1,-0.89
2018-01-09 08:26:00-05:00,2018-01-09 09:35:00-05:00,short,6700.852925468027,6692.227925468027,TP,8.62,4,7.73
2018-01-10 05:59:00-05:00,2018-01-10 06:24:00-05:00,long,6644.365418961772,6654.865418961772,TP,10.5,5,18.23
2018-01-10 10:02:00-05:00,2018-01-10 15:00:00-05:00,long,6629.772074531973,6660.75,cutoff,30.98,4,49.21
2018-01-12 03:25:00-05:00,2018-01-12 04:13:00-05:00,short,6741.759581038228,6741.759581038228,BE,0.0,5,49.21
2018-01-16 05:23:00-05:00,2018-01-16 09:35:00-05:00,short,6809.770647884909,6826.270647884909,SL,-16.5,9,32.71
2018-01-22 10:09:00-05:00,2018-01-22 12:05:00-05:00,short,6862.577746742863,6898.202746742863,SL,-35.62,12,-2.91
2018-01-24 10:14:00-05:00,2018-01-24 11:13:00-05:00,short,6998.255469793344,6955.880469793344,TP,42.38,15,39.47
2018-01-29 22:52:00-05:00,2018-01-29 22:53:00-05:00,long,6956.366742923148,6952.0,cutoff,-4.37,19,35.1
2018-01-30 10:05:00-05:00,2018-01-30 11:09:00-05:00,long,6909.722612509674,6964.847612509674,TP,55.12,18,90.22
2018-02-02 04:21:00-05:00,2018-02-02 10:01:00-05:00,long,6880.975997086674,6831.850997086674,SL,-49.12,17,41.1
2018-02-07 10:08:00-05:00,2018-02-07 13:06:00-05:00,short,6684.944584107352,6617.819584107352,TP,67.12,25,108.22
2018-02-08 10:54:00-05:00,2018-02-08 11:39:00-05:00,long,6489.755992857791,6489.755992857791,BE,0.0,27,108.22
2018-02-12 09:44:00-05:00,2018-02-12 10:13:00-05:00,short,6513.528021066135,6463.653021066135,TP,49.88,28,158.1
2018-02-14 02:34:00-05:00,2018-02-14 08:30:00-05:00,short,6590.569710186437,6578.569710186437,TP,12.0,30,170.1
2018-02-20 05:04:00-05:00,2018-02-20 06:23:00-05:00,long,6727.800168995409,6727.800168995409,BE,0.0,34,170.1
2018-03-02 08:01:00-05:00,2018-03-02 09:12:00-05:00,long,6674.644394150568,6674.644394150568,BE,0.0,35,170.1
2018-03-02 09:44:00-05:00,2018-03-02 10:33:00-05:00,long,6655.008211491266,6700.383211491266,TP,45.38,32,215.48
2018-03-08 02:11:00-05:00,2018-03-08 07:16:00-05:00,short,6945.66025015068,6962.16025015068,SL,-16.5,46,198.98
2018-03-08 20:24:00-05:00,2018-03-08 20:25:00-05:00,short,6989.60835460164,6989.0,cutoff,0.61,45,199.59
2018-03-09 08:30:00-05:00,2018-03-09 08:31:00-05:00,short,7013.153575857334,7022.903575857334,SL,-9.75,41,189.84
2018-03-13 09:42:00-04:00,2018-03-13 10:55:00-04:00,short,7211.202029295153,7160.202029295153,TP,51.0,49,240.84
2018-03-14 21:10:00-04:00,2018-03-14 21:11:00-04:00,long,7027.927462033644,7028.75,cutoff,0.82,51,241.66
2018-03-18 20:59:00-04:00,2018-03-18 21:00:00-04:00,long,7019.536644549242,7021.25,cutoff,1.71,53,243.37
2018-03-19 01:09:00-04:00,2018-03-19 01:17:00-04:00,long,6984.070799723797,6993.445799723797,TP,9.38,48,252.75
2018-03-22 03:59:00-04:00,2018-03-22 05:13:00-04:00,long,6815.833165584705,6815.833165584705,BE,0.0,55,252.75
2018-03-22 06:50:00-04:00,2018-03-22 08:36:00-04:00,long,6796.46474984932,6796.46474984932,BE,0.0,46,252.75
2018-03-26 20:01:00-04:00,2018-03-26 20:02:00-04:00,short,6796.0404081907745,6793.25,cutoff,2.79,58,255.54
2018-04-09 22:42:00-04:00,2018-04-09 22:43:00-04:00,short,6618.015361193202,6621.25,cutoff,-3.23,68,252.31
2018-04-12 09:59:00-04:00,2018-04-12 11:52:00-04:00,short,6674.120573515432,6656.495573515432,TP,17.62,69,269.93
2018-04-17 02:19:00-04:00,2018-04-17 04:18:00-04:00,short,6742.225463751627,6729.475463751627,TP,12.75,71,282.68
2018-04-17 06:13:00-04:00,2018-04-17 07:41:00-04:00,short,6747.283059462454,6747.283059462454,BE,0.0,73,282.68
2018-04-17 10:54:00-04:00,2018-04-17 14:52:00-04:00,short,6791.429923534902,6835.679923534902,SL,-44.25,72,238.43
2018-04-20 03:30:00-04:00,2018-04-20 06:53:00-04:00,long,6754.992006121582,6776.367006121582,TP,21.38,75,259.81
2018-04-24 10:24:00-04:00,2018-04-24 12:27:00-04:00,long,6615.554947578565,6543.554947578565,SL,-72.0,78,187.81
2018-04-26 10:04:00-04:00,2018-04-26 14:42:00-04:00,short,6618.426920574853,6672.051920574853,SL,-53.62,80,134.19
2018-04-27 08:47:00-04:00,2018-04-27 09:31:00-04:00,short,6767.945052421435,6745.070052421435,TP,22.88,78,157.07
2018-05-04 10:25:00-04:00,2018-05-04 14:21:00-04:00,short,6692.836225843241,6773.086225843241,SL,-80.25,86,76.82
2018-05-07 00:30:00-04:00,2018-05-07 01:15:00-04:00,short,6828.16377343615,6828.16377343615,BE,0.0,77,76.82
2018-05-14 10:30:00-04:00,2018-05-14 11:20:00-04:00,short,7007.349699090812,7007.349699090812,BE,0.0,92,76.82
2018-05-15 08:39:00-04:00,2018-05-15 09:32:00-04:00,long,6928.543047509258,6897.043047509258,SL,-31.5,93,45.32
2018-05-17 10:57:00-04:00,2018-05-17 12:40:00-04:00,short,6960.568010688974,6931.318010688974,TP,29.25,95,74.57
2018-05-22 21:51:00-04:00,2018-05-22 21:52:00-04:00,long,6878.121273342689,6878.25,cutoff,0.13,98,74.7
2018-05-22 23:06:00-04:00,2018-05-22 23:07:00-04:00,long,6869.126676304564,6867.75,cutoff,-1.38,99,73.32
2018-05-23 03:24:00-04:00,2018-05-23 04:16:00-04:00,long,6862.149696078842,6844.149696078842,SL,-18.0,96,55.32
2018-05-24 03:19:00-04:00,2018-05-24 04:48:00-04:00,short,6971.765545524388,6971.765545524388,BE,0.0,94,55.32
2018-05-24 21:33:00-04:00,2018-05-24 21:34:00-04:00,short,6988.503726657311,6992.75,cutoff,-4.25,98,51.07
2018-05-29 02:47:00-04:00,2018-05-29 03:15:00-04:00,long,6935.904766379892,6955.029766379892,TP,19.12,103,70.19
2018-05-29 04:32:00-04:00,2018-05-29 09:42:00-04:00,long,6899.922722627305,6943.797722627305,TP,43.88,102,114.07
2018-06-01 09:55:00-04:00,2018-06-01 10:55:00-04:00,short,7036.581952490742,7069.206952490742,SL,-32.62,93,81.45
2018-06-03 20:18:00-04:00,2018-06-03 20:19:00-04:00,short,7092.43659505992,7089.5,cutoff,2.94,107,84.39
2018-06-05 04:00:00-04:00,2018-06-05 10:04:00-04:00,short,7156.635231374005,7180.635231374005,SL,-24.0,108,60.39
2018-06-07 02:32:00-04:00,2018-06-07 03:05:00-04:00,short,7231.326699234774,7226.451699234774,TP,4.88,110,65.27
2018-06-08 04:10:00-04:00,2018-06-08 05:03:00-04:00,long,7113.548300765226,7113.548300765226,BE,0.0,110,65.27
2018-06-11 09:46:00-04:00,2018-06-11 10:18:00-04:00,short,7194.487916844135,7177.987916844135,TP,16.5,112,81.77
2018-06-12 20:23:00-04:00,2018-06-12 20:24:00-04:00,short,7254.301705073458,7254.0,cutoff,0.3,114,82.07
2018-06-13 10:20:00-04:00,2018-06-13 14:06:00-04:00,short,7269.677208812118,7247.177208812118,TP,22.5,111,104.57
2018-06-14 10:20:00-04:00,2018-06-14 11:32:00-04:00,short,7303.289655676041,7303.289655676041,BE,0.0,115,104.57
2018-06-18 09:34:00-04:00,2018-06-18 09:48:00-04:00,long,7214.541889345101,7237.041889345101,TP,22.5,117,127.07
2018-06-18 21:55:00-04:00,2018-06-18 21:56:00-04:00,long,7207.821104982877,7207.25,cutoff,-0.57,116,126.5
2018-06-18 22:11:00-04:00,2018-06-18 22:12:00-04:00,long,7199.085344323959,7197.25,cutoff,-1.84,115,124.66
2018-06-19 03:07:00-04:00,2018-06-19 04:26:00-04:00,long,7172.345652503716,7172.345652503716,BE,0.0,118,124.66
2018-06-19 10:30:00-04:00,2018-06-19 13:53:00-04:00,long,7161.698294926542,7230.323294926542,TP,68.62,114,193.28
2018-06-19 20:02:00-04:00,2018-06-19 20:03:00-04:00,short,7262.911183414944,7263.25,cutoff,-0.34,119,192.94
2018-06-20 08:54:00-04:00,2018-06-20 09:42:00-04:00,short,7287.904347496284,7303.279347496284,SL,-15.38,118,177.56
2018-06-20 21:57:00-04:00,2018-06-20 21:58:00-04:00,short,7342.428895017123,7345.25,cutoff,-2.82,116,174.74
2018-06-21 10:22:00-04:00,2018-06-21 11:44:00-04:00,long,7237.780430387864,7286.155430387864,TP,48.38,120,223.12
2018-06-22 10:34:00-04:00,2018-06-22 15:00:00-04:00,long,7198.555087663368,7242.5,cutoff,43.94,121,267.06
2018-06-25 05:03:00-04:00,2018-06-25 09:39:00-04:00,long,7161.205449367277,7130.830449367277,SL,-30.38,122,236.68
2018-06-28 22:36:00-04:00,2018-06-28 22:37:00-04:00,short,7076.796525590399,7079.5,cutoff,-2.7,126,233.98
2018-07-02 02:24:00-04:00,2018-07-02 10:39:00-04:00,long,7021.939275551633,7058.314275551633,TP,36.38,127,270.36
2018-07-03 07:36:00-04:00,2018-07-03 09:30:00-04:00,short,7161.685724448367,7140.685724448367,TP,21.0,127,291.36
2018-07-06 01:32:00-04:00,2018-07-06 09:40:00-04:00,short,7154.980786813723,7154.980786813723,BE,0.0,131,291.36
2018-07-06 10:12:00-04:00,2018-07-06 15:00:00-04:00,short,7169.8256782714725,7223.5,cutoff,-53.67,124,237.69
2018-07-08 20:08:00-04:00,2018-07-08 20:09:00-04:00,short,7245.184324224052,7247.5,cutoff,-2.32,123,235.37
2018-07-09 20:54:00-04:00,2018-07-09 20:55:00-04:00,short,7333.438705783388,7329.5,cutoff,3.94,133,239.31
2018-07-12 10:07:00-04:00,2018-07-12 13:43:00-04:00,short,7328.303579632185,7374.803579632185,SL,-46.5,135,192.81
2018-07-12 23:46:00-04:00,2018-07-12 23:47:00-04:00,short,7406.569912336632,7407.25,cutoff,-0.68,121,192.13
2018-07-22 21:00:00-04:00,2018-07-22 21:01:00-04:00,long,7346.6858821268015,7348.25,cutoff,1.56,140,193.69
2018-07-22 21:42:00-04:00,2018-07-22 21:43:00-04:00,long,7339.022912419565,7337.25,cutoff,-1.77,142,191.92
2018-07-23 09:40:00-04:00,2018-07-23 09:59:00-04:00,long,7317.598652863049,7334.098652863049,TP,16.5,141,208.42
2018-07-23 19:52:00-04:00,2018-07-23 19:53:00-04:00,short,7438.102087580435,7439.75,cutoff,-1.65,142,206.77
2018-07-23 21:45:00-04:00,2018-07-23 21:46:00-04:00,short,7442.534348931817,7443.25,cutoff,-0.72,137,206.05
2018-07-23 22:59:00-04:00,2018-07-23 23:00:00-04:00,short,7446.894584057618,7446.0,cutoff,0.89,138,206.94
2018-07-24 09:36:00-04:00,2018-07-24 11:03:00-04:00,short,7478.0641178731985,7449.9391178731985,TP,28.12,140,235.06
2018-07-30 09:44:00-04:00,2018-07-30 10:35:00-04:00,long,7226.908261951898,7226.908261951898,BE,0.0,136,235.06
2018-08-06 23:02:00-04:00,2018-08-06 23:03:00-04:00,short,7459.432390640652,7457.0,cutoff,2.43,153,237.49
2018-08-07 09:35:00-04:00,2018-08-07 09:44:00-04:00,short,7482.682503501307,7475.182503501307,TP,7.5,146,244.99
2018-08-10 06:04:00-04:00,2018-08-10 09:02:00-04:00,long,7424.720023865139,7424.720023865139,BE,0.0,156,244.99
2018-08-10 10:04:00-04:00,2018-08-10 13:46:00-04:00,long,7413.1515343948895,7413.1515343948895,BE,0.0,154,244.99
2018-08-15 10:00:00-04:00,2018-08-15 15:00:00-04:00,long,7372.920652415312,7352.75,cutoff,-20.17,157,224.82
2018-08-17 08:08:00-04:00,2018-08-17 09:28:00-04:00,long,7360.173904777643,7360.173904777643,BE,0.0,161,224.82
2018-08-21 19:14:00-04:00,2018-08-21 19:15:00-04:00,long,7352.896833553673,7353.25,cutoff,0.35,164,225.17
2018-08-23 09:42:00-04:00,2018-08-23 09:49:00-04:00,short,7452.447510363063,7463.322510363063,SL,-10.88,165,214.29
2018-08-24 10:35:00-04:00,2018-08-24 15:00:00-04:00,short,7480.329347584688,7490.75,cutoff,-10.42,157,203.87
2018-08-26 19:44:00-04:00,2018-08-26 19:45:00-04:00,short,7522.8484656051105,7523.5,cutoff,-0.65,154,203.22
2018-08-27 09:30:00-04:00,2018-08-27 09:38:00-04:00,short,7534.904976134861,7522.529976134861,TP,12.38,156,215.6
2018-08-28 22:28:00-04:00,2018-08-28 22:29:00-04:00,short,7599.9516883498845,7599.75,cutoff,0.2,168,215.8
2018-08-29 10:41:00-04:00,2018-08-29 15:00:00-04:00,short,7634.351839522623,7658.75,cutoff,-24.4,169,191.4
2018-09-04 07:41:00-04:00,2018-09-04 09:30:00-04:00,long,7633.061168833607,7633.061168833607,BE,0.0,173,191.4
2018-09-04 09:39:00-04:00,2018-09-04 09:42:00-04:00,long,7604.500703523443,7590.250703523443,SL,-14.25,171,177.15
2018-09-05 10:01:00-04:00,2018-09-05 15:00:00-04:00,long,7549.8898326392355,7533.25,cutoff,-16.64,174,160.51
2018-09-06 10:12:00-04:00,2018-09-06 15:00:00-04:00,long,7472.1733116501155,7443.5,cutoff,-28.67,168,131.84
2018-09-07 09:00:00-04:00,2018-09-07 09:53:00-04:00,long,7401.824362995334,7462.199362995334,TP,60.38,167,192.22
2018-09-12 03:47:00-04:00,2018-09-12 04:00:00-04:00,short,7527.395003291416,7537.895003291416,SL,-10.5,179,181.72
2018-09-13 09:32:00-04:00,2018-09-13 09:45:00-04:00,short,7547.622652900693,7578.372652900693,SL,-30.75,178,150.97
2018-09-14 02:25:00-04:00,2018-09-14 09:30:00-04:00,short,7612.28905045813,7596.53905045813,TP,15.75,176,166.72
2018-09-17 09:36:00-04:00,2018-09-17 09:37:00-04:00,long,7544.14004620946,7531.01504620946,SL,-13.12,182,153.6
2018-09-20 09:43:00-04:00,2018-09-20 15:00:00-04:00,short,7584.795092564204,7605.0,cutoff,-20.2,184,133.4
2018-09-21 02:47:00-04:00,2018-09-21 05:28:00-04:00,short,7631.354115860666,7618.229115860666,TP,13.12,183,146.52
2018-09-24 09:31:00-04:00,2018-09-24 09:32:00-04:00,long,7499.12113621541,7485.24613621541,SL,-13.88,186,132.64
2018-09-30 19:08:00-04:00,2018-09-30 19:09:00-04:00,short,7688.758399715875,7687.75,cutoff,1.01,187,133.65
2018-09-30 19:24:00-04:00,2018-09-30 19:25:00-04:00,short,7692.848829541818,7691.25,cutoff,1.6,192,135.25
2018-09-30 22:17:00-04:00,2018-09-30 22:18:00-04:00,short,7702.894612183031,7702.25,cutoff,0.64,175,135.89
2018-09-30 22:23:00-04:00,2018-09-30 22:24:00-04:00,short,7704.8601673607645,7705.0,cutoff,-0.14,174,135.75
2018-09-30 22:32:00-04:00,2018-09-30 22:33:00-04:00,short,7709.313831166393,7711.0,cutoff,-1.69,173,134.06
2018-10-01 03:48:00-04:00,2018-10-01 04:33:00-04:00,short,7713.619433421061,7713.619433421061,BE,0.0,191,134.06
2018-10-02 04:46:00-04:00,2018-10-02 09:30:00-04:00,long,7641.621028945046,7664.496028945046,TP,22.88,193,156.94
2018-10-03 21:36:00-04:00,2018-10-03 21:37:00-04:00,long,7629.524241982807,7628.75,cutoff,-0.77,195,156.17
2018-10-04 09:40:00-04:00,2018-10-04 10:20:00-04:00,long,7588.947492919474,7560.447492919474,SL,-28.5,194,127.67
2018-10-10 09:50:00-04:00,2018-10-10 09:57:00-04:00,long,7286.224538054712,7250.974538054712,SL,-35.25,198,92.42
2018-10-23 05:17:00-04:00,2018-10-23 06:52:00-04:00,long,7032.3496815496055,7058.5996815496055,TP,26.25,208,118.67
2018-10-23 09:30:00-04:00,2018-10-23 09:32:00-04:00,long,7000.761047057629,7031.511047057629,TP,30.75,203,149.42
2018-10-26 05:25:00-04:00,2018-10-26 09:30:00-04:00,long,6762.610909414232,6818.485909414232,TP,55.88,211,205.3
2018-10-31 04:37:00-04:00,2018-10-31 06:44:00-04:00,short,6889.683844244571,6889.683844244571,BE,0.0,214,205.3
2018-11-02 01:04:00-04:00,2018-11-02 10:29:00-04:00,short,7089.567462295751,6993.942462295751,TP,95.62,215,300.92
2018-11-05 09:44:00-05:00,2018-11-05 10:11:00-05:00,long,6903.866612075746,6877.241612075746,SL,-26.62,217,274.3
2018-11-07 03:20:00-05:00,2018-11-07 04:37:00-05:00,short,7081.0047610942565,7114.0047610942565,SL,-33.0,218,241.3
2018-11-09 06:37:00-05:00,2018-11-09 09:35:00-05:00,long,7094.461029890275,7094.461029890275,BE,0.0,221,241.3
2018-11-12 09:32:00-05:00,2018-11-12 10:03:00-05:00,long,6976.819470200613,6914.194470200613,SL,-62.62,220,178.68
2018-11-12 19:44:00-05:00,2018-11-12 19:45:00-05:00,long,6812.432537704249,6807.5,cutoff,-4.93,215,173.75
2018-11-19 10:34:00-05:00,2018-11-19 11:25:00-05:00,long,6729.6333303671845,6729.6333303671845,BE,0.0,227,173.75
2018-11-20 08:40:00-05:00,2018-11-20 10:14:00-05:00,long,6537.816155755429,6456.441155755429,SL,-81.38,214,92.37
2018-11-21 09:31:00-05:00,2018-11-21 09:41:00-05:00,short,6638.488855974993,6600.988855974993,TP,37.5,229,129.87
2018-11-23 08:43:00-05:00,2018-11-23 09:01:00-05:00,long,6499.389445867615,6525.639445867615,TP,26.25,230,156.12
2018-11-26 03:15:00-05:00,2018-11-26 10:00:00-05:00,short,6623.8814122187305,6660.2564122187305,SL,-36.38,231,119.74
2018-11-28 01:10:00-05:00,2018-11-28 03:00:00-05:00,short,6735.842929241806,6725.342929241806,TP,10.5,233,130.24
2018-12-11 05:53:00-05:00,2018-12-11 08:26:00-05:00,short,6741.269055832232,6785.519055832232,SL,-44.25,242,85.99
2018-12-13 20:03:00-05:00,2018-12-13 20:04:00-05:00,long,6708.373377780335,6710.5,cutoff,2.13,244,88.12
2018-12-17 09:53:00-05:00,2018-12-17 10:09:00-05:00,long,6528.160513975401,6570.910513975401,TP,42.75,234,130.87
2018-12-27 23:30:00-05:00,2018-12-27 23:31:00-05:00,short,6340.354224240451,6341.25,cutoff,-0.9,254,129.97
2019-01-02 03:03:00-05:00,2019-01-02 03:21:00-05:00,long,6238.169923802291,6195.044923802291,SL,-43.12,256,86.85
2019-01-06 19:03:00-05:00,2019-01-06 19:04:00-05:00,short,6469.258199892534,6475.0,cutoff,-5.74,250,81.11
2019-01-15 09:36:00-05:00,2019-01-15 10:00:00-05:00,short,6623.795237270195,6651.920237270195,SL,-28.12,265,52.99
2019-01-16 09:33:00-05:00,2019-01-16 09:41:00-05:00,short,6698.710922106751,6711.085922106751,SL,-12.38,247,40.61
2019-01-17 03:16:00-05:00,2019-01-17 06:38:00-05:00,long,6615.187968301361,6643.687968301361,TP,28.5,267,69.11
2019-01-18 09:28:00-05:00,2019-01-18 09:32:00-05:00,short,6785.562031698639,6766.437031698639,TP,19.12,267,88.23
2019-01-25 10:02:00-05:00,2019-01-25 15:00:00-05:00,short,6774.122767182309,6791.5,cutoff,-17.38,273,70.85
2019-01-28 09:33:00-05:00,2019-01-28 09:50:00-05:00,long,6680.472121266195,6661.347121266195,SL,-19.12,274,51.73
2019-01-29 10:57:00-05:00,2019-01-29 15:00:00-05:00,long,6621.250354668582,6629.25,cutoff,8.0,276,59.73
2019-02-07 09:30:00-05:00,2019-02-07 10:20:00-05:00,long,6927.889636332791,6927.889636332791,BE,0.0,282,59.73
2019-02-12 10:58:00-05:00,2019-02-12 15:00:00-05:00,short,7011.94860488138,7014.25,cutoff,-2.3,283,57.43
2019-02-12 19:12:00-05:00,2019-02-12 19:13:00-05:00,short,7043.27827199871,7042.25,cutoff,1.03,286,58.46
2019-02-13 01:18:00-05:00,2019-02-13 03:58:00-05:00,short,7058.524825242923,7046.149825242923,TP,12.38,281,70.84
2019-02-14 09:31:00-05:00,2019-02-14 15:00:00-05:00,long,6981.2659991287555,7034.5,cutoff,53.23,287,124.07
2019-02-15 09:28:00-05:00,2019-02-15 10:41:00-05:00,short,7071.945814887033,7071.945814887033,BE,0.0,288,124.07
2019-02-20 10:40:00-05:00,2019-02-20 12:22:00-05:00,short,7103.860363667209,7071.235363667209,TP,32.62,282,156.69
2019-02-20 22:40:00-05:00,2019-02-20 22:41:00-05:00,short,7110.376430518732,7111.75,cutoff,-1.37,290,155.32
2019-02-21 09:45:00-05:00,2019-02-21 11:58:00-05:00,long,7026.498569481268,7057.623569481268,TP,31.12,290,186.44
2019-02-25 06:24:00-05:00,2019-02-25 07:54:00-05:00,short,7137.312499692195,7137.312499692195,BE,0.0,292,186.44
2019-02-25 08:47:00-05:00,2019-02-25 09:35:00-05:00,short,7144.790488080103,7157.165488080103,SL,-12.38,289,174.06
2019-02-25 20:28:00-05:00,2019-02-25 20:29:00-05:00,long,7101.039941058964,7101.0,cutoff,-0.04,295,174.02
2019-03-06 19:05:00-05:00,2019-03-06 19:06:00-05:00,long,7097.747854027111,7099.5,cutoff,1.75,302,175.77
2019-03-07 02:04:00-05:00,2019-03-07 05:59:00-05:00,long,7088.7027966258065,7096.2027966258065,TP,7.5,301,183.27
2019-03-07 09:52:00-05:00,2019-03-07 10:37:00-05:00,long,7038.961093836613,7038.961093836613,BE,0.0,296,183.27
2019-03-08 08:30:00-05:00,2019-03-08 09:00:00-05:00,long,6998.584511919897,6980.959511919897,SL,-17.62,289,165.65
2019-03-13 08:00:00-04:00,2019-03-13 09:12:00-04:00,short,7262.804382013026,7262.804382013026,BE,0.0,306,165.65
2019-03-15 09:56:00-04:00,2019-03-15 11:16:00-04:00,short,7332.254555376385,7332.254555376385,BE,0.0,308,165.65
2019-03-18 09:58:00-04:00,2019-03-18 11:23:00-04:00,short,7364.223578148492,7347.723578148492,TP,16.5,309,182.15
2019-03-24 20:24:00-04:00,2019-03-24 20:25:00-04:00,long,7337.82254636648,7333.0,cutoff,-4.82,311,177.33
2019-03-24 20:36:00-04:00,2019-03-24 20:37:00-04:00,long,7323.372814727505,7324.25,cutoff,0.88,312,178.21
2019-03-26 09:57:00-04:00,2019-03-26 10:32:00-04:00,short,7433.512851730817,7409.512851730817,TP,24.0,315,202.21
2019-03-31 19:05:00-04:00,2019-03-31 19:06:00-04:00,short,7455.804037375222,7457.0,cutoff,-1.2,317,201.01
2019-04-02 21:45:00-04:00,2019-04-02 21:46:00-04:00,short,7556.688231456711,7560.0,cutoff,-3.31,321,197.7
2019-04-03 03:32:00-04:00,2019-04-03 04:20:00-04:00,short,7571.935485980624,7571.935485980624,BE,0.0,314,197.7
2019-04-10 19:42:00-04:00,2019-04-10 19:43:00-04:00,short,7658.0460071098805,7656.25,cutoff,1.8,326,199.5
2019-04-15 10:43:00-04:00,2019-04-15 11:29:00-04:00,long,7599.4532325090695,7628.7032325090695,TP,29.25,329,228.75
2019-04-16 21:59:00-04:00,2019-04-16 22:00:00-04:00,short,7699.333072790703,7700.0,cutoff,-0.67,328,228.08
2019-04-17 08:03:00-04:00,2019-04-17 08:46:00-04:00,short,7708.943373859822,7722.068373859822,SL,-13.12,330,214.96
2019-04-23 09:44:00-04:00,2019-04-23 10:03:00-04:00,short,7772.171559230863,7786.421559230863,SL,-14.25,333,200.71
2019-04-26 09:43:00-04:00,2019-04-26 15:00:00-04:00,long,7773.931429214922,7822.0,cutoff,48.07,336,248.78
2019-04-29 21:00:00-04:00,2019-04-29 21:01:00-04:00,long,7787.768622292595,7792.0,cutoff,4.23,339,253.01
2019-05-09 02:52:00-04:00,2019-05-09 09:04:00-04:00,long,7578.916927209297,7544.791927209297,SL,-34.12,328,218.89
2019-05-09 20:24:00-04:00,2019-05-09 20:25:00-04:00,short,7651.573096473161,7650.25,cutoff,1.32,347,220.21
2019-05-13 08:14:00-04:00,2019-05-13 10:01:00-04:00,long,7422.426903526839,7369.551903526839,SL,-52.88,347,167.33
2019-05-15 10:42:00-04:00,2019-05-15 15:00:00-04:00,short,7481.289402916763,7523.0,cutoff,-41.71,350,125.62
2019-05-20 06:14:00-04:00,2019-05-20 07:09:00-04:00,long,7446.417643630048,7416.417643630048,SL,-30.0,353,95.62
2019-05-23 02:07:00-04:00,2019-05-23 03:13:00-04:00,long,7371.647120555797,7351.022120555797,SL,-20.62,355,75.0
2019-05-28 09:39:00-04:00,2019-05-28 10:18:00-04:00,short,7364.662584484247,7329.412584484247,TP,35.25,359,110.25
2019-05-28 20:09:00-04:00,2019-05-28 20:10:00-04:00,long,7278.526693405793,7274.0,cutoff,-4.53,358,105.72
2019-05-28 20:12:00-04:00,2019-05-28 20:13:00-04:00,long,7258.772250513976,7263.0,cutoff,4.23,351,109.95
2019-05-31 03:05:00-04:00,2019-05-31 03:53:00-04:00,long,7176.495656589786,7152.870656589786,SL,-23.62,362,86.33
2019-06-05 05:27:00-04:00,2019-06-05 06:14:00-04:00,short,7224.946166549782,7244.821166549782,SL,-19.88,364,66.45
2019-06-07 04:08:00-04:00,2019-06-07 08:50:00-04:00,short,7306.2149127648445,7329.0899127648445,SL,-22.88,367,43.57
2019-06-10 09:33:00-04:00,2019-06-10 09:41:00-04:00,short,7490.945550165439,7514.195550165439,SL,-23.25,354,20.32
2019-06-11 08:35:00-04:00,2019-06-11 09:32:00-04:00,short,7584.364849485702,7600.489849485702,SL,-16.12,369,4.2
2019-06-17 09:53:00-04:00,2019-06-17 15:00:00-04:00,short,7560.9113085016415,7560.25,cutoff,0.66,373,4.86
2019-06-18 04:18:00-04:00,2019-06-18 06:46:00-04:00,short,7584.937138920871,7623.562138920871,SL,-38.62,372,-33.76
2019-06-19 21:09:00-04:00,2019-06-19 21:10:00-04:00,short,7748.238854969065,7746.75,cutoff,1.49,376,-32.27
2019-06-19 23:49:00-04:00,2019-06-19 23:50:00-04:00,short,7765.55530926014,7765.0,cutoff,0.56,375,-31.71
2019-06-25 10:22:00-04:00,2019-06-25 13:01:00-04:00,long,7702.584942229007,7637.709942229007,SL,-64.88,379,-96.59
2019-07-01 03:03:00-04:00,2019-07-01 06:15:00-04:00,short,7829.290057770993,7829.290057770993,BE,0.0,379,-96.59
2019-07-03 03:15:00-04:00,2019-07-03 03:34:00-04:00,short,7845.729041524407,7856.604041524407,SL,-10.88,385,-107.47
2019-07-05 08:30:00-04:00,2019-07-05 08:31:00-04:00,long,7857.780845939943,7873.905845939943,TP,16.12,387,-91.35
2019-07-08 09:37:00-04:00,2019-07-08 10:30:00-04:00,long,7791.326459544721,7791.326459544721,BE,0.0,386,-91.35
2019-07-08 23:23:00-04:00,2019-07-08 23:24:00-04:00,long,7762.717990386845,7756.75,cutoff,-5.97,388,-97.32
2019-07-09 03:43:00-04:00,2019-07-09 04:29:00-04:00,long,7751.393282055672,7751.393282055672,BE,0.0,384,-97.32
2019-07-10 08:33:00-04:00,2019-07-10 08:36:00-04:00,short,7873.192209136437,7889.317209136437,SL,-16.12,389,-113.44
2019-07-15 19:54:00-04:00,2019-07-15 19:55:00-04:00,short,7994.358280096334,7995.5,cutoff,-1.14,392,-114.58
2019-07-23 08:08:00-04:00,2019-07-23 09:38:00-04:00,short,7959.990078487765,7944.615078487765,TP,15.38,399,-99.2
2019-07-30 07:31:00-04:00,2019-07-30 08:35:00-04:00,long,7941.555932796677,7941.555932796677,BE,0.0,403,-99.2
2019-08-02 03:50:00-04:00,2019-08-02 04:53:00-04:00,long,7742.182790863563,7742.182790863563,BE,0.0,389,-99.2
2019-08-02 10:08:00-04:00,2019-08-02 15:00:00-04:00,long,7705.005158577311,7681.75,cutoff,-23.26,390,-122.46
2019-08-04 21:35:00-04:00,2019-08-04 21:36:00-04:00,long,7636.544656962058,7626.0,cutoff,-10.54,408,-133.0
2019-08-07 21:24:00-04:00,2019-08-07 21:25:00-04:00,short,7582.281783028347,7578.25,cutoff,4.03,411,-128.97
2019-08-08 09:05:00-04:00,2019-08-08 09:42:00-04:00,short,7617.434691441897,7584.809691441897,TP,32.62,409,-96.35
2019-08-13 05:30:00-04:00,2019-08-13 06:17:00-04:00,long,7521.640114106753,7521.640114106753,BE,0.0,414,-96.35
2019-08-13 09:46:00-04:00,2019-08-13 09:48:00-04:00,short,7694.484885893247,7732.734885893247,SL,-38.25,414,-134.6
2019-08-16 10:59:00-04:00,2019-08-16 13:25:00-04:00,short,7624.934694968692,7624.934694968692,BE,0.0,417,-134.6
2019-08-19 01:18:00-04:00,2019-08-19 02:28:00-04:00,short,7664.75497912878,7676.00497912878,SL,-11.25,418,-145.85
2019-08-22 10:35:00-04:00,2019-08-22 12:16:00-04:00,long,7670.164265236528,7706.164265236528,TP,36.0,421,-109.85
2019-08-23 08:25:00-04:00,2019-08-23 08:55:00-04:00,long,7648.5269320504385,7674.7769320504385,TP,26.25,422,-83.6
2019-08-23 09:50:00-04:00,2019-08-23 11:02:00-04:00,long,7631.648645621291,7631.648645621291,BE,0.0,419,-83.6
2019-08-27 09:06:00-04:00,2019-08-27 11:16:00-04:00,short,7642.508695258361,7590.008695258361,TP,52.5,424,-31.1
2019-08-29 03:13:00-04:00,2019-08-29 03:14:00-04:00,short,7646.212089161028,7662.337089161028,SL,-16.12,426,-47.22
2019-08-30 05:30:00-04:00,2019-08-30 09:45:00-04:00,short,7762.221632104627,7728.096632104627,TP,34.12,423,-13.1
2019-09-04 20:04:00-04:00,2019-09-04 20:05:00-04:00,short,7734.292320353883,7735.5,cutoff,-1.21,429,-14.31
2019-09-04 21:02:00-04:00,2019-09-04 21:03:00-04:00,short,7749.207958554301,7749.0,cutoff,0.21,430,-14.1
2019-09-04 21:29:00-04:00,2019-09-04 21:30:00-04:00,short,7770.337546044502,7779.5,cutoff,-9.16,431,-23.26
2019-09-04 21:31:00-04:00,2019-09-04 21:32:00-04:00,short,7785.691093316743,7789.75,cutoff,-4.06,420,-27.32
2019-09-04 21:37:00-04:00,2019-09-04 21:38:00-04:00,short,7793.271226938899,7803.75,cutoff,-10.48,413,-37.8
2019-09-04 21:51:00-04:00,2019-09-04 21:52:00-04:00,short,7805.101354378709,7806.25,cutoff,-1.15,419,-38.95
2019-09-04 21:59:00-04:00,2019-09-04 22:00:00-04:00,short,7820.460734763472,7821.25,cutoff,-0.79,421,-39.74
2019-09-05 09:52:00-04:00,2019-09-05 10:15:00-04:00,short,7843.3480679495615,7867.7230679495615,SL,-24.38,422,-64.12
2019-09-10 03:41:00-04:00,2019-09-10 06:27:00-04:00,long,7792.904046735641,7815.029046735641,TP,22.12,433,-42.0
2019-09-11 10:33:00-04:00,2019-09-11 11:30:00-04:00,short,7870.113220323607,7870.113220323607,BE,0.0,435,-42.0
2019-09-11 19:22:00-04:00,2019-09-11 19:23:00-04:00,short,7921.3221564805135,7930.25,cutoff,-8.93,436,-50.93
2019-09-11 19:25:00-04:00,2019-09-11 19:26:00-04:00,short,7938.40261158739,7947.75,cutoff,-9.35,432,-60.28
2019-09-19 09:32:00-04:00,2019-09-19 15:00:00-04:00,short,7939.129790605412,7930.25,cutoff,8.88,439,-51.4
2019-09-23 19:02:00-04:00,2019-09-23 19:03:00-04:00,short,7904.190003267094,7889.75,cutoff,14.44,444,-36.96
2019-09-25 04:49:00-04:00,2019-09-25 10:54:00-04:00,long,7698.761779676393,7744.511779676393,TP,45.75,435,8.79
2019-09-30 21:02:00-04:00,2019-09-30 21:03:00-04:00,short,7806.146137609452,7809.25,cutoff,-3.1,449,5.69
2019-10-02 03:10:00-04:00,2019-10-02 03:22:00-04:00,long,7689.38138584795,7663.88138584795,SL,-25.5,450,-19.81
2019-10-04 08:31:00-04:00,2019-10-04 08:48:00-04:00,short,7686.64445205237,7663.01945205237,TP,23.62,452,3.81
2019-10-08 09:39:00-04:00,2019-10-08 10:02:00-04:00,long,7665.2128056712345,7636.7128056712345,SL,-28.5,454,-24.69
2019-10-10 10:54:00-04:00,2019-10-10 15:00:00-04:00,short,7763.794102950359,7738.75,cutoff,25.04,456,0.35
2019-10-11 04:10:00-04:00,2019-10-11 05:02:00-04:00,short,7817.0371943287655,7845.1621943287655,SL,-28.12,454,-27.77
2019-10-15 10:27:00-04:00,2019-10-15 14:00:00-04:00,short,7922.282429616186,7968.407429616186,SL,-46.12,459,-73.89
2019-10-17 05:31:00-04:00,2019-10-17 10:49:00-04:00,short,7971.955612648202,7943.830612648202,TP,28.12,460,-45.77
2019-10-18 10:35:00-04:00,2019-10-18 11:20:00-04:00,long,7912.521825537877,7912.521825537877,BE,0.0,462,-45.77
2019-10-22 09:34:00-04:00,2019-10-22 09:36:00-04:00,short,7986.401104246743,7971.026104246743,TP,15.38,464,-30.39
2019-10-24 03:15:00-04:00,2019-10-24 06:12:00-04:00,short,7934.28716641723,7934.28716641723,BE,0.0,466,-30.39
2019-10-25 10:50:00-04:00,2019-10-25 15:00:00-04:00,short,8007.758089508419,8025.0,cutoff,-17.24,463,-47.63
2019-10-30 10:03:00-04:00,2019-10-30 14:00:00-04:00,long,8030.131719428886,8030.131719428886,BE,0.0,470,-47.63
2019-11-01 09:54:00-04:00,2019-11-01 15:00:00-04:00,short,8143.651822073346,8146.25,cutoff,-2.6,469,-50.23
2019-11-03 21:37:00-05:00,2019-11-03 21:38:00-05:00,short,8184.4999706264025,8184.75,cutoff,-0.25,472,-50.48
2019-11-04 05:02:00-05:00,2019-11-04 08:31:00-05:00,short,8206.423598005367,8223.298598005367,SL,-16.88,473,-67.36
2019-11-07 10:16:00-05:00,2019-11-07 14:50:00-05:00,short,8264.95911284065,8224.45911284065,TP,40.5,476,-26.86
2019-11-12 10:19:00-05:00,2019-11-12 14:50:00-05:00,short,8281.578124415639,8248.953124415639,TP,32.62,479,5.76
2019-11-14 20:15:00-05:00,2019-11-14 20:16:00-05:00,short,8303.323514829619,8300.25,cutoff,3.07,482,8.83
2019-11-14 21:56:00-05:00,2019-11-14 21:57:00-05:00,short,8306.876726080602,8304.5,cutoff,2.38,477,11.21
2019-11-15 08:48:00-05:00,2019-11-15 09:59:00-05:00,short,8308.599787545481,8290.974787545481,TP,17.62,481,28.83
2019-11-18 02:16:00-05:00,2019-11-18 02:17:00-05:00,short,8325.258197873129,8332.758197873129,SL,-7.5,480,21.33
2019-11-19 03:23:00-05:00,2019-11-19 03:32:00-05:00,short,8363.69098040014,8354.31598040014,TP,9.38,484,30.71
2019-11-20 03:54:00-05:00,2019-11-20 05:15:00-05:00,long,8296.92587972569,8296.92587972569,BE,0.0,485,30.71
2019-11-25 09:34:00-05:00,2019-11-25 10:10:00-05:00,short,8337.282692203938,8359.032692203938,SL,-21.75,487,8.96
2019-11-25 20:46:00-05:00,2019-11-25 20:47:00-05:00,short,8414.82412027431,8418.25,cutoff,-3.43,485,5.53
2019-12-02 09:30:00-05:00,2019-12-02 09:39:00-05:00,long,8403.609446385071,8373.984446385071,SL,-29.62,492,-24.09
2019-12-03 07:45:00-05:00,2019-12-03 08:32:00-05:00,long,8261.172082087238,8229.672082087238,SL,-31.5,494,-55.59
2019-12-04 04:07:00-05:00,2019-12-04 15:00:00-05:00,short,8288.801957918473,8314.25,cutoff,-25.45,495,-81.04
2019-12-06 08:41:00-05:00,2019-12-06 10:50:00-05:00,short,8372.8689328482,8393.1189328482,SL,-20.25,496,-101.29
2019-12-10 03:52:00-05:00,2019-12-10 03:55:00-05:00,long,8329.83248049312,8320.83248049312,SL,-9.0,499,-110.29
2019-12-12 09:38:00-05:00,2019-12-12 10:00:00-05:00,short,8437.348242154314,8470.348242154314,SL,-33.0,498,-143.29
2019-12-13 05:31:00-05:00,2019-12-13 07:01:00-05:00,short,8544.400039693046,8530.900039693046,TP,13.5,502,-129.79
2019-12-16 09:45:00-05:00,2019-12-16 10:23:00-05:00,short,8594.903059526845,8609.153059526845,SL,-14.25,503,-144.04
2019-12-26 09:45:00-05:00,2019-12-26 11:20:00-05:00,short,8756.55477276877,8775.67977276877,SL,-19.12,508,-163.16
2019-12-30 09:38:00-05:00,2019-12-30 09:45:00-05:00,long,8742.97249466529,8723.09749466529,SL,-19.88,512,-183.04
2020-01-03 05:56:00-05:00,2020-01-03 08:13:00-05:00,long,8743.715344071625,8793.965344071625,TP,50.25,514,-132.79
2020-01-06 21:23:00-05:00,2020-01-06 21:24:00-05:00,short,8881.00840595395,8880.75,cutoff,0.26,515,-132.53
2020-01-07 19:32:00-05:00,2020-01-07 19:33:00-05:00,long,8696.61659404605,8700.75,cutoff,4.13,515,-128.4
2020-01-07 19:38:00-05:00,2020-01-07 19:39:00-05:00,long,8685.372862250453,8696.0,cutoff,10.63,509,-117.77
2020-01-17 04:51:00-05:00,2020-01-17 11:13:00-05:00,short,9163.275526241003,9136.650526241003,TP,26.62,524,-91.15
2020-01-20 21:35:00-05:00,2020-01-20 21:36:00-05:00,long,9121.972242453598,9123.25,cutoff,1.28,526,-89.87
2020-01-21 21:51:00-05:00,2020-01-21 21:52:00-05:00,short,9212.777757546402,9222.0,cutoff,-9.22,526,-99.09
2020-01-22 01:06:00-05:00,2020-01-22 03:47:00-05:00,short,9236.007077102986,9224.757077102986,TP,11.25,525,-87.84
2020-01-23 09:35:00-05:00,2020-01-23 09:58:00-05:00,long,9157.475099792833,9184.100099792833,TP,26.62,528,-61.22
2020-01-24 03:07:00-05:00,2020-01-24 03:35:00-05:00,short,9274.55896358009,9285.05896358009,SL,-10.5,529,-71.72
2020-01-27 05:03:00-05:00,2020-01-27 15:00:00-05:00,long,8991.946156459002,8977.5,cutoff,-14.45,523,-86.17
2020-01-28 10:25:00-05:00,2020-01-28 14:14:00-05:00,short,9053.02925865888,9111.15425865888,SL,-58.12,531,-144.29
2020-01-30 02:06:00-05:00,2020-01-30 03:03:00-05:00,long,9012.488205660382,9012.488205660382,BE,0.0,533,-144.29
2020-02-04 03:23:00-05:00,2020-02-04 04:26:00-05:00,short,9218.804595713065,9218.804595713065,BE,0.0,536,-144.29
2020-02-04 07:40:00-05:00,2020-02-04 10:29:00-05:00,short,9252.011794339618,9280.511794339618,SL,-28.5,533,-172.79
2020-02-10 20:45:00-05:00,2020-02-10 20:46:00-05:00,short,9567.69569543655,9568.25,cutoff,-0.55,538,-173.34
2020-02-13 22:02:00-05:00,2020-02-13 22:03:00-05:00,short,9650.077889608092,9652.25,cutoff,-2.17,544,-175.51
2020-02-16 20:47:00-05:00,2020-02-16 20:48:00-05:00,short,9673.031877068039,9673.25,cutoff,-0.22,543,-175.73
2020-02-17 00:41:00-05:00,2020-02-17 01:19:00-05:00,short,9676.808177323495,9683.183177323495,SL,-6.38,542,-182.11
2020-02-19 07:58:00-05:00,2020-02-19 08:47:00-05:00,short,9684.604784625351,9684.604784625351,BE,0.0,547,-182.11
2020-02-19 09:36:00-05:00,2020-02-19 10:20:00-05:00,short,9706.908512159982,9720.033512159982,SL,-13.12,545,-195.23
2020-02-21 09:49:00-05:00,2020-02-21 09:57:00-05:00,long,9489.093122931961,9521.343122931961,TP,32.25,543,-162.98
2020-02-23 21:27:00-05:00,2020-02-23 21:28:00-05:00,long,9281.154486973353,9282.25,cutoff,1.1,541,-161.88
2020-02-24 04:16:00-05:00,2020-02-24 05:47:00-05:00,long,9156.767105704166,9156.767105704166,BE,0.0,537,-161.88
2020-02-26 22:58:00-05:00,2020-02-26 22:59:00-05:00,long,8724.757467992544,8727.5,cutoff,2.74,553,-159.14
2020-03-01 20:31:00-05:00,2020-03-01 20:32:00-05:00,short,8455.361761076416,8454.5,cutoff,0.86,555,-158.28
2020-03-05 22:53:00-05:00,2020-03-05 22:54:00-05:00,long,8551.275749585217,8548.0,cutoff,-3.28,559,-161.56
2020-03-06 04:37:00-05:00,2020-03-06 05:30:00-05:00,long,8518.953269957827,8418.078269957827,SL,-100.88,558,-262.44
2020-03-12 09:30:00-04:00,2020-03-12 09:31:00-04:00,long,7595.5999259774835,7589.2249259774835,SL,-6.38,561,-268.82
2020-03-20 03:26:00-04:00,2020-03-20 09:44:00-04:00,short,7511.458736501807,7311.458736501807,TP,200.0,568,-68.82
2020-03-24 04:07:00-04:00,2020-03-24 05:12:00-04:00,short,7322.838733246481,7322.838733246481,BE,0.0,571,-68.82
2020-03-25 03:59:00-04:00,2020-03-25 06:53:00-04:00,short,7646.30369503761,7492.55369503761,TP,153.75,572,84.93
2020-03-30 20:01:00-04:00,2020-03-30 20:02:00-04:00,short,7888.718408387388,7887.75,cutoff,0.97,575,85.9
2020-03-30 21:02:00-04:00,2020-03-30 21:03:00-04:00,short,7909.778477294267,7900.75,cutoff,9.03,573,94.93
2020-03-31 05:22:00-04:00,2020-03-31 06:21:00-04:00,short,7949.624439029813,7893.374439029813,TP,56.25,576,151.18
2020-04-01 01:49:00-04:00,2020-04-01 10:16:00-04:00,long,7578.254553993011,7635.254553993011,TP,57.0,577,208.18
2020-04-02 09:14:00-04:00,2020-04-02 10:35:00-04:00,long,7388.1058233536705,7588.1058233536705,TP,200.0,578,408.18
2020-04-05 20:17:00-04:00,2020-04-05 20:18:00-04:00,short,7703.231612359354,7699.0,cutoff,4.23,579,412.41
2020-04-05 20:31:00-04:00,2020-04-05 20:32:00-04:00,short,7776.1441766463295,7765.75,cutoff,10.39,578,422.8
2020-04-05 20:35:00-04:00,2020-04-05 20:36:00-04:00,short,7808.464622827671,7807.25,cutoff,1.21,580,424.01
2020-04-07 02:58:00-04:00,2020-04-07 06:02:00-04:00,short,8151.870446006989,8260.62044600699,SL,-108.75,577,315.26
2020-04-09 09:43:00-04:00,2020-04-09 15:00:00-04:00,short,8316.921889912834,8178.75,cutoff,138.17,583,453.43
2020-04-13 21:33:00-04:00,2020-04-13 21:34:00-04:00,short,8377.974427210953,8385.25,cutoff,-7.28,585,446.15
2020-04-14 09:34:00-04:00,2020-04-14 09:50:00-04:00,short,8503.366634118818,8564.116634118818,SL,-60.75,582,385.4
2020-04-16 10:58:00-04:00,2020-04-16 12:33:00-04:00,short,8708.551354323605,8620.801354323605,TP,87.75,587,473.15
2020-04-20 22:38:00-04:00,2020-04-20 22:39:00-04:00,long,8627.887119112991,8627.5,cutoff,-0.39,589,472.76
2020-04-21 09:37:00-04:00,2020-04-21 09:45:00-04:00,long,8582.137175759435,8533.387175759435,SL,-48.75,590,424.01
2020-04-23 10:23:00-04:00,2020-04-23 11:08:00-04:00,short,8752.552576739732,8752.552576739732,BE,0.0,592,424.01
2020-04-26 22:06:00-04:00,2020-04-26 22:07:00-04:00,short,8823.787808365498,8818.0,cutoff,5.79,594,429.8
2020-04-27 00:00:00-04:00,2020-04-27 00:32:00-04:00,short,8842.999663098304,8873.749663098304,SL,-30.75,591,399.05
2020-04-28 05:20:00-04:00,2020-04-28 05:50:00-04:00,short,8898.367238360446,8930.992238360446,SL,-32.62,593,366.43
2020-05-05 03:30:00-04:00,2020-05-05 04:49:00-04:00,short,8892.408305458119,8856.783305458119,TP,35.62,600,402.05
2020-05-07 05:36:00-04:00,2020-05-07 10:07:00-04:00,short,9092.014338145143,9056.389338145143,TP,35.62,601,437.67
2020-05-07 20:00:00-04:00,2020-05-07 20:01:00-04:00,short,9157.354943061793,9156.0,cutoff,1.35,598,439.02
2020-05-07 20:04:00-04:00,2020-05-07 20:05:00-04:00,short,9164.406582835476,9166.5,cutoff,-2.09,602,436.93
2020-05-10 19:33:00-04:00,2020-05-10 19:34:00-04:00,short,9243.358037197813,9242.5,cutoff,0.86,603,437.79
2020-05-12 19:45:00-04:00,2020-05-12 19:46:00-04:00,long,9008.407743009884,9011.0,cutoff,2.59,605,440.38
2020-05-15 03:07:00-04:00,2020-05-15 03:53:00-04:00,short,9130.678190866347,9130.678190866347,BE,0.0,608,440.38
2020-05-17 19:04:00-04:00,2020-05-17 19:05:00-04:00,short,9169.976526088944,9169.25,cutoff,0.73,609,441.11
2020-05-18 10:59:00-04:00,2020-05-18 11:50:00-04:00,short,9331.220279581725,9331.220279581725,BE,0.0,607,441.11
2020-05-20 09:30:00-04:00,2020-05-20 09:58:00-04:00,short,9425.837628444118,9456.212628444118,SL,-30.38,610,410.73
2020-05-21 22:54:00-04:00,2020-05-21 22:55:00-04:00,long,9317.397405779739,9315.5,cutoff,-1.9,613,408.83
2020-05-22 01:29:00-04:00,2020-05-22 03:06:00-04:00,long,9267.835063848652,9267.835063848652,BE,0.0,612,408.83
2020-05-25 06:50:00-04:00,2020-05-25 08:42:00-04:00,short,9515.473595904761,9515.473595904761,BE,0.0,614,408.83
2020-05-25 23:54:00-04:00,2020-05-25 23:55:00-04:00,short,9572.289936151348,9570.5,cutoff,1.79,612,410.62
2020-05-27 10:46:00-04:00,2020-05-27 11:38:00-04:00,long,9202.026404095239,9202.026404095239,BE,0.0,614,410.62
2020-06-02 02:29:00-04:00,2020-06-02 03:28:00-04:00,short,9608.202720566167,9608.202720566167,BE,0.0,619,410.62
2020-06-02 03:31:00-04:00,2020-06-02 04:16:00-04:00,short,9624.147499658488,9624.147499658488,BE,0.0,615,410.62
2020-06-02 04:18:00-04:00,2020-06-02 09:31:00-04:00,short,9633.477594220261,9583.227594220261,TP,50.25,613,460.87
2020-06-02 20:45:00-04:00,2020-06-02 20:46:00-04:00,short,9681.300958053465,9682.75,cutoff,-1.45,620,459.42
2020-06-03 10:01:00-04:00,2020-06-03 14:52:00-04:00,short,9702.493545767029,9702.493545767029,BE,0.0,616,459.42
2020-06-04 09:50:00-04:00,2020-06-04 11:13:00-04:00,short,9728.37040825345,9667.24540825345,TP,61.12,621,520.54
2020-06-09 10:45:00-04:00,2020-06-09 15:00:00-04:00,short,9943.600120332674,9985.25,cutoff,-41.65,625,478.89
2020-06-09 21:32:00-04:00,2020-06-09 21:33:00-04:00,short,10005.261489168231,10009.5,cutoff,-4.24,626,474.65
2020-06-11 08:22:00-04:00,2020-06-11 09:38:00-04:00,long,9906.19433490329,9906.19433490329,BE,0.0,627,474.65
2020-06-15 01:36:00-04:00,2020-06-15 02:01:00-04:00,long,9460.75459174655,9396.25459174655,SL,-64.5,621,410.15
2020-06-16 08:57:00-04:00,2020-06-16 09:35:00-04:00,short,9998.480141994416,9943.355141994416,TP,55.12,629,465.27
2020-06-19 08:36:00-04:00,2020-06-19 09:21:00-04:00,short,10095.593960731061,10095.593960731061,BE,0.0,628,465.27
2020-06-19 09:28:00-04:00,2020-06-19 09:31:00-04:00,short,10112.119354596121,10079.119354596121,TP,33.0,633,498.27
2020-06-23 03:15:00-04:00,2020-06-23 11:23:00-04:00,short,10164.240165724947,10249.365165724947,SL,-85.12,632,413.15
2020-06-29 09:41:00-04:00,2020-06-29 10:02:00-04:00,long,9758.955832485262,9823.830832485262,TP,64.88,638,478.03
2020-06-30 01:21:00-04:00,2020-06-30 01:27:00-04:00,short,10024.81294832396,10016.56294832396,TP,8.25,640,486.28
2020-07-01 09:33:00-04:00,2020-07-01 10:18:00-04:00,short,10189.419167514738,10189.419167514738,BE,0.0,638,486.28
2020-07-02 04:27:00-04:00,2020-07-02 07:42:00-04:00,short,10329.492613096521,10329.492613096521,BE,0.0,641,486.28
2020-07-02 08:30:00-04:00,2020-07-02 09:32:00-04:00,short,10344.29260296773,10385.54260296773,SL,-41.25,636,445.03
2020-07-05 21:46:00-04:00,2020-07-05 21:47:00-04:00,short,10467.840840343804,10468.75,cutoff,-0.91,643,444.12
2020-07-06 10:00:00-04:00,2020-07-06 11:35:00-04:00,short,10530.716111433376,10610.966111433376,SL,-80.25,642,363.87
2020-07-06 19:33:00-04:00,2020-07-06 19:34:00-04:00,short,10645.149837633802,10647.0,cutoff,-1.85,644,362.02
2020-07-13 07:06:00-04:00,2020-07-13 09:33:00-04:00,short,10926.109448111816,10958.359448111816,SL,-32.25,648,329.77
2020-07-14 08:51:00-04:00,2020-07-14 09:38:00-04:00,long,10556.529124282211,10556.529124282211,BE,0.0,647,329.77
2020-07-14 09:52:00-04:00,2020-07-14 13:54:00-04:00,long,10416.702043158333,10616.702043158333,TP,200.0,646,529.77
2020-07-16 05:11:00-04:00,2020-07-16 06:00:00-04:00,long,10513.317772147313,10513.317772147313,BE,0.0,651,529.77
2020-07-20 10:27:00-04:00,2020-07-20 15:00:00-04:00,short,10766.167459552898,10891.25,cutoff,-125.08,652,404.69
2020-07-24 02:57:00-04:00,2020-07-24 03:32:00-04:00,long,10437.617993932472,10386.617993932472,SL,-51.0,654,353.69
2020-08-03 09:33:00-04:00,2020-08-03 10:00:00-04:00,short,11023.64486768893,11053.26986768893,SL,-29.62,656,324.07
2020-08-05 02:05:00-04:00,2020-08-05 03:11:00-04:00,short,11106.176913153135,11131.676913153135,SL,-25.5,663,298.57
2020-08-13 09:31:00-04:00,2020-08-13 10:20:00-04:00,short,11198.889330594502,11198.889330594502,BE,0.0,670,298.57
2020-08-17 19:31:00-04:00,2020-08-17 19:32:00-04:00,short,11308.249889090679,11306.5,cutoff,1.75,669,300.32
2020-08-18 09:35:00-04:00,2020-08-18 10:28:00-04:00,short,11353.428427392624,11290.803427392624,TP,62.62,672,362.94
2020-08-20 20:00:00-04:00,2020-08-20 20:01:00-04:00,short,11503.059627482893,11503.25,cutoff,-0.19,677,362.75
2020-08-20 21:00:00-04:00,2020-08-20 21:01:00-04:00,short,11520.947100351841,11519.5,cutoff,1.45,675,364.2
2020-08-21 10:55:00-04:00,2020-08-21 14:35:00-04:00,short,11549.90659303957,11549.90659303957,BE,0.0,676,364.2
2020-08-24 04:00:00-04:00,2020-08-24 09:39:00-04:00,short,11657.182826359074,11713.807826359074,SL,-56.62,678,307.58
2020-08-26 06:54:00-04:00,2020-08-26 08:16:00-04:00,short,11773.882955083516,11747.257955083516,TP,26.62,680,334.2
2020-09-01 02:16:00-04:00,2020-09-01 03:21:00-04:00,short,12175.52827197218,12203.65327197218,SL,-28.12,683,306.08
2020-09-02 05:56:00-04:00,2020-09-02 09:30:00-04:00,short,12458.311956416417,12414.061956416417,TP,44.25,685,350.33
2020-09-03 10:19:00-04:00,2020-09-03 11:08:00-04:00,long,12087.299430239142,11887.299430239142,SL,-200.0,686,150.33
2020-09-03 19:06:00-04:00,2020-09-03 19:07:00-04:00,long,11622.124257880094,11616.75,cutoff,-5.37,681,144.96
2020-09-04 10:15:00-04:00,2020-09-04 10:37:00-04:00,long,11457.682293514365,11257.682293514365,SL,-200.0,679,-55.04
2020-09-08 06:25:00-04:00,2020-09-08 07:23:00-04:00,long,11253.833137562138,11253.833137562138,BE,0.0,689,-55.04
2020-09-08 09:41:00-04:00,2020-09-08 09:57:00-04:00,long,11134.052899648159,11286.302899648159,TP,152.25,675,97.21
2020-09-16 04:08:00-04:00,2020-09-16 07:29:00-04:00,short,11505.250841805442,11464.750841805442,TP,40.5,693,137.71
2020-09-17 08:30:00-04:00,2020-09-17 10:45:00-04:00,long,10994.689272151754,11116.939272151754,TP,122.25,694,259.96
2020-09-21 04:48:00-04:00,2020-09-21 05:45:00-04:00,long,10727.425618727215,10727.425618727215,BE,0.0,697,259.96
2020-09-28 04:10:00-04:00,2020-09-28 06:09:00-04:00,short,11249.324381272785,11301.074381272785,SL,-51.75,697,208.21
2020-09-30 02:10:00-04:00,2020-09-30 08:39:00-04:00,long,11169.921437132627,11309.796437132627,TP,139.88,705,348.09
2020-10-01 05:41:00-04:00,2020-10-01 15:00:00-04:00,short,11532.33747309487,11581.5,cutoff,-49.16,704,298.93
2020-10-02 01:30:00-04:00,2020-10-02 05:32:00-04:00,long,11332.60493006846,11332.60493006846,BE,0.0,707,298.93
2020-10-08 02:42:00-04:00,2020-10-08 04:10:00-04:00,short,11565.107239575818,11545.607239575818,TP,19.5,709,318.43
2020-10-08 23:08:00-04:00,2020-10-08 23:09:00-04:00,short,11596.252640737981,11595.5,cutoff,0.75,711,319.18
2020-10-09 08:56:00-04:00,2020-10-09 09:41:00-04:00,short,11616.392866816183,11616.392866816183,BE,0.0,708,319.18
2020-10-09 09:43:00-04:00,2020-10-09 10:28:00-04:00,short,11626.478295484241,11626.478295484241,BE,0.0,706,319.18
2020-10-09 10:37:00-04:00,2020-10-09 15:00:00-04:00,short,11647.987374097873,11673.0,cutoff,-25.01,696,294.17
2020-10-11 19:46:00-04:00,2020-10-11 19:47:00-04:00,short,11749.39506993154,11755.25,cutoff,-5.85,707,288.32
2020-10-11 21:52:00-04:00,2020-10-11 21:53:00-04:00,short,11765.108817550014,11763.0,cutoff,2.11,712,290.43
2020-10-12 03:58:00-04:00,2020-10-12 04:18:00-04:00,short,11794.396357206313,11818.771357206313,SL,-24.38,713,266.05
2020-10-14 22:50:00-04:00,2020-10-14 22:51:00-04:00,long,11886.27611815851,11894.0,cutoff,7.72,715,273.77
2020-10-14 23:00:00-04:00,2020-10-14 23:01:00-04:00,long,11869.462070647038,11873.5,cutoff,4.04,716,277.81
2020-10-22 10:32:00-04:00,2020-10-22 12:32:00-04:00,long,11559.063209803786,11559.063209803786,BE,0.0,717,277.81
2020-10-28 09:40:00-04:00,2020-10-28 10:17:00-04:00,long,11338.641182449986,11236.266182449986,SL,-102.38,712,175.43
2020-10-30 01:45:00-04:00,2020-10-30 02:10:00-04:00,long,11084.857133183817,11043.232133183817,SL,-41.62,708,133.81
2020-11-03 20:52:00-05:00,2020-11-03 20:53:00-05:00,short,11392.75306250971,11412.0,cutoff,-19.25,729,114.56
2020-11-03 22:00:00-05:00,2020-11-03 22:01:00-05:00,short,11492.281810086992,11534.25,cutoff,-41.97,727,72.59
2020-11-03 22:10:00-05:00,2020-11-03 22:11:00-05:00,short,11667.350479194514,11671.0,cutoff,-3.65,726,68.94
2020-11-03 22:15:00-05:00,2020-11-03 22:16:00-05:00,short,11756.646742576191,11720.75,cutoff,35.9,725,104.84
2020-11-04 22:27:00-05:00,2020-11-04 22:28:00-05:00,short,11875.730155823774,11874.25,cutoff,1.48,723,106.32
2020-11-04 22:38:00-05:00,2020-11-04 22:39:00-05:00,short,11904.375147228217,11914.0,cutoff,-9.62,720,96.7
2020-11-05 02:26:00-05:00,2020-11-05 05:21:00-05:00,short,11991.199723329857,12097.324723329857,SL,-106.12,731,-9.42
2020-11-08 19:40:00-05:00,2020-11-08 19:41:00-05:00,short,12264.887181720746,12266.75,cutoff,-1.86,733,-11.28
2020-11-08 19:58:00-05:00,2020-11-08 19:59:00-05:00,short,12279.630216098809,12298.25,cutoff,-18.62,732,-29.9
2020-11-08 20:09:00-05:00,2020-11-08 20:10:00-05:00,short,12337.787929352962,12342.75,cutoff,-4.96,716,-34.86
2020-11-08 22:53:00-05:00,2020-11-08 22:54:00-05:00,short,12357.34888184149,12361.0,cutoff,-3.65,715,-38.51
2020-11-09 19:24:00-05:00,2020-11-09 19:25:00-05:00,long,11791.119783901191,11792.0,cutoff,0.88,732,-37.63
2020-11-09 22:38:00-05:00,2020-11-09 22:39:00-05:00,long,11736.362818279254,11733.5,cutoff,-2.86,733,-40.49
2020-11-12 04:58:00-05:00,2020-11-12 05:43:00-05:00,short,11943.547030998563,11943.547030998563,BE,0.0,735,-40.49
2020-11-18 22:11:00-05:00,2020-11-18 22:12:00-05:00,long,11840.639868789596,11843.25,cutoff,2.61,740,-37.88
2020-11-24 19:10:00-05:00,2020-11-24 19:11:00-05:00,short,12141.813069613383,12140.0,cutoff,1.81,739,-36.07
2020-11-24 19:16:00-05:00,2020-11-24 19:17:00-05:00,short,12150.068327496718,12152.75,cutoff,-2.68,744,-38.75
2020-11-25 20:33:00-05:00,2020-11-25 20:34:00-05:00,short,12188.735131210404,12190.25,cutoff,-1.51,740,-40.26
2020-11-27 10:17:00-05:00,2020-11-29 18:00:00-05:00,short,12270.439816503806,12286.5,cutoff,-16.06,746,-56.32
2020-12-01 10:02:00-05:00,2020-12-01 11:05:00-05:00,short,12410.052418330972,12410.052418330972,BE,0.0,748,-56.32
2020-12-07 09:58:00-05:00,2020-12-07 10:43:00-05:00,short,12586.464225177839,12586.464225177839,BE,0.0,751,-56.32
2020-12-10 01:44:00-05:00,2020-12-10 03:22:00-05:00,long,12306.297441328374,12339.672441328374,TP,33.38,752,-22.94
2020-12-14 09:57:00-05:00,2020-12-14 15:00:00-05:00,short,12513.505255950953,12518.5,cutoff,-4.99,758,-27.93
2020-12-15 09:30:00-05:00,2020-12-15 10:21:00-05:00,short,12569.580163178834,12569.580163178834,BE,0.0,757,-27.93
2020-12-17 02:21:00-05:00,2020-12-17 02:42:00-05:00,short,12722.324964145053,12733.574964145053,SL,-11.25,754,-39.18
2020-12-18 04:09:00-05:00,2020-12-18 08:32:00-05:00,short,12771.969398294714,12771.969398294714,BE,0.0,761,-39.18
2020-12-18 09:18:00-05:00,2020-12-18 09:45:00-05:00,short,12787.820547812002,12741.695547812002,TP,46.12,756,6.94
2020-12-21 05:07:00-05:00,2020-12-21 13:55:00-05:00,long,12570.712238347565,12697.462238347565,TP,126.75,762,133.69
2020-12-28 08:45:00-05:00,2020-12-28 09:30:00-05:00,short,12816.798684725329,12816.798684725329,BE,0.0,764,133.69
2020-12-29 00:37:00-05:00,2020-12-29 03:09:00-05:00,short,12879.983338357597,12896.858338357597,SL,-16.88,766,116.81
2021-01-04 04:16:00-05:00,2021-01-04 09:32:00-05:00,short,12953.999984457409,12908.249984457409,TP,45.75,763,162.56
2021-01-06 03:21:00-05:00,2021-01-06 06:05:00-05:00,long,12520.391661642403,12520.391661642403,BE,0.0,766,162.56
2021-01-07 10:04:00-05:00,2021-01-07 15:00:00-05:00,short,12863.465892051086,12917.75,cutoff,-54.28,773,108.28
2021-01-07 20:31:00-05:00,2021-01-07 20:32:00-05:00,short,12972.891274962194,12968.25,cutoff,4.64,768,112.92
2021-01-08 09:28:00-05:00,2021-01-08 10:27:00-05:00,short,13020.927210784295,12968.052210784295,TP,52.88,774,165.8
2021-01-15 10:07:00-05:00,2021-01-15 15:00:00-05:00,long,12829.992660451164,12829.75,cutoff,-0.24,779,165.56
2021-01-20 03:43:00-05:00,2021-01-20 04:14:00-05:00,short,13081.986247428205,13056.111247428205,TP,25.88,782,191.44
2021-01-20 08:00:00-05:00,2021-01-20 09:35:00-05:00,short,13108.910184604236,13150.535184604236,SL,-41.62,777,149.82
2021-01-20 20:05:00-05:00,2021-01-20 20:06:00-05:00,short,13373.571867454353,13376.0,cutoff,-2.43,783,147.39
2021-01-25 09:34:00-05:00,2021-01-25 10:19:00-05:00,short,13530.829602947819,13530.829602947819,BE,0.0,784,147.39
2021-01-27 09:32:00-05:00,2021-01-27 09:45:00-05:00,long,13281.87280141763,13212.87280141763,SL,-69.0,787,78.39
2021-02-01 20:23:00-05:00,2021-02-01 20:24:00-05:00,short,13321.262122402999,13318.25,cutoff,3.01,791,81.4
2021-02-02 04:52:00-05:00,2021-02-02 09:35:00-05:00,short,13378.420181457432,13378.420181457432,BE,0.0,790,81.4
2021-02-05 00:32:00-05:00,2021-02-05 04:00:00-05:00,short,13605.373124295926,13576.498124295926,TP,28.88,792,110.28
2021-02-07 20:23:00-05:00,2021-02-07 20:24:00-05:00,short,13679.37719858237,13679.25,cutoff,0.13,787,110.41
2021-02-08 10:08:00-05:00,2021-02-08 11:31:00-05:00,short,13688.795702475387,13626.920702475387,TP,61.88,786,172.29
2021-02-10 02:35:00-05:00,2021-02-10 03:12:00-05:00,short,13758.10878065542,13740.48378065542,TP,17.62,793,189.91
2021-02-14 19:20:00-05:00,2021-02-14 19:21:00-05:00,short,13852.90228910213,13854.25,cutoff,-1.35,797,188.56
2021-02-14 20:02:00-05:00,2021-02-14 20:03:00-05:00,short,13863.442729351453,13864.25,cutoff,-0.81,800,187.75
2021-02-15 20:21:00-05:00,2021-02-15 20:22:00-05:00,short,13888.65707742389,13888.75,cutoff,-0.09,799,187.66
2021-02-16 19:04:00-05:00,2021-02-16 19:05:00-05:00,long,13714.378111306329,13717.25,cutoff,2.87,801,190.53
2021-02-17 08:52:00-05:00,2021-02-17 09:09:00-05:00,long,13667.283785427255,13629.408785427255,SL,-37.88,802,152.65
2021-02-18 09:04:00-05:00,2021-02-18 10:05:00-05:00,long,13538.96792257611,13538.96792257611,BE,0.0,799,152.65
2021-02-18 10:07:00-05:00,2021-02-18 12:04:00-05:00,long,13507.807270648547,13507.807270648547,BE,0.0,800,152.65
2021-02-22 02:06:00-05:00,2021-02-22 02:19:00-05:00,long,13493.982062487335,13445.982062487335,SL,-48.0,805,104.65
2021-02-23 04:03:00-05:00,2021-02-23 05:16:00-05:00,long,13180.62114639175,13022.74614639175,SL,-157.88,806,-53.23
2021-02-24 07:56:00-05:00,2021-02-24 08:33:00-05:00,short,13294.905916763611,13199.655916763611,TP,95.25,807,42.02
2021-03-03 08:34:00-05:00,2021-03-03 09:43:00-05:00,long,13016.401124013051,12939.901124013051,SL,-76.5,812,-34.48
2021-03-03 22:58:00-05:00,2021-03-03 22:59:00-05:00,long,12543.721079432133,12542.75,cutoff,-0.97,810,-35.45
2021-03-04 20:14:00-05:00,2021-03-04 20:15:00-05:00,long,12304.997183398267,12306.0,cutoff,1.0,814,-34.45
2021-03-10 08:35:00-05:00,2021-03-10 08:42:00-05:00,short,12884.42255597324,12825.92255597324,TP,58.5,815,24.05
2021-03-10 09:05:00-05:00,2021-03-10 15:00:00-05:00,short,12909.141971053332,12815.25,cutoff,93.89,816,117.94
2021-03-11 04:19:00-05:00,2021-03-11 05:50:00-05:00,short,12996.127816601733,12996.127816601733,BE,0.0,814,117.94
2021-03-15 21:16:00-04:00,2021-03-15 21:17:00-04:00,short,13090.352101714769,13093.25,cutoff,-2.9,820,115.04
2021-03-16 02:55:00-04:00,2021-03-16 04:00:00-04:00,short,13151.866626470983,13120.741626470983,TP,31.12,821,146.16
2021-03-16 09:32:00-04:00,2021-03-16 09:59:00-04:00,short,13171.475961304095,13226.600961304095,SL,-55.12,819,91.04
2021-03-17 09:39:00-04:00,2021-03-17 09:48:00-04:00,long,12945.071957511602,13009.946957511602,TP,64.88,822,155.92
2021-03-19 02:01:00-04:00,2021-03-19 02:50:00-04:00,long,12739.774038695905,12805.399038695905,TP,65.62,819,221.54
2021-03-22 10:00:00-04:00,2021-03-22 15:00:00-04:00,short,13022.717653119242,13145.0,cutoff,-122.28,825,99.26
2021-03-24 10:17:00-04:00,2021-03-24 13:01:00-04:00,long,12917.899088749797,12917.899088749797,BE,0.0,827,99.26
2021-03-25 07:53:00-04:00,2021-03-25 09:12:00-04:00,long,12741.205908997852,12705.205908997852,SL,-36.0,826,63.26
2021-03-31 10:00:00-04:00,2021-03-31 15:00:00-04:00,short,13057.544428571517,13117.5,cutoff,-59.96,832,3.3
2021-04-01 03:24:00-04:00,2021-04-01 09:03:00-04:00,short,13181.85833179647,13246.35833179647,SL,-64.5,824,-61.2
2021-04-05 08:40:00-04:00,2021-04-05 09:45:00-04:00,short,13414.803042488398,13449.678042488398,SL,-34.88,822,-96.08
2021-04-08 06:27:00-04:00,2021-04-08 09:33:00-04:00,short,13739.329262634976,13739.329262634976,BE,0.0,836,-96.08
2021-04-08 09:57:00-04:00,2021-04-08 10:07:00-04:00,short,13752.062079921416,13712.687079921416,TP,39.38,837,-56.7
2021-04-13 08:39:00-04:00,2021-04-13 09:38:00-04:00,short,13873.479850750839,13924.104850750839,SL,-50.62,839,-107.32
2021-04-20 22:01:00-04:00,2021-04-20 22:02:00-04:00,long,13715.223625595678,13714.0,cutoff,-1.22,846,-108.54
2021-04-27 01:51:00-04:00,2021-04-27 02:02:00-04:00,short,14049.651374404322,14040.651374404322,TP,9.0,846,-99.54
2021-04-29 08:44:00-04:00,2021-04-29 09:30:00-04:00,short,14051.393956724412,14051.393956724412,BE,0.0,848,-99.54
2021-05-03 20:20:00-04:00,2021-05-03 20:21:00-04:00,long,13755.986604749303,13753.5,cutoff,-2.49,852,-102.03
2021-05-03 21:22:00-04:00,2021-05-03 21:23:00-04:00,long,13725.04197896484,13725.5,cutoff,0.46,855,-101.57
2021-05-04 07:40:00-04:00,2021-05-04 09:32:00-04:00,long,13686.343941088197,13640.218941088197,SL,-46.12,854,-147.69
2021-05-06 10:21:00-04:00,2021-05-06 11:34:00-04:00,long,13388.96846679183,13515.71846679183,TP,126.75,857,-20.94
2021-05-07 08:30:00-04:00,2021-05-07 08:31:00-04:00,short,13677.48205119757,13702.98205119757,SL,-25.5,858,-46.44
2021-05-10 10:30:00-04:00,2021-05-10 15:00:00-04:00,long,13495.178507508765,13384.25,cutoff,-110.93,859,-157.37
2021-05-10 20:54:00-04:00,2021-05-10 20:55:00-04:00,long,13256.14294880243,13230.0,cutoff,-26.14,858,-183.51
2021-05-13 04:50:00-04:00,2021-05-13 08:36:00-04:00,long,12917.82391110361,13090.69891110361,TP,172.88,862,-10.63
2021-05-18 20:07:00-04:00,2021-05-18 20:08:00-04:00,long,13159.67258306895,13163.0,cutoff,3.33,866,-7.3
2021-05-19 02:35:00-04:00,2021-05-19 02:41:00-04:00,long,13107.509969965256,13140.134969965256,TP,32.62,865,25.32
2021-05-19 04:46:00-04:00,2021-05-19 05:54:00-04:00,long,13034.817106139166,13034.817106139166,BE,0.0,864,25.32
2021-05-20 20:09:00-04:00,2021-05-20 20:10:00-04:00,short,13529.45241693105,13532.5,cutoff,-3.05,866,22.27
2021-05-21 09:28:00-04:00,2021-05-21 09:39:00-04:00,short,13556.392993626328,13512.142993626328,TP,44.25,868,66.52
2021-05-25 02:14:00-04:00,2021-05-25 09:38:00-04:00,short,13721.457519968146,13675.332519968146,TP,46.12,869,112.64
2021-06-03 06:58:00-04:00,2021-06-03 07:46:00-04:00,long,13572.782154047016,13519.532154047016,SL,-53.25,874,59.39
2021-06-04 10:01:00-04:00,2021-06-04 15:00:00-04:00,short,13718.091853387603,13775.0,cutoff,-56.91,878,2.48
2021-06-07 19:24:00-04:00,2021-06-07 19:25:00-04:00,short,13833.96022555264,13833.75,cutoff,0.21,872,2.69
2021-06-07 21:01:00-04:00,2021-06-07 21:02:00-04:00,short,13847.842845952984,13849.25,cutoff,-1.41,874,1.28
2021-06-07 21:13:00-04:00,2021-06-07 21:14:00-04:00,short,13861.83358656822,13864.75,cutoff,-2.92,879,-1.64
2021-06-08 07:42:00-04:00,2021-06-08 11:19:00-04:00,short,13867.900638054682,13774.525638054682,TP,93.38,871,91.74
2021-06-10 09:46:00-04:00,2021-06-10 15:00:00-04:00,short,13935.08558585964,13957.0,cutoff,-21.91,876,69.83
2021-06-14 06:38:00-04:00,2021-06-14 08:43:00-04:00,short,14029.2275428399,14013.4775428399,TP,15.75,882,85.58
2021-06-14 21:15:00-04:00,2021-06-14 21:16:00-04:00,short,14152.666148882203,14148.5,cutoff,4.17,885,89.75
2021-06-17 21:45:00-04:00,2021-06-17 21:46:00-04:00,short,14199.654863564487,14198.5,cutoff,1.15,887,90.9
2021-06-22 20:10:00-04:00,2021-06-22 20:11:00-04:00,short,14282.770750377364,14284.25,cutoff,-1.48,891,89.42
2021-07-02 09:01:00-04:00,2021-07-02 15:00:00-04:00,short,14643.198381504113,14690.0,cutoff,-46.8,896,42.62
2021-07-06 09:32:00-04:00,2021-07-06 09:45:00-04:00,short,14769.97071956765,14742.22071956765,TP,27.75,899,70.37
2021-07-07 03:06:00-04:00,2021-07-07 03:58:00-04:00,short,14806.114928665245,14829.739928665245,SL,-23.62,900,46.75
2021-07-08 03:46:00-04:00,2021-07-08 05:22:00-04:00,long,14671.044908797909,14619.294908797909,SL,-51.75,902,-5.0
2021-07-12 08:20:00-04:00,2021-07-12 09:39:00-04:00,short,14868.276518067436,14842.026518067436,TP,26.25,904,21.25
2021-07-15 09:38:00-04:00,2021-07-15 09:49:00-04:00,long,14814.252863178532,14863.002863178532,TP,48.75,907,70.0
2021-07-18 19:34:00-04:00,2021-07-18 19:35:00-04:00,long,14617.459438183269,14621.75,cutoff,4.29,909,74.29
2021-07-19 07:44:00-04:00,2021-07-19 08:38:00-04:00,long,14526.598481932564,14526.598481932564,BE,0.0,904,74.29
2021-07-19 09:33:00-04:00,2021-07-19 15:00:00-04:00,long,14501.27928043235,14485.25,cutoff,-16.03,899,58.26
2021-07-22 09:42:00-04:00,2021-07-22 10:41:00-04:00,short,14882.366829089071,14919.116829089071,SL,-36.75,912,21.51
2021-07-23 05:39:00-04:00,2021-07-23 07:25:00-04:00,short,15012.191094334647,14983.316094334647,TP,28.88,913,50.39
2021-07-23 10:38:00-04:00,2021-07-23 13:21:00-04:00,short,15016.540561816731,15106.165561816731,SL,-89.62,909,-39.23
2021-07-25 19:21:00-04:00,2021-07-25 19:22:00-04:00,short,15120.247136821468,15121.0,cutoff,-0.75,907,-39.98
2021-07-27 10:36:00-04:00,2021-07-27 13:18:00-04:00,long,14921.995893743886,14793.745893743886,SL,-128.25,915,-168.23
2021-07-29 20:47:00-04:00,2021-07-29 20:48:00-04:00,long,14826.22986524775,14824.75,cutoff,-1.48,918,-169.71
2021-08-12 09:36:00-04:00,2021-08-12 10:29:00-04:00,long,14956.42257734829,15020.17257734829,TP,63.75,925,-105.96
2021-08-16 10:28:00-04:00,2021-08-16 14:08:00-04:00,long,14942.374736532061,15078.124736532061,TP,135.75,929,29.79
2021-08-19 02:58:00-04:00,2021-08-19 03:43:00-04:00,long,14749.254664502118,14749.254664502118,BE,0.0,917,29.79
2021-08-20 09:46:00-04:00,2021-08-20 15:00:00-04:00,short,15017.266824294666,15065.5,cutoff,-48.23,933,-18.44
2021-08-23 01:11:00-04:00,2021-08-23 01:16:00-04:00,short,15153.221444576327,15144.221444576327,TP,9.0,932,-9.44
2021-08-23 09:32:00-04:00,2021-08-23 09:40:00-04:00,short,15160.25267047382,15185.37767047382,SL,-25.12,928,-34.56
2021-08-24 02:36:00-04:00,2021-08-24 07:52:00-04:00,short,15364.265950275054,15334.265950275054,TP,30.0,935,-4.56
2021-08-30 09:33:00-04:00,2021-08-30 09:38:00-04:00,short,15484.655610356942,15506.780610356942,SL,-22.12,936,-26.68
2021-08-31 02:14:00-04:00,2021-08-31 05:39:00-04:00,short,15671.691483257986,15631.941483257986,TP,39.75,940,13.07
2021-09-08 10:38:00-04:00,2021-09-08 11:32:00-04:00,long,15570.883865846456,15570.883865846456,BE,0.0,945,13.07
2021-09-13 01:07:00-04:00,2021-09-13 01:47:00-04:00,long,15415.380775283047,15428.880775283047,TP,13.5,941,26.57
2021-09-13 10:01:00-04:00,2021-09-13 11:13:00-04:00,long,15391.201243038602,15391.201243038602,BE,0.0,944,26.57
2021-09-19 22:16:00-04:00,2021-09-19 22:17:00-04:00,long,15272.996543165842,15254.0,cutoff,-19.0,951,7.57
2021-09-19 22:44:00-04:00,2021-09-19 22:45:00-04:00,long,15241.178088679098,15244.5,cutoff,3.32,953,10.89
2021-09-19 22:46:00-04:00,2021-09-19 22:47:00-04:00,long,15233.73195487908,15232.75,cutoff,-0.98,937,9.91
2021-09-19 22:48:00-04:00,2021-09-19 22:49:00-04:00,long,15224.9403948474,15222.0,cutoff,-2.94,950,6.97
2021-09-20 02:44:00-04:00,2021-09-20 05:50:00-04:00,long,15190.469389643058,15143.594389643058,SL,-46.88,936,-39.91
2021-09-23 05:08:00-04:00,2021-09-23 05:09:00-04:00,short,15299.061195048975,15267.936195048975,TP,31.12,955,-8.79
2021-09-23 10:03:00-04:00,2021-09-23 10:48:00-04:00,short,15317.193855351527,15317.193855351527,BE,0.0,956,-8.79
2021-09-26 21:31:00-04:00,2021-09-26 21:32:00-04:00,short,15382.419064245358,15380.5,cutoff,1.92,959,-6.87
2021-09-28 03:19:00-04:00,2021-09-28 10:17:00-04:00,long,15050.330935754642,14859.455935754642,SL,-190.88,959,-197.75
2021-09-30 21:08:00-04:00,2021-09-30 21:09:00-04:00,long,14625.509577891058,14613.75,cutoff,-11.76,963,-209.51
2021-09-30 21:11:00-04:00,2021-09-30 21:12:00-04:00,long,14599.441719688431,14603.25,cutoff,3.81,962,-205.7
2021-10-06 20:36:00-04:00,2021-10-06 20:37:00-04:00,short,14831.385381404469,14836.5,cutoff,-5.11,967,-210.81
2021-10-07 09:59:00-04:00,2021-10-07 15:00:00-04:00,short,14955.978758632344,14927.25,cutoff,28.73,965,-182.08
2021-10-10 19:39:00-04:00,2021-10-10 19:40:00-04:00,long,14720.10499822078,14719.75,cutoff,-0.35,969,-182.43
2021-10-14 08:30:00-04:00,2021-10-14 09:43:00-04:00,short,14938.793156548334,14938.793156548334,BE,0.0,972,-182.43
2021-10-14 09:52:00-04:00,2021-10-14 11:58:00-04:00,short,14953.877863206815,15015.752863206815,SL,-61.88,971,-244.31
2021-10-15 01:58:00-04:00,2021-10-15 02:20:00-04:00,short,15107.52000177922,15068.52000177922,TP,39.0,969,-205.31
2021-10-19 10:58:00-04:00,2021-10-19 11:44:00-04:00,short,15374.50773238502,15374.50773238502,BE,0.0,960,-205.31
2021-10-25 20:09:00-04:00,2021-10-25 20:10:00-04:00,short,15555.53419964312,15553.5,cutoff,2.03,977,-203.28
2021-10-25 21:04:00-04:00,2021-10-25 21:05:00-04:00,short,15575.71752928018,15574.5,cutoff,1.22,980,-202.06
2021-10-25 21:07:00-04:00,2021-10-25 21:08:00-04:00,short,15579.37207458463,15578.75,cutoff,0.62,979,-201.44
2021-11-05 09:33:00-04:00,2021-11-05 13:25:00-04:00,short,16425.401381401833,16323.776381401833,TP,101.62,988,-99.82
2021-11-09 09:58:00-05:00,2021-11-09 11:12:00-05:00,long,16240.353578456474,16240.353578456474,BE,0.0,989,-99.82
2021-11-10 09:32:00-05:00,2021-11-10 09:59:00-05:00,long,16056.304931374681,16177.804931374681,TP,121.5,991,21.68
2021-11-15 08:20:00-05:00,2021-11-15 09:25:00-05:00,short,16273.028589163645,16250.903589163645,TP,22.12,993,43.8
2021-11-18 09:47:00-05:00,2021-11-18 09:51:00-05:00,short,16417.715750437408,16387.340750437408,TP,30.38,995,74.18
2021-11-18 20:47:00-05:00,2021-11-18 20:48:00-05:00,short,16533.348439223577,16530.0,cutoff,3.35,990,77.53
2021-11-18 22:14:00-05:00,2021-11-18 22:15:00-05:00,short,16581.271421543526,16585.75,cutoff,-4.48,989,73.05
2021-11-19 09:56:00-05:00,2021-11-19 10:27:00-05:00,short,16591.693634465002,16553.068634465002,TP,38.62,998,111.67
2021-11-22 10:04:00-05:00,2021-11-22 11:42:00-05:00,short,16756.992745632924,16600.992745632924,TP,156.0,999,267.67
2021-11-22 21:23:00-05:00,2021-11-22 21:24:00-05:00,long,16358.632254367074,16356.75,cutoff,-1.88,999,265.79
2021-11-23 10:59:00-05:00,2021-11-23 12:57:00-05:00,long,16168.556365534996,16168.556365534996,BE,0.0,998,265.79
2021-11-26 02:06:00-05:00,2021-11-26 10:18:00-05:00,long,16226.186692272446,16119.686692272446,SL,-106.5,1003,159.29
2021-11-30 10:10:00-05:00,2021-11-30 10:48:00-05:00,short,16448.308599813936,16299.433599813936,TP,148.88,1002,308.17
2021-12-07 03:25:00-05:00,2021-12-07 04:22:00-05:00,short,16066.717553940765,16127.842553940765,SL,-61.12,1010,247.05
2021-12-08 06:46:00-05:00,2021-12-08 06:47:00-05:00,short,16420.0253666291,16372.0253666291,TP,48.0,1009,295.05
2021-12-14 04:40:00-05:00,2021-12-14 04:53:00-05:00,long,16047.80046864001,16007.67546864001,SL,-40.12,1015,254.93
2021-12-16 06:28:00-05:00,2021-12-16 07:46:00-05:00,short,16444.1005652676,16386.3505652676,TP,57.75,1011,312.68
2021-12-17 09:42:00-05:00,2021-12-17 09:47:00-05:00,long,15660.17671606175,15753.17671606175,TP,93.0,1016,405.68
2021-12-17 10:22:00-05:00,2021-12-17 10:46:00-05:00,long,15654.603758391648,15854.603758391648,TP,200.0,1017,605.68
2021-12-20 04:06:00-05:00,2021-12-20 09:55:00-05:00,long,15509.440140084233,15642.565140084233,TP,133.12,1008,738.8
2021-12-21 01:50:00-05:00,2021-12-21 02:34:00-05:00,short,15823.338074885565,15791.838074885565,TP,31.5,1020,770.3
2021-12-22 09:45:00-05:00,2021-12-22 10:30:00-05:00,short,16014.14752821853,16014.14752821853,BE,0.0,1019,770.3
2021-12-23 05:52:00-05:00,2021-12-23 06:41:00-05:00,short,16200.362242887906,16200.362242887906,BE,0.0,1022,770.3
2021-12-27 09:32:00-05:00,2021-12-27 09:37:00-05:00,short,16403.39085923301,16439.76585923301,SL,-36.38,1023,733.92
2021-12-28 03:28:00-05:00,2021-12-28 04:11:00-05:00,short,16592.642008049654,16625.642008049654,SL,-33.0,1013,700.92
2021-12-30 19:28:00-05:00,2021-12-30 19:29:00-05:00,long,16361.783170368326,16356.0,cutoff,-5.78,1025,695.14
2022-01-04 10:44:00-05:00,2022-01-04 13:55:00-05:00,long,16280.964755748751,16155.714755748751,SL,-125.25,1027,569.89
2022-01-05 09:32:00-05:00,2022-01-05 09:51:00-05:00,long,16139.413118399969,16209.163118399969,TP,69.75,1024,639.64
2022-01-10 07:31:00-05:00,2022-01-10 08:00:00-05:00,long,15446.47747178147,15365.47747178147,SL,-81.0,1019,558.64
2022-01-11 04:16:00-05:00,2022-01-11 09:17:00-05:00,short,15645.538295963997,15554.038295963997,TP,91.5,1034,650.14
2022-01-18 03:10:00-05:00,2022-01-18 03:19:00-05:00,long,15397.302536893398,15345.177536893398,SL,-52.12,1039,598.02
2022-01-18 21:47:00-05:00,2022-01-18 21:48:00-05:00,long,15125.980470062965,15129.0,cutoff,3.02,1038,601.04
2022-01-18 21:53:00-05:00,2022-01-18 21:54:00-05:00,long,15088.58411136899,15097.0,cutoff,8.42,1040,609.46
2022-01-24 05:26:00-05:00,2022-01-24 07:21:00-05:00,long,14333.793796523118,14333.793796523118,BE,0.0,1043,609.46
2022-01-31 10:02:00-05:00,2022-01-31 15:00:00-05:00,short,14659.001656557593,14811.0,cutoff,-152.0,1047,457.46
2022-02-01 02:12:00-05:00,2022-02-01 03:01:00-05:00,short,14934.757318438846,14882.257318438846,TP,52.5,1049,509.96
2022-02-02 04:44:00-05:00,2022-02-02 05:29:00-05:00,short,15221.075791511645,15221.075791511645,BE,0.0,1050,509.96
2022-02-04 08:54:00-05:00,2022-02-04 09:39:00-05:00,long,14452.756770548807,14452.756770548807,BE,0.0,1052,509.96
2022-02-09 05:14:00-05:00,2022-02-09 05:59:00-05:00,short,14872.83087731542,14872.83087731542,BE,0.0,1053,509.96
2022-02-14 03:29:00-05:00,2022-02-14 07:45:00-05:00,long,14123.867681561154,14238.992681561154,TP,115.12,1049,625.08
2022-02-15 04:19:00-05:00,2022-02-15 05:22:00-05:00,short,14523.728553381487,14523.728553381487,BE,0.0,1059,625.08
2022-02-20 19:04:00-05:00,2022-02-20 19:05:00-05:00,long,13810.601816727918,13816.25,cutoff,5.65,1045,630.73
2022-02-22 09:53:00-05:00,2022-02-22 10:05:00-05:00,short,14078.253565031777,13984.878565031777,TP,93.38,1064,724.11
2022-03-01 02:07:00-05:00,2022-03-01 03:06:00-05:00,short,14302.928269466458,14302.928269466458,BE,0.0,1066,724.11
2022-03-03 09:02:00-05:00,2022-03-03 10:20:00-05:00,short,14367.318002793538,14167.318002793538,TP,200.0,1071,924.11
2022-03-03 19:23:00-05:00,2022-03-03 19:24:00-05:00,long,13953.51822142953,13953.0,cutoff,-0.52,1072,923.59
2022-03-03 19:55:00-05:00,2022-03-03 19:56:00-05:00,long,13812.940525501035,13788.0,cutoff,-24.94,1069,898.65
2022-03-11 06:26:00-05:00,2022-03-11 06:28:00-05:00,short,13824.115930626305,13752.115930626305,TP,72.0,1077,970.65
2022-03-15 03:13:00-04:00,2022-03-15 04:05:00-04:00,long,12962.621135300313,13020.371135300313,TP,57.75,1079,1028.4
2022-03-16 01:47:00-04:00,2022-03-16 02:43:00-04:00,short,13578.503864699687,13578.503864699687,BE,0.0,1079,1028.4
2022-03-18 10:04:00-04:00,2022-03-18 10:55:00-04:00,short,14187.741551871979,14187.741551871979,BE,0.0,1074,1028.4
2022-03-21 09:41:00-04:00,2022-03-21 09:48:00-04:00,short,14453.856455113139,14385.981455113139,TP,67.88,1070,1096.28
2022-03-29 05:07:00-04:00,2022-03-29 07:32:00-04:00,short,15057.055654262684,15015.805654262684,TP,41.25,1089,1137.53
2022-03-31 10:02:00-04:00,2022-03-31 13:13:00-04:00,long,14970.528899214507,14970.528899214507,BE,0.0,1091,1137.53
2022-04-01 09:50:00-04:00,2022-04-01 10:39:00-04:00,long,14854.153631311128,14854.153631311128,BE,0.0,1090,1137.53
2022-04-06 06:40:00-04:00,2022-04-06 09:42:00-04:00,long,14660.552011881444,14561.552011881444,SL,-99.0,1094,1038.53
2022-04-10 20:00:00-04:00,2022-04-10 20:01:00-04:00,long,14286.08670759079,14296.75,cutoff,10.66,1086,1049.19
2022-04-10 20:09:00-04:00,2022-04-10 20:10:00-04:00,long,14268.21242611832,14261.5,cutoff,-6.71,1087,1042.48
2022-04-10 21:55:00-04:00,2022-04-10 21:56:00-04:00,long,14239.955251332522,14237.75,cutoff,-2.21,1097,1040.27
2022-04-11 04:25:00-04:00,2022-04-11 08:06:00-04:00,long,14161.646099407772,14161.646099407772,BE,0.0,1098,1040.27
2022-04-11 09:33:00-04:00,2022-04-11 10:18:00-04:00,long,14121.37027015438,14121.37027015438,BE,0.0,1085,1040.27
2022-04-11 10:46:00-04:00,2022-04-11 15:00:00-04:00,long,14039.052082115206,14096.25,cutoff,57.2,1084,1097.47
2022-04-14 00:30:00-04:00,2022-04-14 01:16:00-04:00,short,14285.013848168608,14285.013848168608,BE,0.0,1101,1097.47
2022-04-17 19:46:00-04:00,2022-04-17 19:47:00-04:00,long,13748.176154048422,13747.5,cutoff,-0.68,1083,1096.79
2022-04-20 07:55:00-04:00,2022-04-20 09:34:00-04:00,short,14264.07134928854,14213.07134928854,TP,51.0,1104,1147.79
2022-04-22 10:20:00-04:00,2022-04-22 14:49:00-04:00,long,13609.250742000215,13409.250742000215,SL,-200.0,1103,947.79
2022-05-06 09:35:00-04:00,2022-05-06 10:37:00-04:00,long,12644.912422332749,12644.912422332749,BE,0.0,1110,947.79
2022-05-09 04:31:00-04:00,2022-05-09 05:28:00-04:00,long,12476.874443244957,12476.874443244957,BE,0.0,1113,947.79
2022-05-09 10:39:00-04:00,2022-05-09 15:00:00-04:00,long,12307.665710997568,12294.5,cutoff,-13.17,1117,934.62
2022-05-09 20:16:00-04:00,2022-05-09 20:17:00-04:00,long,12107.686455371198,12121.25,cutoff,13.56,1118,948.18
2022-05-11 08:55:00-04:00,2022-05-11 09:07:00-04:00,long,12122.912972747228,12187.037972747228,TP,64.12,1119,1012.3
2022-05-12 03:22:00-04:00,2022-05-12 03:50:00-04:00,long,11852.015796082807,11969.765796082807,TP,117.75,1120,1130.05
2022-05-13 09:54:00-04:00,2022-05-13 10:22:00-04:00,short,12268.313117446343,12319.688117446343,SL,-51.38,1121,1078.67
2022-05-19 03:33:00-04:00,2022-05-19 04:20:00-04:00,long,11779.567880580866,11779.567880580866,BE,0.0,1122,1078.67
2022-05-24 10:15:00-04:00,2022-05-24 12:15:00-04:00,long,11583.832248436425,11783.832248436425,TP,200.0,1128,1278.67
2022-05-26 09:43:00-04:00,2022-05-26 10:12:00-04:00,short,12058.985649560062,12151.985649560062,SL,-93.0,1130,1185.67
2022-05-27 05:51:00-04:00,2022-05-27 06:59:00-04:00,short,12352.814438592224,12352.814438592224,BE,0.0,1131,1185.67
2022-05-27 10:37:00-04:00,2022-05-27 11:49:00-04:00,short,12592.230044868815,12592.230044868815,BE,0.0,1125,1185.67
2022-05-29 19:14:00-04:00,2022-05-29 19:15:00-04:00,short,12733.78235199662,12733.75,cutoff,0.03,1132,1185.7
2022-05-29 19:33:00-04:00,2022-05-29 19:34:00-04:00,short,12748.128693461784,12749.0,cutoff,-0.87,1124,1184.83
2022-05-29 22:22:00-04:00,2022-05-29 22:23:00-04:00,short,12783.688544628802,12786.5,cutoff,-2.81,1118,1182.02
2022-05-30 00:38:00-04:00,2022-05-30 01:30:00-04:00,short,12815.212027252772,12848.587027252772,SL,-33.38,1119,1148.64
2022-05-31 09:34:00-04:00,2022-05-31 11:55:00-04:00,long,12581.52690726071,12708.27690726071,TP,126.75,1133,1275.39
2022-06-06 21:26:00-04:00,2022-06-06 21:27:00-04:00,long,12495.726312429277,12503.5,cutoff,7.77,1138,1283.16
2022-06-07 08:31:00-04:00,2022-06-07 09:16:00-04:00,long,12439.248149815852,12439.248149815852,BE,0.0,1137,1283.16
2022-06-08 09:49:00-04:00,2022-06-08 10:36:00-04:00,short,12764.47816450088,12764.47816450088,BE,0.0,1139,1283.16
2022-06-10 08:30:00-04:00,2022-06-10 08:32:00-04:00,long,12165.96764800338,12096.96764800338,SL,-69.0,1132,1214.16
2022-06-12 21:17:00-04:00,2022-06-12 21:18:00-04:00,long,11607.310561407776,11608.75,cutoff,1.44,1131,1215.6
2022-06-13 04:18:00-04:00,2022-06-13 09:33:00-04:00,long,11463.889350439938,11576.014350439938,TP,112.12,1130,1327.72
2022-06-13 10:27:00-04:00,2022-06-13 15:00:00-04:00,long,11412.8317476103,11392.5,cutoff,-20.33,1129,1307.39
2022-06-16 09:54:00-04:00,2022-06-16 14:29:00-04:00,long,11257.956617134842,11096.706617134842,SL,-161.25,1145,1146.14
2022-06-21 03:31:00-04:00,2022-06-21 09:40:00-04:00,short,11507.124027557198,11582.874027557198,SL,-75.75,1147,1070.39
2022-06-23 22:40:00-04:00,2022-06-23 22:41:00-04:00,short,11818.83622306228,11816.0,cutoff,2.84,1149,1073.23
2022-06-24 01:39:00-04:00,2022-06-24 09:32:00-04:00,short,11874.846477759074,11874.846477759074,BE,0.0,1150,1073.23
2022-06-27 03:34:00-04:00,2022-06-27 06:42:00-04:00,short,12236.810160825215,12180.935160825215,TP,55.88,1152,1129.11
2022-06-29 09:45:00-04:00,2022-06-29 09:52:00-04:00,long,11573.314839174785,11701.564839174785,TP,128.25,1152,1257.36
2022-06-30 10:02:00-04:00,2022-06-30 11:26:00-04:00,long,11380.624869557465,11580.624869557465,TP,200.0,1151,1457.36
2022-07-04 19:06:00-04:00,2022-07-04 19:07:00-04:00,short,11729.578380953579,11740.5,cutoff,-10.92,1158,1446.44
2022-07-07 10:52:00-04:00,2022-07-07 11:43:00-04:00,short,12064.931469469657,12064.931469469657,BE,0.0,1160,1446.44
2022-07-12 02:01:00-04:00,2022-07-12 02:22:00-04:00,long,11783.392712713761,11814.142712713761,TP,30.75,1162,1477.19
2022-07-13 08:30:00-04:00,2022-07-13 08:31:00-04:00,long,11579.068530530343,11628.568530530343,TP,49.5,1160,1526.69
2022-07-15 08:48:00-04:00,2022-07-15 09:30:00-04:00,short,11888.583341969457,11945.958341969457,SL,-57.38,1166,1469.31
2022-07-18 03:37:00-04:00,2022-07-18 04:26:00-04:00,short,12162.60462922617,12162.60462922617,BE,0.0,1167,1469.31
2022-07-19 22:36:00-04:00,2022-07-19 22:37:00-04:00,short,12354.526735464444,12356.0,cutoff,-1.47,1154,1467.84
2022-07-20 10:47:00-04:00,2022-07-20 15:00:00-04:00,short,12442.439464275212,12453.5,cutoff,-11.06,1153,1456.78
2022-07-21 08:43:00-04:00,2022-07-21 09:06:00-04:00,short,12544.34347200561,12507.21847200561,TP,37.12,1170,1493.9
2022-07-26 09:45:00-04:00,2022-07-26 11:33:00-04:00,long,12210.07686467328,12134.70186467328,SL,-75.38,1171,1418.52
2022-08-01 10:51:00-04:00,2022-08-01 11:49:00-04:00,short,13088.189952220942,13088.189952220942,BE,0.0,1177,1418.52
2022-08-03 09:56:00-04:00,2022-08-03 10:44:00-04:00,short,13108.99430266321,13108.99430266321,BE,0.0,1179,1418.52
2022-08-04 06:04:00-04:00,2022-08-04 10:17:00-04:00,short,13312.843340278974,13232.218340278974,TP,80.62,1180,1499.14
2022-08-09 09:31:00-04:00,2022-08-09 09:56:00-04:00,long,13061.266921843504,13001.641921843504,SL,-59.62,1181,1439.52
2022-08-10 08:30:00-04:00,2022-08-10 08:32:00-04:00,short,13302.994635853946,13356.994635853946,SL,-54.0,1184,1385.52
2022-08-10 20:27:00-04:00,2022-08-10 20:28:00-04:00,short,13439.758793471228,13439.75,cutoff,0.01,1182,1385.53
2022-08-11 08:30:00-04:00,2022-08-11 09:15:00-04:00,short,13494.733078156496,13494.733078156496,BE,0.0,1181,1385.53
2022-08-11 10:05:00-04:00,2022-08-11 11:05:00-04:00,short,13539.715846427483,13453.465846427483,TP,86.25,1185,1471.78
2022-08-15 09:54:00-04:00,2022-08-15 11:32:00-04:00,short,13606.256169569082,13606.256169569082,BE,0.0,1187,1471.78
2022-08-19 06:43:00-04:00,2022-08-19 08:25:00-04:00,long,13365.945639921973,13365.945639921973,BE,0.0,1188,1471.78
2022-08-19 09:50:00-04:00,2022-08-19 10:57:00-04:00,long,13321.025025966936,13270.025025966936,SL,-51.0,1190,1420.78
2022-08-22 03:26:00-04:00,2022-08-22 04:02:00-04:00,long,13148.997800446936,13091.622800446936,SL,-57.38,1192,1363.4
2022-08-23 02:21:00-04:00,2022-08-23 03:17:00-04:00,long,12840.755364146054,12906.380364146054,TP,65.62,1184,1429.02
2022-08-25 10:25:00-04:00,2022-08-25 15:00:00-04:00,short,13096.517773170734,13065.5,cutoff,31.02,1195,1460.04
2022-08-26 09:03:00-04:00,2022-08-26 10:02:00-04:00,short,13169.443883299631,13051.318883299631,TP,118.12,1194,1578.16
2022-08-30 10:46:00-04:00,2022-08-30 13:12:00-04:00,long,12284.974091751095,12284.974091751095,BE,0.0,1198,1578.16
2022-09-02 08:38:00-04:00,2022-09-02 08:44:00-04:00,short,12400.766479503596,12332.516479503596,TP,68.25,1201,1646.41
2022-09-06 10:12:00-04:00,2022-09-06 11:42:00-04:00,long,11943.492632717136,12143.492632717136,TP,200.0,1203,1846.41
2022-09-09 00:48:00-04:00,2022-09-09 02:00:00-04:00,short,12406.704601741834,12379.704601741834,TP,27.0,1204,1873.41
2022-09-09 03:27:00-04:00,2022-09-09 04:31:00-04:00,short,12452.290778087321,12452.290778087321,BE,0.0,1206,1873.41
2022-09-12 02:38:00-04:00,2022-09-12 04:38:00-04:00,short,12706.163063434018,12745.538063434018,SL,-39.38,1200,1834.03
2022-09-13 08:30:00-04:00,2022-09-13 08:31:00-04:00,short,12973.35751315287,12935.85751315287,TP,37.5,1208,1871.53
2022-09-13 08:38:00-04:00,2022-09-13 08:54:00-04:00,long,12534.14248684713,12496.64248684713,SL,-37.5,1208,1834.03
2022-09-16 08:57:00-04:00,2022-09-16 09:58:00-04:00,long,11841.776479599794,11785.901479599794,SL,-55.88,1205,1778.15
2022-09-19 19:51:00-04:00,2022-09-19 19:52:00-04:00,short,12074.777340173583,12076.5,cutoff,-1.72,1213,1776.43
2022-09-23 06:46:00-04:00,2022-09-23 12:27:00-04:00,long,11406.62824728022,11318.12824728022,SL,-88.5,1216,1687.93
2022-09-27 22:12:00-04:00,2022-09-27 22:13:00-04:00,long,11205.345983893674,11210.25,cutoff,4.9,1219,1692.83
2022-09-27 22:19:00-04:00,2022-09-27 22:20:00-04:00,long,11200.453623716281,11202.0,cutoff,1.55,1217,1694.38
2022-10-02 19:52:00-04:00,2022-10-02 19:53:00-04:00,long,10951.813380464959,10937.75,cutoff,-14.06,1222,1680.32
2022-10-03 20:17:00-04:00,2022-10-03 20:18:00-04:00,short,11394.19061439567,11396.25,cutoff,-2.06,1223,1678.26
2022-10-04 02:46:00-04:00,2022-10-04 03:35:00-04:00,short,11443.811619535041,11487.686619535041,SL,-43.88,1222,1634.38
2022-10-07 08:51:00-04:00,2022-10-07 08:58:00-04:00,long,11320.090857567091,11354.215857567091,TP,34.12,1226,1668.5
2022-10-07 09:44:00-04:00,2022-10-07 14:31:00-04:00,long,11293.145995587087,11093.145995587087,SL,-200.0,1224,1468.5
2022-10-11 09:56:00-04:00,2022-10-11 11:34:00-04:00,long,10839.30938560433,10934.18438560433,TP,94.88,1223,1563.38
2022-10-13 08:30:00-04:00,2022-10-13 08:32:00-04:00,long,10626.049230701945,10506.799230701945,SL,-119.25,1229,1444.13
2022-10-13 22:31:00-04:00,2022-10-13 22:32:00-04:00,short,11160.575769298055,11153.0,cutoff,7.58,1229,1451.71
2022-10-17 23:42:00-04:00,2022-10-17 23:43:00-04:00,short,11282.132898557971,11275.25,cutoff,6.88,1233,1458.59
2022-10-18 00:18:00-04:00,2022-10-18 01:03:00-04:00,short,11334.338081071022,11334.338081071022,BE,0.0,1228,1458.59
2022-10-25 09:31:00-04:00,2022-10-25 09:47:00-04:00,short,11564.971176348332,11615.971176348332,SL,-51.0,1227,1407.59
2022-10-27 09:51:00-04:00,2022-10-27 10:31:00-04:00,long,11295.296535945847,11450.921535945847,TP,155.62,1239,1563.21
2022-11-03 06:18:00-04:00,2022-11-03 07:42:00-04:00,long,10890.143606830316,10826.018606830316,SL,-64.12,1235,1499.09
2022-11-08 10:48:00-05:00,2022-11-08 14:22:00-05:00,short,11131.65562868064,10985.03062868064,TP,146.62,1248,1645.71
2022-11-10 08:30:00-05:00,2022-11-10 08:32:00-05:00,short,11198.403031557606,11157.528031557606,TP,40.88,1250,1686.59
2022-11-10 08:45:00-05:00,2022-11-10 08:57:00-05:00,short,11265.117067630265,11305.992067630265,SL,-40.88,1249,1645.71
2022-11-11 00:48:00-05:00,2022-11-11 02:46:00-05:00,short,11701.105117735204,11746.855117735204,SL,-45.75,1243,1599.96
2022-11-15 07:27:00-05:00,2022-11-15 08:30:00-05:00,short,11911.900365803349,11950.525365803349,SL,-38.62,1252,1561.34
2022-11-17 08:08:00-05:00,2022-11-17 11:55:00-05:00,long,11592.448534422849,11691.823534422849,TP,99.38,1255,1660.72
2022-11-18 05:40:00-05:00,2022-11-18 10:03:00-05:00,short,11797.285748835813,11702.785748835813,TP,94.5,1256,1755.22
2022-11-22 03:32:00-05:00,2022-11-22 04:30:00-05:00,long,11549.211504960516,11596.461504960516,TP,47.25,1257,1802.47
2022-11-23 07:40:00-05:00,2022-11-23 08:46:00-05:00,short,11790.142005674923,11742.517005674923,TP,47.62,1259,1850.09
2022-11-23 09:54:00-05:00,2022-11-23 11:55:00-05:00,short,11849.28186562853,11781.40686562853,TP,67.88,1258,1917.97
2022-11-25 09:31:00-05:00,2022-11-25 11:28:00-05:00,long,11787.196029486602,11787.196029486602,BE,0.0,1261,1917.97
2022-11-28 05:02:00-05:00,2022-11-28 09:32:00-05:00,long,11643.535986435312,11740.660986435312,TP,97.12,1262,2015.09
2022-11-29 09:45:00-05:00,2022-11-29 11:02:00-05:00,long,11573.070378612196,11573.070378612196,BE,0.0,1260,2015.09
2022-12-02 08:31:00-05:00,2022-12-02 08:54:00-05:00,long,11789.394449088326,11839.269449088326,TP,49.88,1266,2064.97
2022-12-06 09:44:00-05:00,2022-12-06 09:58:00-05:00,long,11735.080997899688,11669.455997899688,SL,-65.62,1268,1999.35
2022-12-07 06:44:00-05:00,2022-12-07 07:20:00-05:00,long,11501.850823944607,11469.600823944607,SL,-32.25,1269,1967.1
2022-12-09 08:30:00-05:00,2022-12-09 08:31:00-05:00,short,11739.750537768581,11671.125537768581,TP,68.62,1270,2035.72
2022-12-13 03:01:00-05:00,2022-12-13 04:27:00-05:00,short,11855.629740050335,11855.629740050335,BE,0.0,1273,2035.72
2022-12-13 08:26:00-05:00,2022-12-13 08:27:00-05:00,short,12005.524176055393,11932.399176055393,TP,73.12,1269,2108.84
2022-12-13 08:29:00-05:00,2022-12-13 08:30:00-05:00,short,12062.801644800851,12135.926644800851,SL,-73.12,1267,2035.72
2022-12-15 10:04:00-05:00,2022-12-15 10:50:00-05:00,long,11529.745259949665,11529.745259949665,BE,0.0,1273,2035.72
2022-12-16 03:14:00-05:00,2022-12-16 09:49:00-05:00,long,11381.964807967212,11476.464807967212,TP,94.5,1265,2130.22
2022-12-19 22:11:00-05:00,2022-12-19 22:12:00-05:00,long,11121.328961004048,11122.25,cutoff,0.92,1278,2131.14
2022-12-22 10:12:00-05:00,2022-12-22 15:00:00-05:00,long,11036.300929721321,10986.5,cutoff,-49.8,1280,2081.34
2023-01-06 04:35:00-05:00,2023-01-06 05:17:00-05:00,long,10779.425622787592,10815.800622787592,TP,36.38,1287,2117.72
2023-01-09 09:30:00-05:00,2023-01-09 09:52:00-05:00,short,11211.791251359777,11287.916251359777,SL,-76.12,1282,2041.6
2023-01-11 10:30:00-05:00,2023-01-11 12:07:00-05:00,short,11388.574377212408,11388.574377212408,BE,0.0,1287,2041.6
2023-01-12 08:18:00-05:00,2023-01-12 08:29:00-05:00,short,11509.481806465741,11457.731806465741,TP,51.75,1293,2093.35
2023-01-15 20:58:00-05:00,2023-01-15 20:59:00-05:00,short,11631.48996521479,11635.75,cutoff,-4.26,1295,2089.09
2023-01-17 10:00:00-05:00,2023-01-17 13:39:00-05:00,short,11644.39805068837,11644.39805068837,BE,0.0,1277,2089.09
2023-01-18 08:30:00-05:00,2023-01-18 08:33:00-05:00,short,11716.054661598511,11669.554661598511,TP,46.5,1294,2135.59
2023-01-19 05:26:00-05:00,2023-01-19 08:30:00-05:00,long,11413.349099754087,11351.099099754087,SL,-62.25,1297,2073.34
2023-01-23 09:51:00-05:00,2023-01-23 10:31:00-05:00,short,11802.650900245913,11860.775900245913,SL,-58.12,1297,2015.22
2023-01-25 09:30:00-05:00,2023-01-25 11:56:00-05:00,long,11693.33517488565,11784.83517488565,TP,91.5,1302,2106.72
2023-01-26 09:32:00-05:00,2023-01-26 10:54:00-05:00,short,12061.53982511435,11941.53982511435,TP,120.0,1302,2226.72
2023-01-31 05:34:00-05:00,2023-01-31 07:47:00-05:00,long,11895.872014981738,11932.997014981738,TP,37.12,1306,2263.84
2023-02-06 04:53:00-05:00,2023-02-06 09:45:00-05:00,long,12500.098735179718,12568.723735179718,TP,68.62,1309,2332.46
2023-02-10 04:56:00-05:00,2023-02-10 07:09:00-05:00,long,12340.168862818882,12271.168862818882,SL,-69.0,1312,2263.46
2023-02-14 08:29:00-05:00,2023-02-14 08:30:00-05:00,short,12614.653492198106,12575.653492198106,TP,39.0,1316,2302.46
2023-02-17 02:02:00-05:00,2023-02-17 03:02:00-05:00,long,12377.141552724202,12377.141552724202,BE,0.0,1318,2302.46
2023-02-17 03:36:00-05:00,2023-02-17 04:32:00-05:00,long,12344.34054521155,12404.34054521155,TP,60.0,1319,2362.46
2023-02-21 03:46:00-05:00,2023-02-21 04:31:00-05:00,long,12259.764318305486,12259.764318305486,BE,0.0,1321,2362.46
2023-02-21 10:12:00-05:00,2023-02-21 15:00:00-05:00,long,12200.096507801894,12124.5,cutoff,-75.6,1316,2286.86
2023-02-22 10:16:00-05:00,2023-02-22 12:25:00-05:00,long,12041.934029496524,12130.434029496524,TP,88.5,1322,2375.36
2023-02-24 08:39:00-05:00,2023-02-24 09:32:00-05:00,long,11986.569081537058,12017.694081537058,TP,31.12,1308,2406.48
2023-02-27 10:09:00-05:00,2023-02-27 10:36:00-05:00,short,12183.818814027736,12115.943814027736,TP,67.88,1325,2474.36
2023-03-01 10:11:00-05:00,2023-03-01 11:08:00-05:00,long,11962.934722229944,11962.934722229944,BE,0.0,1326,2474.36
2023-03-01 20:39:00-05:00,2023-03-01 20:40:00-05:00,long,11896.630632581931,11896.0,cutoff,-0.63,1327,2473.73
2023-03-05 21:37:00-05:00,2023-03-05 21:38:00-05:00,short,12335.463802876478,12334.5,cutoff,0.96,1323,2474.69
2023-03-05 21:39:00-05:00,2023-03-05 21:40:00-05:00,short,12344.409548221498,12342.0,cutoff,2.41,1330,2477.1
2023-03-06 10:17:00-05:00,2023-03-06 14:27:00-05:00,short,12422.565970503476,12348.690970503476,TP,73.88,1322,2550.98
2023-03-07 10:08:00-05:00,2023-03-07 10:33:00-05:00,long,12203.699916401045,12278.324916401045,TP,74.62,1331,2625.6
2023-03-13 02:12:00-04:00,2023-03-13 03:00:00-04:00,short,12213.8751113092,12213.8751113092,BE,0.0,1335,2625.6
2023-03-14 09:16:00-04:00,2023-03-14 15:00:00-04:00,short,12215.005555992415,12235.75,cutoff,-20.74,1336,2604.86
2023-03-14 22:08:00-04:00,2023-03-14 22:09:00-04:00,short,12357.00815734723,12359.75,cutoff,-2.74,1333,2602.12
2023-03-15 20:29:00-04:00,2023-03-15 20:30:00-04:00,short,12439.642295720492,12438.0,cutoff,1.64,1337,2603.76
2023-03-15 21:08:00-04:00,2023-03-15 21:09:00-04:00,short,12461.976905940846,12459.25,cutoff,2.73,1334,2606.49
2023-03-16 10:54:00-04:00,2023-03-16 12:50:00-04:00,short,12516.985681694514,12673.735681694514,SL,-156.75,1321,2449.74
2023-03-21 09:32:00-04:00,2023-03-21 10:24:00-04:00,short,12804.894940581522,12752.019940581522,TP,52.88,1341,2502.62
2023-03-28 09:33:00-04:00,2023-03-28 10:00:00-04:00,long,12736.870630244797,12678.745630244797,SL,-58.12,1346,2444.5
2023-03-30 05:27:00-04:00,2023-03-30 06:57:00-04:00,short,13008.379541218379,13033.129541218379,SL,-24.75,1345,2419.75
2023-04-05 10:19:00-04:00,2023-04-05 15:00:00-04:00,long,13100.946936245124,13076.25,cutoff,-24.7,1352,2395.05
2023-04-06 09:34:00-04:00,2023-04-06 10:15:00-04:00,long,12969.69249010037,13053.69249010037,TP,84.0,1353,2479.05
2023-04-11 05:02:00-04:00,2023-04-11 07:06:00-04:00,short,13195.157886365982,13154.657886365982,TP,40.5,1355,2519.55
2023-04-14 10:04:00-04:00,2023-04-14 15:00:00-04:00,short,13252.1139706832,13167.5,cutoff,84.61,1358,2604.16
2023-04-20 04:37:00-04:00,2023-04-20 12:33:00-04:00,long,13049.068378614229,13158.193378614229,TP,109.12,1361,2713.28
2023-04-21 06:50:00-04:00,2023-04-21 08:01:00-04:00,long,13017.100469293404,13017.100469293404,BE,0.0,1360,2713.28
2023-04-25 10:07:00-04:00,2023-04-25 12:35:00-04:00,long,12962.19925758433,12887.94925758433,SL,-74.25,1362,2639.03
2023-04-27 10:34:00-04:00,2023-04-27 12:44:00-04:00,short,13095.741714779244,13169.241714779244,SL,-73.5,1367,2565.53
2023-04-30 22:55:00-04:00,2023-04-30 22:56:00-04:00,short,13337.05750989963,13338.25,cutoff,-1.19,1353,2564.34
2023-05-01 02:42:00-04:00,2023-05-01 04:07:00-04:00,short,13354.499817652139,13321.124817652139,TP,33.38,1357,2597.72
2023-05-02 10:36:00-04:00,2023-05-02 15:00:00-04:00,long,13176.138032476792,13205.75,cutoff,29.61,1370,2627.33
2023-05-04 09:44:00-04:00,2023-05-04 11:09:00-04:00,long,13042.435086729922,13101.310086729922,TP,58.88,1369,2686.21
2023-05-05 10:09:00-04:00,2023-05-05 14:52:00-04:00,short,13224.223199417047,13345.723199417047,SL,-121.5,1373,2564.71
2023-05-10 09:32:00-04:00,2023-05-10 15:00:00-04:00,short,13410.064913270078,13394.25,cutoff,15.81,1369,2580.52
2023-05-11 03:46:00-04:00,2023-05-11 04:32:00-04:00,short,13454.855520657635,13454.855520657635,BE,0.0,1371,2580.52
2023-05-24 03:03:00-04:00,2023-05-24 07:10:00-04:00,long,13706.076931880389,13674.951931880389,SL,-31.12,1385,2549.4
2023-05-25 09:06:00-04:00,2023-05-25 09:32:00-04:00,short,13975.37052097448,13904.87052097448,TP,70.5,1386,2619.9
2023-05-26 07:26:00-04:00,2023-05-26 08:30:00-04:00,short,14037.217523662237,14037.217523662237,BE,0.0,1384,2619.9
2023-05-26 10:00:00-04:00,2023-05-26 11:47:00-04:00,short,14124.819324931072,14288.694324931072,SL,-163.88,1388,2456.02
2023-05-30 05:20:00-04:00,2023-05-30 06:14:00-04:00,short,14500.603669049202,14500.603669049202,BE,0.0,1390,2456.02
2023-06-02 05:14:00-04:00,2023-06-02 06:18:00-04:00,short,14550.866559532675,14550.866559532675,BE,0.0,1392,2456.02
2023-06-12 00:00:00-04:00,2023-06-12 00:01:00-04:00,short,14725.630739165332,14745.505739165332,SL,-19.88,1391,2436.14
2023-06-20 01:20:00-04:00,2023-06-20 02:06:00-04:00,long,15222.97180417187,15222.97180417187,BE,0.0,1404,2436.14
2023-06-20 10:30:00-04:00,2023-06-20 15:00:00-04:00,long,15127.861700125628,15248.75,cutoff,120.89,1405,2557.03
2023-06-22 02:13:00-04:00,2023-06-22 03:02:00-04:00,long,14975.540735129565,14975.540735129565,BE,0.0,1406,2557.03
2023-06-30 08:38:00-04:00,2023-06-30 09:24:00-04:00,short,15254.069572783555,15254.069572783555,BE,0.0,1412,2557.03
2023-06-30 09:43:00-04:00,2023-06-30 15:00:00-04:00,short,15290.171958931223,15347.25,cutoff,-57.08,1413,2499.95
2023-07-03 04:11:00-04:00,2023-07-03 06:05:00-04:00,short,15385.778277982936,15358.403277982936,TP,27.38,1407,2527.33
2023-07-06 08:30:00-04:00,2023-07-06 08:41:00-04:00,long,15242.18319312509,15208.43319312509,SL,-33.75,1416,2493.58
2023-07-12 08:30:00-04:00,2023-07-12 08:31:00-04:00,short,15359.868794196565,15407.118794196565,SL,-47.25,1418,2446.33
2023-07-13 00:13:00-04:00,2023-07-13 00:56:00-04:00,short,15527.892235680834,15500.142235680834,TP,27.75,1417,2474.08
2023-07-27 03:49:00-04:00,2023-07-27 05:49:00-04:00,short,15770.652112320444,15808.152112320444,SL,-37.5,1430,2436.58
2023-08-02 02:53:00-04:00,2023-08-02 03:40:00-04:00,long,15680.358069343134,15680.358069343134,BE,0.0,1435,2436.58
2023-08-02 04:02:00-04:00,2023-08-02 07:02:00-04:00,long,15614.468371465435,15710.843371465435,TP,96.38,1436,2532.96
2023-08-02 10:08:00-04:00,2023-08-02 12:12:00-04:00,long,15562.880214080487,15414.380214080487,SL,-148.5,1434,2384.46
2023-08-03 03:31:00-04:00,2023-08-03 04:44:00-04:00,long,15359.097887679556,15359.097887679556,BE,0.0,1430,2384.46
2023-08-08 10:11:00-04:00,2023-08-08 15:00:00-04:00,long,15258.530623284445,15335.5,cutoff,76.97,1422,2461.43
2023-08-11 08:31:00-04:00,2023-08-11 08:49:00-04:00,long,15133.43673161332,15091.43673161332,SL,-42.0,1441,2419.43
2023-08-16 20:19:00-04:00,2023-08-16 20:20:00-04:00,long,14907.749306880967,14908.25,cutoff,0.5,1447,2419.93
2023-08-16 20:39:00-04:00,2023-08-16 20:40:00-04:00,long,14901.54356216347,14901.25,cutoff,-0.29,1444,2419.64
2023-08-17 10:33:00-04:00,2023-08-17 11:18:00-04:00,long,14877.054024812234,14877.054024812234,BE,0.0,1445,2419.64
2023-08-21 04:24:00-04:00,2023-08-21 13:26:00-04:00,short,14823.580191280835,14944.330191280835,SL,-120.75,1449,2298.89
2023-08-22 03:44:00-04:00,2023-08-22 07:47:00-04:00,short,15046.702045487342,15102.952045487342,SL,-56.25,1450,2242.64
2023-08-23 10:51:00-04:00,2023-08-23 15:00:00-04:00,short,15178.222756936233,15205.5,cutoff,-27.28,1448,2215.36
2023-08-29 10:00:00-04:00,2023-08-29 11:23:00-04:00,short,15179.062138640245,15351.562138640245,SL,-172.5,1454,2042.86
2023-08-31 08:16:00-04:00,2023-08-31 09:31:00-04:00,short,15532.052676827978,15532.052676827978,BE,0.0,1442,2042.86
2023-08-31 09:45:00-04:00,2023-08-31 15:00:00-04:00,short,15557.31326838668,15553.75,cutoff,3.56,1441,2046.42
2023-09-01 08:32:00-04:00,2023-09-01 08:33:00-04:00,short,15629.551658579476,15594.676658579476,TP,34.88,1440,2081.3
2023-09-05 04:12:00-04:00,2023-09-05 08:39:00-04:00,long,15439.378375806675,15439.378375806675,BE,0.0,1460,2081.3
2023-09-06 10:13:00-04:00,2023-09-06 15:00:00-04:00,long,15389.281890276656,15373.25,cutoff,-16.03,1459,2065.27
2023-09-07 08:14:00-04:00,2023-09-07 08:38:00-04:00,long,15268.239324433607,15211.614324433607,SL,-56.62,1462,2008.65
2023-09-08 09:50:00-04:00,2023-09-08 10:35:00-04:00,short,15365.185919182659,15365.185919182659,BE,0.0,1463,2008.65
2023-09-11 09:33:00-04:00,2023-09-11 09:39:00-04:00,short,15639.465689431374,15590.340689431374,TP,49.12,1461,2057.77
2023-09-13 08:30:00-04:00,2023-09-13 08:37:00-04:00,long,15421.240815329766,15496.240815329766,TP,75.0,1465,2132.77
2023-09-15 10:59:00-04:00,2023-09-15 11:54:00-04:00,long,15426.248171057954,15426.248171057954,BE,0.0,1468,2132.77
2023-09-19 09:50:00-04:00,2023-09-19 10:39:00-04:00,long,15323.86663134196,15255.24163134196,SL,-68.62,1467,2064.15
2023-09-20 20:07:00-04:00,2023-09-20 20:08:00-04:00,long,15106.912083583575,15109.5,cutoff,2.59,1464,2066.74
2023-09-21 06:01:00-04:00,2023-09-21 07:58:00-04:00,long,15034.564080817341,14981.689080817341,SL,-52.88,1463,2013.86
2023-09-25 04:44:00-04:00,2023-09-25 05:02:00-04:00,long,14797.891152351334,14845.891152351334,TP,48.0,1473,2061.86
2023-09-26 10:13:00-04:00,2023-09-26 11:07:00-04:00,long,14756.293148302426,14756.293148302426,BE,0.0,1474,2061.86
2023-09-29 08:30:00-04:00,2023-09-29 09:30:00-04:00,short,15007.11661205743,15007.11661205743,BE,0.0,1476,2061.86
2023-09-29 09:48:00-04:00,2023-09-29 12:48:00-04:00,short,15030.213529050536,14899.713529050536,TP,130.5,1475,2192.36
2023-10-04 02:18:00-04:00,2023-10-04 04:42:00-04:00,long,14608.482636343826,14683.482636343826,TP,75.0,1481,2267.36
2023-10-11 20:06:00-04:00,2023-10-11 20:07:00-04:00,short,15423.339015007881,15423.75,cutoff,-0.41,1486,2266.95
2023-10-19 03:46:00-04:00,2023-10-19 05:32:00-04:00,long,14977.196253654805,15021.446253654805,TP,44.25,1490,2311.2
2023-10-20 02:21:00-04:00,2023-10-20 03:08:00-04:00,long,14811.455813199624,14811.455813199624,BE,0.0,1485,2311.2
2023-10-23 03:43:00-04:00,2023-10-23 04:12:00-04:00,long,14637.371414457424,14664.746414457424,TP,27.38,1483,2338.58
2023-10-23 05:05:00-04:00,2023-10-23 05:33:00-04:00,long,14609.982422914665,14546.982422914665,SL,-63.0,1494,2275.58
2023-10-24 10:38:00-04:00,2023-10-24 12:28:00-04:00,short,14861.637096466304,14742.387096466304,TP,119.25,1495,2394.83
2023-10-25 10:27:00-04:00,2023-10-25 11:42:00-04:00,long,14596.908218834995,14596.908218834995,BE,0.0,1496,2394.83
2023-10-25 19:21:00-04:00,2023-10-25 19:22:00-04:00,long,14341.862903533696,14342.25,cutoff,0.39,1495,2395.22
2023-11-01 10:22:00-04:00,2023-11-01 15:00:00-04:00,short,14601.035061183555,14659.0,cutoff,-57.96,1501,2337.26
2023-11-02 08:30:00-04:00,2023-11-02 09:30:00-04:00,short,14935.534575520875,14935.534575520875,BE,0.0,1497,2337.26
2023-11-03 09:31:00-04:00,2023-11-03 15:00:00-04:00,short,15070.892577085335,15213.75,cutoff,-142.86,1494,2194.4
2023-11-07 09:17:00-05:00,2023-11-07 10:00:00-05:00,short,15268.539634336601,15319.164634336601,SL,-50.62,1504,2143.78
2023-11-14 08:30:00-05:00,2023-11-14 08:31:00-05:00,short,15665.251049723287,15694.876049723287,SL,-29.62,1510,2114.16
2023-11-15 08:25:00-05:00,2023-11-15 08:30:00-05:00,short,15999.786834905073,16035.786834905073,SL,-36.0,1511,2078.16
2023-11-20 09:58:00-05:00,2023-11-20 10:23:00-05:00,short,15994.229960445984,15945.479960445984,TP,48.75,1514,2126.91
2023-11-22 09:36:00-05:00,2023-11-22 09:50:00-05:00,short,16158.55957440403,16118.43457440403,TP,40.12,1516,2167.03
2023-11-26 21:04:00-05:00,2023-11-26 21:05:00-05:00,long,15958.763632343205,15961.5,cutoff,2.74,1518,2169.77
2023-11-29 04:23:00-05:00,2023-11-29 08:30:00-05:00,short,16103.147216602607,16169.147216602607,SL,-66.0,1521,2103.77
2023-11-30 09:42:00-05:00,2023-11-30 10:46:00-05:00,long,15967.453281160262,15893.203281160262,SL,-74.25,1522,2029.52
2023-12-04 09:24:00-05:00,2023-12-04 10:26:00-05:00,long,15854.352783397393,15756.852783397393,SL,-97.5,1521,1932.02
2023-12-06 09:00:00-05:00,2023-12-06 10:25:00-05:00,short,16019.860859026965,15892.735859026965,TP,127.12,1525,2059.14
2023-12-08 10:11:00-05:00,2023-12-08 15:00:00-05:00,short,16085.76333390208,16113.5,cutoff,-27.74,1524,2031.4
2023-12-11 00:00:00-05:00,2023-12-11 00:01:00-05:00,short,16196.902605630494,16212.652605630494,SL,-15.75,1523,2015.65
2023-12-11 19:21:00-05:00,2023-12-11 19:22:00-05:00,short,16478.359105597912,16477.25,cutoff,1.11,1530,2016.76
2023-12-19 07:17:00-05:00,2023-12-19 09:31:00-05:00,short,16980.404600724352,16980.404600724352,BE,0.0,1533,2016.76
2023-12-19 10:31:00-05:00,2023-12-19 15:00:00-05:00,short,16999.357653136416,17000.25,cutoff,-0.89,1535,2015.87
2023-12-27 20:09:00-05:00,2023-12-27 20:10:00-05:00,short,17145.732745703783,17144.5,cutoff,1.23,1539,2017.1
2023-12-27 20:43:00-05:00,2023-12-27 20:44:00-05:00,short,17154.551837927178,17152.5,cutoff,2.05,1540,2019.15
2023-12-28 07:34:00-05:00,2023-12-28 08:30:00-05:00,short,17161.66111147293,17161.66111147293,BE,0.0,1537,2019.15
2023-12-29 10:48:00-05:00,2023-12-29 11:16:00-05:00,long,17003.61585585585,16952.99085585585,SL,-50.62,1542,1968.53
2024-01-02 06:27:00-05:00,2024-01-02 07:50:00-05:00,long,16886.198162072822,16842.323162072822,SL,-43.88,1540,1924.65
2024-01-03 07:35:00-05:00,2024-01-03 09:08:00-05:00,long,16606.828216044698,16606.828216044698,BE,0.0,1544,1924.65
2024-01-04 08:21:00-05:00,2024-01-04 10:49:00-05:00,long,16488.54939710143,16535.42439710143,TP,46.88,1532,1971.53
2024-01-05 00:20:00-05:00,2024-01-05 01:34:00-05:00,long,16435.46891329104,16411.84391329104,SL,-23.62,1545,1947.91
2024-01-08 10:04:00-05:00,2024-01-08 15:00:00-05:00,short,16639.231009485135,16784.5,cutoff,-145.27,1546,1802.64
2024-01-10 20:07:00-05:00,2024-01-10 20:08:00-05:00,short,16987.228593438093,16985.25,cutoff,1.98,1550,1804.62
2024-01-11 03:26:00-05:00,2024-01-11 04:09:00-05:00,short,17043.921783955302,17025.171783955302,TP,18.75,1544,1823.37
2024-01-16 03:03:00-05:00,2024-01-16 06:50:00-05:00,long,16837.32090714007,16878.94590714007,TP,41.62,1553,1864.99
2024-01-17 09:48:00-05:00,2024-01-17 15:00:00-05:00,long,16716.46127168041,16828.5,cutoff,112.04,1554,1977.03
2024-01-18 07:37:00-05:00,2024-01-18 11:32:00-05:00,short,17013.626595573453,17100.626595573453,SL,-87.0,1555,1890.03
2024-01-18 21:48:00-05:00,2024-01-18 21:49:00-05:00,short,17169.014278191687,17168.25,cutoff,0.76,1556,1890.79
2024-01-18 22:00:00-05:00,2024-01-18 22:01:00-05:00,short,17172.94383495998,17172.75,cutoff,0.19,1552,1890.98
2024-01-19 03:59:00-05:00,2024-01-19 04:49:00-05:00,short,17209.447723507175,17209.447723507175,BE,0.0,1543,1890.98
2024-01-19 05:51:00-05:00,2024-01-19 09:29:00-05:00,short,17241.52214873588,17188.64714873588,TP,52.88,1541,1943.86
2024-01-24 01:52:00-05:00,2024-01-24 04:24:00-05:00,short,17629.672967767547,17658.172967767547,SL,-28.5,1559,1915.36
2024-01-25 20:00:00-05:00,2024-01-25 20:01:00-05:00,long,17524.716559417848,17520.75,cutoff,-3.97,1560,1911.39
2024-01-31 04:15:00-05:00,2024-01-31 04:20:00-05:00,long,17406.34184385252,17365.09184385252,SL,-41.25,1563,1870.14
2024-02-07 10:14:00-05:00,2024-02-07 15:00:00-05:00,short,17812.5491509663,17854.25,cutoff,-41.7,1564,1828.44
2024-02-09 03:02:00-05:00,2024-02-09 08:31:00-05:00,short,17902.655592144743,17940.905592144743,SL,-38.25,1568,1790.19
2024-02-13 03:46:00-05:00,2024-02-13 04:47:00-05:00,long,17892.693496105894,17864.193496105894,SL,-28.5,1573,1761.69
2024-02-16 03:18:00-05:00,2024-02-16 08:30:00-05:00,short,17990.626370761616,17949.751370761616,TP,40.88,1575,1802.57
2024-02-19 21:00:00-05:00,2024-02-19 21:01:00-05:00,long,17676.52460225718,17672.5,cutoff,-4.02,1576,1798.55
2024-02-20 03:21:00-05:00,2024-02-20 04:02:00-05:00,long,17652.603222612077,17694.228222612077,TP,41.62,1578,1840.17
2024-02-20 09:40:00-05:00,2024-02-20 10:03:00-05:00,long,17593.123629238384,17528.623629238384,SL,-64.5,1575,1775.67
2024-02-22 09:45:00-05:00,2024-02-22 12:20:00-05:00,short,17928.521777387923,17982.896777387923,SL,-54.38,1578,1721.29
2024-02-23 09:20:00-05:00,2024-02-23 10:43:00-05:00,short,18108.59940195433,18032.09940195433,TP,76.5,1581,1797.79
2024-02-28 04:41:00-05:00,2024-02-28 09:34:00-05:00,long,17902.034269207063,17902.034269207063,BE,0.0,1582,1797.79
2024-02-29 03:10:00-05:00,2024-02-29 06:06:00-05:00,long,17839.442824688555,17887.442824688555,TP,48.0,1583,1845.79
2024-03-01 02:03:00-05:00,2024-03-01 03:48:00-05:00,short,18145.110202593296,18121.110202593296,TP,24.0,1577,1869.79
2024-03-01 10:00:00-05:00,2024-03-01 12:20:00-05:00,short,18166.181503894106,18261.056503894106,SL,-94.88,1573,1774.91
2024-03-05 01:31:00-05:00,2024-03-05 02:18:00-05:00,long,18169.62004403596,18169.62004403596,BE,0.0,1588,1774.91
2024-03-05 10:32:00-05:00,2024-03-05 15:00:00-05:00,long,17936.756730880457,17857.0,cutoff,-79.76,1587,1695.15
2024-03-08 10:00:00-05:00,2024-03-08 10:45:00-05:00,short,18390.720229220504,18390.720229220504,BE,0.0,1591,1695.15
2024-03-12 10:41:00-04:00,2024-03-12 15:00:00-04:00,short,18412.61624174652,18454.5,cutoff,-41.88,1593,1653.27
2024-03-15 09:45:00-04:00,2024-03-15 10:48:00-04:00,long,18078.053768774233,18154.553768774233,TP,76.5,1596,1729.77
2024-03-18 09:46:00-04:00,2024-03-18 09:52:00-04:00,short,18353.50334997892,18313.37834997892,TP,40.12,1597,1769.89
2024-03-19 07:37:00-04:00,2024-03-19 09:43:00-04:00,long,18106.176019092043,18055.551019092043,SL,-50.62,1598,1719.27
2024-03-20 07:29:00-04:00,2024-03-20 09:30:00-04:00,short,18320.328722424594,18320.328722424594,BE,0.0,1599,1719.27
2024-03-20 19:07:00-04:00,2024-03-20 19:08:00-04:00,short,18569.96596831918,18568.75,cutoff,1.22,1592,1720.49
2024-03-20 19:22:00-04:00,2024-03-20 19:23:00-04:00,short,18583.89754582985,18583.0,cutoff,0.9,1594,1721.39
2024-03-21 00:31:00-04:00,2024-03-21 02:09:00-04:00,short,18597.821231225767,18616.196231225767,SL,-18.38,1596,1703.01
2024-03-22 08:17:00-04:00,2024-03-22 09:47:00-04:00,long,18500.875677885975,18500.875677885975,BE,0.0,1601,1703.01
2024-03-27 10:02:00-04:00,2024-03-27 10:49:00-04:00,long,18411.910640705857,18411.910640705857,BE,0.0,1604,1703.01
2024-04-02 08:40:00-04:00,2024-04-02 09:08:00-04:00,long,18375.152865133503,18309.152865133503,SL,-66.0,1602,1637.01
2024-04-04 09:00:00-04:00,2024-04-04 09:45:00-04:00,short,18542.060069309577,18542.060069309577,BE,0.0,1609,1637.01
2024-04-10 08:36:00-04:00,2024-04-10 08:37:00-04:00,long,18099.594831948525,18074.094831948525,SL,-25.5,1612,1611.51
2024-04-18 21:04:00-04:00,2024-04-18 21:05:00-04:00,long,17410.581461499758,17408.75,cutoff,-1.83,1620,1609.68
2024-04-23 09:56:00-04:00,2024-04-23 13:49:00-04:00,short,17525.21619148364,17626.84119148364,SL,-101.62,1622,1508.06
2024-04-23 21:19:00-04:00,2024-04-23 21:20:00-04:00,short,17720.605247732077,17723.0,cutoff,-2.39,1623,1505.67
2024-04-23 21:48:00-04:00,2024-04-23 21:49:00-04:00,short,17727.306506392364,17722.5,cutoff,4.81,1621,1510.48
2024-04-29 08:54:00-04:00,2024-04-29 09:40:00-04:00,short,17928.001554531023,17871.751554531023,TP,56.25,1624,1566.73
2024-05-03 08:30:00-04:00,2024-05-03 08:31:00-04:00,short,17819.63219946777,17867.25719946777,SL,-47.62,1630,1519.11
2024-05-06 09:38:00-04:00,2024-05-06 10:23:00-04:00,short,18099.553537313353,18099.553537313353,BE,0.0,1618,1519.11
2024-05-07 10:56:00-04:00,2024-05-07 14:36:00-04:00,short,18240.819564105637,18168.819564105637,TP,72.0,1632,1591.11
2024-05-10 09:35:00-04:00,2024-05-10 10:21:00-04:00,short,18318.397605320453,18240.022605320453,TP,78.38,1634,1669.49
2024-05-14 10:26:00-04:00,2024-05-14 11:16:00-04:00,short,18359.901500514046,18359.901500514046,BE,0.0,1633,1669.49
2024-05-15 08:30:00-04:00,2024-05-15 08:31:00-04:00,short,18479.93747753404,18501.31247753404,SL,-21.38,1636,1648.11
2024-05-22 10:00:00-04:00,2024-05-22 11:05:00-04:00,short,18830.790448757154,18830.790448757154,BE,0.0,1640,1648.11
2024-05-22 22:59:00-04:00,2024-05-22 23:00:00-04:00,short,18941.475837723636,18943.5,cutoff,-2.02,1644,1646.09
2024-05-28 04:14:00-04:00,2024-05-28 07:00:00-04:00,short,18958.714051933915,18912.214051933915,TP,46.5,1646,1692.59
2024-05-29 09:27:00-04:00,2024-05-29 10:24:00-04:00,long,18759.350668282255,18853.100668282255,TP,93.75,1647,1786.34
2024-05-30 20:35:00-04:00,2024-05-30 20:36:00-04:00,long,18508.723924773964,18510.0,cutoff,1.28,1641,1787.62
2024-05-31 10:15:00-04:00,2024-05-31 12:08:00-04:00,long,18477.15801455111,18285.90801455111,SL,-191.25,1642,1596.37
2024-06-05 07:40:00-04:00,2024-06-05 08:39:00-04:00,short,18807.187537455473,18807.187537455473,BE,0.0,1653,1596.37
2024-06-05 09:29:00-04:00,2024-06-05 10:21:00-04:00,short,18848.519801691473,18848.519801691473,BE,0.0,1651,1596.37
2024-06-05 10:30:00-04:00,2024-06-05 11:15:00-04:00,short,18896.411467455782,18965.036467455782,SL,-68.62,1652,1527.75
2024-06-11 19:00:00-04:00,2024-06-11 19:01:00-04:00,short,19260.324238183544,19262.0,cutoff,-1.68,1655,1526.07
2024-06-13 03:14:00-04:00,2024-06-13 05:29:00-04:00,short,19663.67406997938,19616.79906997938,TP,46.88,1659,1572.95
2024-06-20 03:30:00-04:00,2024-06-20 04:31:00-04:00,short,20350.794364611073,20311.794364611073,TP,39.0,1663,1611.95
2024-06-26 03:24:00-04:00,2024-06-26 03:54:00-04:00,short,20035.72334406313,20062.72334406313,SL,-27.0,1668,1584.95
2024-06-28 08:16:00-04:00,2024-06-28 08:30:00-04:00,short,20140.576519285627,20156.701519285627,SL,-16.12,1667,1568.83
2024-07-01 10:14:00-04:00,2024-07-01 12:52:00-04:00,long,19824.90114202006,20024.90114202006,TP,200.0,1671,1768.83
2024-07-05 02:19:00-04:00,2024-07-05 08:30:00-04:00,short,20444.240953614135,20465.990953614135,SL,-21.75,1665,1747.08
2024-07-10 10:10:00-04:00,2024-07-10 11:01:00-04:00,short,20791.771230340233,20707.396230340233,TP,84.38,1677,1831.46
2024-07-11 08:30:00-04:00,2024-07-11 08:31:00-04:00,short,20938.09926077548,20949.72426077548,SL,-11.62,1679,1819.84
2024-07-17 03:06:00-04:00,2024-07-17 07:33:00-04:00,long,20414.57002644139,20267.94502644139,SL,-146.62,1682,1673.22
2024-07-18 10:35:00-04:00,2024-07-18 15:00:00-04:00,long,19956.62531162463,19846.25,cutoff,-110.38,1684,1562.84
2024-07-19 03:44:00-04:00,2024-07-19 06:04:00-04:00,long,19756.5900361896,19879.2150361896,TP,122.62,1669,1685.46
2024-07-24 00:20:00-04:00,2024-07-24 04:18:00-04:00,long,19747.333224551483,19703.083224551483,SL,-44.25,1688,1641.21
2024-07-31 10:01:00-04:00,2024-07-31 15:00:00-04:00,short,19417.278253940567,19554.25,cutoff,-136.97,1691,1504.24
2024-07-31 19:16:00-04:00,2024-07-31 19:17:00-04:00,short,19669.08822149362,19663.0,cutoff,6.09,1694,1510.33
2024-08-01 22:22:00-04:00,2024-08-01 22:23:00-04:00,long,18719.653445721407,18738.0,cutoff,18.35,1690,1528.68
2024-08-04 20:52:00-04:00,2024-08-04 20:53:00-04:00,long,18164.805856265015,18175.5,cutoff,10.69,1696,1539.37
2024-08-05 20:48:00-04:00,2024-08-05 20:49:00-04:00,short,18314.59494601252,18317.25,cutoff,-2.66,1697,1536.71
2024-08-07 09:32:00-04:00,2024-08-07 10:28:00-04:00,short,18519.82576537015,18417.07576537015,TP,102.75,1698,1639.46
2024-08-13 03:06:00-04:00,2024-08-13 06:27:00-04:00,short,18769.267023665285,18684.892023665285,TP,84.38,1701,1723.84
2024-08-15 09:52:00-04:00,2024-08-15 15:00:00-04:00,short,19420.629424864208,19584.0,cutoff,-163.37,1704,1560.47
2024-08-15 22:19:00-04:00,2024-08-15 22:20:00-04:00,short,19643.32445003435,19630.25,cutoff,13.07,1705,1573.54
2024-08-27 09:38:00-04:00,2024-08-27 10:24:00-04:00,long,19470.180575569306,19611.180575569306,TP,141.0,1711,1714.54
2024-09-03 09:31:00-04:00,2024-09-03 09:40:00-04:00,long,19440.876008721498,19372.626008721498,SL,-68.25,1717,1646.29
2024-09-06 03:14:00-04:00,2024-09-06 08:30:00-04:00,long,18787.370575135792,18874.745575135792,TP,87.38,1704,1733.67
2024-09-06 10:35:00-04:00,2024-09-06 15:00:00-04:00,long,18605.78967459617,18480.75,cutoff,-125.04,1719,1608.63
2024-09-11 09:21:00-04:00,2024-09-11 10:14:00-04:00,short,18916.42852213519,18716.42852213519,TP,200.0,1722,1808.63
2024-09-12 00:34:00-04:00,2024-09-12 01:19:00-04:00,short,19315.447828247725,19315.447828247725,BE,0.0,1720,1808.63
2024-09-16 00:00:00-04:00,2024-09-16 00:01:00-04:00,short,19712.93003387691,19743.30503387691,SL,-30.38,1718,1778.25
2024-09-17 07:52:00-04:00,2024-09-17 08:37:00-04:00,short,19794.106040363484,19794.106040363484,BE,0.0,1716,1778.25
2024-09-17 10:45:00-04:00,2024-09-17 12:23:00-04:00,short,19843.30115923372,19663.67615923372,TP,179.62,1713,1957.87
2024-09-19 02:25:00-04:00,2024-09-19 05:17:00-04:00,short,19901.305728557876,19974.430728557876,SL,-73.12,1727,1884.75
2024-09-25 10:15:00-04:00,2024-09-25 15:00:00-04:00,short,20264.48376077762,20190.25,cutoff,74.23,1731,1958.98
2024-09-25 20:01:00-04:00,2024-09-25 20:02:00-04:00,short,20288.360122640388,20288.5,cutoff,-0.14,1732,1958.84
2024-09-25 23:39:00-04:00,2024-09-25 23:40:00-04:00,short,20354.416612917434,20355.25,cutoff,-0.83,1730,1958.01
2024-09-26 00:53:00-04:00,2024-09-26 02:07:00-04:00,short,20378.651620315424,20445.401620315424,SL,-66.75,1733,1891.26
2024-09-30 07:38:00-04:00,2024-09-30 09:31:00-04:00,long,20143.4885118941,20197.8635118941,TP,54.38,1736,1945.64
2024-10-01 10:10:00-04:00,2024-10-01 15:00:00-04:00,long,19936.101862313106,20054.5,cutoff,118.4,1734,2064.04
2024-10-04 08:52:00-04:00,2024-10-04 09:38:00-04:00,short,20223.771768351384,20223.771768351384,BE,0.0,1739,2064.04
2024-10-14 06:16:00-04:00,2024-10-14 07:38:00-04:00,short,20509.27467220082,20509.27467220082,BE,0.0,1741,2064.04
2024-10-14 09:01:00-04:00,2024-10-14 09:43:00-04:00,short,20549.36248371189,20607.11248371189,SL,-57.75,1744,2006.29
2024-10-25 09:43:00-04:00,2024-10-25 10:00:00-04:00,short,20584.71443989178,20661.21443989178,SL,-76.5,1755,1929.79
2024-10-31 02:48:00-04:00,2024-10-31 03:12:00-04:00,long,20354.781234151604,20313.906234151604,SL,-40.88,1757,1888.91
2024-11-05 21:09:00-05:00,2024-11-05 21:10:00-05:00,short,20430.183873389637,20426.25,cutoff,3.93,1762,1892.84
2024-11-05 21:21:00-05:00,2024-11-05 21:22:00-05:00,short,20462.67945644694,20454.75,cutoff,7.93,1761,1900.77
2024-11-05 21:30:00-05:00,2024-11-05 21:31:00-05:00,short,20497.59375280246,20496.0,cutoff,1.59,1763,1902.36
2024-11-06 01:37:00-05:00,2024-11-06 13:30:00-05:00,short,20662.143906139332,20862.143906139332,SL,-200.0,1760,1702.36
2024-11-07 08:10:00-05:00,2024-11-07 09:02:00-05:00,short,20993.111733587757,20993.111733587757,BE,0.0,1764,1702.36
2024-11-14 20:07:00-05:00,2024-11-14 20:08:00-05:00,long,20908.426789910554,20905.5,cutoff,-2.93,1769,1699.43
2024-11-14 20:11:00-05:00,2024-11-14 20:12:00-05:00,long,20892.111380793085,20896.0,cutoff,3.89,1770,1703.32
2024-11-15 03:24:00-05:00,2024-11-15 06:13:00-05:00,long,20802.5159054236,20854.2659054236,TP,51.75,1765,1755.07
2024-11-20 03:22:00-05:00,2024-11-20 04:50:00-05:00,short,20842.995254350048,20784.495254350048,TP,58.5,1772,1813.57
2024-11-25 08:45:00-05:00,2024-11-25 09:12:00-05:00,short,20990.661921935727,21034.536921935727,SL,-43.88,1771,1769.69
2024-11-27 10:37:00-05:00,2024-11-27 15:00:00-05:00,long,20747.240537818947,20804.25,cutoff,57.01,1778,1826.7
2024-12-02 08:11:00-05:00,2024-12-02 08:58:00-05:00,short,21023.332330874753,21023.332330874753,BE,0.0,1780,1826.7
2024-12-02 09:32:00-05:00,2024-12-02 09:54:00-05:00,short,21107.046660596272,21163.671660596272,SL,-56.62,1781,1770.08
2024-12-03 23:56:00-05:00,2024-12-03 23:57:00-05:00,short,21353.263619206915,21352.0,cutoff,1.26,1770,1771.34
2024-12-04 00:38:00-05:00,2024-12-04 01:30:00-05:00,short,21364.40750052978,21340.40750052978,TP,24.0,1783,1795.34
2024-12-04 03:35:00-05:00,2024-12-04 04:12:00-05:00,short,21370.823210089446,21394.823210089446,SL,-24.0,1769,1771.34
2024-12-06 09:49:00-05:00,2024-12-06 15:00:00-05:00,short,21596.018806749427,21635.5,cutoff,-39.48,1784,1731.86
2024-12-09 02:36:00-05:00,2024-12-09 02:47:00-05:00,short,21687.530920669866,21700.280920669866,SL,-12.75,1785,1719.11
2024-12-13 09:43:00-05:00,2024-12-13 10:08:00-05:00,short,21869.341110276982,21824.716110276982,TP,44.62,1789,1763.73
2024-12-19 19:16:00-05:00,2024-12-19 19:17:00-05:00,long,21291.86742736369,21288.5,cutoff,-3.37,1786,1760.36
2024-12-19 19:53:00-05:00,2024-12-19 19:54:00-05:00,long,21266.566315075303,21270.75,cutoff,4.18,1795,1764.54
2024-12-19 21:07:00-05:00,2024-12-19 21:08:00-05:00,long,21247.731193250573,21248.25,cutoff,0.52,1784,1765.06
2024-12-24 10:01:00-05:00,2024-12-25 18:00:00-05:00,short,21913.918142038703,22049.5,cutoff,-135.58,1797,1629.48
2024-12-25 22:23:00-05:00,2024-12-25 22:24:00-05:00,short,22102.530090185646,22099.75,cutoff,2.78,1798,1632.26
2024-12-27 09:39:00-05:00,2024-12-27 10:01:00-05:00,long,21715.499624103435,21632.249624103435,SL,-83.25,1799,1549.01
2024-12-30 08:54:00-05:00,2024-12-30 09:39:00-05:00,long,21369.223516791924,21369.223516791924,BE,0.0,1800,1549.01
2024-12-30 10:00:00-05:00,2024-12-30 12:01:00-05:00,long,21281.456857961297,21481.456857961297,TP,200.0,1797,1749.01
2025-01-06 03:47:00-05:00,2025-01-06 04:58:00-05:00,short,21612.9893337931,21668.1143337931,SL,-55.12,1803,1693.89
2025-01-07 10:32:00-05:00,2025-01-07 11:35:00-05:00,long,21498.6503620867,21498.6503620867,BE,0.0,1804,1693.89
2025-01-10 08:35:00-05:00,2025-01-10 08:40:00-05:00,long,21047.201412505878,21146.951412505878,TP,99.75,1806,1793.64
2025-01-10 09:48:00-05:00,2025-01-10 15:00:00-05:00,long,21031.8856662069,21086.25,cutoff,54.36,1803,1848.0
2025-01-13 03:42:00-05:00,2025-01-13 04:04:00-05:00,long,20812.622135091402,20739.122135091402,SL,-73.5,1796,1774.5
2025-01-15 10:00:00-05:00,2025-01-15 15:00:00-05:00,short,21347.480482178587,21419.25,cutoff,-71.77,1809,1702.73
2025-01-16 02:30:00-05:00,2025-01-16 03:15:00-05:00,short,21513.00745261229,21513.00745261229,BE,0.0,1807,1702.73
2025-01-17 09:12:00-05:00,2025-01-17 11:21:00-05:00,short,21603.9698663063,21603.9698663063,BE,0.0,1810,1702.73
2025-01-20 09:26:00-05:00,2025-01-20 10:13:00-05:00,short,21724.619794802715,21724.619794802715,BE,0.0,1811,1702.73
2025-01-20 19:53:00-05:00,2025-01-20 19:54:00-05:00,long,21503.086594849883,21533.75,cutoff,30.66,1813,1733.39
2025-01-22 03:47:00-05:00,2025-01-22 08:32:00-05:00,short,21888.13218343735,21927.88218343735,SL,-39.75,1812,1693.64
2025-01-24 09:53:00-05:00,2025-01-24 10:04:00-05:00,short,22074.607099461522,22020.607099461522,TP,54.0,1816,1747.64
2025-01-27 01:37:00-05:00,2025-01-27 03:16:00-05:00,long,21375.683637223643,21232.058637223643,SL,-143.62,1814,1604.02
2025-01-30 09:49:00-05:00,2025-01-30 10:02:00-05:00,short,21718.871737055117,21623.621737055117,TP,95.25,1819,1699.27
2025-01-31 09:31:00-05:00,2025-01-31 10:02:00-05:00,short,21822.843311433993,21902.343311433993,SL,-79.5,1820,1619.77
2025-02-06 10:12:00-05:00,2025-02-06 13:24:00-05:00,short,21835.221789986164,21835.221789986164,BE,0.0,1824,1619.77
2025-02-12 08:36:00-05:00,2025-02-12 09:39:00-05:00,long,21540.774109111204,21618.399109111204,TP,77.62,1828,1697.39
2025-02-13 10:20:00-05:00,2025-02-13 15:00:00-05:00,short,21979.59206087388,22057.5,cutoff,-77.91,1821,1619.48
2025-02-14 02:16:00-05:00,2025-02-14 03:08:00-05:00,short,22159.305308485862,22133.430308485862,TP,25.88,1831,1645.36
2025-02-16 20:36:00-05:00,2025-02-16 20:37:00-05:00,short,22250.5219911343,22250.0,cutoff,0.52,1817,1645.88
2025-02-18 02:07:00-05:00,2025-02-18 02:58:00-05:00,short,22313.494446651624,22313.494446651624,BE,0.0,1832,1645.88
2025-02-20 09:53:00-05:00,2025-02-20 09:59:00-05:00,long,22049.49225012711,22010.11725012711,SL,-39.38,1833,1606.5
2025-02-24 09:53:00-05:00,2025-02-24 10:01:00-05:00,long,21626.319691514138,21557.319691514138,SL,-69.0,1831,1537.5
2025-02-25 02:53:00-05:00,2025-02-25 03:09:00-05:00,long,21315.422272791406,21369.047272791406,TP,53.62,1825,1591.12
2025-02-25 05:51:00-05:00,2025-02-25 07:58:00-05:00,long,21298.48825970309,21421.48825970309,TP,123.0,1830,1714.12
2025-02-25 09:52:00-05:00,2025-02-25 10:14:00-05:00,long,21247.86849815972,21159.36849815972,SL,-88.5,1838,1625.62
2025-02-27 10:00:00-05:00,2025-02-27 10:23:00-05:00,long,20953.828863134346,21153.828863134346,TP,200.0,1840,1825.62
2025-03-04 10:00:00-05:00,2025-03-04 10:46:00-05:00,long,20196.21082559822,20196.21082559822,BE,0.0,1842,1825.62
2025-03-07 10:32:00-05:00,2025-03-07 13:52:00-05:00,long,19963.50233256204,20163.50233256204,TP,200.0,1846,2025.62
2025-03-10 10:02:00-04:00,2025-03-10 10:56:00-04:00,long,19729.831228780633,19529.831228780633,SL,-200.0,1847,1825.62
2025-03-13 10:00:00-04:00,2025-03-13 10:20:00-04:00,long,19332.563153600902,19532.563153600902,TP,200.0,1850,2025.62
2025-03-17 09:40:00-04:00,2025-03-17 11:34:00-04:00,short,19830.48773287708,19653.11273287708,TP,177.38,1852,2203.0
2025-03-24 04:09:00-04:00,2025-03-24 07:47:00-04:00,short,20207.49026863832,20256.24026863832,SL,-48.75,1848,2154.25
2025-03-25 08:31:00-04:00,2025-03-25 10:00:00-04:00,short,20439.543771219367,20439.543771219367,BE,0.0,1847,2154.25
2025-03-28 10:12:00-04:00,2025-03-28 12:15:00-04:00,long,19728.32899871131,19539.32899871131,SL,-189.0,1861,1965.25
2025-03-30 20:20:00-04:00,2025-03-30 20:21:00-04:00,long,19163.26226712292,19163.75,cutoff,0.49,1852,1965.74
2025-03-31 07:32:00-04:00,2025-03-31 08:36:00-04:00,long,19132.060649987903,19204.810649987903,TP,72.75,1851,2038.49
2025-03-31 09:44:00-04:00,2025-03-31 09:57:00-04:00,long,19011.986383264026,19123.736383264026,TP,111.75,1849,2150.24
2025-04-03 10:49:00-04:00,2025-04-03 14:11:00-04:00,long,18790.769736152346,18790.769736152346,BE,0.0,1863,2150.24
2025-04-04 10:50:00-04:00,2025-04-04 10:57:00-04:00,long,17658.120958752366,17858.120958752366,TP,200.0,1867,2350.24
2025-04-15 20:13:00-04:00,2025-04-15 20:14:00-04:00,long,18689.628057598842,18691.25,cutoff,1.62,1873,2351.86
2025-04-16 01:18:00-04:00,2025-04-16 01:24:00-04:00,long,18604.621901765408,18564.496901765408,SL,-40.12,1874,2311.74
2025-04-21 09:56:00-04:00,2025-04-21 10:02:00-04:00,long,18043.702403837182,17958.202403837182,SL,-85.5,1876,2226.24
2025-04-23 04:40:00-04:00,2025-04-23 06:03:00-04:00,short,18854.922596162818,18854.922596162818,BE,0.0,1876,2226.24
2025-04-23 07:05:00-04:00,2025-04-23 08:36:00-04:00,short,18940.5845063049,18940.5845063049,BE,0.0,1875,2226.24
2025-04-30 09:39:00-04:00,2025-04-30 11:09:00-04:00,long,19193.2781252601,19393.2781252601,TP,200.0,1882,2426.24
2025-05-06 09:51:00-04:00,2025-05-06 10:16:00-04:00,long,19771.59466634644,19849.21966634644,TP,77.62,1886,2503.86
2025-05-08 00:41:00-04:00,2025-05-08 04:17:00-04:00,short,20194.64849673071,20194.64849673071,BE,0.0,1889,2503.86
2025-05-11 21:07:00-04:00,2025-05-11 21:08:00-04:00,short,20528.440535847047,20530.75,cutoff,-2.31,1891,2501.55
2025-05-13 10:17:00-04:00,2025-05-13 15:00:00-04:00,short,21222.895093414,21326.75,cutoff,-103.85,1892,2397.7
2025-05-18 23:41:00-04:00,2025-05-18 23:42:00-04:00,long,21217.734988096745,21210.75,cutoff,-6.98,1896,2390.72
2025-05-19 19:32:00-04:00,2025-05-19 19:33:00-04:00,short,21548.17602820053,21545.75,cutoff,2.43,1895,2393.15
2025-05-22 08:16:00-04:00,2025-05-22 09:53:00-04:00,long,21057.278595660748,21257.278595660748,TP,200.0,1894,2593.15
2025-05-23 07:43:00-04:00,2025-05-23 07:44:00-04:00,long,21026.60371456908,20956.85371456908,SL,-69.75,1899,2523.4
2025-05-28 06:54:00-04:00,2025-05-28 08:08:00-04:00,short,21513.310861378166,21513.310861378166,BE,0.0,1902,2523.4
2025-05-28 09:39:00-04:00,2025-05-28 09:48:00-04:00,short,21545.216594328733,21489.341594328733,TP,55.88,1900,2579.28
2025-05-28 19:00:00-04:00,2025-05-28 19:01:00-04:00,short,21624.227500641366,21619.5,cutoff,4.73,1897,2584.01
2025-05-28 19:07:00-04:00,2025-05-28 19:08:00-04:00,short,21678.890011903255,21695.25,cutoff,-16.36,1896,2567.65
2025-05-28 19:16:00-04:00,2025-05-28 19:17:00-04:00,short,21774.231123650083,21759.0,cutoff,15.23,1904,2582.88
2025-05-30 08:11:00-04:00,2025-05-30 08:14:00-04:00,long,21233.893876349917,21300.643876349917,TP,66.75,1904,2649.63
2025-06-03 10:03:00-04:00,2025-06-03 10:49:00-04:00,short,21634.145485961726,21634.145485961726,BE,0.0,1906,2649.63
2025-06-03 10:51:00-04:00,2025-06-03 15:00:00-04:00,short,21643.6669817203,21710.75,cutoff,-67.08,1907,2582.55
2025-06-05 03:27:00-04:00,2025-06-05 03:42:00-04:00,short,21806.20617937395,21838.08117937395,SL,-31.88,1908,2550.67
2025-06-11 08:30:00-04:00,2025-06-11 08:40:00-04:00,short,22005.095955978955,22092.470955978955,SL,-87.38,1905,2463.29
2025-06-12 04:02:00-04:00,2025-06-12 07:52:00-04:00,long,21746.69078079703,21746.69078079703,BE,0.0,1914,2463.29
2025-06-12 20:05:00-04:00,2025-06-12 20:06:00-04:00,long,21631.84416599201,21659.75,cutoff,27.91,1913,2491.2
2025-06-12 20:32:00-04:00,2025-06-12 20:33:00-04:00,long,21560.907411255415,21565.0,cutoff,4.09,1911,2495.29
2025-06-16 03:07:00-04:00,2025-06-16 09:31:00-04:00,short,21986.976553121214,22065.351553121214,SL,-78.38,1916,2416.91
2025-06-18 21:04:00-04:00,2025-06-18 21:05:00-04:00,long,21823.793626264163,21820.75,cutoff,-3.04,1918,2413.87
2025-06-19 09:05:00-04:00,2025-06-19 18:00:00-04:00,long,21741.51368658432,21748.25,cutoff,6.74,1917,2420.61
2025-06-20 08:51:00-04:00,2025-06-20 10:45:00-04:00,short,22028.016247638705,21862.641247638705,TP,165.38,1920,2585.99
2025-06-23 19:18:00-04:00,2025-06-23 19:19:00-04:00,short,22243.279916919673,22246.75,cutoff,-3.47,1922,2582.52
2025-06-23 19:22:00-04:00,2025-06-23 19:23:00-04:00,short,22250.05921920297,22253.5,cutoff,-3.44,1914,2579.08
2025-06-24 01:45:00-04:00,2025-06-24 02:26:00-04:00,short,22302.46465015223,22345.96465015223,SL,-43.5,1919,2535.58
2025-06-25 09:30:00-04:00,2025-06-25 10:14:00-04:00,short,22516.453264443597,22472.953264443597,TP,43.5,1923,2579.08
2025-06-27 02:11:00-04:00,2025-06-27 07:35:00-04:00,short,22722.758394924076,22768.133394924076,SL,-45.38,1924,2533.7
2025-07-03 09:30:00-04:00,2025-07-03 11:40:00-04:00,short,22963.565131112424,23091.065131112424,SL,-127.5,1929,2406.2
2025-07-14 21:50:00-04:00,2025-07-14 21:51:00-04:00,short,23120.43003053195,23126.5,cutoff,-6.07,1931,2400.13
2025-07-14 21:52:00-04:00,2025-07-14 21:53:00-04:00,short,23158.99858672232,23158.25,cutoff,0.75,1932,2400.88
2025-07-15 06:31:00-04:00,2025-07-15 08:20:00-04:00,short,23184.128315938666,23139.128315938666,TP,45.0,1936,2445.88
2025-07-15 08:30:00-04:00,2025-07-15 09:40:00-04:00,short,23195.73563913029,23138.73563913029,TP,57.0,1937,2502.88
2025-07-16 03:07:00-04:00,2025-07-16 04:43:00-04:00,long,22944.324729310974,23008.074729310974,TP,63.75,1938,2566.63
2025-07-18 09:28:00-04:00,2025-07-18 09:29:00-04:00,short,23315.830634039354,23288.455634039354,TP,27.38,1939,2594.01
2025-07-21 09:39:00-04:00,2025-07-21 10:01:00-04:00,short,23329.70872407908,23401.33372407908,SL,-71.62,1935,2522.39
2025-07-24 21:43:00-04:00,2025-07-24 21:44:00-04:00,short,23427.550270689026,23429.0,cutoff,-1.45,1938,2520.94
2025-07-28 01:53:00-04:00,2025-07-28 03:11:00-04:00,short,23574.398521302704,23544.023521302704,TP,30.38,1942,2551.32
2025-07-29 03:46:00-04:00,2025-07-29 04:32:00-04:00,short,23588.220500917443,23588.220500917443,BE,0.0,1945,2551.32
2025-07-29 09:31:00-04:00,2025-07-29 09:50:00-04:00,short,23624.97526779357,23563.47526779357,TP,61.5,1943,2612.82
2025-07-31 03:41:00-04:00,2025-07-31 06:00:00-04:00,short,23825.434098859478,23781.559098859478,TP,43.88,1948,2656.7
2025-08-01 03:36:00-04:00,2025-08-01 04:27:00-04:00,long,23155.5267650799,23094.0267650799,SL,-61.5,1946,2595.2
2025-08-05 08:14:00-04:00,2025-08-05 08:19:00-04:00,short,23398.54778671259,23347.17278671259,TP,51.38,1951,2646.58
2025-08-07 05:56:00-04:00,2025-08-07 11:27:00-04:00,short,23601.613878410044,23500.738878410044,TP,100.88,1953,2747.46
2025-08-12 19:49:00-04:00,2025-08-12 19:50:00-04:00,short,23967.18508415141,23955.5,cutoff,11.69,1950,2759.15
2025-08-13 08:36:00-04:00,2025-08-13 09:30:00-04:00,short,24017.78030730159,24047.03030730159,SL,-29.25,1958,2729.9
2025-08-15 09:49:00-04:00,2025-08-15 10:03:00-04:00,long,23791.33191477614,23845.70691477614,TP,54.38,1959,2784.28
2025-08-19 09:47:00-04:00,2025-08-19 10:04:00-04:00,long,23646.978338376586,23712.978338376586,TP,66.0,1960,2850.28
2025-08-19 10:28:00-04:00,2025-08-19 15:00:00-04:00,long,23624.344429819088,23462.0,cutoff,-162.34,1961,2687.94
2025-08-20 09:45:00-04:00,2025-08-20 09:51:00-04:00,long,23299.313203460883,23239.688203460883,SL,-59.62,1956,2628.32
2025-08-22 10:08:00-04:00,2025-08-22 15:00:00-04:00,short,23567.909221342314,23586.0,cutoff,-18.09,1965,2610.23
2025-08-28 09:31:00-04:00,2025-08-28 09:50:00-04:00,short,23724.339417208048,23633.964417208048,TP,90.38,1968,2700.61
2025-09-02 03:42:00-04:00,2025-09-02 03:51:00-04:00,long,23363.293313891954,23302.168313891954,SL,-61.12,1970,2639.49
2025-09-03 10:34:00-04:00,2025-09-03 14:00:00-04:00,short,23475.55294373329,23345.05294373329,TP,130.5,1973,2769.99
2025-09-05 00:25:00-04:00,2025-09-05 01:16:00-04:00,short,23749.775744290502,23749.775744290502,BE,0.0,1975,2769.99
2025-09-05 08:35:00-04:00,2025-09-05 09:03:00-04:00,short,23834.97845614906,23882.60345614906,SL,-47.62,1966,2722.37
2025-09-10 01:30:00-04:00,2025-09-10 01:32:00-04:00,short,23928.329204595364,23915.954204595364,TP,12.38,1971,2734.75
2025-09-10 02:22:00-04:00,2025-09-10 04:23:00-04:00,short,23934.331686108046,23909.206686108046,TP,25.12,1970,2759.87
2025-09-10 08:30:00-04:00,2025-09-10 09:32:00-04:00,short,23988.887704685447,23936.387704685447,TP,52.5,1962,2812.37
2025-09-15 00:00:00-04:00,2025-09-15 00:01:00-04:00,short,24186.124086410302,24207.874086410302,SL,-21.75,1976,2790.62
2025-09-18 03:55:00-04:00,2025-09-18 04:55:00-04:00,short,24669.905354290502,24728.780354290502,SL,-58.88,1982,2731.74
2025-09-25 07:58:00-04:00,2025-09-25 09:30:00-04:00,long,24601.656739631573,24533.781739631573,SL,-67.88,1987,2663.86
2025-09-29 05:28:00-04:00,2025-09-29 06:22:00-04:00,short,24895.717462472956,24895.717462472956,BE,0.0,1990,2663.86
2025-10-01 20:50:00-04:00,2025-10-01 20:51:00-04:00,short,25058.547694982582,25060.75,cutoff,-2.2,1993,2661.66
2025-10-01 21:54:00-04:00,2025-10-01 21:55:00-04:00,short,25073.968260368427,25074.75,cutoff,-0.78,1987,2660.88
2025-10-02 04:03:00-04:00,2025-10-02 07:48:00-04:00,short,25091.24029677349,25142.61529677349,SL,-51.38,1994,2609.5
2025-10-06 08:10:00-04:00,2025-10-06 09:30:00-04:00,short,25220.90530462186,25220.90530462186,BE,0.0,1988,2609.5
2025-10-08 19:17:00-04:00,2025-10-08 19:18:00-04:00,short,25391.50666616943,25390.5,cutoff,1.01,1996,2610.51
2025-10-14 09:43:00-04:00,2025-10-14 10:04:00-04:00,long,24449.281358953056,24608.281358953056,TP,159.0,2002,2769.51
2025-10-15 10:04:00-04:00,2025-10-15 13:00:00-04:00,short,25041.29858138374,24851.54858138374,TP,189.75,2003,2959.26
2025-10-17 01:43:00-04:00,2025-10-17 02:03:00-04:00,long,24618.367308282344,24678.742308282344,TP,60.38,2004,3019.64
2025-10-20 09:32:00-04:00,2025-10-20 10:27:00-04:00,short,25194.468641046944,25278.843641046944,SL,-84.38,2002,2935.26
2025-10-20 22:30:00-04:00,2025-10-20 22:31:00-04:00,short,25366.29683763213,25366.5,cutoff,-0.2,2005,2935.06
2025-10-24 05:37:00-04:00,2025-10-24 08:30:00-04:00,short,25389.257691717656,25389.257691717656,BE,0.0,2004,2935.06
2025-10-26 23:20:00-04:00,2025-10-26 23:21:00-04:00,short,25769.150397814352,25766.75,cutoff,2.4,2011,2937.46
2025-10-28 09:31:00-04:00,2025-10-28 09:54:00-04:00,short,26079.10496771575,26030.35496771575,TP,48.75,2012,2986.21
2025-10-29 04:03:00-04:00,2025-10-29 05:12:00-04:00,short,26300.264687610725,26243.264687610725,TP,57.0,2013,3043.21
2025-10-30 09:36:00-04:00,2025-10-30 10:24:00-04:00,long,26019.877638426828,26019.877638426828,BE,0.0,2014,3043.21
2025-11-04 00:40:00-05:00,2025-11-04 01:03:00-05:00,long,25852.202423778017,25797.827423778017,SL,-54.38,2016,2988.83
2025-11-04 20:01:00-05:00,2025-11-04 20:02:00-05:00,long,25382.76732691323,25384.25,cutoff,1.48,2018,2990.31
2025-11-06 23:02:00-05:00,2025-11-06 23:03:00-05:00,long,25186.599602185648,25174.25,cutoff,-12.35,2011,2977.96
2025-11-09 22:02:00-05:00,2025-11-09 22:03:00-05:00,short,25453.09916771965,25457.75,cutoff,-4.65,2021,2973.31
2025-11-13 09:40:00-05:00,2025-11-13 10:34:00-05:00,long,25346.039679448055,25346.039679448055,BE,0.0,2024,2973.31
2025-11-13 10:49:00-05:00,2025-11-13 11:35:00-05:00,long,25229.97463227871,25229.97463227871,BE,0.0,2022,2973.31
2025-11-14 07:39:00-05:00,2025-11-14 09:48:00-05:00,long,24703.513119674288,24903.513119674288,TP,200.0,2010,3173.31
2025-11-17 02:23:00-05:00,2025-11-17 05:18:00-05:00,short,25313.414958811893,25250.039958811893,TP,63.38,2026,3236.69
2025-11-18 09:52:00-05:00,2025-11-18 10:02:00-05:00,long,24585.258299853253,24470.508299853253,SL,-114.75,2027,3121.94
2025-11-20 08:31:00-05:00,2025-11-20 09:20:00-05:00,short,25234.4251950072,25234.4251950072,BE,0.0,2028,3121.94
2025-11-20 09:56:00-05:00,2025-11-20 10:42:00-05:00,short,25287.387854159508,25287.387854159508,BE,0.0,2029,3121.94
2025-11-24 09:35:00-05:00,2025-11-24 10:39:00-05:00,short,24685.046496390183,24794.546496390183,SL,-109.5,2031,3012.44
2025-11-26 09:30:00-05:00,2025-11-26 09:59:00-05:00,short,25241.61892892361,25162.86892892361,TP,78.75,2033,3091.19
2025-12-02 09:39:00-05:00,2025-12-02 10:30:00-05:00,short,25607.58457932311,25556.20957932311,TP,51.38,2030,3142.57
2025-12-05 10:00:00-05:00,2025-12-05 15:00:00-05:00,short,25804.97962875158,25737.75,cutoff,67.23,2039,3209.8
2025-12-10 22:07:00-05:00,2025-12-10 22:08:00-05:00,long,25438.648571256614,25450.75,cutoff,12.1,2042,3221.9
2025-12-10 22:09:00-05:00,2025-12-10 22:10:00-05:00,long,25391.117997106376,25397.0,cutoff,5.88,2041,3227.78
2025-12-12 10:26:00-05:00,2025-12-12 11:11:00-05:00,long,25360.622668419237,25164.497668419237,SL,-196.12,2044,3031.66
2025-12-16 02:37:00-05:00,2025-12-16 03:02:00-05:00,long,25096.208397431896,25144.208397431896,TP,48.0,2046,3079.66
2025-12-17 10:52:00-05:00,2025-12-17 15:00:00-05:00,long,25072.881355830254,24975.0,cutoff,-97.88,2035,2981.78
2025-12-19 10:00:00-05:00,2025-12-19 15:00:00-05:00,short,25597.517031847376,25569.5,cutoff,28.02,2050,3009.8
2025-12-22 04:40:00-05:00,2025-12-22 07:10:00-05:00,short,25722.585118518815,25722.585118518815,BE,0.0,2049,3009.8
2025-12-22 09:31:00-05:00,2025-12-22 09:33:00-05:00,short,25793.515304493496,25754.140304493496,TP,39.38,2051,3049.18
2025-12-25 19:13:00-05:00,2025-12-25 19:14:00-05:00,short,25906.252331580763,25906.0,cutoff,0.25,2044,3049.43
2025-12-26 08:40:00-05:00,2025-12-26 09:30:00-05:00,short,25921.416602568104,25879.416602568104,TP,42.0,2046,3091.43
2025-12-26 09:36:00-05:00,2025-12-26 10:00:00-05:00,short,25923.7220721326,25868.9720721326,TP,54.75,2053,3146.18
2025-12-30 20:00:00-05:00,2025-12-30 20:01:00-05:00,long,25599.45271544758,25597.75,cutoff,-1.7,2054,3144.48
2026-01-02 10:57:00-05:00,2026-01-02 15:00:00-05:00,long,25410.2779278674,25399.5,cutoff,-10.78,2053,3133.7
2026-01-13 08:31:00-05:00,2026-01-13 08:39:00-05:00,short,26021.232009355885,25975.482009355885,TP,45.75,2052,3179.45
2026-01-14 09:59:00-05:00,2026-01-14 10:15:00-05:00,long,25582.086025672208,25691.586025672208,TP,109.5,2066,3288.95
2026-01-14 10:51:00-05:00,2026-01-14 11:50:00-05:00,long,25472.4207777887,25472.4207777887,BE,0.0,2065,3288.95
2026-01-16 10:36:00-05:00,2026-01-16 15:00:00-05:00,long,25629.313156713768,25715.75,cutoff,86.44,2068,3375.39
2026-01-18 22:24:00-05:00,2026-01-18 22:25:00-05:00,long,25373.145816891818,25381.0,cutoff,7.85,2063,3383.24
2026-01-19 02:10:00-05:00,2026-01-19 03:23:00-05:00,long,25350.284539800687,25400.159539800687,TP,49.88,2061,3433.12
2026-01-19 04:25:00-05:00,2026-01-19 12:30:00-05:00,long,25317.811823945234,25411.936823945234,TP,94.12,2067,3527.24
2026-01-20 03:31:00-05:00,2026-01-20 04:32:00-05:00,long,25216.808747005507,25121.183747005507,SL,-95.62,2059,3431.62
2026-01-26 21:57:00-05:00,2026-01-26 21:58:00-05:00,short,25972.950621766613,25973.5,cutoff,-0.55,2074,3431.07
2026-01-27 01:06:00-05:00,2026-01-27 03:36:00-05:00,short,26026.77634869439,25970.15134869439,TP,56.62,2073,3487.69
2026-01-27 10:10:00-05:00,2026-01-27 10:55:00-05:00,short,26072.435622228648,26072.435622228648,BE,0.0,2062,3487.69
2026-01-27 19:35:00-05:00,2026-01-27 19:36:00-05:00,short,26192.561843286232,26190.25,cutoff,2.31,2068,3490.0
2026-01-28 01:00:00-05:00,2026-01-28 01:31:00-05:00,short,26295.788974327792,26338.538974327792,SL,-42.75,2066,3447.25
2026-01-29 09:42:00-05:00,2026-01-29 09:54:00-05:00,long,25984.096228371418,25904.596228371418,SL,-79.5,2077,3367.75
2026-02-01 22:14:00-05:00,2026-02-01 22:15:00-05:00,long,25336.47365130561,25339.5,cutoff,3.03,2073,3370.78
2026-02-01 22:40:00-05:00,2026-02-01 22:41:00-05:00,long,25298.049378233387,25293.5,cutoff,-4.55,2074,3366.23
2026-02-04 10:01:00-05:00,2026-02-04 10:56:00-05:00,long,25144.154549493003,25144.154549493003,BE,0.0,2080,3366.23
2026-02-08 19:02:00-05:00,2026-02-08 19:03:00-05:00,short,25308.784126629384,25306.75,cutoff,2.03,2083,3368.26
2026-02-13 06:30:00-05:00,2026-02-13 07:00:00-05:00,long,24633.391857165167,24741.391857165167,TP,108.0,2085,3476.26
2026-02-18 10:17:00-05:00,2026-02-18 14:57:00-05:00,short,25073.84211892498,24873.84211892498,TP,200.0,2090,3676.26
2026-02-25 08:55:00-05:00,2026-02-25 09:31:00-05:00,short,25154.51755998832,25222.01755998832,SL,-67.5,2091,3608.76
2026-02-27 08:30:00-05:00,2026-02-27 09:17:00-05:00,long,24825.88513501576,24825.88513501576,BE,0.0,2097,3608.76
2026-03-02 01:48:00-05:00,2026-03-02 08:25:00-05:00,long,24588.439612813825,24734.689612813825,TP,146.25,2095,3755.01
2026-03-03 04:46:00-05:00,2026-03-03 11:45:00-05:00,long,24473.331852930034,24673.331852930034,TP,200.0,2093,3955.01
2026-03-04 10:01:00-05:00,2026-03-04 13:00:00-05:00,short,24982.357602534,25182.357602534,SL,-200.0,2101,3755.01
2026-03-04 19:15:00-05:00,2026-03-04 19:16:00-05:00,short,25229.04674451065,25231.75,cutoff,-2.7,2099,3752.31
2026-03-08 20:23:00-04:00,2026-03-08 20:24:00-04:00,long,24143.73244001168,24150.75,cutoff,7.02,2091,3759.33
2026-03-08 21:31:00-04:00,2026-03-08 21:32:00-04:00,long,24059.267397466,24063.5,cutoff,4.23,2101,3763.56
2026-03-10 04:08:00-04:00,2026-03-10 05:07:00-04:00,short,25119.94149499076,25119.94149499076,BE,0.0,2104,3763.56
2026-03-12 09:55:00-04:00,2026-03-12 10:04:00-04:00,long,24652.496682358294,24744.746682358294,TP,92.25,2107,3855.81
2026-03-12 10:37:00-04:00,2026-03-12 15:00:00-04:00,long,24590.175292751177,24599.5,cutoff,9.32,2106,3865.13
2026-03-17 09:46:00-04:00,2026-03-17 15:00:00-04:00,short,25096.19805301506,25003.5,cutoff,92.7,2109,3957.83
2026-03-18 01:27:00-04:00,2026-03-18 02:20:00-04:00,short,25161.616617122825,25188.616617122825,SL,-27.0,2108,3930.83
2026-03-19 03:57:00-04:00,2026-03-19 05:51:00-04:00,long,24550.4725595392,24648.3475595392,TP,97.88,2112,4028.71
2026-03-20 10:12:00-04:00,2026-03-20 11:03:00-04:00,long,24257.42694698494,24257.42694698494,BE,0.0,2109,4028.71
2026-03-26 08:35:00-04:00,2026-03-26 09:39:00-04:00,long,24069.165318483185,24069.165318483185,BE,0.0,2115,4028.71
2026-03-30 20:17:00-04:00,2026-03-30 20:18:00-04:00,long,22983.31380287526,22987.25,cutoff,3.94,2120,4032.65
2026-03-31 19:58:00-04:00,2026-03-31 19:59:00-04:00,short,24027.08869351358,24034.75,cutoff,-7.66,2119,4024.99
2026-04-02 07:28:00-04:00,2026-04-02 09:53:00-04:00,long,23729.68143980739,23828.30643980739,TP,98.62,2122,4123.61
2026-04-05 22:19:00-04:00,2026-04-05 22:20:00-04:00,short,24289.10131924296,24293.75,cutoff,-4.65,2123,4118.96
2026-04-07 19:04:00-04:00,2026-04-07 19:05:00-04:00,short,24984.459681516815,24944.75,cutoff,39.71,2115,4158.67
2026-04-09 20:59:00-04:00,2026-04-09 21:00:00-04:00,short,25273.09253845201,25270.5,cutoff,2.59,2110,4161.26
2026-04-09 21:30:00-04:00,2026-04-09 21:31:00-04:00,short,25282.7774404608,25278.5,cutoff,4.28,2112,4165.54
2026-04-10 08:29:00-04:00,2026-04-10 08:30:00-04:00,short,25378.695918099,25317.945918099,TP,60.75,2111,4226.29
2026-04-13 19:07:00-04:00,2026-04-13 19:08:00-04:00,short,25611.34815671422,25610.25,cutoff,1.1,2128,4227.39
2026-04-14 19:34:00-04:00,2026-04-14 19:35:00-04:00,short,26016.020610526048,26029.5,cutoff,-13.48,2130,4213.91
2026-04-17 09:07:00-04:00,2026-04-17 10:01:00-04:00,short,26750.85865637195,26750.85865637195,BE,0.0,2132,4213.91
2026-04-24 07:07:00-04:00,2026-04-24 09:55:00-04:00,short,27267.134887108085,27140.009887108085,TP,127.12,2136,4341.03
2026-04-26 22:00:00-04:00,2026-04-26 22:01:00-04:00,short,27541.200536733537,27532.5,cutoff,8.7,2138,4349.73
2026-04-28 08:23:00-04:00,2026-04-28 09:49:00-04:00,long,27049.808787510927,27249.808787510927,TP,200.0,2139,4549.73
2026-04-29 19:48:00-04:00,2026-04-29 19:49:00-04:00,short,27529.434177961637,27522.5,cutoff,6.93,2140,4556.66
2026-04-29 19:54:00-04:00,2026-04-29 19:55:00-04:00,short,27551.438765966275,27543.75,cutoff,7.69,2141,4564.35
2026-05-01 09:33:00-04:00,2026-05-01 09:55:00-04:00,short,27727.691212489073,27845.816212489073,SL,-118.12,2139,4446.23
2026-05-05 10:36:00-04:00,2026-05-05 11:37:00-04:00,short,28138.06154108305,28138.06154108305,BE,0.0,2143,4446.23
2026-05-08 10:58:00-04:00,2026-05-08 15:00:00-04:00,short,29174.65787972472,29240.5,cutoff,-65.84,2147,4380.39
2026-05-11 09:32:00-04:00,2026-05-11 10:29:00-04:00,short,29422.9618069465,29281.9618069465,TP,141.0,2148,4521.39
2026-05-13 19:05:00-04:00,2026-05-13 19:06:00-04:00,short,29646.42303898361,29637.0,cutoff,9.42,2150,4530.81
2026-05-13 20:17:00-04:00,2026-05-13 20:18:00-04:00,short,29656.73036561582,29646.25,cutoff,10.48,2151,4541.29
2026-05-14 10:50:00-04:00,2026-05-14 15:00:00-04:00,short,29708.514501113983,29709.0,cutoff,-0.49,2149,4540.8
2026-05-17 19:40:00-04:00,2026-05-17 19:41:00-04:00,long,29084.62855805579,29064.5,cutoff,-20.13,2152,4520.67
2026-05-19 09:20:00-04:00,2026-05-19 09:32:00-04:00,long,28811.51963438418,28971.64463438418,TP,160.12,2151,4680.79
2026-05-19 10:07:00-04:00,2026-05-19 12:41:00-04:00,long,28775.551734540284,28975.551734540284,TP,200.0,2153,4880.79
2026-05-21 00:59:00-04:00,2026-05-21 01:47:00-04:00,short,29420.86955887296,29336.49455887296,TP,84.38,2155,4965.17
2026-05-22 04:18:00-04:00,2026-05-22 05:00:00-04:00,short,29642.116120772633,29553.991120772633,TP,88.12,2157,5053.29
2026-05-24 23:00:00-04:00,2026-05-24 23:01:00-04:00,short,29963.24644194421,29972.75,cutoff,-9.5,2152,5043.79
2026-05-26 10:00:00-04:00,2026-05-26 15:00:00-04:00,short,30009.455726915767,30014.0,cutoff,-4.54,2158,5039.25
2026-05-27 07:00:00-04:00,2026-05-27 08:19:00-04:00,short,30248.501331652922,30302.876331652922,SL,-54.38,2159,4984.87
2026-05-29 09:57:00-04:00,2026-05-29 10:15:00-04:00,short,30514.38147395403,30433.38147395403,TP,81.0,2162,5065.87
2026-06-04 07:36:00-04:00,2026-06-04 09:45:00-04:00,long,30203.484160153974,30203.484160153974,BE,0.0,2166,5065.87
2026-06-04 21:13:00-04:00,2026-06-04 21:14:00-04:00,long,30115.50365037811,30118.75,cutoff,3.25,2165,5069.12
2026-06-05 09:30:00-04:00,2026-06-05 09:56:00-04:00,long,30011.076790907744,29838.576790907744,SL,-172.5,2163,4896.62
