session_date,entry_time,exit_time,side,entry_price,exit_price,exit_reason,pnl,level_date,cum_pnl
2018-01-03,2018-01-03 09:31:00-05:00,2018-01-03 15:00:00-05:00,short,6529.134910517963,6581.0,cutoff,-51.87,2018-01-02,-51.87
2018-01-04,2018-01-04 09:44:00-05:00,2018-01-04 15:00:00-05:00,short,6591.363648739487,6598.25,cutoff,-6.89,2018-01-03,-58.76
2018-01-08,2018-01-08 09:32:00-05:00,2018-01-08 15:00:00-05:00,short,6660.819130484404,6682.25,cutoff,-21.43,2018-01-05,-80.19
2018-01-09,2018-01-09 09:32:00-05:00,2018-01-09 11:19:00-05:00,short,6700.852925468027,6700.852925468027,BE,0.0,2018-01-08,-80.19
2018-01-10,2018-01-10 09:31:00-05:00,2018-01-10 11:04:00-05:00,short,6660.819130484404,6660.819130484404,BE,0.0,2018-01-05,-80.19
2018-01-12,2018-01-12 09:39:00-05:00,2018-01-12 15:00:00-05:00,short,6723.20900170372,6763.25,cutoff,-40.04,2018-01-11,-120.23
2018-01-16,2018-01-16 10:38:00-05:00,2018-01-16 11:31:00-05:00,short,6809.770647884909,6809.770647884909,BE,0.0,2018-01-15,-120.23
2018-01-17,2018-01-17 09:34:00-05:00,2018-01-17 10:25:00-05:00,long,6767.812996567763,6767.812996567763,BE,0.0,2018-01-16,-120.23
2018-01-17,2018-01-17 10:31:00-05:00,2018-01-17 15:00:00-05:00,short,6767.641689094185,6823.75,cutoff,-56.11,2018-01-12,-176.34
2018-01-18,2018-01-18 09:38:00-05:00,2018-01-18 11:19:00-05:00,short,6825.380439588893,6825.380439588893,BE,0.0,2018-01-17,-176.34
2018-01-19,2018-01-19 10:09:00-05:00,2018-01-19 11:20:00-05:00,short,6825.380439588893,6825.380439588893,BE,0.0,2018-01-17,-176.34
2018-01-22,2018-01-22 10:09:00-05:00,2018-01-22 15:00:00-05:00,short,6862.577746742863,6893.75,cutoff,-31.17,2018-01-18,-207.51
2018-01-24,2018-01-24 10:14:00-05:00,2018-01-24 15:00:00-05:00,short,6998.255469793344,6947.75,cutoff,50.51,2018-01-23,-157.0
2018-01-25,2018-01-25 09:56:00-05:00,2018-01-25 10:47:00-05:00,long,6929.169585261671,6929.169585261671,BE,0.0,2018-01-24,-157.0
2018-01-29,2018-01-29 09:36:00-05:00,2018-01-29 15:00:00-05:00,short,6998.255469793344,7008.5,cutoff,-10.24,2018-01-23,-167.24
2018-01-30,2018-01-30 09:46:00-05:00,2018-01-30 10:46:00-05:00,long,6929.169585261671,6929.169585261671,BE,0.0,2018-01-24,-167.24
2018-02-01,2018-02-01 09:33:00-05:00,2018-02-01 14:20:00-05:00,long,6929.169585261671,6929.169585261671,BE,0.0,2018-01-24,-167.24
2018-02-02,2018-02-02 09:31:00-05:00,2018-02-02 15:00:00-05:00,long,6880.975997086674,6794.25,cutoff,-86.73,2018-01-25,-253.97
2018-02-05,2018-02-05 09:31:00-05:00,2018-02-05 15:00:00-05:00,short,6705.969460652561,6631.0,cutoff,74.97,2018-01-10,-179.0
2018-02-06,2018-02-06 09:55:00-05:00,2018-02-06 10:17:00-05:00,long,6590.6904546967335,6480.6904546967335,SL,-110.0,2018-02-05,-289.0
2018-02-07,2018-02-07 09:31:00-05:00,2018-02-07 12:47:00-05:00,long,6646.54099829628,6646.54099829628,BE,0.0,2018-01-11,-289.0
2018-02-08,2018-02-08 09:33:00-05:00,2018-02-08 10:55:00-05:00,long,6590.6904546967335,6480.6904546967335,SL,-110.0,2018-02-05,-399.0
2018-02-12,2018-02-12 09:36:00-05:00,2018-02-12 15:00:00-05:00,long,6489.755992857791,6539.5,cutoff,49.74,2018-02-08,-349.26
2018-02-13,2018-02-13 09:35:00-05:00,2018-02-13 15:00:00-05:00,long,6489.755992857791,6559.25,cutoff,69.49,2018-02-08,-279.77
2018-02-14,2018-02-14 09:36:00-05:00,2018-02-14 15:00:00-05:00,long,6547.2665921978705,6664.25,cutoff,116.98,2018-02-07,-162.79
2018-02-16,2018-02-16 09:33:00-05:00,2018-02-16 13:30:00-05:00,long,6786.128332725204,6786.128332725204,BE,0.0,2018-01-22,-162.79
2018-02-19,2018-02-19 11:00:00-05:00,2018-02-19 12:59:00-05:00,long,6759.618102312154,6779.75,cutoff,20.13,2018-02-02,-142.66
2018-02-20,2018-02-20 09:31:00-05:00,2018-02-20 15:00:00-05:00,short,6754.8584078021295,6790.25,cutoff,-35.39,2018-02-07,-178.05
2018-02-22,2018-02-22 09:32:00-05:00,2018-02-22 10:26:00-05:00,short,6811.866788508734,6811.866788508734,BE,0.0,2018-02-15,-178.05
2018-02-23,2018-02-23 09:32:00-05:00,2018-02-23 10:41:00-05:00,short,6811.866788508734,6811.866788508734,BE,0.0,2018-02-15,-178.05
2018-02-27,2018-02-27 09:59:00-05:00,2018-02-27 15:00:00-05:00,short,6971.006897687846,6940.25,cutoff,30.76,2018-02-02,-147.29
2018-02-28,2018-02-28 09:46:00-05:00,2018-02-28 10:55:00-05:00,long,6926.71319448983,6926.71319448983,BE,0.0,2018-02-27,-147.29
2018-03-01,2018-03-01 09:31:00-05:00,2018-03-01 10:32:00-05:00,short,6871.912614461429,6871.912614461429,BE,0.0,2018-02-22,-147.29
2018-03-01,2018-03-01 10:33:00-05:00,2018-03-01 15:00:00-05:00,short,6878.623273891219,6741.25,cutoff,137.37,2018-02-23,-9.92
2018-03-02,2018-03-02 09:31:00-05:00,2018-03-02 15:00:00-05:00,short,6684.944584107352,6764.0,cutoff,-79.06,2018-02-06,-88.98
2018-03-05,2018-03-05 09:51:00-05:00,2018-03-05 12:02:00-05:00,short,6766.743215011062,6876.743215011062,SL,-110.0,2018-03-02,-198.98
2018-03-06,2018-03-06 10:02:00-05:00,2018-03-06 10:47:00-05:00,long,6926.71319448983,6926.71319448983,BE,0.0,2018-02-27,-198.98
2018-03-07,2018-03-07 09:31:00-05:00,2018-03-07 15:00:00-05:00,short,6871.912614461429,6906.25,cutoff,-34.34,2018-02-22,-233.32
2018-03-08,2018-03-08 09:35:00-05:00,2018-03-08 11:14:00-05:00,short,6967.241668711537,6967.241668711537,BE,0.0,2018-03-01,-233.32
2018-03-09,2018-03-09 10:07:00-05:00,2018-03-09 15:00:00-05:00,short,7057.28680551017,7110.5,cutoff,-53.21,2018-02-27,-286.53
2018-03-13,2018-03-13 09:42:00-04:00,2018-03-13 15:00:00-04:00,short,7211.202029295153,7089.0,cutoff,122.2,2018-03-12,-164.33
2018-03-14,2018-03-14 09:33:00-04:00,2018-03-14 15:00:00-04:00,long,7096.922970704847,7073.75,cutoff,-23.17,2018-03-12,-187.5
2018-03-15,2018-03-15 09:36:00-04:00,2018-03-15 15:00:00-04:00,short,7057.28680551017,7057.0,cutoff,0.29,2018-02-27,-187.21
2018-03-19,2018-03-19 09:52:00-04:00,2018-03-19 15:00:00-04:00,short,6967.241668711537,6852.5,cutoff,114.74,2018-03-01,-72.47
2018-03-20,2018-03-20 09:34:00-04:00,2018-03-20 10:19:00-04:00,short,6887.536011889101,6887.536011889101,BE,0.0,2018-02-21,-72.47
2018-03-20,2018-03-20 10:43:00-04:00,2018-03-20 15:00:00-04:00,long,6901.578784055946,6909.5,cutoff,7.92,2018-03-19,-64.55
2018-03-21,2018-03-21 09:36:00-04:00,2018-03-21 14:41:00-04:00,long,6879.299880883785,6879.299880883785,BE,0.0,2018-02-26,-64.55
2018-03-22,2018-03-22 09:39:00-04:00,2018-03-22 10:30:00-04:00,long,6796.46474984932,6796.46474984932,BE,0.0,2018-03-07,-64.55
2018-03-22,2018-03-22 10:53:00-04:00,2018-03-22 12:26:00-04:00,short,6766.743215011062,6766.743215011062,BE,0.0,2018-03-02,-64.55
2018-03-23,2018-03-23 09:36:00-04:00,2018-03-23 14:58:00-04:00,long,6701.390659034367,6591.390659034367,SL,-110.0,2018-03-05,-174.55
2018-03-27,2018-03-27 09:33:00-04:00,2018-03-27 13:52:00-04:00,long,6796.46474984932,6686.46474984932,SL,-110.0,2018-03-07,-284.55
2018-03-28,2018-03-28 10:06:00-04:00,2018-03-28 10:46:00-04:00,long,6555.590673508264,6445.590673508264,SL,-110.0,2018-03-26,-394.55
2018-04-02,2018-04-02 09:40:00-04:00,2018-04-02 10:58:00-04:00,long,6555.590673508264,6445.590673508264,SL,-110.0,2018-03-26,-504.55
2018-04-03,2018-04-03 10:05:00-04:00,2018-04-03 11:59:00-04:00,long,6394.937625773999,6394.937625773999,BE,0.0,2018-04-02,-504.55
2018-04-04,2018-04-04 09:33:00-04:00,2018-04-04 10:34:00-04:00,long,6372.049355432237,6372.049355432237,BE,0.0,2018-03-29,-504.55
2018-04-05,2018-04-05 09:42:00-04:00,2018-04-05 11:02:00-04:00,short,6618.200644567763,6618.200644567763,BE,0.0,2018-03-29,-504.55
2018-04-06,2018-04-06 09:38:00-04:00,2018-04-06 10:23:00-04:00,short,6580.309822656636,6580.309822656636,BE,0.0,2018-04-03,-504.55
2018-04-06,2018-04-06 10:34:00-04:00,2018-04-06 14:34:00-04:00,long,6555.590673508264,6445.590673508264,SL,-110.0,2018-03-26,-614.55
2018-04-09,2018-04-09 09:56:00-04:00,2018-04-09 15:00:00-04:00,long,6533.187655664731,6569.25,cutoff,36.06,2018-04-05,-578.49
2018-04-10,2018-04-10 09:32:00-04:00,2018-04-10 15:00:00-04:00,long,6582.5845918092255,6624.5,cutoff,41.92,2018-03-23,-536.57
2018-04-11,2018-04-11 09:59:00-04:00,2018-04-11 15:00:00-04:00,short,6618.200644567763,6618.5,cutoff,-0.3,2018-03-29,-536.87
2018-04-12,2018-04-12 09:42:00-04:00,2018-04-12 15:00:00-04:00,short,6652.002550425705,6675.75,cutoff,-23.75,2018-03-28,-560.62
2018-04-13,2018-04-13 09:35:00-04:00,2018-04-13 15:00:00-04:00,long,6700.740780313456,6647.25,cutoff,-53.49,2018-03-22,-614.11
2018-04-16,2018-04-16 09:43:00-04:00,2018-04-16 15:00:00-04:00,short,6660.937374226001,6690.25,cutoff,-29.31,2018-04-02,-643.42
2018-04-17,2018-04-17 09:33:00-04:00,2018-04-17 15:00:00-04:00,short,6747.283059462454,6831.0,cutoff,-83.72,2018-04-16,-727.14
2018-04-18,2018-04-18 09:41:00-04:00,2018-04-18 10:36:00-04:00,short,6825.9822235486145,6825.9822235486145,BE,0.0,2018-04-17,-727.14
2018-04-19,2018-04-19 09:46:00-04:00,2018-04-19 15:00:00-04:00,short,6796.0404081907745,6775.25,cutoff,20.79,2018-03-23,-706.35
2018-04-20,2018-04-20 09:31:00-04:00,2018-04-20 15:00:00-04:00,long,6754.992006121582,6673.0,cutoff,-81.99,2018-04-18,-788.34
2018-04-23,2018-04-23 09:36:00-04:00,2018-04-23 10:24:00-04:00,short,6690.253399853834,6690.253399853834,BE,0.0,2018-04-11,-788.34
2018-04-23,2018-04-23 10:31:00-04:00,2018-04-23 12:24:00-04:00,long,6686.1427764513855,6686.1427764513855,BE,0.0,2018-04-17,-788.34
2018-04-24,2018-04-24 09:31:00-04:00,2018-04-24 11:07:00-04:00,long,6686.1427764513855,6576.1427764513855,SL,-110.0,2018-04-17,-898.34
2018-04-25,2018-04-25 09:34:00-04:00,2018-04-25 15:00:00-04:00,long,6512.496600146166,6541.0,cutoff,28.5,2018-04-11,-869.84
2018-04-26,2018-04-26 09:31:00-04:00,2018-04-26 15:00:00-04:00,long,6600.091940537546,6673.0,cutoff,72.91,2018-04-16,-796.93
2018-04-27,2018-04-27 09:31:00-04:00,2018-04-27 10:37:00-04:00,long,6744.784812561076,6634.784812561076,SL,-110.0,2018-04-19,-906.93
2018-04-30,2018-04-30 09:31:00-04:00,2018-04-30 11:33:00-04:00,long,6672.83622656385,6672.83622656385,BE,0.0,2018-04-20,-906.93
2018-05-01,2018-05-01 09:33:00-04:00,2018-05-01 11:01:00-04:00,long,6600.091940537546,6600.091940537546,BE,0.0,2018-04-16,-906.93
2018-05-02,2018-05-02 09:31:00-04:00,2018-05-02 15:00:00-04:00,short,6690.253399853834,6682.0,cutoff,8.25,2018-04-11,-898.68
2018-05-03,2018-05-03 09:31:00-04:00,2018-05-03 15:00:00-04:00,long,6612.5646574806215,6639.75,cutoff,27.19,2018-04-30,-871.49
2018-05-04,2018-05-04 09:31:00-04:00,2018-05-04 10:43:00-04:00,short,6618.015361193202,6728.015361193202,SL,-110.0,2018-04-09,-981.49
2018-05-07,2018-05-07 09:38:00-04:00,2018-05-07 15:00:00-04:00,short,6825.9822235486145,6828.75,cutoff,-2.77,2018-04-17,-984.26
2018-05-08,2018-05-08 09:52:00-04:00,2018-05-08 15:00:00-04:00,short,6791.429923534902,6788.25,cutoff,3.18,2018-04-13,-981.08
2018-05-09,2018-05-09 09:32:00-04:00,2018-05-09 15:00:00-04:00,short,6825.9822235486145,6897.5,cutoff,-71.52,2018-04-17,-1052.6
2018-05-11,2018-05-11 10:10:00-04:00,2018-05-11 15:00:00-04:00,short,6969.484773303996,6942.0,cutoff,27.48,2018-05-10,-1025.12
2018-05-14,2018-05-14 10:30:00-04:00,2018-05-14 11:20:00-04:00,short,7007.349699090812,7007.349699090812,BE,0.0,2018-05-11,-1025.12
2018-05-15,2018-05-15 09:32:00-04:00,2018-05-15 15:00:00-04:00,long,6900.775300909188,6874.5,cutoff,-26.28,2018-05-11,-1051.4
2018-05-16,2018-05-16 09:33:00-04:00,2018-05-16 15:00:00-04:00,long,6900.775300909188,6950.25,cutoff,49.47,2018-05-11,-1001.93
2018-05-17,2018-05-17 10:12:00-04:00,2018-05-17 12:40:00-04:00,long,6928.543047509258,6928.543047509258,BE,0.0,2018-05-14,-1001.93
2018-05-18,2018-05-18 09:31:00-04:00,2018-05-18 10:20:00-04:00,short,6887.469288124856,6887.469288124856,BE,0.0,2018-05-09,-1001.93
2018-05-18,2018-05-18 10:32:00-04:00,2018-05-18 15:00:00-04:00,short,6878.313510620334,6884.5,cutoff,-6.19,2018-05-07,-1008.12
2018-05-21,2018-05-21 09:31:00-04:00,2018-05-21 15:00:00-04:00,short,6935.473866313412,6899.5,cutoff,35.97,2018-05-18,-972.15
2018-05-22,2018-05-22 09:58:00-04:00,2018-05-22 15:00:00-04:00,short,6935.473866313412,6915.75,cutoff,19.72,2018-05-18,-952.43
2018-05-23,2018-05-23 09:41:00-04:00,2018-05-23 15:00:00-04:00,short,6872.813918585391,6937.5,cutoff,-64.69,2018-05-08,-1017.12
2018-05-24,2018-05-24 09:34:00-04:00,2018-05-24 14:21:00-04:00,short,6960.568010688974,6960.568010688974,BE,0.0,2018-05-16,-1017.12
2018-05-25,2018-05-25 09:46:00-04:00,2018-05-25 15:00:00-04:00,short,6960.568010688974,6959.25,cutoff,1.32,2018-05-16,-1015.8
2018-05-28,2018-05-28 09:35:00-04:00,2018-05-28 12:59:00-04:00,short,6973.725303921158,6992.5,cutoff,-18.77,2018-05-17,-1034.57
2018-05-29,2018-05-29 09:31:00-04:00,2018-05-29 15:00:00-04:00,short,6935.473866313412,6900.25,cutoff,35.22,2018-05-18,-999.35
2018-05-30,2018-05-30 09:35:00-04:00,2018-05-30 10:31:00-04:00,short,6960.568010688974,6960.568010688974,BE,0.0,2018-05-16,-999.35
2018-05-30,2018-05-30 10:42:00-04:00,2018-05-30 15:00:00-04:00,short,6969.484773303996,6988.5,cutoff,-19.02,2018-05-10,-1018.37
2018-05-31,2018-05-31 09:36:00-04:00,2018-05-31 15:00:00-04:00,short,6988.503726657311,6978.25,cutoff,10.25,2018-05-21,-1008.12
2018-06-01,2018-06-01 09:31:00-04:00,2018-06-01 15:00:00-04:00,short,7015.475265757081,7080.25,cutoff,-64.77,2018-05-30,-1072.89
2018-06-06,2018-06-06 10:05:00-04:00,2018-06-06 10:56:00-04:00,short,7156.635231374005,7156.635231374005,BE,0.0,2018-06-04,-1072.89
2018-06-07,2018-06-07 10:33:00-04:00,2018-06-07 15:00:00-04:00,short,7156.635231374005,7151.0,cutoff,5.64,2018-06-04,-1067.25
2018-06-08,2018-06-08 09:53:00-04:00,2018-06-08 11:07:00-04:00,short,7156.635231374005,7156.635231374005,BE,0.0,2018-06-04,-1067.25
2018-06-11,2018-06-11 09:46:00-04:00,2018-06-11 11:40:00-04:00,short,7194.487916844135,7194.487916844135,BE,0.0,2018-06-08,-1067.25
2018-06-12,2018-06-12 09:32:00-04:00,2018-06-12 10:45:00-04:00,short,7215.5639472394705,7215.5639472394705,BE,0.0,2018-06-05,-1067.25
2018-06-13,2018-06-13 09:58:00-04:00,2018-06-13 15:00:00-04:00,short,7254.301705073458,7258.5,cutoff,-4.2,2018-06-12,-1071.45
2018-06-14,2018-06-14 09:32:00-04:00,2018-06-14 15:00:00-04:00,short,7269.677208812118,7291.0,cutoff,-21.32,2018-06-07,-1092.77
2018-06-15,2018-06-15 09:32:00-04:00,2018-06-15 15:00:00-04:00,short,7269.677208812118,7287.0,cutoff,-17.32,2018-06-07,-1110.09
2018-06-18,2018-06-18 09:34:00-04:00,2018-06-18 15:00:00-04:00,long,7214.541889345101,7268.5,cutoff,53.96,2018-06-15,-1056.13
2018-06-19,2018-06-19 09:31:00-04:00,2018-06-19 10:48:00-04:00,short,7194.487916844135,7194.487916844135,BE,0.0,2018-06-08,-1056.13
2018-06-19,2018-06-19 10:57:00-04:00,2018-06-19 15:00:00-04:00,long,7199.085344323959,7248.75,cutoff,49.66,2018-06-13,-1006.47
2018-06-20,2018-06-20 09:42:00-04:00,2018-06-20 10:58:00-04:00,short,7303.289655676041,7303.289655676041,BE,0.0,2018-06-13,-1006.47
2018-06-21,2018-06-21 09:46:00-04:00,2018-06-21 15:00:00-04:00,short,7303.289655676041,7244.25,cutoff,59.04,2018-06-13,-947.43
2018-06-22,2018-06-22 09:36:00-04:00,2018-06-22 15:00:00-04:00,long,7237.780430387864,7242.5,cutoff,4.72,2018-06-20,-942.71
2018-06-25,2018-06-25 09:31:00-04:00,2018-06-25 15:00:00-04:00,short,7156.635231374005,7010.25,cutoff,146.39,2018-06-04,-796.32
2018-06-26,2018-06-26 09:31:00-04:00,2018-06-26 15:00:00-04:00,short,7092.43659505992,7107.25,cutoff,-14.81,2018-06-01,-811.13
2018-06-27,2018-06-27 09:31:00-04:00,2018-06-27 11:05:00-04:00,long,7117.6860527605295,7117.6860527605295,BE,0.0,2018-06-05,-811.13
2018-06-28,2018-06-28 09:39:00-04:00,2018-06-28 15:00:00-04:00,long,7002.0493217285275,7067.5,cutoff,65.45,2018-06-26,-745.68
2018-06-29,2018-06-29 09:31:00-04:00,2018-06-29 15:00:00-04:00,long,7092.637083155865,7102.75,cutoff,10.11,2018-06-08,-735.57
2018-07-02,2018-07-02 09:51:00-04:00,2018-07-02 15:00:00-04:00,long,7021.939275551633,7078.75,cutoff,56.81,2018-06-29,-678.76
2018-07-03,2018-07-03 09:31:00-04:00,2018-07-03 13:14:00-04:00,long,7133.197791187882,7023.197791187882,SL,-110.0,2018-06-07,-788.76
2018-07-04,2018-07-04 09:36:00-04:00,2018-07-04 13:00:00-04:00,long,7039.190675775948,7042.5,cutoff,3.31,2018-06-25,-785.45
2018-07-05,2018-07-05 09:39:00-04:00,2018-07-05 15:00:00-04:00,long,7092.637083155865,7114.0,cutoff,21.36,2018-06-08,-764.09
2018-07-06,2018-07-06 09:32:00-04:00,2018-07-06 15:00:00-04:00,long,7127.38217917601,7223.5,cutoff,96.12,2018-06-11,-667.97
2018-07-09,2018-07-09 09:55:00-04:00,2018-07-09 11:04:00-04:00,short,7262.911183414944,7262.911183414944,BE,0.0,2018-06-19,-667.97
2018-07-10,2018-07-10 09:36:00-04:00,2018-07-10 10:31:00-04:00,short,7303.289655676041,7303.289655676041,BE,0.0,2018-06-13,-667.97
2018-07-11,2018-07-11 09:32:00-04:00,2018-07-11 15:00:00-04:00,short,7262.911183414944,7268.75,cutoff,-5.84,2018-06-19,-673.81
2018-07-12,2018-07-12 10:07:00-04:00,2018-07-12 15:00:00-04:00,short,7328.303579632185,7373.75,cutoff,-45.45,2018-07-11,-719.26
2018-07-13,2018-07-13 09:46:00-04:00,2018-07-13 15:00:00-04:00,short,7382.841738048102,7388.5,cutoff,-5.66,2018-07-12,-724.92
2018-07-16,2018-07-16 09:37:00-04:00,2018-07-16 15:00:00-04:00,short,7406.569912336632,7368.25,cutoff,38.32,2018-06-21,-686.6
2018-07-17,2018-07-17 09:42:00-04:00,2018-07-17 15:00:00-04:00,short,7328.303579632185,7414.0,cutoff,-85.7,2018-07-11,-772.3
2018-07-18,2018-07-18 09:42:00-04:00,2018-07-18 11:15:00-04:00,short,7406.569912336632,7406.569912336632,BE,0.0,2018-06-21,-772.3
2018-07-19,2018-07-19 09:33:00-04:00,2018-07-19 11:25:00-04:00,short,7392.15471783367,7392.15471783367,BE,0.0,2018-07-17,-772.3
2018-07-20,2018-07-20 09:32:00-04:00,2018-07-20 10:28:00-04:00,short,7392.15471783367,7392.15471783367,BE,0.0,2018-07-17,-772.3
2018-07-23,2018-07-23 09:31:00-04:00,2018-07-23 10:39:00-04:00,short,7353.262237216476,7353.262237216476,BE,0.0,2018-07-10,-772.3
2018-07-24,2018-07-24 09:36:00-04:00,2018-07-24 15:00:00-04:00,short,7478.0641178731985,7411.5,cutoff,66.56,2018-07-18,-705.74
2018-07-25,2018-07-25 09:40:00-04:00,2018-07-25 10:33:00-04:00,short,7438.102087580435,7438.102087580435,BE,0.0,2018-07-20,-705.74
2018-07-26,2018-07-26 09:42:00-04:00,2018-07-26 11:21:00-04:00,short,7438.102087580435,7438.102087580435,BE,0.0,2018-07-20,-705.74
2018-07-27,2018-07-27 09:33:00-04:00,2018-07-27 15:00:00-04:00,short,7446.894584057618,7286.75,cutoff,160.14,2018-07-16,-545.6
2018-07-30,2018-07-30 09:35:00-04:00,2018-07-30 15:00:00-04:00,long,7271.051238919736,7208.75,cutoff,-62.3,2018-07-23,-607.9
2018-07-31,2018-07-31 09:43:00-04:00,2018-07-31 15:00:00-04:00,long,7250.612762783524,7259.5,cutoff,8.89,2018-07-10,-599.01
2018-08-01,2018-08-01 09:31:00-04:00,2018-08-01 11:33:00-04:00,long,7271.051238919736,7271.051238919736,BE,0.0,2018-07-23,-599.01
2018-08-02,2018-08-02 09:32:00-04:00,2018-08-02 15:00:00-04:00,long,7226.908261951898,7375.5,cutoff,148.59,2018-07-12,-450.42
2018-08-03,2018-08-03 09:31:00-04:00,2018-08-03 10:16:00-04:00,short,7392.15471783367,7392.15471783367,BE,0.0,2018-07-17,-450.42
2018-08-03,2018-08-03 10:18:00-04:00,2018-08-03 11:10:00-04:00,short,7382.841738048102,7382.841738048102,BE,0.0,2018-07-12,-450.42
2018-08-06,2018-08-06 09:32:00-04:00,2018-08-06 15:00:00-04:00,short,7392.15471783367,7441.0,cutoff,-48.85,2018-07-17,-499.27
2018-08-07,2018-08-07 09:34:00-04:00,2018-08-07 10:29:00-04:00,short,7478.0641178731985,7478.0641178731985,BE,0.0,2018-07-18,-499.27
2018-08-07,2018-08-07 10:30:00-04:00,2018-08-07 12:56:00-04:00,short,7481.544416078332,7481.544416078332,BE,0.0,2018-07-25,-499.27
2018-08-08,2018-08-08 09:32:00-04:00,2018-08-08 15:00:00-04:00,short,7459.432390640652,7484.25,cutoff,-24.82,2018-08-06,-524.09
2018-08-09,2018-08-09 09:31:00-04:00,2018-08-09 15:00:00-04:00,short,7478.0641178731985,7496.0,cutoff,-17.94,2018-07-18,-542.03
2018-08-10,2018-08-10 09:36:00-04:00,2018-08-10 10:21:00-04:00,short,7438.102087580435,7438.102087580435,BE,0.0,2018-07-20,-542.03
2018-08-10,2018-08-10 10:33:00-04:00,2018-08-10 15:00:00-04:00,short,7443.276347136951,7400.25,cutoff,43.03,2018-07-19,-499.0
2018-08-13,2018-08-13 09:33:00-04:00,2018-08-13 15:00:00-04:00,short,7438.102087580435,7422.5,cutoff,15.6,2018-07-20,-483.4
2018-08-14,2018-08-14 09:31:00-04:00,2018-08-14 10:36:00-04:00,short,7438.102087580435,7438.102087580435,BE,0.0,2018-07-20,-483.4
2018-08-14,2018-08-14 10:46:00-04:00,2018-08-14 15:00:00-04:00,short,7443.276347136951,7458.25,cutoff,-14.97,2018-07-19,-498.37
2018-08-15,2018-08-15 09:35:00-04:00,2018-08-15 15:00:00-04:00,short,7402.198761080264,7352.75,cutoff,49.45,2018-07-23,-448.92
2018-08-16,2018-08-16 09:31:00-04:00,2018-08-16 15:00:00-04:00,long,7414.922762406374,7399.5,cutoff,-15.42,2018-07-24,-464.34
2018-08-17,2018-08-17 09:31:00-04:00,2018-08-17 15:00:00-04:00,long,7360.173904777643,7401.5,cutoff,41.33,2018-08-16,-423.01
2018-08-20,2018-08-20 09:33:00-04:00,2018-08-20 14:02:00-04:00,short,7394.472462601092,7394.472462601092,BE,0.0,2018-07-30,-423.01
2018-08-21,2018-08-21 09:35:00-04:00,2018-08-21 11:21:00-04:00,long,7408.879532772222,7408.879532772222,BE,0.0,2018-08-08,-423.01
2018-08-22,2018-08-22 09:31:00-04:00,2018-08-22 15:00:00-04:00,short,7394.472462601092,7432.75,cutoff,-38.28,2018-07-30,-461.29
2018-08-23,2018-08-23 09:34:00-04:00,2018-08-23 15:00:00-04:00,short,7436.526712365974,7443.75,cutoff,-7.22,2018-08-17,-468.51
2018-08-24,2018-08-24 09:31:00-04:00,2018-08-24 15:00:00-04:00,short,7459.432390640652,7490.75,cutoff,-31.32,2018-08-06,-499.83
2018-08-27,2018-08-27 09:35:00-04:00,2018-08-27 15:00:00-04:00,short,7534.904976134861,7564.75,cutoff,-29.85,2018-08-09,-529.68
2018-08-29,2018-08-29 09:35:00-04:00,2018-08-29 15:00:00-04:00,short,7599.9516883498845,7658.75,cutoff,-58.8,2018-08-27,-588.48
2018-08-30,2018-08-30 09:31:00-04:00,2018-08-30 15:00:00-04:00,short,7655.839927072273,7643.0,cutoff,12.84,2018-08-29,-575.64
2018-08-31,2018-08-31 09:32:00-04:00,2018-08-31 15:00:00-04:00,short,7655.839927072273,7644.75,cutoff,11.09,2018-08-29,-564.55
2018-09-04,2018-09-04 09:34:00-04:00,2018-09-04 15:00:00-04:00,long,7633.061168833607,7631.75,cutoff,-1.31,2018-09-03,-565.86
2018-09-05,2018-09-05 09:33:00-04:00,2018-09-05 15:00:00-04:00,long,7604.500703523443,7533.25,cutoff,-71.25,2018-08-30,-637.11
2018-09-06,2018-09-06 09:40:00-04:00,2018-09-06 15:00:00-04:00,short,7506.425637004666,7443.5,cutoff,62.93,2018-08-24,-574.18
2018-09-07,2018-09-07 09:37:00-04:00,2018-09-07 15:00:00-04:00,long,7418.08594954187,7459.75,cutoff,41.66,2018-09-06,-532.52
2018-09-10,2018-09-10 09:31:00-04:00,2018-09-10 15:00:00-04:00,long,7472.1733116501155,7453.5,cutoff,-18.67,2018-08-27,-551.19
2018-09-11,2018-09-11 09:32:00-04:00,2018-09-11 15:00:00-04:00,long,7418.08594954187,7509.25,cutoff,91.16,2018-09-06,-460.03
2018-09-12,2018-09-12 09:32:00-04:00,2018-09-12 15:00:00-04:00,short,7505.206854948481,7468.25,cutoff,36.96,2018-08-23,-423.07
2018-09-13,2018-09-13 09:32:00-04:00,2018-09-13 15:00:00-04:00,short,7547.622652900693,7565.75,cutoff,-18.13,2018-09-10,-441.2
2018-09-14,2018-09-14 09:32:00-04:00,2018-09-14 11:21:00-04:00,long,7588.051325303866,7588.051325303866,BE,0.0,2018-08-31,-441.2
2018-09-17,2018-09-17 09:35:00-04:00,2018-09-17 15:00:00-04:00,long,7549.8898326392355,7497.5,cutoff,-52.39,2018-09-04,-493.59
2018-09-18,2018-09-18 09:31:00-04:00,2018-09-18 15:00:00-04:00,long,7472.6850581467515,7539.5,cutoff,66.81,2018-09-13,-426.78
2018-09-19,2018-09-19 09:33:00-04:00,2018-09-19 15:00:00-04:00,long,7542.660072927727,7503.5,cutoff,-39.16,2018-08-29,-465.94
2018-09-20,2018-09-20 09:37:00-04:00,2018-09-20 15:00:00-04:00,short,7571.28304460421,7605.0,cutoff,-33.72,2018-09-12,-499.66
2018-09-21,2018-09-21 09:39:00-04:00,2018-09-21 15:00:00-04:00,short,7631.354115860666,7567.75,cutoff,63.6,2018-09-17,-436.06
2018-09-24,2018-09-24 09:31:00-04:00,2018-09-24 15:00:00-04:00,long,7499.12113621541,7568.0,cutoff,68.88,2018-09-20,-367.18
2018-09-25,2018-09-25 09:36:00-04:00,2018-09-25 10:21:00-04:00,short,7571.28304460421,7571.28304460421,BE,0.0,2018-09-12,-367.18
2018-09-26,2018-09-26 09:32:00-04:00,2018-09-26 10:24:00-04:00,short,7612.28905045813,7612.28905045813,BE,0.0,2018-09-06,-367.18
2018-09-26,2018-09-26 10:31:00-04:00,2018-09-26 15:00:00-04:00,short,7616.4399418532485,7644.75,cutoff,-28.31,2018-09-13,-395.49
2018-09-27,2018-09-27 09:32:00-04:00,2018-09-27 15:00:00-04:00,short,7631.354115860666,7665.5,cutoff,-34.15,2018-09-17,-429.64
2018-09-28,2018-09-28 09:45:00-04:00,2018-09-28 15:00:00-04:00,long,7633.061168833607,7646.25,cutoff,13.19,2018-09-03,-416.45
2018-10-01,2018-10-01 09:32:00-04:00,2018-10-01 15:00:00-04:00,short,7702.894612183031,7679.5,cutoff,23.39,2018-09-05,-393.06
2018-10-02,2018-10-02 09:36:00-04:00,2018-10-02 15:00:00-04:00,short,7655.73495379054,7668.5,cutoff,-12.77,2018-09-14,-405.83
2018-10-03,2018-10-03 09:34:00-04:00,2018-10-03 15:00:00-04:00,short,7688.758399715875,7668.25,cutoff,20.51,2018-09-21,-385.32
2018-10-04,2018-10-04 09:31:00-04:00,2018-10-04 15:00:00-04:00,short,7629.202776166338,7504.25,cutoff,124.95,2018-09-25,-260.37
2018-10-05,2018-10-05 09:32:00-04:00,2018-10-05 11:53:00-04:00,long,7499.12113621541,7389.12113621541,SL,-110.0,2018-09-20,-370.37
2018-10-08,2018-10-08 09:46:00-04:00,2018-10-08 10:35:00-04:00,long,7405.59195539579,7405.59195539579,BE,0.0,2018-09-12,-370.37
2018-10-08,2018-10-08 10:37:00-04:00,2018-10-08 11:46:00-04:00,long,7408.134491863295,7298.134491863295,SL,-110.0,2018-10-05,-480.37
2018-10-09,2018-10-09 09:35:00-04:00,2018-10-09 12:44:00-04:00,long,7392.329907435796,7392.329907435796,BE,0.0,2018-09-18,-480.37
2018-10-10,2018-10-10 09:50:00-04:00,2018-10-10 14:44:00-04:00,long,7286.224538054712,7176.224538054712,SL,-110.0,2018-10-08,-590.37
2018-10-16,2018-10-16 09:58:00-04:00,2018-10-16 15:00:00-04:00,long,7182.158582793097,7259.25,cutoff,77.09,2018-10-10,-513.28
2018-10-17,2018-10-17 09:37:00-04:00,2018-10-17 15:00:00-04:00,long,7286.224538054712,7300.25,cutoff,14.03,2018-10-08,-499.25
2018-10-18,2018-10-18 09:31:00-04:00,2018-10-18 15:00:00-04:00,short,7262.201987091439,7141.0,cutoff,121.2,2018-10-16,-378.05
2018-10-19,2018-10-19 09:31:00-04:00,2018-10-19 11:32:00-04:00,long,7182.158582793097,7182.158582793097,BE,0.0,2018-10-10,-378.05
2018-10-22,2018-10-22 09:36:00-04:00,2018-10-22 15:00:00-04:00,long,7158.521950633014,7170.5,cutoff,11.98,2018-10-18,-366.07
2018-10-23,2018-10-23 09:33:00-04:00,2018-10-23 15:00:00-04:00,long,7032.3496815496055,7146.0,cutoff,113.65,2018-10-22,-252.42
2018-10-24,2018-10-24 09:51:00-04:00,2018-10-24 10:37:00-04:00,long,7078.70185016617,7078.70185016617,BE,0.0,2018-10-19,-252.42
2018-10-24,2018-10-24 10:38:00-04:00,2018-10-24 13:16:00-04:00,long,7072.798012908561,6962.798012908561,SL,-110.0,2018-10-16,-362.42
2018-10-25,2018-10-25 09:34:00-04:00,2018-10-25 15:00:00-04:00,long,6892.688591063061,7058.0,cutoff,165.31,2018-10-11,-197.11
2018-10-26,2018-10-26 09:46:00-04:00,2018-10-26 10:45:00-04:00,long,6878.649240398583,6768.649240398583,SL,-110.0,2018-10-23,-307.11
2018-10-29,2018-10-29 10:01:00-04:00,2018-10-29 14:41:00-04:00,short,6963.112061325928,6769.5,TP,193.61,2018-10-26,-113.5
2018-10-30,2018-10-30 10:09:00-04:00,2018-10-30 15:00:00-04:00,long,6762.610909414232,6774.75,cutoff,12.14,2018-10-25,-101.36
2018-10-31,2018-10-31 09:42:00-04:00,2018-10-31 15:00:00-04:00,short,6963.112061325928,7021.5,cutoff,-58.39,2018-10-26,-159.75
2018-11-01,2018-11-01 09:31:00-04:00,2018-11-01 15:00:00-04:00,long,6997.43029997219,7062.5,cutoff,65.07,2018-10-24,-94.68
2018-11-02,2018-11-02 09:31:00-04:00,2018-11-02 12:55:00-04:00,long,7032.3496815496055,6922.3496815496055,SL,-110.0,2018-10-22,-204.68
2018-11-05,2018-11-05 09:44:00-05:00,2018-11-05 15:00:00-05:00,long,6903.866612075746,6947.25,cutoff,43.38,2018-11-02,-161.3
2018-11-06,2018-11-06 09:31:00-05:00,2018-11-06 15:00:00-05:00,short,6963.112061325928,6955.25,cutoff,7.86,2018-10-26,-153.44
2018-11-07,2018-11-07 09:33:00-05:00,2018-11-07 14:36:00-05:00,short,7078.264090585768,7188.264090585768,SL,-110.0,2018-10-25,-263.44
2018-11-08,2018-11-08 09:31:00-05:00,2018-11-08 10:33:00-05:00,short,7183.883387924254,7183.883387924254,BE,0.0,2018-11-02,-263.44
2018-11-09,2018-11-09 09:34:00-05:00,2018-11-09 15:00:00-05:00,short,7104.642675752431,7035.0,cutoff,69.64,2018-11-01,-193.8
2018-11-12,2018-11-12 09:31:00-05:00,2018-11-12 10:47:00-05:00,long,6997.43029997219,6887.43029997219,SL,-110.0,2018-10-24,-303.8
2018-11-13,2018-11-13 09:31:00-05:00,2018-11-13 15:00:00-05:00,short,6889.683844244571,6843.0,cutoff,46.68,2018-10-30,-257.12
2018-11-14,2018-11-14 09:32:00-05:00,2018-11-14 11:39:00-05:00,long,6903.866612075746,6793.866612075746,SL,-110.0,2018-11-02,-367.12
2018-11-15,2018-11-15 09:31:00-05:00,2018-11-15 10:29:00-05:00,long,6746.40094134174,6746.40094134174,BE,0.0,2018-11-13,-367.12
2018-11-15,2018-11-15 10:51:00-05:00,2018-11-15 15:00:00-05:00,long,6758.138099856673,6898.5,cutoff,140.36,2018-11-14,-226.76
2018-11-16,2018-11-16 09:32:00-05:00,2018-11-16 11:46:00-05:00,long,6833.879910458791,6833.879910458791,BE,0.0,2018-11-06,-226.76
2018-11-19,2018-11-19 09:31:00-05:00,2018-11-19 10:34:00-05:00,long,6839.862157892273,6729.862157892273,SL,-110.0,2018-10-29,-336.76
2018-11-20,2018-11-20 09:38:00-05:00,2018-11-20 15:00:00-05:00,long,6537.816155755429,6526.0,cutoff,-11.82,2018-10-30,-348.58
2018-11-21,2018-11-21 09:31:00-05:00,2018-11-21 11:12:00-05:00,short,6638.488855974993,6638.488855974993,BE,0.0,2018-11-20,-348.58
2018-11-22,2018-11-22 10:23:00-05:00,2018-11-22 12:59:00-05:00,long,6537.816155755429,6521.0,cutoff,-16.82,2018-10-30,-365.4
2018-11-26,2018-11-26 09:33:00-05:00,2018-11-26 15:00:00-05:00,short,6623.8814122187305,6674.75,cutoff,-50.87,2018-11-22,-416.27
2018-11-27,2018-11-27 09:31:00-05:00,2018-11-27 15:00:00-05:00,short,6655.437697558632,6696.25,cutoff,-40.81,2018-11-23,-457.08
2018-11-28,2018-11-28 09:31:00-05:00,2018-11-28 15:00:00-05:00,long,6746.40094134174,6870.5,cutoff,124.1,2018-11-13,-332.98
2018-11-29,2018-11-29 09:33:00-05:00,2018-11-29 15:00:00-05:00,long,6903.866612075746,6941.5,cutoff,37.63,2018-11-02,-295.35
2018-11-30,2018-11-30 09:36:00-05:00,2018-11-30 15:00:00-05:00,short,6886.098901945612,6916.5,cutoff,-30.4,2018-11-15,-325.75
2018-12-03,2018-12-03 09:31:00-05:00,2018-12-03 15:00:00-05:00,long,7094.461029890275,7045.25,cutoff,-49.21,2018-11-08,-374.96
2018-12-04,2018-12-04 09:48:00-05:00,2018-12-04 13:43:00-05:00,short,7025.611900143327,6837.75,TP,187.86,2018-11-14,-187.1
2018-12-06,2018-12-06 09:32:00-05:00,2018-12-06 10:58:00-05:00,long,6672.739529536092,6672.739529536092,BE,0.0,2018-11-28,-187.1
2018-12-07,2018-12-07 09:31:00-05:00,2018-12-07 11:23:00-05:00,long,6803.071118634929,6693.071118634929,SL,-110.0,2018-11-29,-297.1
2018-12-10,2018-12-10 09:31:00-05:00,2018-12-10 15:00:00-05:00,short,6623.8814122187305,6663.75,cutoff,-39.87,2018-11-22,-336.97
2018-12-11,2018-12-11 09:33:00-05:00,2018-12-11 10:24:00-05:00,short,6780.964486024599,6780.964486024599,BE,0.0,2018-11-27,-336.97
2018-12-11,2018-12-11 10:25:00-05:00,2018-12-11 15:00:00-05:00,short,6790.939608582068,6723.0,cutoff,67.94,2018-12-06,-269.03
2018-12-12,2018-12-12 09:33:00-05:00,2018-12-12 14:28:00-05:00,long,6803.071118634929,6803.071118634929,BE,0.0,2018-11-29,-269.03
2018-12-13,2018-12-13 09:31:00-05:00,2018-12-13 10:29:00-05:00,long,6803.071118634929,6803.071118634929,BE,0.0,2018-11-29,-269.03
2018-12-13,2018-12-13 10:35:00-05:00,2018-12-13 11:44:00-05:00,short,6790.939608582068,6790.939608582068,BE,0.0,2018-12-06,-269.03
2018-12-14,2018-12-14 09:36:00-05:00,2018-12-14 11:50:00-05:00,long,6684.0145147739295,6684.0145147739295,BE,0.0,2018-12-11,-269.03
2018-12-17,2018-12-17 09:41:00-05:00,2018-12-17 13:00:00-05:00,long,6558.060391417932,6558.060391417932,BE,0.0,2018-12-06,-269.03
2018-12-18,2018-12-18 09:31:00-05:00,2018-12-18 10:21:00-05:00,long,6520.782070758194,6520.782070758194,BE,0.0,2018-11-26,-269.03
2018-12-18,2018-12-18 10:42:00-05:00,2018-12-18 15:00:00-05:00,long,6528.160513975401,6477.0,cutoff,-51.16,2018-11-27,-320.19
2018-12-19,2018-12-19 09:33:00-05:00,2018-12-19 14:00:00-05:00,long,6520.782070758194,6520.782070758194,BE,0.0,2018-11-26,-320.19
2018-12-20,2018-12-20 10:10:00-05:00,2018-12-20 11:28:00-05:00,long,6389.047532193428,6279.047532193428,SL,-110.0,2018-12-19,-430.19
2018-12-21,2018-12-21 10:08:00-05:00,2018-12-21 11:06:00-05:00,long,6225.741800107466,6225.741800107466,BE,0.0,2018-12-20,-430.19
2018-12-27,2018-12-27 09:59:00-05:00,2018-12-27 11:28:00-05:00,short,6171.807056911759,6171.807056911759,BE,0.0,2018-12-24,-430.19
2018-12-28,2018-12-28 09:46:00-05:00,2018-12-28 12:40:00-05:00,short,6340.354224240451,6340.354224240451,BE,0.0,2018-12-27,-430.19
2018-12-31,2018-12-31 09:57:00-05:00,2018-12-31 12:37:00-05:00,short,6340.354224240451,6340.354224240451,BE,0.0,2018-12-27,-430.19
2019-01-02,2019-01-02 09:35:00-05:00,2019-01-02 15:00:00-05:00,long,6225.741800107466,6372.0,cutoff,146.26,2018-12-20,-283.93
2019-01-03,2019-01-03 09:53:00-05:00,2019-01-03 15:00:00-05:00,long,6238.169923802291,6179.25,cutoff,-58.92,2018-12-31,-342.85
2019-01-04,2019-01-04 10:24:00-05:00,2019-01-04 13:09:00-05:00,short,6340.354224240451,6450.354224240451,SL,-110.0,2018-12-27,-452.85
2019-01-07,2019-01-07 09:31:00-05:00,2019-01-07 15:00:00-05:00,long,6434.122894312635,6486.0,cutoff,51.88,2018-12-18,-400.97
2019-01-08,2019-01-08 10:45:00-05:00,2019-01-08 11:33:00-05:00,long,6491.230944167768,6491.230944167768,BE,0.0,2018-12-10,-400.97
2019-01-10,2019-01-10 09:54:00-05:00,2019-01-10 15:00:00-05:00,short,6534.203628201894,6612.75,cutoff,-78.55,2019-01-07,-479.52
2019-01-14,2019-01-14 09:37:00-05:00,2019-01-14 15:00:00-05:00,short,6534.203628201894,6571.25,cutoff,-37.05,2019-01-07,-516.57
2019-01-15,2019-01-15 09:36:00-05:00,2019-01-15 15:00:00-05:00,short,6619.752105687365,6659.25,cutoff,-39.5,2018-12-18,-556.07
2019-01-16,2019-01-16 09:46:00-05:00,2019-01-16 15:00:00-05:00,short,6720.912585668611,6693.5,cutoff,27.41,2019-01-15,-528.66
2019-01-17,2019-01-17 09:31:00-05:00,2019-01-17 15:00:00-05:00,short,6658.400453387424,6717.5,cutoff,-59.1,2019-01-10,-587.76
2019-01-18,2019-01-18 09:52:00-05:00,2019-01-18 15:00:00-05:00,short,6748.819618762862,6786.5,cutoff,-37.68,2019-01-17,-625.44
2019-01-21,2019-01-21 09:45:00-05:00,2019-01-21 12:59:00-05:00,short,6748.819618762862,6761.5,cutoff,-12.68,2019-01-17,-638.12
2019-01-22,2019-01-22 09:51:00-05:00,2019-01-22 15:00:00-05:00,short,6720.912585668611,6629.0,cutoff,91.91,2019-01-15,-546.21
2019-01-23,2019-01-23 09:31:00-05:00,2019-01-23 10:18:00-05:00,long,6698.293668717168,6698.293668717168,BE,0.0,2019-01-21,-546.21
2019-01-23,2019-01-23 10:26:00-05:00,2019-01-23 15:00:00-05:00,long,6686.080997578746,6634.5,cutoff,-51.58,2019-01-18,-597.79
2019-01-24,2019-01-24 09:33:00-05:00,2019-01-24 15:00:00-05:00,short,6678.58359465701,6694.0,cutoff,-15.42,2019-01-09,-613.21
2019-01-25,2019-01-25 09:36:00-05:00,2019-01-25 15:00:00-05:00,short,6748.819618762862,6791.5,cutoff,-42.68,2019-01-17,-655.89
2019-01-28,2019-01-28 09:32:00-05:00,2019-01-28 15:00:00-05:00,long,6698.293668717168,6695.5,cutoff,-2.79,2019-01-21,-658.68
2019-01-29,2019-01-29 09:35:00-05:00,2019-01-29 15:00:00-05:00,long,6698.293668717168,6629.25,cutoff,-69.04,2019-01-21,-727.72
2019-01-30,2019-01-30 09:32:00-05:00,2019-01-30 10:44:00-05:00,short,6720.912585668611,6720.912585668611,BE,0.0,2019-01-15,-727.72
2019-01-31,2019-01-31 09:36:00-05:00,2019-01-31 15:00:00-05:00,short,6854.169002421254,6910.0,cutoff,-55.83,2019-01-18,-783.55
2019-02-07,2019-02-07 09:32:00-05:00,2019-02-07 10:20:00-05:00,long,6927.889636332791,6927.889636332791,BE,0.0,2019-02-06,-783.55
2019-02-07,2019-02-07 10:28:00-05:00,2019-02-07 15:00:00-05:00,short,6950.4835546835775,6888.0,cutoff,62.48,2019-01-31,-721.07
2019-02-08,2019-02-08 09:31:00-05:00,2019-02-08 15:00:00-05:00,short,6854.169002421254,6903.25,cutoff,-49.08,2019-01-18,-770.15
2019-02-11,2019-02-11 09:32:00-05:00,2019-02-11 15:00:00-05:00,short,6950.4835546835775,6906.5,cutoff,43.98,2019-01-31,-726.17
2019-02-12,2019-02-12 09:34:00-05:00,2019-02-12 15:00:00-05:00,short,6966.140952170355,7014.25,cutoff,-48.11,2019-02-04,-774.28
2019-02-13,2019-02-13 09:32:00-05:00,2019-02-13 10:21:00-05:00,short,7043.27827199871,7043.27827199871,BE,0.0,2019-02-12,-774.28
2019-02-14,2019-02-14 09:31:00-05:00,2019-02-14 15:00:00-05:00,long,6981.2659991287555,7034.5,cutoff,53.23,2019-02-13,-721.05
2019-02-15,2019-02-15 09:37:00-05:00,2019-02-15 10:22:00-05:00,short,7058.524825242923,7058.524825242923,BE,0.0,2019-02-05,-721.05
2019-02-15,2019-02-15 10:41:00-05:00,2019-02-15 15:00:00-05:00,short,7071.945814887033,7051.0,cutoff,20.95,2019-02-14,-700.1
2019-02-18,2019-02-18 09:54:00-05:00,2019-02-18 12:59:00-05:00,short,7071.945814887033,7080.75,cutoff,-8.8,2019-02-14,-708.9
2019-02-19,2019-02-19 09:35:00-05:00,2019-02-19 15:00:00-05:00,short,7058.524825242923,7093.25,cutoff,-34.73,2019-02-05,-743.63
2019-02-20,2019-02-20 10:40:00-05:00,2019-02-20 15:00:00-05:00,short,7103.860363667209,7066.25,cutoff,37.61,2019-02-06,-706.02
2019-02-21,2019-02-21 09:31:00-05:00,2019-02-21 12:01:00-05:00,short,7058.524825242923,7058.524825242923,BE,0.0,2019-02-05,-706.02
2019-02-22,2019-02-22 09:33:00-05:00,2019-02-22 15:00:00-05:00,short,7058.524825242923,7065.25,cutoff,-6.73,2019-02-05,-712.75
2019-02-26,2019-02-26 09:31:00-05:00,2019-02-26 15:00:00-05:00,long,7101.039941058964,7138.25,cutoff,37.21,2019-02-25,-675.54
2019-02-27,2019-02-27 09:31:00-05:00,2019-02-27 11:50:00-05:00,short,7103.860363667209,7103.860363667209,BE,0.0,2019-02-06,-675.54
2019-02-28,2019-02-28 09:33:00-05:00,2019-02-28 11:20:00-05:00,short,7110.376430518732,7110.376430518732,BE,0.0,2019-02-18,-675.54
2019-03-01,2019-03-01 10:02:00-05:00,2019-03-01 10:55:00-05:00,short,7137.312499692195,7137.312499692195,BE,0.0,2019-02-20,-675.54
2019-03-04,2019-03-04 09:32:00-05:00,2019-03-04 15:00:00-05:00,short,7203.210058941036,7131.75,cutoff,71.46,2019-02-25,-604.08
2019-03-05,2019-03-05 09:32:00-05:00,2019-03-05 15:00:00-05:00,long,7144.842172756819,7179.0,cutoff,34.16,2019-03-04,-569.92
2019-03-06,2019-03-06 09:33:00-05:00,2019-03-06 15:00:00-05:00,short,7162.944911961969,7125.25,cutoff,37.69,2019-02-28,-532.23
2019-03-07,2019-03-07 09:32:00-05:00,2019-03-07 15:00:00-05:00,long,7101.039941058964,7012.25,cutoff,-88.79,2019-02-25,-621.02
2019-03-08,2019-03-08 09:32:00-05:00,2019-03-08 15:00:00-05:00,long,6981.2659991287555,7026.75,cutoff,45.48,2019-02-13,-575.54
2019-03-11,2019-03-11 09:32:00-04:00,2019-03-11 15:00:00-04:00,long,7083.1318271171385,7185.0,cutoff,101.87,2019-03-01,-473.67
2019-03-12,2019-03-12 09:35:00-04:00,2019-03-12 15:00:00-04:00,short,7203.210058941036,7241.0,cutoff,-37.79,2019-02-25,-511.46
2019-03-13,2019-03-13 09:33:00-04:00,2019-03-13 15:00:00-04:00,short,7262.804382013026,7303.5,cutoff,-40.7,2019-03-12,-552.16
2019-03-15,2019-03-15 09:48:00-04:00,2019-03-15 15:00:00-04:00,short,7317.8442332462455,7350.25,cutoff,-32.41,2019-03-13,-584.57
2019-03-18,2019-03-18 09:58:00-04:00,2019-03-18 15:00:00-04:00,short,7364.223578148492,7357.75,cutoff,6.47,2019-03-15,-578.1
2019-03-20,2019-03-20 09:39:00-04:00,2019-03-20 15:00:00-04:00,short,7364.223578148492,7443.75,cutoff,-79.53,2019-03-15,-657.63
2019-03-21,2019-03-21 09:35:00-04:00,2019-03-21 14:20:00-04:00,short,7404.166306104591,7514.166306104591,SL,-110.0,2019-03-18,-767.63
2019-03-25,2019-03-25 09:31:00-04:00,2019-03-25 10:50:00-04:00,short,7332.254555376385,7332.254555376385,BE,0.0,2019-03-14,-767.63
2019-03-25,2019-03-25 11:00:00-04:00,2019-03-25 11:49:00-04:00,long,7337.82254636648,7337.82254636648,BE,0.0,2019-03-19,-767.63
2019-03-26,2019-03-26 09:57:00-04:00,2019-03-26 10:55:00-04:00,short,7433.002185272495,7433.002185272495,BE,0.0,2019-03-20,-767.63
2019-03-27,2019-03-27 09:31:00-04:00,2019-03-27 11:42:00-04:00,long,7397.189514019376,7287.189514019376,SL,-110.0,2019-03-22,-877.63
2019-03-28,2019-03-28 09:34:00-04:00,2019-03-28 11:00:00-04:00,long,7337.82254636648,7337.82254636648,BE,0.0,2019-03-19,-877.63
2019-03-29,2019-03-29 09:31:00-04:00,2019-03-29 15:00:00-04:00,long,7397.189514019376,7400.0,cutoff,2.81,2019-03-22,-874.82
2019-04-01,2019-04-01 10:13:00-04:00,2019-04-01 15:00:00-04:00,short,7453.638645063456,7499.0,cutoff,-45.36,2019-03-29,-920.18
2019-04-02,2019-04-02 09:59:00-04:00,2019-04-02 15:00:00-04:00,short,7490.028262531559,7524.0,cutoff,-33.97,2019-03-21,-954.15
2019-04-03,2019-04-03 09:33:00-04:00,2019-04-03 15:00:00-04:00,short,7556.688231456711,7564.25,cutoff,-7.56,2019-04-02,-961.71
2019-04-04,2019-04-04 09:31:00-04:00,2019-04-04 15:00:00-04:00,short,7571.935485980624,7571.5,cutoff,0.44,2019-03-22,-961.27
2019-04-08,2019-04-08 09:39:00-04:00,2019-04-08 15:00:00-04:00,short,7571.935485980624,7616.0,cutoff,-44.06,2019-03-22,-1005.33
2019-04-10,2019-04-10 10:49:00-04:00,2019-04-10 15:00:00-04:00,short,7622.528978544867,7620.5,cutoff,2.03,2019-04-03,-1003.3
2019-04-11,2019-04-11 09:34:00-04:00,2019-04-11 15:00:00-04:00,short,7642.527829229008,7606.5,cutoff,36.03,2019-04-04,-967.27
2019-04-12,2019-04-12 09:31:00-04:00,2019-04-12 10:25:00-04:00,short,7647.411682774517,7647.411682774517,BE,0.0,2019-04-05,-967.27
2019-04-12,2019-04-12 10:39:00-04:00,2019-04-12 13:05:00-04:00,short,7642.527829229008,7642.527829229008,BE,0.0,2019-04-04,-967.27
2019-04-15,2019-04-15 09:34:00-04:00,2019-04-15 15:00:00-04:00,short,7658.0460071098805,7650.0,cutoff,8.05,2019-04-09,-959.22
2019-04-17,2019-04-17 09:31:00-04:00,2019-04-17 15:00:00-04:00,short,7730.394273932708,7694.5,cutoff,35.89,2019-04-16,-923.33
2019-04-18,2019-04-18 09:34:00-04:00,2019-04-18 12:48:00-04:00,short,7708.943373859822,7708.943373859822,BE,0.0,2019-04-15,-923.33
2019-04-22,2019-04-22 09:53:00-04:00,2019-04-22 15:00:00-04:00,short,7694.1717674909305,7725.25,cutoff,-31.08,2019-04-12,-954.41
2019-04-23,2019-04-23 09:44:00-04:00,2019-04-23 15:00:00-04:00,short,7772.171559230863,7833.75,cutoff,-61.58,2019-04-18,-1015.99
2019-04-24,2019-04-24 10:10:00-04:00,2019-04-24 15:00:00-04:00,short,7831.777078718316,7825.25,cutoff,6.53,2019-04-23,-1009.46
2019-04-25,2019-04-25 10:56:00-04:00,2019-04-25 15:00:00-04:00,short,7831.777078718316,7851.75,cutoff,-19.97,2019-04-23,-1029.43
2019-04-26,2019-04-26 09:42:00-04:00,2019-04-26 15:00:00-04:00,short,7789.432332547307,7822.0,cutoff,-32.57,2019-04-17,-1062.0
2019-04-29,2019-04-29 09:52:00-04:00,2019-04-29 15:00:00-04:00,short,7831.777078718316,7864.75,cutoff,-32.97,2019-04-23,-1094.97
2019-04-30,2019-04-30 09:32:00-04:00,2019-04-30 15:00:00-04:00,short,7789.432332547307,7790.0,cutoff,-0.57,2019-04-17,-1095.54
2019-05-01,2019-05-01 10:08:00-04:00,2019-05-01 11:13:00-04:00,short,7849.304970506435,7849.304970506435,BE,0.0,2019-04-30,-1095.54
2019-05-02,2019-05-02 09:32:00-04:00,2019-05-02 15:00:00-04:00,short,7772.171559230863,7722.75,cutoff,49.42,2019-04-18,-1046.12
2019-05-03,2019-05-03 09:31:00-04:00,2019-05-03 15:00:00-04:00,long,7787.768622292595,7848.0,cutoff,60.23,2019-04-29,-985.89
2019-05-06,2019-05-06 09:31:00-04:00,2019-05-06 14:50:00-04:00,short,7699.333072790703,7809.333072790703,SL,-110.0,2019-04-11,-1095.89
2019-05-07,2019-05-07 09:31:00-04:00,2019-05-07 15:00:00-04:00,short,7730.394273932708,7613.5,cutoff,116.89,2019-04-16,-979.0
2019-05-08,2019-05-08 09:31:00-04:00,2019-05-08 10:22:00-04:00,long,7635.328440769137,7635.328440769137,BE,0.0,2019-04-18,-979.0
2019-05-08,2019-05-08 10:25:00-04:00,2019-05-08 11:37:00-04:00,long,7643.692667452693,7643.692667452693,BE,0.0,2019-04-17,-979.0
2019-05-09,2019-05-09 09:43:00-04:00,2019-05-09 15:00:00-04:00,long,7531.209619502675,7572.75,cutoff,41.54,2019-05-08,-937.46
2019-05-10,2019-05-10 09:40:00-04:00,2019-05-10 10:40:00-04:00,long,7575.056626140178,7465.056626140178,SL,-110.0,2019-04-15,-1047.46
2019-05-13,2019-05-13 09:32:00-04:00,2019-05-13 15:00:00-04:00,long,7422.426903526839,7372.25,cutoff,-50.18,2019-05-09,-1097.64
2019-05-15,2019-05-15 10:16:00-04:00,2019-05-15 15:00:00-04:00,long,7439.527338408123,7523.0,cutoff,83.47,2019-05-10,-1014.17
2019-05-16,2019-05-16 09:33:00-04:00,2019-05-16 12:18:00-04:00,short,7528.727749486024,7638.727749486024,SL,-110.0,2019-05-15,-1124.17
2019-05-17,2019-05-17 09:31:00-04:00,2019-05-17 15:00:00-04:00,short,7528.727749486024,7569.75,cutoff,-41.02,2019-05-15,-1165.19
2019-05-20,2019-05-20 10:27:00-04:00,2019-05-20 15:00:00-04:00,long,7422.426903526839,7380.75,cutoff,-41.68,2019-05-09,-1206.87
2019-05-21,2019-05-21 09:33:00-04:00,2019-05-21 15:00:00-04:00,long,7446.417643630048,7467.25,cutoff,20.83,2019-05-17,-1186.04
2019-05-22,2019-05-22 09:37:00-04:00,2019-05-22 10:34:00-04:00,long,7439.527338408123,7439.527338408123,BE,0.0,2019-05-10,-1186.04
2019-05-22,2019-05-22 10:52:00-04:00,2019-05-22 15:00:00-04:00,long,7446.417643630048,7455.25,cutoff,8.83,2019-05-17,-1177.21
2019-05-23,2019-05-23 09:45:00-04:00,2019-05-23 11:11:00-04:00,long,7312.929449834561,7312.929449834561,BE,0.0,2019-05-20,-1177.21
2019-05-24,2019-05-24 09:36:00-04:00,2019-05-24 15:00:00-04:00,long,7371.647120555797,7322.5,cutoff,-49.15,2019-05-21,-1226.36
2019-05-27,2019-05-27 09:33:00-04:00,2019-05-27 10:18:00-04:00,long,7312.929449834561,7312.929449834561,BE,0.0,2019-05-20,-1226.36
2019-05-28,2019-05-28 09:39:00-04:00,2019-05-28 15:00:00-04:00,short,7364.662584484247,7311.0,cutoff,53.66,2019-05-27,-1172.7
2019-05-29,2019-05-29 10:30:00-04:00,2019-05-29 15:00:00-04:00,long,7258.772250513976,7206.25,cutoff,-52.52,2019-05-15,-1225.22
2019-05-30,2019-05-30 09:37:00-04:00,2019-05-30 15:00:00-04:00,long,7258.772250513976,7237.75,cutoff,-21.02,2019-05-15,-1246.24
2019-05-31,2019-05-31 09:34:00-04:00,2019-05-31 15:00:00-04:00,long,7155.648976688797,7153.75,cutoff,-1.9,2019-05-29,-1248.14
2019-06-03,2019-06-03 09:47:00-04:00,2019-06-03 10:32:00-04:00,long,7085.460323473335,7085.460323473335,BE,0.0,2019-05-31,-1248.14
2019-06-04,2019-06-04 10:28:00-04:00,2019-06-04 15:00:00-04:00,long,7085.460323473335,7139.75,cutoff,54.29,2019-05-31,-1193.85
2019-06-05,2019-06-05 09:32:00-04:00,2019-06-05 15:00:00-04:00,short,7232.539676526665,7206.0,cutoff,26.54,2019-05-31,-1167.31
2019-06-06,2019-06-06 09:33:00-04:00,2019-06-06 10:38:00-04:00,short,7224.946166549782,7224.946166549782,BE,0.0,2019-06-03,-1167.31
2019-06-06,2019-06-06 10:41:00-04:00,2019-06-06 15:00:00-04:00,short,7232.539676526665,7259.0,cutoff,-26.46,2019-05-31,-1193.77
2019-06-07,2019-06-07 09:31:00-04:00,2019-06-07 15:00:00-04:00,long,7312.929449834561,7419.75,cutoff,106.82,2019-05-20,-1086.95
2019-06-10,2019-06-10 09:31:00-04:00,2019-06-10 15:00:00-04:00,short,7481.289402916763,7530.0,cutoff,-48.71,2019-05-14,-1135.66
2019-06-11,2019-06-11 10:04:00-04:00,2019-06-11 15:00:00-04:00,short,7584.364849485702,7513.0,cutoff,71.36,2019-06-10,-1064.3
2019-06-12,2019-06-12 09:31:00-04:00,2019-06-12 15:00:00-04:00,long,7501.81183407282,7479.0,cutoff,-22.81,2019-06-11,-1087.11
2019-06-13,2019-06-13 09:32:00-04:00,2019-06-13 11:06:00-04:00,long,7501.81183407282,7501.81183407282,BE,0.0,2019-06-11,-1087.11
2019-06-14,2019-06-14 09:31:00-04:00,2019-06-14 15:00:00-04:00,long,7501.81183407282,7513.0,cutoff,11.19,2019-06-11,-1075.92
2019-06-17,2019-06-17 09:34:00-04:00,2019-06-17 15:00:00-04:00,short,7524.477879444203,7560.25,cutoff,-35.77,2019-05-21,-1111.69
2019-06-18,2019-06-18 09:40:00-04:00,2019-06-18 15:00:00-04:00,short,7662.43816592718,7679.25,cutoff,-16.81,2019-06-11,-1128.5
2019-06-19,2019-06-19 09:36:00-04:00,2019-06-19 11:29:00-04:00,short,7662.43816592718,7662.43816592718,BE,0.0,2019-06-11,-1128.5
2019-06-20,2019-06-20 10:23:00-04:00,2019-06-20 11:08:00-04:00,short,7765.55530926014,7765.55530926014,BE,0.0,2019-06-18,-1128.5
2019-06-21,2019-06-21 09:31:00-04:00,2019-06-21 15:00:00-04:00,short,7748.238854969065,7765.5,cutoff,-17.26,2019-06-19,-1145.76
2019-06-24,2019-06-24 09:36:00-04:00,2019-06-24 15:00:00-04:00,short,7765.55530926014,7759.75,cutoff,5.81,2019-06-18,-1139.95
2019-06-25,2019-06-25 09:31:00-04:00,2019-06-25 15:00:00-04:00,short,7748.238854969065,7626.0,cutoff,122.24,2019-06-19,-1017.71
2019-06-26,2019-06-26 09:33:00-04:00,2019-06-26 15:00:00-04:00,long,7687.89774341991,7653.0,cutoff,-34.9,2019-06-21,-1052.61
2019-06-27,2019-06-27 09:35:00-04:00,2019-06-27 15:00:00-04:00,long,7687.89774341991,7688.25,cutoff,0.35,2019-06-21,-1052.26
2019-06-28,2019-06-28 09:33:00-04:00,2019-06-28 15:00:00-04:00,long,7702.584942229007,7675.5,cutoff,-27.08,2019-06-24,-1079.34
2019-07-01,2019-07-01 09:48:00-04:00,2019-07-01 15:00:00-04:00,short,7829.290057770993,7762.75,cutoff,66.54,2019-06-24,-1012.8
2019-07-03,2019-07-03 09:31:00-04:00,2019-07-03 13:14:00-04:00,short,7845.729041524407,7888.25,cutoff,-42.52,2019-07-02,-1055.32
2019-07-04,2019-07-04 09:35:00-04:00,2019-07-04 10:53:00-04:00,short,7899.048540455279,7899.048540455279,BE,0.0,2019-07-03,-1055.32
2019-07-05,2019-07-05 09:37:00-04:00,2019-07-05 11:31:00-04:00,short,7829.290057770993,7829.290057770993,BE,0.0,2019-06-24,-1055.32
2019-07-08,2019-07-08 09:37:00-04:00,2019-07-08 10:30:00-04:00,long,7791.326459544721,7791.326459544721,BE,0.0,2019-07-03,-1055.32
2019-07-09,2019-07-09 09:31:00-04:00,2019-07-09 15:00:00-04:00,short,7773.978888531025,7845.25,cutoff,-71.27,2019-06-28,-1126.59
2019-07-10,2019-07-10 09:32:00-04:00,2019-07-10 15:00:00-04:00,short,7913.106717944328,7915.25,cutoff,-2.14,2019-07-01,-1128.73
2019-07-11,2019-07-11 09:32:00-04:00,2019-07-11 10:19:00-04:00,short,7937.219154060057,7937.219154060057,BE,0.0,2019-07-04,-1128.73
2019-07-12,2019-07-12 09:32:00-04:00,2019-07-12 11:14:00-04:00,short,7937.219154060057,7937.219154060057,BE,0.0,2019-07-04,-1128.73
2019-07-17,2019-07-17 10:46:00-04:00,2019-07-17 15:00:00-04:00,long,7927.303893272141,7938.25,cutoff,10.95,2019-07-16,-1117.78
2019-07-18,2019-07-18 09:35:00-04:00,2019-07-18 15:00:00-04:00,short,7888.532009613155,7921.5,cutoff,-32.97,2019-07-05,-1150.75
2019-07-19,2019-07-19 09:52:00-04:00,2019-07-19 15:00:00-04:00,short,7948.525154256891,7885.75,cutoff,62.78,2019-07-18,-1087.97
2019-07-22,2019-07-22 09:32:00-04:00,2019-07-22 15:00:00-04:00,short,7888.532009613155,7919.75,cutoff,-31.22,2019-07-05,-1119.19
2019-07-23,2019-07-23 09:38:00-04:00,2019-07-23 13:42:00-04:00,short,7948.525154256891,7948.525154256891,BE,0.0,2019-07-18,-1119.19
2019-07-24,2019-07-24 09:31:00-04:00,2019-07-24 15:00:00-04:00,short,7948.525154256891,8010.5,cutoff,-61.97,2019-07-18,-1181.16
2019-07-25,2019-07-25 09:31:00-04:00,2019-07-25 15:00:00-04:00,short,7991.520987847251,7947.25,cutoff,44.27,2019-07-10,-1136.89
2019-07-26,2019-07-26 09:31:00-04:00,2019-07-26 15:00:00-04:00,short,8005.144464454312,8036.0,cutoff,-30.86,2019-07-17,-1167.75
2019-07-29,2019-07-29 09:39:00-04:00,2019-07-29 14:55:00-04:00,short,8005.144464454312,8005.144464454312,BE,0.0,2019-07-17,-1167.75
2019-07-30,2019-07-30 09:31:00-04:00,2019-07-30 15:00:00-04:00,short,7948.525154256891,7977.0,cutoff,-28.47,2019-07-18,-1196.22
2019-07-31,2019-07-31 10:05:00-04:00,2019-07-31 11:12:00-04:00,short,7987.432820639214,7987.432820639214,BE,0.0,2019-07-12,-1196.22
2019-08-01,2019-08-01 09:31:00-04:00,2019-08-01 11:02:00-04:00,short,7888.532009613155,7998.532009613155,SL,-110.0,2019-07-05,-1306.22
2019-08-02,2019-08-02 09:31:00-04:00,2019-08-02 15:00:00-04:00,long,7742.182790863563,7681.75,cutoff,-60.43,2019-07-08,-1366.65
2019-08-07,2019-08-07 09:31:00-04:00,2019-08-07 15:00:00-04:00,long,7433.190308558103,7561.0,cutoff,127.81,2019-08-05,-1238.84
2019-08-08,2019-08-08 09:56:00-04:00,2019-08-08 15:00:00-04:00,short,7617.434691441897,7703.0,cutoff,-85.57,2019-08-05,-1324.41
2019-08-09,2019-08-09 09:34:00-04:00,2019-08-09 15:00:00-04:00,short,7709.4912325479945,7666.0,cutoff,43.49,2019-08-08,-1280.92
2019-08-12,2019-08-12 09:32:00-04:00,2019-08-12 10:23:00-04:00,short,7617.434691441897,7617.434691441897,BE,0.0,2019-08-05,-1280.92
2019-08-12,2019-08-12 10:54:00-04:00,2019-08-12 11:45:00-04:00,short,7614.288242813922,7614.288242813922,BE,0.0,2019-08-06,-1280.92
2019-08-13,2019-08-13 09:35:00-04:00,2019-08-13 09:46:00-04:00,short,7582.281783028347,7692.281783028347,SL,-110.0,2019-08-07,-1390.92
2019-08-14,2019-08-14 09:31:00-04:00,2019-08-14 15:00:00-04:00,short,7617.434691441897,7511.75,cutoff,105.68,2019-08-05,-1285.24
2019-08-15,2019-08-15 09:31:00-04:00,2019-08-15 15:00:00-04:00,long,7521.640114106753,7481.25,cutoff,-40.39,2019-08-12,-1325.63
2019-08-16,2019-08-16 09:35:00-04:00,2019-08-16 10:20:00-04:00,short,7582.281783028347,7582.281783028347,BE,0.0,2019-08-07,-1325.63
2019-08-16,2019-08-16 10:22:00-04:00,2019-08-16 15:00:00-04:00,long,7579.728773061101,7612.0,cutoff,32.27,2019-08-09,-1293.36
2019-08-19,2019-08-19 10:10:00-04:00,2019-08-19 15:00:00-04:00,short,7709.4912325479945,7732.0,cutoff,-22.51,2019-08-08,-1315.87
2019-08-20,2019-08-20 09:36:00-04:00,2019-08-20 15:00:00-04:00,short,7694.484885893247,7694.5,cutoff,-0.02,2019-08-12,-1315.89
2019-08-22,2019-08-22 10:29:00-04:00,2019-08-22 12:54:00-04:00,short,7709.4912325479945,7709.4912325479945,BE,0.0,2019-08-08,-1315.89
2019-08-23,2019-08-23 09:33:00-04:00,2019-08-23 15:00:00-04:00,short,7664.75497912878,7493.0,cutoff,171.75,2019-08-16,-1144.14
2019-08-26,2019-08-26 10:12:00-04:00,2019-08-26 15:00:00-04:00,long,7521.640114106753,7555.25,cutoff,33.61,2019-08-12,-1110.53
2019-08-27,2019-08-27 09:31:00-04:00,2019-08-27 15:00:00-04:00,long,7631.648645621291,7589.75,cutoff,-41.9,2019-08-19,-1152.43
2019-08-28,2019-08-28 09:32:00-04:00,2019-08-28 15:00:00-04:00,long,7521.640114106753,7597.0,cutoff,75.36,2019-08-12,-1077.07
2019-08-29,2019-08-29 09:31:00-04:00,2019-08-29 15:00:00-04:00,short,7694.484885893247,7710.75,cutoff,-16.27,2019-08-12,-1093.34
2019-08-30,2019-08-30 10:15:00-04:00,2019-08-30 15:00:00-04:00,short,7713.9752591962115,7670.5,cutoff,43.48,2019-08-27,-1049.86
2019-09-02,2019-09-02 09:35:00-04:00,2019-09-02 11:10:00-04:00,long,7648.5269320504385,7648.5269320504385,BE,0.0,2019-08-22,-1049.86
2019-09-03,2019-09-03 09:32:00-04:00,2019-09-03 15:00:00-04:00,long,7631.648645621291,7597.75,cutoff,-33.9,2019-08-19,-1083.76
2019-09-04,2019-09-04 09:35:00-04:00,2019-09-04 11:31:00-04:00,short,7694.484885893247,7694.484885893247,BE,0.0,2019-08-12,-1083.76
2019-09-05,2019-09-05 09:33:00-04:00,2019-09-05 15:00:00-04:00,short,7820.460734763472,7862.5,cutoff,-42.04,2019-08-21,-1125.8
2019-09-06,2019-09-06 09:35:00-04:00,2019-09-06 10:21:00-04:00,short,7854.386960178828,7854.386960178828,BE,0.0,2019-08-13,-1125.8
2019-09-09,2019-09-09 09:59:00-04:00,2019-09-09 15:00:00-04:00,short,7854.386960178828,7808.25,cutoff,46.14,2019-08-13,-1079.66
2019-09-10,2019-09-10 09:31:00-04:00,2019-09-10 15:00:00-04:00,long,7792.904046735641,7772.5,cutoff,-20.4,2019-09-06,-1100.06
2019-09-11,2019-09-11 09:31:00-04:00,2019-09-11 15:00:00-04:00,short,7820.460734763472,7868.0,cutoff,-47.54,2019-08-21,-1147.6
2019-09-12,2019-09-12 09:31:00-04:00,2019-09-12 15:00:00-04:00,short,7938.40261158739,7954.25,cutoff,-15.85,2019-09-05,-1163.45
2019-09-13,2019-09-13 09:36:00-04:00,2019-09-13 15:00:00-04:00,short,7921.3221564805135,7922.5,cutoff,-1.18,2019-09-11,-1164.63
2019-09-16,2019-09-16 09:31:00-04:00,2019-09-16 11:58:00-04:00,long,7860.802827220514,7860.802827220514,BE,0.0,2019-09-13,-1164.63
2019-09-17,2019-09-17 09:38:00-04:00,2019-09-17 15:00:00-04:00,short,7870.113220323607,7889.75,cutoff,-19.64,2019-09-10,-1184.27
2019-09-19,2019-09-19 09:32:00-04:00,2019-09-19 15:00:00-04:00,short,7938.40261158739,7930.25,cutoff,8.15,2019-09-05,-1176.12
2019-09-20,2019-09-20 09:38:00-04:00,2019-09-20 15:00:00-04:00,short,7938.40261158739,7860.25,cutoff,78.15,2019-09-05,-1097.97
2019-09-23,2019-09-23 09:31:00-04:00,2019-09-23 15:00:00-04:00,long,7839.575875755956,7853.25,cutoff,13.67,2019-09-18,-1084.3
2019-09-24,2019-09-24 09:46:00-04:00,2019-09-24 12:22:00-04:00,long,7880.673553718032,7770.673553718032,SL,-110.0,2019-09-20,-1194.3
2019-09-25,2019-09-25 09:33:00-04:00,2019-09-25 10:54:00-04:00,short,7734.292320353883,7734.292320353883,BE,0.0,2019-09-02,-1194.3
2019-09-25,2019-09-25 10:56:00-04:00,2019-09-25 15:00:00-04:00,short,7749.207958554301,7813.25,cutoff,-64.04,2019-09-03,-1258.34
2019-09-26,2019-09-26 09:33:00-04:00,2019-09-26 15:00:00-04:00,long,7799.365439025137,7783.0,cutoff,-16.37,2019-09-09,-1274.71
2019-09-27,2019-09-27 09:31:00-04:00,2019-09-27 13:00:00-04:00,long,7799.365439025137,7689.365439025137,SL,-110.0,2019-09-09,-1384.71
2019-09-30,2019-09-30 09:35:00-04:00,2019-09-30 15:00:00-04:00,long,7714.34738841261,7763.0,cutoff,48.65,2019-09-05,-1336.06
2019-10-01,2019-10-01 09:33:00-04:00,2019-10-01 13:30:00-04:00,long,7812.309811776386,7702.309811776386,SL,-110.0,2019-09-17,-1446.06
2019-10-02,2019-10-02 09:38:00-04:00,2019-10-02 15:00:00-04:00,long,7610.409579793959,7574.25,cutoff,-36.16,2019-09-25,-1482.22
2019-10-03,2019-10-03 10:00:00-04:00,2019-10-03 10:48:00-04:00,long,7530.9942517462805,7530.9942517462805,BE,0.0,2019-10-02,-1482.22
2019-10-04,2019-10-04 09:32:00-04:00,2019-10-04 10:31:00-04:00,long,7698.761779676393,7698.761779676393,BE,0.0,2019-09-10,-1482.22
2019-10-04,2019-10-04 10:35:00-04:00,2019-10-04 15:00:00-04:00,long,7696.477520459155,7754.5,cutoff,58.02,2019-09-27,-1424.2
2019-10-07,2019-10-07 09:32:00-04:00,2019-10-07 14:50:00-04:00,long,7747.4278435194865,7747.4278435194865,BE,0.0,2019-09-11,-1424.2
2019-10-08,2019-10-08 09:33:00-04:00,2019-10-08 12:45:00-04:00,short,7686.64445205237,7686.64445205237,BE,0.0,2019-10-03,-1424.2
2019-10-09,2019-10-09 09:31:00-04:00,2019-10-09 10:20:00-04:00,short,7686.64445205237,7686.64445205237,BE,0.0,2019-10-03,-1424.2
2019-10-09,2019-10-09 10:33:00-04:00,2019-10-09 15:00:00-04:00,long,7689.38138584795,7722.0,cutoff,32.62,2019-10-01,-1391.58
2019-10-10,2019-10-10 09:32:00-04:00,2019-10-10 15:00:00-04:00,long,7696.477520459155,7738.75,cutoff,42.27,2019-09-27,-1349.31
2019-10-11,2019-10-11 09:38:00-04:00,2019-10-11 12:32:00-04:00,long,7861.212031713488,7861.212031713488,BE,0.0,2019-09-19,-1349.31
2019-10-14,2019-10-14 09:32:00-04:00,2019-10-14 15:00:00-04:00,long,7861.212031713488,7864.5,cutoff,3.29,2019-09-19,-1346.02
2019-10-15,2019-10-15 09:31:00-04:00,2019-10-15 15:00:00-04:00,short,7884.881813648036,7962.0,cutoff,-77.12,2019-09-26,-1423.14
2019-10-16,2019-10-16 09:31:00-04:00,2019-10-16 15:00:00-04:00,short,7922.282429616186,7932.25,cutoff,-9.97,2019-10-14,-1433.11
2019-10-17,2019-10-17 09:31:00-04:00,2019-10-17 10:16:00-04:00,short,7985.241452461576,7985.241452461576,BE,0.0,2019-10-16,-1433.11
2019-10-17,2019-10-17 10:50:00-04:00,2019-10-17 11:37:00-04:00,short,7943.843644046412,7943.843644046412,BE,0.0,2019-10-11,-1433.11
2019-10-18,2019-10-18 09:34:00-04:00,2019-10-18 15:00:00-04:00,short,7950.682805928566,7895.75,cutoff,54.93,2019-09-24,-1378.18
2019-10-21,2019-10-21 09:32:00-04:00,2019-10-21 10:26:00-04:00,short,7922.282429616186,7922.282429616186,BE,0.0,2019-10-14,-1378.18
2019-10-22,2019-10-22 09:34:00-04:00,2019-10-22 15:00:00-04:00,short,7985.241452461576,7904.0,cutoff,81.24,2019-10-16,-1296.94
2019-10-23,2019-10-23 09:32:00-04:00,2019-10-23 15:00:00-04:00,long,7864.133547538424,7874.25,cutoff,10.12,2019-10-16,-1286.82
2019-10-24,2019-10-24 09:59:00-04:00,2019-10-24 15:00:00-04:00,short,7934.28716641723,7960.0,cutoff,-25.71,2019-10-23,-1312.53
2019-10-25,2019-10-25 09:31:00-04:00,2019-10-25 15:00:00-04:00,short,7943.843644046412,8025.0,cutoff,-81.16,2019-10-11,-1393.69
2019-10-30,2019-10-30 09:41:00-04:00,2019-10-30 15:00:00-04:00,short,8042.103174462123,8078.75,cutoff,-36.65,2019-10-17,-1430.34
2019-11-01,2019-11-01 09:48:00-04:00,2019-11-01 15:00:00-04:00,short,8131.993040967976,8146.25,cutoff,-14.26,2019-10-30,-1444.6
2019-11-05,2019-11-05 10:11:00-05:00,2019-11-05 15:00:00-05:00,short,8206.423598005367,8228.25,cutoff,-21.83,2019-11-01,-1466.43
2019-11-06,2019-11-06 10:33:00-05:00,2019-11-06 15:00:00-05:00,short,8184.4999706264025,8195.5,cutoff,-11.0,2019-10-31,-1477.43
2019-11-07,2019-11-07 10:16:00-05:00,2019-11-07 15:00:00-05:00,short,8264.95911284065,8234.75,cutoff,30.21,2019-11-06,-1447.22
2019-11-08,2019-11-08 10:00:00-05:00,2019-11-08 15:00:00-05:00,short,8206.423598005367,8234.5,cutoff,-28.08,2019-11-01,-1475.3
2019-11-12,2019-11-12 09:36:00-05:00,2019-11-12 15:00:00-05:00,short,8264.95911284065,8252.5,cutoff,12.46,2019-11-06,-1462.84
2019-11-13,2019-11-13 10:19:00-05:00,2019-11-13 15:00:00-05:00,short,8264.95911284065,8264.75,cutoff,0.21,2019-11-06,-1462.63
2019-11-15,2019-11-15 09:40:00-05:00,2019-11-15 15:00:00-05:00,short,8303.323514829619,8310.0,cutoff,-6.68,2019-11-14,-1469.31
2019-11-18,2019-11-18 09:31:00-05:00,2019-11-18 10:44:00-05:00,short,8306.876726080602,8306.876726080602,BE,0.0,2019-11-07,-1469.31
2019-11-18,2019-11-18 10:45:00-05:00,2019-11-18 15:00:00-05:00,short,8308.599787545481,8340.0,cutoff,-31.4,2019-11-13,-1500.71
2019-11-19,2019-11-19 10:51:00-05:00,2019-11-19 15:00:00-05:00,short,8325.258197873129,8350.5,cutoff,-25.24,2019-11-12,-1525.95
2019-11-20,2019-11-20 09:33:00-05:00,2019-11-20 15:00:00-05:00,short,8325.258197873129,8275.75,cutoff,49.51,2019-11-12,-1476.44
2019-11-21,2019-11-21 09:32:00-05:00,2019-11-21 11:04:00-05:00,short,8277.901738044486,8277.901738044486,BE,0.0,2019-11-04,-1476.44
2019-11-22,2019-11-22 09:33:00-05:00,2019-11-22 15:00:00-05:00,short,8282.358070710947,8270.25,cutoff,12.11,2019-11-08,-1464.33
2019-11-25,2019-11-25 09:31:00-05:00,2019-11-25 15:00:00-05:00,short,8325.258197873129,8364.75,cutoff,-39.49,2019-11-12,-1503.82
2019-11-26,2019-11-26 09:33:00-05:00,2019-11-26 15:00:00-05:00,short,8376.35031894704,8393.5,cutoff,-17.15,2019-11-20,-1520.97
2019-11-27,2019-11-27 09:35:00-05:00,2019-11-27 15:00:00-05:00,short,8414.82412027431,8441.25,cutoff,-26.43,2019-11-19,-1547.4
2019-11-29,2019-11-29 09:39:00-05:00,2019-11-29 13:14:00-05:00,short,8430.878668123245,8422.5,cutoff,8.38,2019-11-26,-1539.02
2019-12-02,2019-12-02 09:31:00-05:00,2019-12-02 10:31:00-05:00,long,8403.609446385071,8293.609446385071,SL,-110.0,2019-11-28,-1649.02
2019-12-03,2019-12-03 09:31:00-05:00,2019-12-03 10:48:00-05:00,long,8199.616802126871,8199.616802126871,BE,0.0,2019-11-12,-1649.02
2019-12-03,2019-12-03 10:50:00-05:00,2019-12-03 15:00:00-05:00,long,8188.025212454519,8229.75,cutoff,41.72,2019-11-13,-1607.3
2019-12-04,2019-12-04 09:31:00-05:00,2019-12-04 12:16:00-05:00,long,8296.92587972569,8296.92587972569,BE,0.0,2019-11-19,-1607.3
2019-12-05,2019-12-05 10:01:00-05:00,2019-12-05 14:11:00-05:00,short,8303.323514829619,8303.323514829619,BE,0.0,2019-11-14,-1607.3
2019-12-06,2019-12-06 09:33:00-05:00,2019-12-06 15:00:00-05:00,short,8376.35031894704,8400.5,cutoff,-24.15,2019-11-20,-1631.45
2019-12-09,2019-12-09 09:33:00-05:00,2019-12-09 15:00:00-05:00,short,8398.595757435996,8381.75,cutoff,16.85,2019-12-05,-1614.6
2019-12-10,2019-12-10 09:31:00-05:00,2019-12-10 15:00:00-05:00,short,8363.69098040014,8371.25,cutoff,-7.56,2019-11-18,-1622.16
2019-12-11,2019-12-11 09:34:00-05:00,2019-12-11 15:00:00-05:00,short,8372.8689328482,8407.5,cutoff,-34.63,2019-12-04,-1656.79
2019-12-12,2019-12-12 09:32:00-05:00,2019-12-12 15:00:00-05:00,short,8400.926662617732,8445.5,cutoff,-44.57,2019-11-25,-1701.36
2019-12-13,2019-12-13 09:33:00-05:00,2019-12-13 15:00:00-05:00,short,8478.390553614929,8522.5,cutoff,-44.11,2019-11-28,-1745.47
2019-12-16,2019-12-16 09:45:00-05:00,2019-12-16 15:00:00-05:00,short,8594.903059526845,8607.25,cutoff,-12.35,2019-12-13,-1757.82
2019-12-26,2019-12-26 09:45:00-05:00,2019-12-26 15:00:00-05:00,short,8756.55477276877,8786.5,cutoff,-29.95,2019-12-20,-1787.77
2019-12-27,2019-12-27 10:00:00-05:00,2019-12-27 15:00:00-05:00,short,8782.73314635241,8807.0,cutoff,-24.27,2019-12-24,-1812.04
2019-12-30,2019-12-30 09:31:00-05:00,2019-12-30 15:00:00-05:00,short,8782.73314635241,8732.5,cutoff,50.23,2019-12-24,-1761.81
2020-01-03,2020-01-03 09:31:00-05:00,2020-01-03 15:00:00-05:00,short,8802.974011948314,8840.5,cutoff,-37.53,2019-12-26,-1799.34
2020-01-06,2020-01-06 09:32:00-05:00,2020-01-06 15:00:00-05:00,short,8756.55477276877,8840.25,cutoff,-83.7,2019-12-20,-1883.04
2020-01-07,2020-01-07 09:31:00-05:00,2020-01-07 15:00:00-05:00,short,8866.069153070002,8871.0,cutoff,-4.93,2020-01-06,-1887.97
2020-01-08,2020-01-08 09:31:00-05:00,2020-01-08 15:00:00-05:00,short,8866.069153070002,8949.75,cutoff,-83.68,2020-01-06,-1971.65
2020-01-14,2020-01-14 09:33:00-05:00,2020-01-14 10:18:00-05:00,short,9071.2517145137,9071.2517145137,BE,0.0,2020-01-09,-1971.65
2020-01-15,2020-01-15 09:33:00-05:00,2020-01-15 15:00:00-05:00,short,9071.2517145137,9061.25,cutoff,10.0,2020-01-09,-1961.65
2020-01-16,2020-01-16 09:32:00-05:00,2020-01-16 15:00:00-05:00,short,9099.826386829876,9105.25,cutoff,-5.42,2020-01-10,-1967.07
2020-01-17,2020-01-17 09:35:00-05:00,2020-01-17 10:27:00-05:00,short,9163.275526241003,9163.275526241003,BE,0.0,2020-01-16,-1967.07
2020-01-17,2020-01-17 10:54:00-05:00,2020-01-17 11:59:00-05:00,short,9146.7649540932,9146.7649540932,BE,0.0,2020-01-14,-1967.07
2020-01-20,2020-01-20 10:36:00-05:00,2020-01-20 12:59:00-05:00,short,9163.275526241003,9175.75,cutoff,-12.47,2020-01-16,-1979.54
2020-01-21,2020-01-21 09:31:00-05:00,2020-01-21 15:00:00-05:00,short,9163.275526241003,9172.0,cutoff,-8.72,2020-01-16,-1988.26
2020-01-22,2020-01-22 09:32:00-05:00,2020-01-22 15:00:00-05:00,short,9221.951137059525,9228.0,cutoff,-6.05,2020-01-21,-1994.31
2020-01-23,2020-01-23 09:35:00-05:00,2020-01-23 15:00:00-05:00,long,9157.475099792833,9225.75,cutoff,68.27,2020-01-22,-1926.04
2020-01-24,2020-01-24 09:33:00-05:00,2020-01-24 15:00:00-05:00,short,9274.55896358009,9154.75,cutoff,119.81,2020-01-23,-1806.23
2020-01-27,2020-01-27 09:31:00-05:00,2020-01-27 15:00:00-05:00,short,8938.511204763956,8977.5,cutoff,-38.99,2020-01-07,-1845.22
2020-01-28,2020-01-28 10:15:00-05:00,2020-01-28 15:00:00-05:00,long,9036.224473758997,9111.25,cutoff,75.03,2020-01-16,-1770.19
2020-01-29,2020-01-29 09:32:00-05:00,2020-01-29 14:00:00-05:00,short,9146.7649540932,9146.7649540932,BE,0.0,2020-01-14,-1770.19
2020-01-30,2020-01-30 09:32:00-05:00,2020-01-30 15:00:00-05:00,short,9071.2517145137,9099.25,cutoff,-28.0,2020-01-09,-1798.19
2020-01-31,2020-01-31 09:31:00-05:00,2020-01-31 15:00:00-05:00,short,9172.368400168922,9024.25,cutoff,148.12,2020-01-30,-1650.07
2020-02-03,2020-02-03 09:35:00-05:00,2020-02-03 15:00:00-05:00,short,9071.2517145137,9125.75,cutoff,-54.5,2020-01-09,-1704.57
2020-02-04,2020-02-04 09:40:00-05:00,2020-02-04 14:41:00-05:00,short,9236.007077102986,9346.007077102986,SL,-110.0,2020-01-17,-1814.57
2020-02-05,2020-02-05 10:28:00-05:00,2020-02-05 15:00:00-05:00,short,9348.254114766065,9384.5,cutoff,-36.25,2020-01-24,-1850.82
2020-02-11,2020-02-11 09:32:00-05:00,2020-02-11 15:00:00-05:00,short,9567.69569543655,9535.0,cutoff,32.7,2020-02-05,-1818.12
2020-02-12,2020-02-12 09:57:00-05:00,2020-02-12 15:00:00-05:00,short,9567.69569543655,9607.25,cutoff,-39.55,2020-02-05,-1857.67
2020-02-13,2020-02-13 09:31:00-05:00,2020-02-13 15:00:00-05:00,short,9567.69569543655,9634.25,cutoff,-66.55,2020-02-05,-1924.22
2020-02-18,2020-02-18 09:36:00-05:00,2020-02-18 10:29:00-05:00,long,9599.132847106972,9599.132847106972,BE,0.0,2020-02-17,-1924.22
2020-02-19,2020-02-19 09:36:00-05:00,2020-02-19 15:00:00-05:00,short,9706.908512159982,9742.0,cutoff,-35.09,2020-02-14,-1959.31
2020-02-20,2020-02-20 09:32:00-05:00,2020-02-20 10:45:00-05:00,short,9717.242152893028,9717.242152893028,BE,0.0,2020-02-17,-1959.31
2020-02-21,2020-02-21 09:31:00-05:00,2020-02-21 09:49:00-05:00,long,9599.132847106972,9489.132847106972,SL,-110.0,2020-02-17,-2069.31
2020-02-24,2020-02-24 09:31:00-05:00,2020-02-24 15:00:00-05:00,short,9129.367389830451,9166.25,cutoff,-36.88,2020-01-28,-2106.19
2020-02-25,2020-02-25 09:32:00-05:00,2020-02-25 10:25:00-05:00,long,9156.767105704166,9046.767105704166,SL,-110.0,2020-02-04,-2216.19
2020-02-26,2020-02-26 09:31:00-05:00,2020-02-26 12:05:00-05:00,long,8918.445404286935,8918.445404286935,BE,0.0,2020-02-03,-2216.19
2020-03-02,2020-03-02 10:23:00-05:00,2020-03-02 11:17:00-05:00,long,8445.94165863763,8627.75,TP,181.81,2020-02-27,-2034.38
2020-03-03,2020-03-03 09:53:00-05:00,2020-03-03 10:00:00-05:00,short,8786.173929144847,8896.173929144847,SL,-110.0,2020-03-02,-2144.38
2020-03-04,2020-03-04 09:35:00-05:00,2020-03-04 10:54:00-05:00,long,8724.757467992544,8724.757467992544,BE,0.0,2020-02-26,-2144.38
2020-03-05,2020-03-05 09:32:00-05:00,2020-03-05 12:39:00-05:00,long,8724.757467992544,8724.757467992544,BE,0.0,2020-02-26,-2144.38
2020-03-06,2020-03-06 09:33:00-05:00,2020-03-06 10:20:00-05:00,long,8445.94165863763,8445.94165863763,BE,0.0,2020-02-27,-2144.38
2020-03-06,2020-03-06 10:21:00-05:00,2020-03-06 15:00:00-05:00,short,8455.361761076416,8338.0,cutoff,117.36,2020-02-28,-2027.02
2020-03-10,2020-03-10 09:36:00-04:00,2020-03-10 10:40:00-04:00,long,8168.335010242776,8168.335010242776,BE,0.0,2020-03-06,-2027.02
2020-03-11,2020-03-11 09:39:00-04:00,2020-03-11 12:42:00-04:00,long,8168.335010242776,8058.335010242776,SL,-110.0,2020-03-06,-2137.02
2020-03-12,2020-03-12 10:55:00-04:00,2020-03-12 11:12:00-04:00,long,7595.5999259774835,7485.5999259774835,SL,-110.0,2020-03-09,-2247.02
2020-03-13,2020-03-13 09:39:00-04:00,2020-03-13 09:53:00-04:00,long,7595.5999259774835,7485.5999259774835,SL,-110.0,2020-03-09,-2357.02
2020-03-16,2020-03-16 09:45:00-04:00,2020-03-16 10:34:00-04:00,long,7148.930845396486,7331.0,TP,182.07,2020-03-12,-2174.95
2020-03-17,2020-03-17 09:31:00-04:00,2020-03-17 09:43:00-04:00,long,7148.930845396486,7038.930845396486,SL,-110.0,2020-03-12,-2284.95
2020-03-18,2020-03-18 09:34:00-04:00,2020-03-18 11:05:00-04:00,long,7148.930845396486,7148.930845396486,BE,0.0,2020-03-12,-2284.95
2020-03-19,2020-03-19 09:31:00-04:00,2020-03-19 09:40:00-04:00,long,7148.930845396486,7038.930845396486,SL,-110.0,2020-03-12,-2394.95
2020-03-23,2020-03-23 09:31:00-04:00,2020-03-23 11:03:00-04:00,long,6909.848085171,6909.848085171,BE,0.0,2020-03-16,-2394.95
2020-03-25,2020-03-25 09:31:00-04:00,2020-03-25 09:35:00-04:00,short,7511.458736501807,7621.458736501807,SL,-110.0,2020-03-18,-2504.95
2020-03-26,2020-03-26 09:33:00-04:00,2020-03-26 10:10:00-04:00,short,7562.472908087322,7672.472908087322,SL,-110.0,2020-03-17,-2614.95
2020-03-27,2020-03-27 09:32:00-04:00,2020-03-27 11:09:00-04:00,short,7668.104140993251,7668.104140993251,BE,0.0,2020-03-19,-2614.95
2020-03-30,2020-03-30 09:31:00-04:00,2020-03-30 10:41:00-04:00,short,7684.401914829,7794.401914829,SL,-110.0,2020-03-16,-2724.95
2020-03-31,2020-03-31 09:50:00-04:00,2020-03-31 10:14:00-04:00,short,7817.194154603514,7927.194154603514,SL,-110.0,2020-03-12,-2834.95
2020-04-01,2020-04-01 09:31:00-04:00,2020-04-01 12:02:00-04:00,long,7578.254553993011,7578.254553993011,BE,0.0,2020-03-31,-2834.95
2020-04-02,2020-04-02 09:34:00-04:00,2020-04-02 10:19:00-04:00,short,7511.458736501807,7511.458736501807,BE,0.0,2020-03-18,-2834.95
2020-04-02,2020-04-02 10:31:00-04:00,2020-04-02 15:00:00-04:00,short,7562.472908087322,7542.0,cutoff,20.47,2020-03-17,-2814.48
2020-04-03,2020-04-03 09:32:00-04:00,2020-04-03 10:17:00-04:00,long,7595.5999259774835,7595.5999259774835,BE,0.0,2020-03-09,-2814.48
2020-04-03,2020-04-03 10:19:00-04:00,2020-04-03 12:26:00-04:00,long,7578.254553993011,7468.254553993011,SL,-110.0,2020-03-31,-2924.48
2020-04-06,2020-04-06 09:34:00-04:00,2020-04-06 11:33:00-04:00,short,7776.1441766463295,7886.1441766463295,SL,-110.0,2020-04-01,-3034.48
2020-04-07,2020-04-07 10:17:00-04:00,2020-04-07 11:28:00-04:00,short,8151.870446006989,8151.870446006989,BE,0.0,2020-03-31,-3034.48
2020-04-08,2020-04-08 09:31:00-04:00,2020-04-08 11:20:00-04:00,short,8151.870446006989,8151.870446006989,BE,0.0,2020-03-31,-3034.48
2020-04-09,2020-04-09 09:43:00-04:00,2020-04-09 15:00:00-04:00,short,8316.921889912834,8178.75,cutoff,138.17,2020-04-08,-2896.31
2020-04-14,2020-04-14 09:34:00-04:00,2020-04-14 12:02:00-04:00,short,8503.366634118818,8613.366634118818,SL,-110.0,2020-04-07,-3006.31
2020-04-15,2020-04-15 09:45:00-04:00,2020-04-15 14:18:00-04:00,short,8503.366634118818,8613.366634118818,SL,-110.0,2020-04-07,-3116.31
2020-04-16,2020-04-16 10:58:00-04:00,2020-04-16 15:00:00-04:00,short,8708.551354323605,8700.75,cutoff,7.8,2020-04-15,-3108.51
2020-04-17,2020-04-17 10:49:00-04:00,2020-04-17 11:40:00-04:00,short,8747.26428880827,8747.26428880827,BE,0.0,2020-04-14,-3108.51
2020-04-20,2020-04-20 09:31:00-04:00,2020-04-20 15:00:00-04:00,short,8747.26428880827,8734.0,cutoff,13.26,2020-04-14,-3095.25
2020-04-21,2020-04-21 09:33:00-04:00,2020-04-21 10:23:00-04:00,long,8627.887119112991,8517.887119112991,SL,-110.0,2020-04-17,-3205.25
2020-04-22,2020-04-22 09:41:00-04:00,2020-04-22 10:27:00-04:00,long,8582.137175759435,8582.137175759435,BE,0.0,2020-04-20,-3205.25
2020-04-23,2020-04-23 09:33:00-04:00,2020-04-23 15:00:00-04:00,short,8708.551354323605,8700.5,cutoff,8.05,2020-04-15,-3197.2
2020-04-24,2020-04-24 09:34:00-04:00,2020-04-24 11:02:00-04:00,long,8627.887119112991,8627.887119112991,BE,0.0,2020-04-17,-3197.2
2020-04-27,2020-04-27 09:40:00-04:00,2020-04-27 15:00:00-04:00,short,8842.999663098304,8824.25,cutoff,18.75,2020-04-21,-3178.45
2020-04-28,2020-04-28 09:38:00-04:00,2020-04-28 15:00:00-04:00,short,8865.073814760846,8722.5,cutoff,142.57,2020-04-16,-3035.88
2020-04-29,2020-04-29 09:34:00-04:00,2020-04-29 12:30:00-04:00,short,8842.999663098304,8952.999663098304,SL,-110.0,2020-04-21,-3145.88
2020-04-30,2020-04-30 09:57:00-04:00,2020-04-30 15:00:00-04:00,short,9007.919103666587,8922.25,cutoff,85.67,2020-04-27,-3060.21
2020-05-01,2020-05-01 09:32:00-04:00,2020-05-01 15:00:00-04:00,short,8823.787808365498,8725.75,cutoff,98.04,2020-04-24,-2962.17
2020-05-04,2020-05-04 09:31:00-04:00,2020-05-04 15:00:00-04:00,long,8664.168440473153,8775.5,cutoff,111.33,2020-04-29,-2850.84
2020-05-05,2020-05-05 09:32:00-04:00,2020-05-05 15:00:00-04:00,short,8919.612824240565,9018.5,cutoff,-98.89,2020-04-20,-2949.73
2020-05-06,2020-05-06 09:31:00-04:00,2020-05-06 10:27:00-04:00,short,8990.858694596722,8990.858694596722,BE,0.0,2020-05-01,-2949.73
2020-05-06,2020-05-06 10:35:00-04:00,2020-05-06 15:00:00-04:00,short,9007.919103666587,9017.0,cutoff,-9.08,2020-04-27,-2958.81
2020-05-07,2020-05-07 09:32:00-04:00,2020-05-07 11:43:00-04:00,short,9089.472760753619,9089.472760753619,BE,0.0,2020-04-28,-2958.81
2020-05-08,2020-05-08 09:51:00-04:00,2020-05-08 15:00:00-04:00,short,9157.354943061793,9185.0,cutoff,-27.65,2020-04-30,-2986.46
2020-05-11,2020-05-11 09:31:00-04:00,2020-05-11 12:00:00-04:00,short,9157.354943061793,9267.354943061793,SL,-110.0,2020-04-30,-3096.46
2020-05-12,2020-05-12 09:54:00-04:00,2020-05-12 15:00:00-04:00,short,9243.358037197813,9272.75,cutoff,-29.39,2020-05-07,-3125.85
2020-05-13,2020-05-13 09:32:00-04:00,2020-05-13 10:57:00-04:00,long,9133.997746364592,9133.997746364592,BE,0.0,2020-05-12,-3125.85
2020-05-14,2020-05-14 09:44:00-04:00,2020-05-14 15:00:00-04:00,long,8918.141962802187,8985.25,cutoff,67.11,2020-05-07,-3058.74
2020-05-15,2020-05-15 09:32:00-04:00,2020-05-15 13:12:00-04:00,short,8990.858694596722,9100.858694596722,SL,-110.0,2020-05-01,-3168.74
2020-05-18,2020-05-18 10:40:00-04:00,2020-05-18 15:00:00-04:00,short,9313.583457105504,9325.25,cutoff,-11.67,2020-05-08,-3180.41
2020-05-19,2020-05-19 09:31:00-04:00,2020-05-19 15:00:00-04:00,short,9331.220279581725,9352.25,cutoff,-21.03,2020-05-13,-3201.44
2020-05-20,2020-05-20 09:31:00-04:00,2020-05-20 15:00:00-04:00,short,9425.837628444118,9475.75,cutoff,-49.91,2020-05-18,-3251.35
2020-05-21,2020-05-21 09:32:00-04:00,2020-05-21 15:00:00-04:00,short,9477.127253635408,9384.5,cutoff,92.63,2020-05-12,-3158.72
2020-05-22,2020-05-22 09:40:00-04:00,2020-05-22 15:00:00-04:00,short,9331.220279581725,9403.0,cutoff,-71.78,2020-05-13,-3230.5
2020-05-26,2020-05-26 09:51:00-04:00,2020-05-26 15:00:00-04:00,short,9515.473595904761,9448.75,cutoff,66.72,2020-05-22,-3163.78
2020-05-27,2020-05-27 09:36:00-04:00,2020-05-27 14:00:00-04:00,short,9345.592256990116,9345.592256990116,BE,0.0,2020-05-11,-3163.78
2020-05-28,2020-05-28 09:36:00-04:00,2020-05-28 12:40:00-04:00,short,9425.837628444118,9535.837628444118,SL,-110.0,2020-05-18,-3273.78
2020-05-29,2020-05-29 09:47:00-04:00,2020-05-29 14:09:00-04:00,short,9477.127253635408,9477.127253635408,BE,0.0,2020-05-12,-3273.78
2020-06-01,2020-06-01 09:31:00-04:00,2020-06-01 15:00:00-04:00,short,9515.473595904761,9593.5,cutoff,-78.03,2020-05-22,-3351.81
2020-06-02,2020-06-02 09:49:00-04:00,2020-06-02 15:00:00-04:00,short,9570.428051686125,9606.25,cutoff,-35.82,2020-05-28,-3387.63
2020-06-03,2020-06-03 09:33:00-04:00,2020-06-03 10:18:00-04:00,short,9681.300958053465,9681.300958053465,BE,0.0,2020-06-01,-3387.63
2020-06-04,2020-06-04 09:31:00-04:00,2020-06-04 15:00:00-04:00,short,9681.300958053465,9595.5,cutoff,85.8,2020-06-01,-3301.83
2020-06-05,2020-06-05 09:34:00-04:00,2020-06-05 11:04:00-04:00,short,9681.300958053465,9791.300958053465,SL,-110.0,2020-06-01,-3411.83
2020-06-08,2020-06-08 09:33:00-04:00,2020-06-08 10:50:00-04:00,short,9806.712435909762,9806.712435909762,BE,0.0,2020-06-03,-3411.83
2020-06-09,2020-06-09 09:31:00-04:00,2020-06-09 10:16:00-04:00,short,9876.439724086249,9876.439724086249,BE,0.0,2020-06-05,-3411.83
2020-06-09,2020-06-09 10:45:00-04:00,2020-06-09 15:00:00-04:00,short,9943.600120332674,9985.25,cutoff,-41.65,2020-06-08,-3453.48
2020-06-11,2020-06-11 09:32:00-04:00,2020-06-11 12:56:00-04:00,short,9943.600120332674,9739.5,TP,204.1,2020-06-08,-3249.38
2020-06-12,2020-06-12 09:31:00-04:00,2020-06-12 11:04:00-04:00,short,9806.712435909762,9617.25,TP,189.46,2020-06-03,-3059.92
2020-06-15,2020-06-15 09:33:00-04:00,2020-06-15 11:24:00-04:00,short,9515.473595904761,9625.473595904761,SL,-110.0,2020-05-22,-3169.92
2020-06-16,2020-06-16 10:18:00-04:00,2020-06-16 11:00:00-04:00,short,9998.480141994416,9818.25,TP,180.23,2020-06-12,-2989.69
2020-06-17,2020-06-17 09:33:00-04:00,2020-06-17 10:53:00-04:00,short,9998.480141994416,9998.480141994416,BE,0.0,2020-06-12,-2989.69
2020-06-17,2020-06-17 10:55:00-04:00,2020-06-17 11:59:00-04:00,short,10005.261489168231,10005.261489168231,BE,0.0,2020-06-09,-2989.69
2020-06-18,2020-06-18 10:34:00-04:00,2020-06-18 15:00:00-04:00,short,9943.600120332674,9950.0,cutoff,-6.4,2020-06-08,-2996.09
2020-06-19,2020-06-19 09:32:00-04:00,2020-06-19 15:00:00-04:00,short,10095.593960731061,9983.75,cutoff,111.84,2020-06-11,-2884.25
2020-06-22,2020-06-22 09:31:00-04:00,2020-06-22 14:57:00-04:00,short,10005.261489168231,10115.261489168231,SL,-110.0,2020-06-09,-2994.25
2020-06-23,2020-06-23 09:36:00-04:00,2020-06-23 13:23:00-04:00,short,10174.123908644677,10284.123908644677,SL,-110.0,2020-06-22,-3104.25
2020-06-24,2020-06-24 09:31:00-04:00,2020-06-24 11:46:00-04:00,short,10182.93066509671,9963.75,TP,219.18,2020-06-10,-2885.07
2020-06-25,2020-06-25 09:33:00-04:00,2020-06-25 10:28:00-04:00,short,10005.261489168231,10005.261489168231,BE,0.0,2020-06-09,-2885.07
2020-06-25,2020-06-25 10:30:00-04:00,2020-06-25 11:18:00-04:00,short,9998.480141994416,9998.480141994416,BE,0.0,2020-06-12,-2885.07
2020-06-26,2020-06-26 09:40:00-04:00,2020-06-26 10:19:00-04:00,long,10028.20739703227,9918.20739703227,SL,-110.0,2020-06-23,-2995.07
2020-06-29,2020-06-29 09:31:00-04:00,2020-06-29 10:16:00-04:00,long,9831.876091355323,9831.876091355323,BE,0.0,2020-06-22,-2995.07
2020-06-29,2020-06-29 10:19:00-04:00,2020-06-29 15:00:00-04:00,short,9837.12935375815,9895.5,cutoff,-58.37,2020-06-04,-3053.44
2020-07-01,2020-07-01 09:31:00-04:00,2020-07-01 14:09:00-04:00,short,10164.240165724947,10274.240165724947,SL,-110.0,2020-06-17,-3163.44
2020-07-02,2020-07-02 09:31:00-04:00,2020-07-02 15:00:00-04:00,short,10378.76301438694,10399.5,cutoff,-20.74,2020-06-24,-3184.18
2020-07-03,2020-07-03 10:25:00-04:00,2020-07-03 12:22:00-04:00,short,10344.29260296773,10344.29260296773,BE,0.0,2020-06-23,-3184.18
2020-07-06,2020-07-06 10:00:00-04:00,2020-07-06 15:00:00-04:00,short,10530.716111433376,10553.75,cutoff,-23.03,2020-07-02,-3207.21
2020-07-07,2020-07-07 10:12:00-04:00,2020-07-07 15:00:00-04:00,short,10645.149837633802,10586.75,cutoff,58.4,2020-07-06,-3148.81
2020-07-09,2020-07-09 10:50:00-04:00,2020-07-09 12:04:00-04:00,short,10645.149837633802,10645.149837633802,BE,0.0,2020-07-06,-3148.81
2020-07-10,2020-07-10 10:01:00-04:00,2020-07-10 13:18:00-04:00,short,10645.149837633802,10755.149837633802,SL,-110.0,2020-07-06,-3258.81
2020-07-14,2020-07-14 09:31:00-04:00,2020-07-14 10:12:00-04:00,long,10495.390551888184,10385.390551888184,SL,-110.0,2020-07-10,-3368.81
2020-07-15,2020-07-15 09:44:00-04:00,2020-07-15 12:05:00-04:00,short,10760.297956841667,10574.75,TP,185.55,2020-07-08,-3183.26
2020-07-16,2020-07-16 09:34:00-04:00,2020-07-16 15:00:00-04:00,long,10556.529124282211,10573.0,cutoff,16.47,2020-07-09,-3166.79
2020-07-17,2020-07-17 09:32:00-04:00,2020-07-17 14:16:00-04:00,short,10645.149837633802,10645.149837633802,BE,0.0,2020-07-06,-3166.79
2020-07-20,2020-07-20 09:45:00-04:00,2020-07-20 10:24:00-04:00,short,10645.149837633802,10755.149837633802,SL,-110.0,2020-07-06,-3276.79
2020-07-21,2020-07-21 09:41:00-04:00,2020-07-21 15:00:00-04:00,short,10908.882006067528,10900.25,cutoff,8.63,2020-07-20,-3268.16
2020-07-22,2020-07-22 09:31:00-04:00,2020-07-22 15:00:00-04:00,short,10835.830557059622,10817.0,cutoff,18.83,2020-07-14,-3249.33
2020-07-23,2020-07-23 09:31:00-04:00,2020-07-23 10:36:00-04:00,short,10831.229683998485,10831.229683998485,BE,0.0,2020-07-17,-3249.33
2020-07-23,2020-07-23 10:40:00-04:00,2020-07-23 13:48:00-04:00,short,10835.830557059622,10611.5,TP,224.33,2020-07-14,-3025.0
2020-07-24,2020-07-24 09:32:00-04:00,2020-07-24 10:34:00-04:00,long,10402.458341307061,10402.458341307061,BE,0.0,2020-07-07,-3025.0
2020-07-24,2020-07-24 10:39:00-04:00,2020-07-24 13:13:00-04:00,long,10405.520316001515,10405.520316001515,BE,0.0,2020-07-17,-3025.0
2020-07-27,2020-07-27 09:32:00-04:00,2020-07-27 14:23:00-04:00,short,10530.716111433376,10640.716111433376,SL,-110.0,2020-07-02,-3135.0
2020-07-28,2020-07-28 09:31:00-04:00,2020-07-28 11:39:00-04:00,short,10637.79850387766,10637.79850387766,BE,0.0,2020-07-24,-3135.0
2020-07-29,2020-07-29 10:37:00-04:00,2020-07-29 11:28:00-04:00,short,10637.79850387766,10637.79850387766,BE,0.0,2020-07-24,-3135.0
2020-07-30,2020-07-30 09:55:00-04:00,2020-07-30 10:52:00-04:00,long,10556.529124282211,10556.529124282211,BE,0.0,2020-07-09,-3135.0
2020-07-31,2020-07-31 09:35:00-04:00,2020-07-31 15:00:00-04:00,short,10835.830557059622,10800.25,cutoff,35.58,2020-07-14,-3099.42
2020-08-03,2020-08-03 09:33:00-04:00,2020-08-03 15:00:00-04:00,short,11023.64486768893,11061.25,cutoff,-37.61,2020-07-22,-3137.03
2020-08-04,2020-08-04 09:38:00-04:00,2020-08-04 15:00:00-04:00,short,11022.153653034926,11026.5,cutoff,-4.35,2020-07-23,-3141.38
2020-08-05,2020-08-05 09:51:00-04:00,2020-08-05 15:00:00-04:00,short,11106.176913153135,11109.25,cutoff,-3.07,2020-07-31,-3144.45
2020-08-06,2020-08-06 09:35:00-04:00,2020-08-06 14:09:00-04:00,short,11106.176913153135,11216.176913153135,SL,-110.0,2020-07-31,-3254.45
2020-08-07,2020-08-07 10:52:00-04:00,2020-08-07 14:32:00-04:00,short,11257.399972883184,11057.75,TP,199.65,2020-08-05,-3054.8
2020-08-10,2020-08-10 09:53:00-04:00,2020-08-10 15:00:00-04:00,short,11106.176913153135,11081.75,cutoff,24.43,2020-07-31,-3030.37
2020-08-11,2020-08-11 09:45:00-04:00,2020-08-11 11:02:00-04:00,short,11023.64486768893,11023.64486768893,BE,0.0,2020-07-22,-3030.37
2020-08-12,2020-08-12 09:48:00-04:00,2020-08-12 11:58:00-04:00,short,11023.64486768893,11133.64486768893,SL,-110.0,2020-07-22,-3140.37
2020-08-13,2020-08-13 09:31:00-04:00,2020-08-13 15:00:00-04:00,short,11180.134608496011,11151.75,cutoff,28.38,2020-07-21,-3111.99
2020-08-14,2020-08-14 09:31:00-04:00,2020-08-14 15:00:00-04:00,short,11197.561633940055,11146.25,cutoff,51.31,2020-08-04,-3060.68
2020-08-17,2020-08-17 09:31:00-04:00,2020-08-17 15:00:00-04:00,short,11226.37510379692,11292.5,cutoff,-66.12,2020-08-12,-3126.8
2020-08-18,2020-08-18 09:35:00-04:00,2020-08-18 11:09:00-04:00,short,11353.428427392624,11353.428427392624,BE,0.0,2020-08-13,-3126.8
2020-08-19,2020-08-19 09:34:00-04:00,2020-08-19 10:24:00-04:00,short,11393.494372271074,11393.494372271074,BE,0.0,2020-08-17,-3126.8
2020-08-20,2020-08-20 09:35:00-04:00,2020-08-20 11:54:00-04:00,short,11308.249889090679,11418.249889090679,SL,-110.0,2020-08-10,-3236.8
2020-08-21,2020-08-21 09:45:00-04:00,2020-08-21 15:00:00-04:00,short,11503.059627482893,11554.5,cutoff,-51.44,2020-08-20,-3288.24
2020-08-24,2020-08-24 09:58:00-04:00,2020-08-24 15:00:00-04:00,short,11657.182826359074,11570.25,cutoff,86.93,2020-08-21,-3201.31
2020-08-26,2020-08-26 09:34:00-04:00,2020-08-26 11:41:00-04:00,short,11773.882955083516,11883.882955083516,SL,-110.0,2020-08-25,-3311.31
2020-08-27,2020-08-27 09:40:00-04:00,2020-08-27 11:46:00-04:00,short,11933.125742119906,12043.125742119906,SL,-110.0,2020-08-26,-3421.31
2020-09-01,2020-09-01 09:32:00-04:00,2020-09-01 15:00:00-04:00,short,12175.52827197218,12274.75,cutoff,-99.22,2020-08-28,-3520.53
2020-09-03,2020-09-03 09:38:00-04:00,2020-09-03 10:38:00-04:00,short,12206.825693556519,12022.75,TP,184.08,2020-08-27,-3336.45
2020-09-03,2020-09-03 10:46:00-04:00,2020-09-03 11:18:00-04:00,long,11938.563043583583,11828.563043583583,SL,-110.0,2020-09-01,-3446.45
2020-09-04,2020-09-04 09:31:00-04:00,2020-09-04 09:53:00-04:00,short,11773.882955083516,11584.75,TP,189.13,2020-08-25,-3257.32
2020-09-04,2020-09-04 09:55:00-04:00,2020-09-04 10:32:00-04:00,short,11549.90659303957,11366.25,TP,183.66,2020-08-19,-3073.66
2020-09-04,2020-09-04 10:33:00-04:00,2020-09-04 10:43:00-04:00,short,11353.428427392624,11164.75,TP,188.68,2020-08-13,-2884.98
2020-09-04,2020-09-04 10:45:00-04:00,2020-09-04 10:55:00-04:00,short,11198.889330594502,11308.889330594502,SL,-110.0,2020-08-11,-2994.98
2020-09-07,2020-09-07 09:56:00-04:00,2020-09-07 12:59:00-04:00,long,11457.682293514365,11501.25,cutoff,43.57,2020-08-24,-2951.41
2020-09-08,2020-09-08 09:31:00-04:00,2020-09-08 10:11:00-04:00,short,11226.37510379692,11336.37510379692,SL,-110.0,2020-08-12,-3061.41
2020-09-09,2020-09-09 09:33:00-04:00,2020-09-09 10:20:00-04:00,long,11253.833137562138,11253.833137562138,BE,0.0,2020-09-07,-3061.41
2020-09-09,2020-09-09 10:28:00-04:00,2020-09-09 11:15:00-04:00,short,11353.428427392624,11353.428427392624,BE,0.0,2020-08-13,-3061.41
2020-09-10,2020-09-10 09:31:00-04:00,2020-09-10 14:15:00-04:00,short,11503.059627482893,11294.0,TP,209.06,2020-08-20,-2852.35
2020-09-11,2020-09-11 09:31:00-04:00,2020-09-11 09:56:00-04:00,long,11253.833137562138,11143.833137562138,SL,-110.0,2020-09-07,-2962.35
2020-09-14,2020-09-14 09:33:00-04:00,2020-09-14 13:16:00-04:00,long,11216.34340696043,11216.34340696043,BE,0.0,2020-08-19,-2962.35
2020-09-15,2020-09-15 09:38:00-04:00,2020-09-15 15:00:00-04:00,long,11427.367044916484,11441.25,cutoff,13.88,2020-08-25,-2948.47
2020-09-16,2020-09-16 09:32:00-04:00,2020-09-16 10:45:00-04:00,long,11457.682293514365,11347.682293514365,SL,-110.0,2020-08-24,-3058.47
2020-09-17,2020-09-17 09:32:00-04:00,2020-09-17 12:09:00-04:00,long,10986.003952631198,10986.003952631198,BE,0.0,2020-09-09,-3058.47
2020-09-18,2020-09-18 09:31:00-04:00,2020-09-18 10:36:00-04:00,long,11108.132855575252,10998.132855575252,SL,-110.0,2020-09-04,-3168.47
2020-09-21,2020-09-21 09:38:00-04:00,2020-09-21 10:25:00-04:00,long,10727.425618727215,10727.425618727215,BE,0.0,2020-09-17,-3168.47
2020-09-22,2020-09-22 09:42:00-04:00,2020-09-22 14:02:00-04:00,short,11009.021196622394,11119.021196622394,SL,-110.0,2020-09-21,-3278.47
2020-09-23,2020-09-23 09:36:00-04:00,2020-09-23 11:53:00-04:00,long,11108.132855575252,10998.132855575252,SL,-110.0,2020-09-04,-3388.47
2020-09-24,2020-09-24 09:34:00-04:00,2020-09-24 10:17:00-04:00,long,10727.425618727215,10914.5,TP,187.07,2020-09-17,-3201.4
2020-09-24,2020-09-24 10:18:00-04:00,2020-09-24 10:31:00-04:00,long,10928.374158194558,10818.374158194558,SL,-110.0,2020-09-11,-3311.4
2020-09-25,2020-09-25 09:31:00-04:00,2020-09-25 14:31:00-04:00,long,10889.008297915436,11074.0,TP,184.99,2020-09-23,-3126.41
2020-09-28,2020-09-28 09:41:00-04:00,2020-09-28 13:40:00-04:00,short,11326.604011271396,11326.604011271396,BE,0.0,2020-09-18,-3126.41
2020-09-29,2020-09-29 09:34:00-04:00,2020-09-29 15:00:00-04:00,short,11360.491702084564,11345.25,cutoff,15.24,2020-09-23,-3111.17
2020-09-30,2020-09-30 09:32:00-04:00,2020-09-30 10:24:00-04:00,short,11360.491702084564,11470.491702084564,SL,-110.0,2020-09-23,-3221.17
2020-10-01,2020-10-01 09:48:00-04:00,2020-10-01 10:35:00-04:00,short,11532.33747309487,11532.33747309487,BE,0.0,2020-09-28,-3221.17
2020-10-01,2020-10-01 10:37:00-04:00,2020-10-01 11:27:00-04:00,short,11533.578562867373,11533.578562867373,BE,0.0,2020-09-29,-3221.17
2020-10-02,2020-10-02 09:31:00-04:00,2020-10-02 15:00:00-04:00,short,11360.491702084564,11301.5,cutoff,58.99,2020-09-23,-3162.18
2020-10-05,2020-10-05 09:35:00-04:00,2020-10-05 15:00:00-04:00,long,11332.60493006846,11463.0,cutoff,130.4,2020-10-01,-3031.78
2020-10-08,2020-10-08 09:32:00-04:00,2020-10-08 15:00:00-04:00,short,11565.107239575818,11534.0,cutoff,31.11,2020-10-05,-3000.67
2020-10-09,2020-10-09 09:32:00-04:00,2020-10-09 15:00:00-04:00,short,11596.252640737981,11673.0,cutoff,-76.75,2020-10-07,-3077.42
2020-10-13,2020-10-13 09:33:00-04:00,2020-10-13 10:23:00-04:00,short,12105.637823000776,12105.637823000776,BE,0.0,2020-10-12,-3077.42
2020-10-14,2020-10-14 09:36:00-04:00,2020-10-14 12:26:00-04:00,short,12105.637823000776,11923.25,TP,182.39,2020-10-12,-2895.03
2020-10-15,2020-10-15 09:31:00-04:00,2020-10-15 15:00:00-04:00,short,11794.396357206313,11850.25,cutoff,-55.85,2020-10-09,-2950.88
2020-10-19,2020-10-19 09:55:00-04:00,2020-10-19 10:37:00-04:00,long,11886.27611815851,11776.27611815851,SL,-110.0,2020-10-13,-3060.88
2020-10-20,2020-10-20 09:37:00-04:00,2020-10-20 10:55:00-04:00,long,11639.793848318743,11639.793848318743,BE,0.0,2020-10-19,-3060.88
2020-10-21,2020-10-21 09:48:00-04:00,2020-10-21 14:56:00-04:00,short,11749.39506993154,11749.39506993154,BE,0.0,2020-10-01,-3060.88
2020-10-22,2020-10-22 09:32:00-04:00,2020-10-22 10:23:00-04:00,long,11712.862176999224,11602.862176999224,SL,-110.0,2020-10-12,-3170.88
2020-10-23,2020-10-23 09:33:00-04:00,2020-10-23 15:00:00-04:00,long,11639.793848318743,11621.5,cutoff,-18.29,2020-10-19,-3189.17
2020-10-26,2020-10-26 09:31:00-04:00,2020-10-26 13:39:00-04:00,short,11596.252640737981,11368.25,TP,228.0,2020-10-07,-2961.17
2020-10-27,2020-10-27 09:45:00-04:00,2020-10-27 10:48:00-04:00,short,11565.107239575818,11565.107239575818,BE,0.0,2020-10-05,-2961.17
2020-10-27,2020-10-27 10:53:00-04:00,2020-10-27 12:30:00-04:00,long,11559.063209803786,11559.063209803786,BE,0.0,2020-10-15,-2961.17
2020-10-28,2020-10-28 09:31:00-04:00,2020-10-28 09:51:00-04:00,long,11408.97091315812,11298.97091315812,SL,-110.0,2020-10-22,-3071.17
2020-10-29,2020-10-29 09:39:00-04:00,2020-10-29 14:37:00-04:00,long,11190.997359262019,11435.75,TP,244.75,2020-10-07,-2826.42
2020-10-30,2020-10-30 09:34:00-04:00,2020-10-30 09:50:00-04:00,long,11247.116288424255,11137.116288424255,SL,-110.0,2020-10-06,-2936.42
2020-11-02,2020-11-02 09:53:00-05:00,2020-11-02 11:17:00-05:00,long,11190.997359262019,11080.997359262019,SL,-110.0,2020-10-07,-3046.42
2020-11-03,2020-11-03 09:55:00-05:00,2020-11-03 15:00:00-05:00,long,11190.997359262019,11273.75,cutoff,82.75,2020-10-07,-2963.67
2020-11-04,2020-11-04 09:33:00-05:00,2020-11-04 10:21:00-05:00,short,11667.350479194514,11777.350479194514,SL,-110.0,2020-10-28,-3073.67
2020-11-05,2020-11-05 09:33:00-05:00,2020-11-05 10:07:00-05:00,short,11991.199723329857,12101.199723329857,SL,-110.0,2020-11-04,-3183.67
2020-11-06,2020-11-06 09:33:00-05:00,2020-11-06 10:27:00-05:00,short,11991.199723329857,11991.199723329857,BE,0.0,2020-11-04,-3183.67
2020-11-09,2020-11-09 09:31:00-05:00,2020-11-09 14:30:00-05:00,short,12186.030810509164,11999.75,TP,186.28,2020-10-16,-2997.39
2020-11-10,2020-11-10 09:32:00-05:00,2020-11-10 09:46:00-05:00,long,11736.362818279254,11626.362818279254,SL,-110.0,2020-11-06,-3107.39
2020-11-11,2020-11-11 09:36:00-05:00,2020-11-11 15:00:00-05:00,long,11749.344189490836,11844.0,cutoff,94.66,2020-10-16,-3012.73
2020-11-12,2020-11-12 09:31:00-05:00,2020-11-12 15:00:00-05:00,short,11926.02908684188,11804.25,cutoff,121.78,2020-10-22,-2890.95
2020-11-13,2020-11-13 09:31:00-05:00,2020-11-13 14:58:00-05:00,short,11904.375147228217,11904.375147228217,BE,0.0,2020-10-20,-2890.95
2020-11-16,2020-11-16 09:32:00-05:00,2020-11-16 10:59:00-05:00,short,11904.375147228217,12014.375147228217,SL,-110.0,2020-10-20,-3000.95
2020-11-17,2020-11-17 09:46:00-05:00,2020-11-17 15:00:00-05:00,short,11991.199723329857,12012.0,cutoff,-20.8,2020-11-04,-3021.75
2020-11-18,2020-11-18 09:39:00-05:00,2020-11-18 11:14:00-05:00,short,11982.847299040208,11982.847299040208,BE,0.0,2020-11-11,-3021.75
2020-11-19,2020-11-19 09:32:00-05:00,2020-11-19 14:42:00-05:00,short,11875.730155823774,11985.730155823774,SL,-110.0,2020-10-23,-3131.75
2020-11-20,2020-11-20 09:50:00-05:00,2020-11-20 15:00:00-05:00,short,11982.847299040208,11980.0,cutoff,2.85,2020-11-11,-3128.9
2020-11-23,2020-11-23 09:45:00-05:00,2020-11-23 15:00:00-05:00,short,11991.199723329857,11918.0,cutoff,73.2,2020-11-04,-3055.7
2020-11-24,2020-11-24 09:33:00-05:00,2020-11-24 10:38:00-05:00,short,11943.547030998563,11943.547030998563,BE,0.0,2020-11-10,-3055.7
2020-11-24,2020-11-24 10:51:00-05:00,2020-11-24 14:02:00-05:00,short,11982.847299040208,12092.847299040208,SL,-110.0,2020-11-11,-3165.7
2020-11-25,2020-11-25 09:32:00-05:00,2020-11-25 10:51:00-05:00,short,12119.74645437204,12119.74645437204,BE,0.0,2020-11-20,-3165.7
2020-11-25,2020-11-25 10:58:00-05:00,2020-11-25 12:14:00-05:00,short,12109.372943648514,12109.372943648514,BE,0.0,2020-11-12,-3165.7
2020-11-26,2020-11-26 10:14:00-05:00,2020-11-26 12:59:00-05:00,short,12188.735131210404,12153.75,cutoff,34.99,2020-11-17,-3130.71
2020-11-27,2020-11-27 10:14:00-05:00,2020-11-27 13:14:00-05:00,short,12264.887181720746,12273.25,cutoff,-8.36,2020-11-06,-3139.07
2020-11-30,2020-11-30 09:36:00-05:00,2020-11-30 14:40:00-05:00,short,12264.887181720746,12264.887181720746,BE,0.0,2020-11-06,-3139.07
2020-12-01,2020-12-01 10:02:00-05:00,2020-12-01 11:05:00-05:00,short,12410.052418330972,12410.052418330972,BE,0.0,2020-11-27,-3139.07
2020-12-02,2020-12-02 09:44:00-05:00,2020-12-02 11:14:00-05:00,short,12329.636626829917,12439.636626829917,SL,-110.0,2020-11-26,-3249.07
2020-12-04,2020-12-04 09:36:00-05:00,2020-12-04 15:00:00-05:00,short,12463.418605308005,12517.75,cutoff,-54.33,2020-11-09,-3303.4
2020-12-07,2020-12-07 09:39:00-05:00,2020-12-07 15:00:00-05:00,short,12567.753382056055,12581.75,cutoff,-14.0,2020-12-01,-3317.4
2020-12-08,2020-12-08 09:31:00-05:00,2020-12-08 11:59:00-05:00,short,12586.464225177839,12586.464225177839,BE,0.0,2020-12-02,-3317.4
2020-12-09,2020-12-09 10:17:00-05:00,2020-12-09 13:56:00-05:00,short,12586.464225177839,12375.25,TP,211.21,2020-12-02,-3106.19
2020-12-10,2020-12-10 09:31:00-05:00,2020-12-10 09:58:00-05:00,short,12270.439816503806,12380.439816503806,SL,-110.0,2020-11-25,-3216.19
2020-12-11,2020-12-11 09:33:00-05:00,2020-12-11 10:51:00-05:00,long,12306.297441328374,12306.297441328374,BE,0.0,2020-12-03,-3216.19
2020-12-14,2020-12-14 09:31:00-05:00,2020-12-14 15:00:00-05:00,short,12447.31473883935,12518.5,cutoff,-71.19,2020-11-30,-3287.38
2020-12-15,2020-12-15 09:31:00-05:00,2020-12-15 10:21:00-05:00,short,12569.580163178834,12569.580163178834,BE,0.0,2020-12-10,-3287.38
2020-12-16,2020-12-16 09:38:00-05:00,2020-12-16 10:23:00-05:00,short,12586.464225177839,12586.464225177839,BE,0.0,2020-12-02,-3287.38
2020-12-17,2020-12-17 09:32:00-05:00,2020-12-17 15:00:00-05:00,short,12743.687013793919,12729.75,cutoff,13.94,2020-12-08,-3273.44
2020-12-18,2020-12-18 09:45:00-05:00,2020-12-18 15:00:00-05:00,short,12743.687013793919,12663.25,cutoff,80.44,2020-12-08,-3193.0
2020-12-21,2020-12-21 09:49:00-05:00,2020-12-21 15:00:00-05:00,long,12570.712238347565,12682.0,cutoff,111.29,2020-12-17,-3081.71
2020-12-22,2020-12-22 09:48:00-05:00,2020-12-22 10:33:00-05:00,short,12722.324964145053,12722.324964145053,BE,0.0,2020-12-07,-3081.71
2020-12-22,2020-12-22 10:34:00-05:00,2020-12-22 15:00:00-05:00,short,12726.133997689696,12697.25,cutoff,28.88,2020-12-15,-3052.83
2020-12-23,2020-12-23 09:48:00-05:00,2020-12-23 15:00:00-05:00,short,12660.327558671626,12701.0,cutoff,-40.67,2020-12-03,-3093.5
2020-12-24,2020-12-24 09:31:00-05:00,2020-12-24 13:14:00-05:00,short,12672.466798747515,12703.0,cutoff,-30.53,2020-12-14,-3124.03
2020-12-28,2020-12-28 09:31:00-05:00,2020-12-28 11:02:00-05:00,short,12816.798684725329,12816.798684725329,BE,0.0,2020-12-21,-3124.03
2020-12-29,2020-12-29 09:33:00-05:00,2020-12-29 15:00:00-05:00,short,12901.412761652435,12844.0,cutoff,57.41,2020-12-17,-3066.62
2020-12-30,2020-12-30 09:31:00-05:00,2020-12-30 15:00:00-05:00,short,12901.412761652435,12848.0,cutoff,53.41,2020-12-17,-3013.21
2021-01-04,2021-01-04 09:34:00-05:00,2021-01-04 11:07:00-05:00,short,12901.412761652435,12713.75,TP,187.66,2020-12-17,-2825.55
2021-01-05,2021-01-05 09:31:00-05:00,2021-01-05 10:16:00-05:00,short,12672.466798747515,12782.466798747515,SL,-110.0,2020-12-14,-2935.55
2021-01-06,2021-01-06 09:33:00-05:00,2021-01-06 11:23:00-05:00,long,12570.712238347565,12761.0,TP,190.29,2020-12-17,-2745.26
2021-01-07,2021-01-07 09:31:00-05:00,2021-01-07 10:01:00-05:00,short,12743.687013793919,12853.687013793919,SL,-110.0,2020-12-08,-2855.26
2021-01-08,2021-01-08 09:31:00-05:00,2021-01-08 15:00:00-05:00,short,13020.927210784295,13042.75,cutoff,-21.82,2021-01-07,-2877.08
2021-01-11,2021-01-11 09:31:00-05:00,2021-01-11 10:16:00-05:00,short,12972.891274962194,12972.891274962194,BE,0.0,2020-12-28,-2877.08
2021-01-12,2021-01-12 09:31:00-05:00,2021-01-12 11:15:00-05:00,short,12918.69840014535,12918.69840014535,BE,0.0,2021-01-05,-2877.08
2021-01-13,2021-01-13 09:33:00-05:00,2021-01-13 15:00:00-05:00,short,12901.412761652435,12989.25,cutoff,-87.84,2020-12-17,-2964.92
2021-01-14,2021-01-14 10:45:00-05:00,2021-01-14 15:00:00-05:00,short,13020.927210784295,12949.0,cutoff,71.93,2021-01-07,-2892.99
2021-01-15,2021-01-15 09:31:00-05:00,2021-01-15 15:00:00-05:00,short,12901.412761652435,12829.75,cutoff,71.66,2020-12-17,-2821.33
2021-01-18,2021-01-18 10:01:00-05:00,2021-01-18 12:59:00-05:00,long,12812.15602345845,12814.0,cutoff,1.84,2021-01-08,-2819.49
2021-01-19,2021-01-19 09:32:00-05:00,2021-01-19 15:00:00-05:00,short,12900.844260317794,12985.75,cutoff,-84.91,2020-12-22,-2904.4
2021-01-20,2021-01-20 09:31:00-05:00,2021-01-20 10:33:00-05:00,short,13129.140117721747,13239.140117721747,SL,-110.0,2021-01-15,-3014.4
2021-01-21,2021-01-21 10:17:00-05:00,2021-01-21 15:00:00-05:00,short,13373.571867454353,13405.25,cutoff,-31.68,2021-01-20,-3046.08
2021-01-22,2021-01-22 09:46:00-05:00,2021-01-22 11:52:00-05:00,short,13373.571867454353,13373.571867454353,BE,0.0,2021-01-20,-3046.08
2021-01-25,2021-01-25 09:34:00-05:00,2021-01-25 10:19:00-05:00,short,13530.829602947819,13530.829602947819,BE,0.0,2021-01-21,-3046.08
2021-01-25,2021-01-25 11:00:00-05:00,2021-01-25 15:00:00-05:00,short,13373.571867454353,13436.5,cutoff,-62.93,2021-01-20,-3109.01
2021-01-27,2021-01-27 09:32:00-05:00,2021-01-27 09:53:00-05:00,long,13281.87280141763,13171.87280141763,SL,-110.0,2021-01-26,-3219.01
2021-01-28,2021-01-28 09:33:00-05:00,2021-01-28 10:18:00-05:00,short,13161.060130644688,13271.060130644688,SL,-110.0,2021-01-11,-3329.01
2021-01-29,2021-01-29 09:32:00-05:00,2021-01-29 10:17:00-05:00,short,13106.257554902917,13106.257554902917,BE,0.0,2021-01-04,-3329.01
2021-01-29,2021-01-29 10:20:00-05:00,2021-01-29 12:40:00-05:00,short,13108.910184604236,12910.25,TP,198.66,2021-01-12,-3130.35
2021-02-01,2021-02-01 09:33:00-05:00,2021-02-01 10:28:00-05:00,short,13085.890264484906,13085.890264484906,BE,0.0,2021-01-13,-3130.35
2021-02-01,2021-02-01 10:41:00-05:00,2021-02-01 11:42:00-05:00,short,13081.986247428205,13191.986247428205,SL,-110.0,2021-01-19,-3240.35
2021-02-02,2021-02-02 09:32:00-05:00,2021-02-02 13:45:00-05:00,short,13373.571867454353,13483.571867454353,SL,-110.0,2021-01-20,-3350.35
2021-02-03,2021-02-03 09:33:00-05:00,2021-02-03 12:40:00-05:00,short,13481.905753848854,13481.905753848854,BE,0.0,2021-01-28,-3350.35
2021-02-05,2021-02-05 10:03:00-05:00,2021-02-05 15:00:00-05:00,short,13530.829602947819,13594.5,cutoff,-63.67,2021-01-21,-3414.02
2021-02-08,2021-02-08 09:34:00-05:00,2021-02-08 15:00:00-05:00,short,13646.840190149836,13639.75,cutoff,7.09,2021-02-04,-3406.93
2021-02-09,2021-02-09 09:35:00-05:00,2021-02-09 15:00:00-05:00,short,13679.37719858237,13705.0,cutoff,-25.62,2021-01-26,-3432.55
2021-02-10,2021-02-10 10:21:00-05:00,2021-02-10 14:26:00-05:00,short,13646.840190149836,13646.840190149836,BE,0.0,2021-02-04,-3432.55
2021-02-11,2021-02-11 09:52:00-05:00,2021-02-11 15:00:00-05:00,short,13688.795702475387,13689.25,cutoff,-0.45,2021-01-25,-3433.0
2021-02-12,2021-02-12 09:33:00-05:00,2021-02-12 15:00:00-05:00,short,13679.37719858237,13742.25,cutoff,-62.87,2021-01-26,-3495.87
2021-02-15,2021-02-15 09:31:00-05:00,2021-02-15 12:59:00-05:00,short,13852.90228910213,13872.0,cutoff,-19.1,2021-02-09,-3514.97
2021-02-16,2021-02-16 09:32:00-05:00,2021-02-16 10:22:00-05:00,short,13852.90228910213,13852.90228910213,BE,0.0,2021-02-09,-3514.97
2021-02-16,2021-02-16 10:29:00-05:00,2021-02-16 15:00:00-05:00,short,13863.442729351453,13773.75,cutoff,89.69,2021-02-12,-3425.28
2021-02-17,2021-02-17 09:31:00-05:00,2021-02-17 10:55:00-05:00,short,13646.840190149836,13646.840190149836,BE,0.0,2021-02-04,-3425.28
2021-02-18,2021-02-18 09:31:00-05:00,2021-02-18 15:00:00-05:00,long,13538.96792257611,13643.0,cutoff,104.03,2021-02-11,-3321.25
2021-02-19,2021-02-19 09:32:00-05:00,2021-02-19 10:58:00-05:00,short,13679.37719858237,13679.37719858237,BE,0.0,2021-01-26,-3321.25
2021-02-22,2021-02-22 09:33:00-05:00,2021-02-22 15:00:00-05:00,long,13388.678340404182,13330.75,cutoff,-57.93,2021-02-05,-3379.18
2021-02-23,2021-02-23 09:39:00-05:00,2021-02-23 09:50:00-05:00,long,12876.969246151146,12766.969246151146,SL,-110.0,2021-01-28,-3489.18
2021-02-25,2021-02-25 09:34:00-05:00,2021-02-25 10:06:00-05:00,long,13244.01621934458,13134.01621934458,SL,-110.0,2021-02-03,-3599.18
2021-02-26,2021-02-26 09:31:00-05:00,2021-02-26 10:09:00-05:00,long,12933.843969004327,12823.843969004327,SL,-110.0,2021-02-25,-3709.18
2021-03-01,2021-03-01 10:22:00-05:00,2021-03-01 15:00:00-05:00,long,13138.126875704074,13272.25,cutoff,134.12,2021-02-02,-3575.06
2021-03-02,2021-03-02 09:31:00-05:00,2021-03-02 15:00:00-05:00,short,13294.905916763611,13166.75,cutoff,128.16,2021-02-23,-3446.9
2021-03-03,2021-03-03 09:35:00-05:00,2021-03-03 09:58:00-05:00,long,13016.401124013051,12906.401124013051,SL,-110.0,2021-03-02,-3556.9
2021-03-04,2021-03-04 09:47:00-05:00,2021-03-04 10:04:00-05:00,long,12664.61277273122,12554.61277273122,SL,-110.0,2021-03-03,-3666.9
2021-03-05,2021-03-05 09:32:00-05:00,2021-03-05 09:50:00-05:00,long,12543.721079432133,12433.721079432133,SL,-110.0,2021-02-26,-3776.9
2021-03-08,2021-03-08 09:31:00-05:00,2021-03-08 11:11:00-05:00,long,12599.719083236389,12599.719083236389,BE,0.0,2021-02-23,-3776.9
2021-03-09,2021-03-09 09:31:00-05:00,2021-03-09 13:02:00-05:00,long,12599.719083236389,12795.75,TP,196.03,2021-02-23,-3580.87
2021-03-10,2021-03-10 09:31:00-05:00,2021-03-10 10:25:00-05:00,long,12933.843969004327,12823.843969004327,SL,-110.0,2021-02-25,-3690.87
2021-03-11,2021-03-11 09:34:00-05:00,2021-03-11 10:40:00-05:00,short,12996.127816601733,12996.127816601733,BE,0.0,2021-03-04,-3690.87
2021-03-12,2021-03-12 09:31:00-05:00,2021-03-12 10:16:00-05:00,long,12855.840824947016,12855.840824947016,BE,0.0,2021-03-01,-3690.87
2021-03-12,2021-03-12 10:27:00-05:00,2021-03-12 15:00:00-05:00,long,12792.389509275923,12909.25,cutoff,116.86,2021-02-24,-3574.01
2021-03-15,2021-03-15 09:33:00-04:00,2021-03-15 14:49:00-04:00,short,12909.141971053332,13019.141971053332,SL,-110.0,2021-03-08,-3684.01
2021-03-16,2021-03-16 09:32:00-04:00,2021-03-16 10:51:00-04:00,short,13171.475961304095,13281.475961304095,SL,-110.0,2021-03-11,-3794.01
2021-03-17,2021-03-17 09:33:00-04:00,2021-03-17 14:01:00-04:00,short,12996.127816601733,13106.127816601733,SL,-110.0,2021-03-04,-3904.01
2021-03-18,2021-03-18 09:31:00-04:00,2021-03-18 12:09:00-04:00,short,12996.127816601733,12996.127816601733,BE,0.0,2021-03-04,-3904.01
2021-03-19,2021-03-19 09:39:00-04:00,2021-03-19 10:08:00-04:00,long,12792.389509275923,12682.389509275923,SL,-110.0,2021-02-24,-4014.01
2021-03-22,2021-03-22 09:52:00-04:00,2021-03-22 12:10:00-04:00,short,12996.127816601733,13106.127816601733,SL,-110.0,2021-03-04,-4124.01
2021-03-23,2021-03-23 09:33:00-04:00,2021-03-23 15:00:00-04:00,short,13090.352101714769,13043.25,cutoff,47.1,2021-03-12,-4076.91
2021-03-24,2021-03-24 09:38:00-04:00,2021-03-24 13:02:00-04:00,long,13016.401124013051,12906.401124013051,SL,-110.0,2021-03-02,-4186.91
2021-03-25,2021-03-25 09:32:00-04:00,2021-03-25 10:30:00-04:00,long,12727.008373529017,12727.008373529017,BE,0.0,2021-03-15,-4186.91
2021-03-25,2021-03-25 10:32:00-04:00,2021-03-25 11:25:00-04:00,long,12739.774038695905,12629.774038695905,SL,-110.0,2021-03-11,-4296.91
2021-03-26,2021-03-26 09:31:00-04:00,2021-03-26 11:24:00-04:00,long,12767.107598941599,12767.107598941599,BE,0.0,2021-03-17,-4296.91
2021-03-29,2021-03-29 09:31:00-04:00,2021-03-29 10:02:00-04:00,long,12945.071957511602,12835.071957511602,SL,-110.0,2021-03-16,-4406.91
2021-03-30,2021-03-30 09:31:00-04:00,2021-03-30 11:11:00-04:00,short,12884.42255597324,12884.42255597324,BE,0.0,2021-03-05,-4406.91
2021-03-31,2021-03-31 09:35:00-04:00,2021-03-31 10:20:00-04:00,short,12980.679089774212,13090.679089774212,SL,-110.0,2021-03-25,-4516.91
2021-04-01,2021-04-01 09:36:00-04:00,2021-04-01 15:00:00-04:00,short,13279.716633298362,13301.5,cutoff,-21.78,2021-03-24,-4538.69
2021-04-05,2021-04-05 09:33:00-04:00,2021-04-05 11:36:00-04:00,short,13438.997987515359,13548.997987515359,SL,-110.0,2021-04-01,-4648.69
2021-04-08,2021-04-08 09:33:00-04:00,2021-04-08 10:45:00-04:00,short,13739.329262634976,13739.329262634976,BE,0.0,2021-04-06,-4648.69
2021-04-09,2021-04-09 10:04:00-04:00,2021-04-09 11:33:00-04:00,short,13739.329262634976,13739.329262634976,BE,0.0,2021-04-06,-4648.69
2021-04-12,2021-04-12 09:52:00-04:00,2021-04-12 15:00:00-04:00,short,13752.062079921416,13783.25,cutoff,-31.19,2021-04-07,-4679.88
2021-04-13,2021-04-13 09:31:00-04:00,2021-04-13 15:00:00-04:00,short,13883.3727833234,13969.75,cutoff,-86.38,2021-04-08,-4766.26
2021-04-14,2021-04-14 10:24:00-04:00,2021-04-14 15:00:00-04:00,short,13940.822384174495,13806.25,cutoff,134.57,2021-04-12,-4631.69
2021-04-15,2021-04-15 09:31:00-04:00,2021-04-15 15:00:00-04:00,short,13940.822384174495,14001.25,cutoff,-60.43,2021-04-12,-4692.12
2021-04-19,2021-04-19 10:34:00-04:00,2021-04-19 15:00:00-04:00,short,13940.822384174495,13885.5,cutoff,55.32,2021-04-12,-4636.8
2021-04-20,2021-04-20 09:36:00-04:00,2021-04-20 15:00:00-04:00,short,13883.3727833234,13744.0,cutoff,139.37,2021-04-08,-4497.43
2021-04-21,2021-04-21 09:34:00-04:00,2021-04-21 11:26:00-04:00,short,13739.329262634976,13849.329262634976,SL,-110.0,2021-04-06,-4607.43
2021-04-22,2021-04-22 09:33:00-04:00,2021-04-22 15:00:00-04:00,short,13883.3727833234,13761.75,cutoff,121.62,2021-04-08,-4485.81
2021-04-23,2021-04-23 09:32:00-04:00,2021-04-23 15:00:00-04:00,long,13807.528061776498,13961.25,cutoff,153.72,2021-04-14,-4332.09
2021-04-26,2021-04-26 09:31:00-04:00,2021-04-26 15:00:00-04:00,short,13940.822384174495,14021.25,cutoff,-80.43,2021-04-12,-4412.52
2021-04-27,2021-04-27 09:54:00-04:00,2021-04-27 11:52:00-04:00,short,13960.89952263272,13960.89952263272,BE,0.0,2021-04-21,-4412.52
2021-04-28,2021-04-28 09:48:00-04:00,2021-04-28 15:00:00-04:00,short,13940.822384174495,13953.5,cutoff,-12.68,2021-04-12,-4425.2
2021-04-29,2021-04-29 09:56:00-04:00,2021-04-29 14:42:00-04:00,short,13960.89952263272,13960.89952263272,BE,0.0,2021-04-21,-4425.2
2021-04-30,2021-04-30 09:32:00-04:00,2021-04-30 15:00:00-04:00,short,13873.479850750839,13856.5,cutoff,16.98,2021-04-09,-4408.22
2021-05-03,2021-05-03 09:41:00-04:00,2021-05-03 15:00:00-04:00,short,13873.479850750839,13812.75,cutoff,60.73,2021-04-09,-4347.49
2021-05-04,2021-05-04 09:33:00-04:00,2021-05-04 10:06:00-04:00,long,13623.32431093971,13513.32431093971,SL,-110.0,2021-04-23,-4457.49
2021-05-05,2021-05-05 09:35:00-04:00,2021-05-05 15:00:00-04:00,long,13619.677615825505,13542.25,cutoff,-77.43,2021-04-12,-4534.92
2021-05-06,2021-05-06 10:21:00-04:00,2021-05-06 12:35:00-04:00,long,13388.96846679183,13569.25,TP,180.28,2021-05-05,-4354.64
2021-05-07,2021-05-07 09:32:00-04:00,2021-05-07 10:18:00-04:00,short,13677.48205119757,13787.48205119757,SL,-110.0,2021-05-06,-4464.64
2021-05-10,2021-05-10 09:38:00-04:00,2021-05-10 14:10:00-04:00,long,13547.10047736728,13437.10047736728,SL,-110.0,2021-04-21,-4574.64
2021-05-11,2021-05-11 09:59:00-04:00,2021-05-11 10:35:00-04:00,long,13256.14294880243,13146.14294880243,SL,-110.0,2021-05-06,-4684.64
2021-05-14,2021-05-14 09:59:00-04:00,2021-05-14 15:00:00-04:00,long,13256.14294880243,13417.0,cutoff,160.86,2021-05-06,-4523.78
2021-05-17,2021-05-17 10:01:00-04:00,2021-05-17 11:10:00-04:00,long,13256.14294880243,13256.14294880243,BE,0.0,2021-05-06,-4523.78
2021-05-18,2021-05-18 10:29:00-04:00,2021-05-18 15:00:00-04:00,short,13378.42608889639,13269.25,cutoff,109.18,2021-05-12,-4414.6
2021-05-19,2021-05-19 09:47:00-04:00,2021-05-19 14:32:00-04:00,long,13034.817106139166,13216.75,TP,181.93,2021-05-14,-4232.67
2021-05-20,2021-05-20 09:41:00-04:00,2021-05-20 11:40:00-04:00,short,13378.42608889639,13488.42608889639,SL,-110.0,2021-05-12,-4342.67
2021-05-21,2021-05-21 09:31:00-04:00,2021-05-21 15:00:00-04:00,short,13556.392993626328,13442.5,cutoff,113.89,2021-05-20,-4228.78
2021-05-24,2021-05-24 09:31:00-04:00,2021-05-24 15:00:00-04:00,long,13495.178507508765,13678.75,cutoff,183.57,2021-05-07,-4045.21
2021-05-25,2021-05-25 09:32:00-04:00,2021-05-25 15:00:00-04:00,short,13721.457519968146,13644.0,cutoff,77.46,2021-05-21,-3967.75
2021-05-26,2021-05-26 09:34:00-04:00,2021-05-26 15:00:00-04:00,long,13686.343941088197,13702.5,cutoff,16.16,2021-04-30,-3951.59
2021-05-27,2021-05-27 09:31:00-04:00,2021-05-27 15:00:00-04:00,long,13686.343941088197,13665.0,cutoff,-21.34,2021-04-30,-3972.93
2021-05-28,2021-05-28 09:38:00-04:00,2021-05-28 10:23:00-04:00,short,13721.457519968146,13721.457519968146,BE,0.0,2021-05-21,-3972.93
2021-05-28,2021-05-28 10:44:00-04:00,2021-05-28 15:00:00-04:00,long,13725.04197896484,13732.25,cutoff,7.21,2021-05-03,-3965.72
2021-05-31,2021-05-31 09:31:00-04:00,2021-05-31 12:59:00-04:00,short,13677.48205119757,13654.75,cutoff,22.73,2021-05-06,-3942.99
2021-06-01,2021-06-01 09:40:00-04:00,2021-06-01 15:00:00-04:00,short,13760.993648234806,13689.25,cutoff,71.74,2021-05-24,-3871.25
2021-06-02,2021-06-02 09:33:00-04:00,2021-06-02 15:00:00-04:00,short,13677.48205119757,13636.75,cutoff,40.73,2021-05-06,-3830.52
2021-06-03,2021-06-03 09:33:00-04:00,2021-06-03 10:56:00-04:00,short,13556.392993626328,13556.392993626328,BE,0.0,2021-05-20,-3830.52
2021-06-04,2021-06-04 10:01:00-04:00,2021-06-04 15:00:00-04:00,short,13721.457519968146,13775.0,cutoff,-53.54,2021-05-21,-3884.06
2021-06-07,2021-06-07 09:35:00-04:00,2021-06-07 12:15:00-04:00,short,13760.993648234806,13760.993648234806,BE,0.0,2021-05-24,-3884.06
2021-06-08,2021-06-08 09:31:00-04:00,2021-06-08 15:00:00-04:00,short,13876.402438307223,13829.75,cutoff,46.65,2021-06-07,-3837.41
2021-06-09,2021-06-09 09:33:00-04:00,2021-06-09 15:00:00-04:00,short,13876.402438307223,13840.25,cutoff,36.15,2021-06-07,-3801.26
2021-06-10,2021-06-10 09:32:00-04:00,2021-06-10 09:45:00-04:00,short,13822.413257335193,13932.413257335193,SL,-110.0,2021-06-02,-3911.26
2021-06-14,2021-06-14 09:48:00-04:00,2021-06-14 11:27:00-04:00,short,14029.2275428399,14029.2275428399,BE,0.0,2021-06-09,-3911.26
2021-06-15,2021-06-15 09:35:00-04:00,2021-06-15 10:20:00-04:00,short,14078.729232540587,14078.729232540587,BE,0.0,2021-06-10,-3911.26
2021-06-15,2021-06-15 10:22:00-04:00,2021-06-15 15:00:00-04:00,short,14088.939740383306,14022.75,cutoff,66.19,2021-06-11,-3845.07
2021-06-16,2021-06-16 09:38:00-04:00,2021-06-16 14:43:00-04:00,short,14047.020903090288,13861.75,TP,185.27,2021-06-08,-3659.8
2021-06-17,2021-06-17 09:58:00-04:00,2021-06-17 11:16:00-04:00,short,14029.2275428399,14139.2275428399,SL,-110.0,2021-06-09,-3769.8
2021-06-18,2021-06-18 09:31:00-04:00,2021-06-18 15:00:00-04:00,short,14078.729232540587,14039.0,cutoff,39.73,2021-06-10,-3730.07
2021-06-21,2021-06-21 09:54:00-04:00,2021-06-21 13:50:00-04:00,short,14029.2275428399,14139.2275428399,SL,-110.0,2021-06-09,-3840.07
2021-06-22,2021-06-22 09:35:00-04:00,2021-06-22 15:00:00-04:00,short,14152.666148882203,14237.5,cutoff,-84.83,2021-06-14,-3924.9
2021-06-23,2021-06-23 09:31:00-04:00,2021-06-23 15:00:00-04:00,short,14282.770750377364,14280.75,cutoff,2.02,2021-06-22,-3922.88
2021-06-29,2021-06-29 09:37:00-04:00,2021-06-29 10:33:00-04:00,short,14504.101715677834,14504.101715677834,BE,0.0,2021-06-24,-3922.88
2021-06-29,2021-06-29 10:46:00-04:00,2021-06-29 11:45:00-04:00,short,14518.83836334389,14518.83836334389,BE,0.0,2021-06-25,-3922.88
2021-07-01,2021-07-01 10:22:00-04:00,2021-07-01 15:00:00-04:00,short,14518.83836334389,14542.75,cutoff,-23.91,2021-06-25,-3946.79
2021-07-02,2021-07-02 09:32:00-04:00,2021-07-02 15:00:00-04:00,short,14643.198381504113,14690.0,cutoff,-46.8,2021-06-29,-3993.59
2021-07-06,2021-07-06 09:32:00-04:00,2021-07-06 15:00:00-04:00,short,14769.97071956765,14746.25,cutoff,23.72,2021-07-02,-3969.87
2021-07-07,2021-07-07 10:05:00-04:00,2021-07-07 11:46:00-04:00,short,14806.114928665245,14806.114928665245,BE,0.0,2021-07-05,-3969.87
2021-07-08,2021-07-08 09:31:00-04:00,2021-07-08 10:21:00-04:00,long,14596.385071334755,14596.385071334755,BE,0.0,2021-07-05,-3969.87
2021-07-08,2021-07-08 10:29:00-04:00,2021-07-08 11:24:00-04:00,short,14643.198381504113,14643.198381504113,BE,0.0,2021-06-29,-3969.87
2021-07-09,2021-07-09 09:31:00-04:00,2021-07-09 11:31:00-04:00,short,14691.405258742223,14801.405258742223,SL,-110.0,2021-06-30,-4079.87
2021-07-12,2021-07-12 09:32:00-04:00,2021-07-12 15:00:00-04:00,short,14887.391992382349,14851.25,cutoff,36.14,2021-07-06,-4043.73
2021-07-13,2021-07-13 09:31:00-04:00,2021-07-13 11:20:00-04:00,short,14868.276518067436,14978.276518067436,SL,-110.0,2021-07-09,-4153.73
2021-07-15,2021-07-15 09:32:00-04:00,2021-07-15 15:00:00-04:00,short,14868.276518067436,14777.75,cutoff,90.53,2021-07-09,-4063.2
2021-07-16,2021-07-16 09:34:00-04:00,2021-07-16 15:00:00-04:00,short,14868.276518067436,14706.5,cutoff,161.78,2021-07-09,-3901.42
2021-07-19,2021-07-19 09:32:00-04:00,2021-07-19 15:00:00-04:00,long,14526.598481932564,14485.25,cutoff,-41.35,2021-07-09,-3942.77
2021-07-20,2021-07-20 09:38:00-04:00,2021-07-20 13:04:00-04:00,long,14526.598481932564,14723.5,TP,196.9,2021-07-09,-3745.87
2021-07-21,2021-07-21 09:31:00-04:00,2021-07-21 15:00:00-04:00,short,14714.46651690565,14787.75,cutoff,-73.28,2021-07-19,-3819.15
2021-07-22,2021-07-22 09:31:00-04:00,2021-07-22 15:00:00-04:00,short,14868.276518067436,14923.0,cutoff,-54.72,2021-07-09,-3873.87
2021-07-23,2021-07-23 10:38:00-04:00,2021-07-23 15:00:00-04:00,short,15016.540561816731,15101.25,cutoff,-84.71,2021-07-16,-3958.58
2021-07-26,2021-07-26 09:34:00-04:00,2021-07-26 15:00:00-04:00,short,15057.337714992897,15118.25,cutoff,-60.91,2021-07-15,-4019.49
2021-07-27,2021-07-27 09:44:00-04:00,2021-07-27 11:29:00-04:00,short,15063.460081295536,14871.0,TP,192.46,2021-07-13,-3827.03
2021-07-28,2021-07-28 09:31:00-04:00,2021-07-28 10:16:00-04:00,short,15016.540561816731,15016.540561816731,BE,0.0,2021-07-16,-3827.03
2021-07-28,2021-07-28 10:17:00-04:00,2021-07-28 15:00:00-04:00,short,15034.330091202091,15008.75,cutoff,25.58,2021-07-07,-3801.45
2021-07-29,2021-07-29 09:32:00-04:00,2021-07-29 15:00:00-04:00,short,15016.540561816731,15054.0,cutoff,-37.46,2021-07-16,-3838.91
2021-07-30,2021-07-30 09:33:00-04:00,2021-07-30 15:00:00-04:00,short,14887.391992382349,14954.25,cutoff,-66.86,2021-07-06,-3905.77
2021-08-02,2021-08-02 09:31:00-04:00,2021-08-02 11:06:00-04:00,short,15034.330091202091,15034.330091202091,BE,0.0,2021-07-07,-3905.77
2021-08-03,2021-08-03 09:55:00-04:00,2021-08-03 15:00:00-04:00,long,14921.995893743886,15025.25,cutoff,103.25,2021-07-26,-3802.52
2021-08-04,2021-08-04 09:31:00-04:00,2021-08-04 12:00:00-04:00,short,15057.337714992897,15057.337714992897,BE,0.0,2021-07-15,-3802.52
2021-08-05,2021-08-05 09:33:00-04:00,2021-08-05 15:00:00-04:00,short,15086.052130476923,15152.25,cutoff,-66.2,2021-07-30,-3868.72
2021-08-06,2021-08-06 09:31:00-04:00,2021-08-06 10:31:00-04:00,short,15120.247136821468,15120.247136821468,BE,0.0,2021-07-14,-3868.72
2021-08-09,2021-08-09 09:31:00-04:00,2021-08-09 10:30:00-04:00,short,15131.453675077988,15131.453675077988,BE,0.0,2021-07-23,-3868.72
2021-08-09,2021-08-09 10:55:00-04:00,2021-08-09 11:59:00-04:00,short,15120.247136821468,15120.247136821468,BE,0.0,2021-07-14,-3868.72
2021-08-10,2021-08-10 09:34:00-04:00,2021-08-10 15:00:00-04:00,short,15131.453675077988,15052.5,cutoff,78.95,2021-07-23,-3789.77
2021-08-11,2021-08-11 09:39:00-04:00,2021-08-11 15:00:00-04:00,short,15086.052130476923,15013.75,cutoff,72.3,2021-07-30,-3717.47
2021-08-12,2021-08-12 09:35:00-04:00,2021-08-12 15:00:00-04:00,long,14970.770581591882,15075.5,cutoff,104.73,2021-08-06,-3612.74
2021-08-13,2021-08-13 09:35:00-04:00,2021-08-13 15:00:00-04:00,short,15086.052130476923,15107.75,cutoff,-21.7,2021-07-30,-3634.44
2021-08-16,2021-08-16 09:31:00-04:00,2021-08-16 14:08:00-04:00,short,15086.052130476923,15086.052130476923,BE,0.0,2021-07-30,-3634.44
2021-08-17,2021-08-17 09:36:00-04:00,2021-08-17 10:28:00-04:00,short,15012.191094334647,15012.191094334647,BE,0.0,2021-07-22,-3634.44
2021-08-18,2021-08-18 09:51:00-04:00,2021-08-18 15:00:00-04:00,short,15012.191094334647,14988.5,cutoff,23.69,2021-07-22,-3610.75
2021-08-19,2021-08-19 09:32:00-04:00,2021-08-19 15:00:00-04:00,long,14820.000132088157,14935.25,cutoff,115.25,2021-08-02,-3495.5
2021-08-20,2021-08-20 09:31:00-04:00,2021-08-20 15:00:00-04:00,long,14966.471670240944,15065.5,cutoff,99.03,2021-08-10,-3396.47
2021-08-23,2021-08-23 09:32:00-04:00,2021-08-23 10:46:00-04:00,short,15160.25267047382,15270.25267047382,SL,-110.0,2021-08-12,-3506.47
2021-08-24,2021-08-24 10:09:00-04:00,2021-08-24 11:18:00-04:00,short,15364.265950275054,15364.265950275054,BE,0.0,2021-08-23,-3506.47
2021-08-25,2021-08-25 10:08:00-04:00,2021-08-25 11:43:00-04:00,short,15364.265950275054,15364.265950275054,BE,0.0,2021-08-23,-3506.47
2021-08-26,2021-08-26 10:06:00-04:00,2021-08-26 15:00:00-04:00,short,15364.265950275054,15294.0,cutoff,70.27,2021-08-23,-3436.2
2021-08-27,2021-08-27 09:40:00-04:00,2021-08-27 10:15:00-04:00,short,15293.903329759056,15403.903329759056,SL,-110.0,2021-08-10,-3546.2
2021-08-30,2021-08-30 09:33:00-04:00,2021-08-30 11:48:00-04:00,short,15484.655610356942,15594.655610356942,SL,-110.0,2021-08-24,-3656.2
2021-08-31,2021-08-31 09:37:00-04:00,2021-08-31 10:24:00-04:00,short,15552.237212514417,15552.237212514417,BE,0.0,2021-08-27,-3656.2
2021-09-01,2021-09-01 09:44:00-04:00,2021-09-01 10:29:00-04:00,short,15671.691483257986,15671.691483257986,BE,0.0,2021-08-30,-3656.2
2021-09-02,2021-09-02 09:34:00-04:00,2021-09-02 15:00:00-04:00,short,15671.691483257986,15598.5,cutoff,73.19,2021-08-30,-3583.01
2021-09-07,2021-09-07 10:49:00-04:00,2021-09-07 11:55:00-04:00,short,15671.691483257986,15671.691483257986,BE,0.0,2021-08-30,-3583.01
2021-09-08,2021-09-08 10:38:00-04:00,2021-09-08 11:32:00-04:00,long,15570.883865846456,15570.883865846456,BE,0.0,2021-09-06,-3583.01
2021-09-09,2021-09-09 09:45:00-04:00,2021-09-09 15:00:00-04:00,short,15671.691483257986,15597.75,cutoff,73.94,2021-08-30,-3509.07
2021-09-10,2021-09-10 10:33:00-04:00,2021-09-10 11:18:00-04:00,long,15570.883865846456,15570.883865846456,BE,0.0,2021-09-06,-3509.07
2021-09-13,2021-09-13 09:32:00-04:00,2021-09-13 11:19:00-04:00,short,15552.237212514417,15366.25,TP,185.99,2021-08-27,-3323.08
2021-09-14,2021-09-14 09:32:00-04:00,2021-09-14 10:56:00-04:00,long,15501.736134071361,15391.736134071361,SL,-110.0,2021-09-02,-3433.08
2021-09-15,2021-09-15 09:31:00-04:00,2021-09-15 15:00:00-04:00,long,15415.380775283047,15476.5,cutoff,61.12,2021-08-31,-3371.96
2021-09-16,2021-09-16 09:34:00-04:00,2021-09-16 15:00:00-04:00,long,15461.689060791025,15493.5,cutoff,31.81,2021-09-10,-3340.15
2021-09-17,2021-09-17 09:36:00-04:00,2021-09-17 11:32:00-04:00,long,15415.380775283047,15305.380775283047,SL,-110.0,2021-08-31,-3450.15
2021-09-20,2021-09-20 09:32:00-04:00,2021-09-20 10:56:00-04:00,long,15103.137787485583,14993.137787485583,SL,-110.0,2021-08-27,-3560.15
2021-09-21,2021-09-21 09:56:00-04:00,2021-09-21 10:49:00-04:00,long,15103.137787485583,14993.137787485583,SL,-110.0,2021-08-27,-3670.15
2021-09-22,2021-09-22 10:08:00-04:00,2021-09-22 14:00:00-04:00,long,15103.137787485583,15103.137787485583,BE,0.0,2021-08-27,-3670.15
2021-09-23,2021-09-23 09:31:00-04:00,2021-09-23 15:00:00-04:00,long,15224.9403948474,15330.0,cutoff,105.06,2021-09-13,-3565.09
2021-09-24,2021-09-24 09:39:00-04:00,2021-09-24 10:33:00-04:00,long,15224.9403948474,15224.9403948474,BE,0.0,2021-09-13,-3565.09
2021-09-24,2021-09-24 10:39:00-04:00,2021-09-24 15:00:00-04:00,long,15241.178088679098,15302.5,cutoff,61.32,2021-09-16,-3503.77
2021-09-27,2021-09-27 09:32:00-04:00,2021-09-27 15:00:00-04:00,long,15177.757575355927,15198.25,cutoff,20.49,2021-09-15,-3483.28
2021-09-28,2021-09-28 09:33:00-04:00,2021-09-28 10:08:00-04:00,long,14996.315256417569,14886.315256417569,SL,-110.0,2021-09-23,-3593.28
2021-09-29,2021-09-29 09:32:00-04:00,2021-09-29 10:31:00-04:00,long,14832.556144648473,14832.556144648473,BE,0.0,2021-09-21,-3593.28
2021-09-29,2021-09-29 10:36:00-04:00,2021-09-29 12:25:00-04:00,long,14839.076622902856,14729.076622902856,SL,-110.0,2021-09-22,-3703.28
2021-09-30,2021-09-30 09:37:00-04:00,2021-09-30 11:40:00-04:00,long,14859.188804951025,14749.188804951025,SL,-110.0,2021-09-20,-3813.28
2021-10-01,2021-10-01 09:31:00-04:00,2021-10-01 10:15:00-04:00,long,14700.565788853175,14590.565788853175,SL,-110.0,2021-09-28,-3923.28
2021-10-04,2021-10-04 09:32:00-04:00,2021-10-04 09:43:00-04:00,long,14700.565788853175,14590.565788853175,SL,-110.0,2021-09-28,-4033.28
2021-10-05,2021-10-05 10:05:00-04:00,2021-10-05 15:00:00-04:00,long,14599.441719688431,14733.25,cutoff,133.81,2021-09-29,-3899.47
2021-10-06,2021-10-06 09:41:00-04:00,2021-10-06 10:02:00-04:00,long,14599.441719688431,14489.441719688431,SL,-110.0,2021-09-29,-4009.47
2021-10-07,2021-10-07 09:59:00-04:00,2021-10-07 15:00:00-04:00,short,14955.978758632344,14927.25,cutoff,28.73,2021-10-04,-3980.74
2021-10-08,2021-10-08 09:36:00-04:00,2021-10-08 10:39:00-04:00,long,14859.188804951025,14859.188804951025,BE,0.0,2021-09-20,-3980.74
2021-10-08,2021-10-08 10:40:00-04:00,2021-10-08 11:33:00-04:00,long,14839.076622902856,14839.076622902856,BE,0.0,2021-09-22,-3980.74
2021-10-11,2021-10-11 09:35:00-04:00,2021-10-11 15:00:00-04:00,short,14790.825392440318,14795.75,cutoff,-4.92,2021-10-05,-3985.66
2021-10-12,2021-10-12 09:32:00-04:00,2021-10-12 15:00:00-04:00,long,14720.10499822078,14670.25,cutoff,-49.85,2021-10-08,-4035.51
2021-10-13,2021-10-13 09:33:00-04:00,2021-10-13 15:00:00-04:00,long,14720.10499822078,14744.0,cutoff,23.9,2021-10-08,-4011.61
2021-10-14,2021-10-14 09:43:00-04:00,2021-10-14 15:00:00-04:00,short,14938.793156548334,15039.5,cutoff,-100.71,2021-10-13,-4112.32
2021-10-15,2021-10-15 09:32:00-04:00,2021-10-15 10:19:00-04:00,short,15065.183280311569,15065.183280311569,BE,0.0,2021-09-29,-4112.32
2021-10-15,2021-10-15 10:29:00-04:00,2021-10-15 15:00:00-04:00,long,15050.330935754642,15115.25,cutoff,64.92,2021-09-24,-4047.4
2021-10-18,2021-10-18 09:35:00-04:00,2021-10-18 11:01:00-04:00,short,15065.183280311569,15175.183280311569,SL,-110.0,2021-09-29,-4157.4
2021-10-19,2021-10-19 10:58:00-04:00,2021-10-19 11:44:00-04:00,short,15374.50773238502,15374.50773238502,BE,0.0,2021-09-27,-4157.4
2021-10-21,2021-10-21 09:41:00-04:00,2021-10-21 15:00:00-04:00,short,15374.50773238502,15440.5,cutoff,-65.99,2021-09-27,-4223.39
2021-10-27,2021-10-27 09:35:00-04:00,2021-10-27 13:07:00-04:00,short,15579.37207458463,15689.37207458463,SL,-110.0,2021-10-22,-4333.39
2021-11-01,2021-11-01 09:39:00-04:00,2021-11-01 10:26:00-04:00,short,15820.419023836192,15820.419023836192,BE,0.0,2021-10-29,-4333.39
2021-11-01,2021-11-01 10:39:00-04:00,2021-11-01 15:00:00-04:00,short,15806.826487759488,15825.75,cutoff,-18.92,2021-10-26,-4352.31
2021-11-05,2021-11-05 09:33:00-04:00,2021-11-05 15:00:00-04:00,short,16425.401381401833,16368.25,cutoff,57.15,2021-11-04,-4295.16
2021-11-09,2021-11-09 09:58:00-05:00,2021-11-09 11:12:00-05:00,long,16240.353578456474,16240.353578456474,BE,0.0,2021-11-05,-4295.16
2021-11-10,2021-11-10 09:32:00-05:00,2021-11-10 13:06:00-05:00,long,16056.304931374681,16056.304931374681,BE,0.0,2021-11-09,-4295.16
2021-11-11,2021-11-11 09:38:00-05:00,2021-11-11 10:42:00-05:00,short,16076.619466408012,16076.619466408012,BE,0.0,2021-11-02,-4295.16
2021-11-12,2021-11-12 09:33:00-05:00,2021-11-12 10:45:00-05:00,short,16076.619466408012,16076.619466408012,BE,0.0,2021-11-02,-4295.16
2021-11-15,2021-11-15 09:32:00-05:00,2021-11-15 15:00:00-05:00,short,16237.909274838707,16175.0,cutoff,62.91,2021-11-12,-4232.25
2021-11-16,2021-11-16 09:36:00-05:00,2021-11-16 10:22:00-05:00,short,16237.909274838707,16237.909274838707,BE,0.0,2021-11-12,-4232.25
2021-11-18,2021-11-18 09:31:00-05:00,2021-11-18 11:18:00-05:00,short,16386.3542351281,16386.3542351281,BE,0.0,2021-11-16,-4232.25
2021-11-19,2021-11-19 09:32:00-05:00,2021-11-19 15:00:00-05:00,short,16533.348439223577,16582.25,cutoff,-48.9,2021-11-08,-4281.15
2021-11-22,2021-11-22 10:04:00-05:00,2021-11-22 11:56:00-05:00,short,16756.992745632924,16502.75,TP,254.24,2021-11-19,-4026.91
2021-11-23,2021-11-23 09:44:00-05:00,2021-11-23 10:28:00-05:00,long,16358.632254367074,16248.632254367074,SL,-110.0,2021-11-19,-4136.91
2021-11-24,2021-11-24 09:31:00-05:00,2021-11-24 15:00:00-05:00,long,16172.026560776421,16324.5,cutoff,152.47,2021-11-08,-3984.44
2021-11-25,2021-11-25 09:35:00-05:00,2021-11-25 12:59:00-05:00,short,16386.3542351281,16404.5,cutoff,-18.15,2021-11-16,-4002.59
2021-11-26,2021-11-26 09:31:00-05:00,2021-11-26 11:25:00-05:00,short,16273.028589163645,16051.0,TP,222.03,2021-11-11,-3780.56
2021-11-29,2021-11-29 09:31:00-05:00,2021-11-29 12:19:00-05:00,short,16273.028589163645,16383.028589163645,SL,-110.0,2021-11-11,-3890.56
2021-11-30,2021-11-30 09:33:00-05:00,2021-11-30 10:36:00-05:00,long,16358.632254367074,16358.632254367074,BE,0.0,2021-11-19,-3890.56
2021-11-30,2021-11-30 10:51:00-05:00,2021-11-30 15:00:00-05:00,short,16273.028589163645,16150.75,cutoff,122.28,2021-11-11,-3768.28
2021-12-01,2021-12-01 10:03:00-05:00,2021-12-01 12:59:00-05:00,long,16358.632254367074,16248.632254367074,SL,-110.0,2021-11-19,-3878.28
2021-12-02,2021-12-02 09:33:00-05:00,2021-12-02 10:18:00-05:00,long,15853.909696935905,15853.909696935905,BE,0.0,2021-11-10,-3878.28
2021-12-02,2021-12-02 10:24:00-05:00,2021-12-02 11:47:00-05:00,long,15871.965725161293,15871.965725161293,BE,0.0,2021-11-12,-3878.28
2021-12-03,2021-12-03 09:32:00-05:00,2021-12-03 09:43:00-05:00,long,16056.304931374681,15946.304931374681,SL,-110.0,2021-11-09,-3988.28
2021-12-07,2021-12-07 09:33:00-05:00,2021-12-07 14:01:00-05:00,long,16143.1823643428,16323.25,TP,180.07,2021-11-17,-3808.21
2021-12-08,2021-12-08 09:32:00-05:00,2021-12-08 15:00:00-05:00,short,16273.028589163645,16367.75,cutoff,-94.72,2021-11-11,-3902.93
2021-12-09,2021-12-09 09:32:00-05:00,2021-12-09 13:44:00-05:00,long,16358.632254367074,16248.632254367074,SL,-110.0,2021-11-19,-4012.93
2021-12-10,2021-12-10 09:45:00-05:00,2021-12-10 10:35:00-05:00,long,16226.186692272446,16226.186692272446,BE,0.0,2021-11-25,-4012.93
2021-12-10,2021-12-10 10:36:00-05:00,2021-12-10 11:43:00-05:00,short,16221.309859915767,16221.309859915767,BE,0.0,2021-12-02,-4012.93
2021-12-13,2021-12-13 10:24:00-05:00,2021-12-13 11:51:00-05:00,long,16226.186692272446,16116.186692272446,SL,-110.0,2021-11-25,-4122.93
2021-12-14,2021-12-14 09:38:00-05:00,2021-12-14 10:51:00-05:00,long,15931.566400186064,15821.566400186064,SL,-110.0,2021-11-24,-4232.93
2021-12-15,2021-12-15 09:32:00-05:00,2021-12-15 12:08:00-05:00,long,15869.1494347324,15759.1494347324,SL,-110.0,2021-12-07,-4342.93
2021-12-16,2021-12-16 09:41:00-05:00,2021-12-16 10:02:00-05:00,long,16226.186692272446,16116.186692272446,SL,-110.0,2021-11-25,-4452.93
2021-12-17,2021-12-17 09:42:00-05:00,2021-12-17 10:50:00-05:00,long,15660.17671606175,15861.5,TP,201.32,2021-12-14,-4251.61
2021-12-17,2021-12-17 10:56:00-05:00,2021-12-17 12:06:00-05:00,long,15869.1494347324,15759.1494347324,SL,-110.0,2021-12-07,-4361.61
2021-12-20,2021-12-20 10:58:00-05:00,2021-12-20 15:00:00-05:00,long,15538.9746333709,15596.75,cutoff,57.78,2021-12-03,-4303.83
2021-12-21,2021-12-21 10:03:00-05:00,2021-12-21 14:39:00-05:00,long,15660.17671606175,15926.75,TP,266.57,2021-12-14,-4037.26
2021-12-22,2021-12-22 09:31:00-05:00,2021-12-22 15:00:00-05:00,long,15951.094167052801,16115.0,cutoff,163.91,2021-11-26,-3873.35
2021-12-23,2021-12-23 09:32:00-05:00,2021-12-23 11:11:00-05:00,short,16200.362242887906,16310.362242887906,SL,-110.0,2021-12-22,-3983.35
2021-12-27,2021-12-27 09:32:00-05:00,2021-12-27 10:30:00-05:00,short,16403.39085923301,16513.39085923301,SL,-110.0,2021-12-23,-4093.35
2021-12-28,2021-12-28 09:32:00-05:00,2021-12-28 10:35:00-05:00,short,16572.19648581951,16572.19648581951,BE,0.0,2021-12-01,-4093.35
2021-12-28,2021-12-28 10:43:00-05:00,2021-12-28 11:54:00-05:00,short,16546.317585297707,16546.317585297707,BE,0.0,2021-12-08,-4093.35
2021-12-29,2021-12-29 09:31:00-05:00,2021-12-29 15:00:00-05:00,short,16544.69953135999,16498.25,cutoff,46.45,2021-12-13,-4046.9
2021-12-30,2021-12-30 09:36:00-05:00,2021-12-30 15:00:00-05:00,short,16514.47586666108,16524.25,cutoff,-9.77,2021-12-10,-4056.67
2021-12-31,2021-12-31 09:31:00-05:00,2021-12-31 10:19:00-05:00,short,16420.0253666291,16420.0253666291,BE,0.0,2021-12-03,-4056.67
2021-12-31,2021-12-31 10:26:00-05:00,2021-12-31 11:28:00-05:00,short,16403.39085923301,16403.39085923301,BE,0.0,2021-12-23,-4056.67
2022-01-03,2022-01-03 09:34:00-05:00,2022-01-03 13:41:00-05:00,short,16444.1005652676,16444.1005652676,BE,0.0,2021-12-07,-4056.67
2022-01-04,2022-01-04 10:29:00-05:00,2022-01-04 11:00:00-05:00,short,16403.39085923301,16223.25,TP,180.14,2021-12-23,-3876.53
2022-01-05,2022-01-05 09:31:00-05:00,2022-01-05 10:25:00-05:00,short,16200.362242887906,16200.362242887906,BE,0.0,2021-12-22,-3876.53
2022-01-05,2022-01-05 10:28:00-05:00,2022-01-05 12:36:00-05:00,long,16203.634290688531,16093.634290688531,SL,-110.0,2021-12-31,-3986.53
2022-01-06,2022-01-06 09:36:00-05:00,2022-01-06 10:06:00-05:00,short,15823.338074885565,15641.5,TP,181.84,2021-12-20,-3804.69
2022-01-06,2022-01-06 10:09:00-05:00,2022-01-06 10:57:00-05:00,long,15654.603758391648,15846.5,TP,191.9,2021-12-15,-3612.79
2022-01-07,2022-01-07 09:31:00-05:00,2022-01-07 10:36:00-05:00,long,15750.887757112094,15640.887757112094,SL,-110.0,2021-12-22,-3722.79
2022-01-10,2022-01-10 09:31:00-05:00,2022-01-10 09:58:00-05:00,long,15355.536925114435,15245.536925114435,SL,-110.0,2021-12-20,-3832.79
2022-01-11,2022-01-11 10:12:00-05:00,2022-01-11 11:06:00-05:00,short,15645.538295963997,15645.538295963997,BE,0.0,2022-01-10,-3832.79
2022-01-12,2022-01-12 09:35:00-05:00,2022-01-12 10:31:00-05:00,long,15946.121477519668,15946.121477519668,BE,0.0,2021-12-16,-3832.79
2022-01-13,2022-01-13 09:31:00-05:00,2022-01-13 10:18:00-05:00,long,15946.121477519668,15836.121477519668,SL,-110.0,2021-12-16,-3942.79
2022-01-14,2022-01-14 09:33:00-05:00,2022-01-14 11:07:00-05:00,long,15446.47747178147,15446.47747178147,BE,0.0,2021-12-17,-3942.79
2022-01-18,2022-01-18 09:35:00-05:00,2022-01-18 11:08:00-05:00,long,15288.82998890561,15288.82998890561,BE,0.0,2022-01-11,-3942.79
2022-01-19,2022-01-19 09:33:00-05:00,2022-01-19 10:27:00-05:00,long,15288.82998890561,15288.82998890561,BE,0.0,2022-01-11,-3942.79
2022-01-20,2022-01-20 10:38:00-05:00,2022-01-20 13:33:00-05:00,long,15288.82998890561,15178.82998890561,SL,-110.0,2022-01-11,-4052.79
2022-01-26,2022-01-26 10:45:00-05:00,2022-01-26 12:46:00-05:00,long,14333.793796523118,14526.5,TP,192.71,2022-01-21,-3860.08
2022-01-27,2022-01-27 09:33:00-05:00,2022-01-27 10:23:00-05:00,long,14333.793796523118,14333.793796523118,BE,0.0,2022-01-21,-3860.08
2022-01-28,2022-01-28 09:33:00-05:00,2022-01-28 09:45:00-05:00,long,13994.623343442407,13884.623343442407,SL,-110.0,2022-01-27,-3970.08
2022-01-31,2022-01-31 09:39:00-05:00,2022-01-31 10:02:00-05:00,short,14545.049395246057,14655.049395246057,SL,-110.0,2022-01-24,-4080.08
2022-02-01,2022-02-01 10:02:00-05:00,2022-02-01 10:47:00-05:00,short,14779.71291498388,14779.71291498388,BE,0.0,2022-01-26,-4080.08
2022-02-02,2022-02-02 09:31:00-05:00,2022-02-02 10:35:00-05:00,long,15125.980470062965,15015.980470062965,SL,-110.0,2022-01-14,-4190.08
2022-02-03,2022-02-03 09:38:00-05:00,2022-02-03 14:55:00-05:00,short,14779.71291498388,14589.0,TP,190.71,2022-01-26,-3999.37
2022-02-04,2022-02-04 09:35:00-05:00,2022-02-04 10:16:00-05:00,long,14452.756770548807,14635.5,TP,182.74,2022-02-03,-3816.63
2022-02-04,2022-02-04 10:18:00-05:00,2022-02-04 11:16:00-05:00,short,14659.001656557593,14471.75,TP,187.25,2022-01-27,-3629.38
2022-02-07,2022-02-07 09:42:00-05:00,2022-02-07 11:50:00-05:00,short,14779.71291498388,14597.5,TP,182.21,2022-01-26,-3447.17
2022-02-08,2022-02-08 09:31:00-05:00,2022-02-08 10:17:00-05:00,short,14545.049395246057,14545.049395246057,BE,0.0,2022-01-24,-3447.17
2022-02-08,2022-02-08 10:45:00-05:00,2022-02-08 11:31:00-05:00,short,14579.523183272082,14689.523183272082,SL,-110.0,2022-01-25,-3557.17
2022-02-09,2022-02-09 09:33:00-05:00,2022-02-09 10:36:00-05:00,short,14934.757318438846,14934.757318438846,BE,0.0,2022-01-31,-3557.17
2022-02-10,2022-02-10 09:31:00-05:00,2022-02-10 09:50:00-05:00,short,14768.196394257095,14878.196394257095,SL,-110.0,2022-02-08,-3667.17
2022-02-11,2022-02-11 09:35:00-05:00,2022-02-11 11:16:00-05:00,long,14686.470129208425,14576.470129208425,SL,-110.0,2022-02-09,-3777.17
2022-02-14,2022-02-14 09:32:00-05:00,2022-02-14 13:53:00-05:00,long,14196.16912268458,14196.16912268458,BE,0.0,2022-02-04,-3777.17
2022-02-15,2022-02-15 09:31:00-05:00,2022-02-15 10:21:00-05:00,long,14461.172062692864,14461.172062692864,BE,0.0,2022-02-07,-3777.17
2022-02-15,2022-02-15 10:22:00-05:00,2022-02-15 12:47:00-05:00,long,14452.756770548807,14452.756770548807,BE,0.0,2022-02-03,-3777.17
2022-02-16,2022-02-16 09:32:00-05:00,2022-02-16 15:00:00-05:00,long,14470.41572822041,14587.0,cutoff,116.58,2022-02-10,-3660.59
2022-02-17,2022-02-17 09:32:00-05:00,2022-02-17 10:28:00-05:00,long,14452.756770548807,14342.756770548807,SL,-110.0,2022-02-03,-3770.59
2022-02-18,2022-02-18 09:31:00-05:00,2022-02-18 10:26:00-05:00,long,14196.16912268458,14086.16912268458,SL,-110.0,2022-02-04,-3880.59
2022-02-21,2022-02-21 09:46:00-05:00,2022-02-21 10:48:00-05:00,long,13810.601816727918,13810.601816727918,BE,0.0,2022-01-25,-3880.59
2022-02-22,2022-02-22 09:33:00-05:00,2022-02-22 10:29:00-05:00,long,13887.148206149974,14084.5,TP,197.35,2022-02-18,-3683.24
2022-02-22,2022-02-22 10:43:00-05:00,2022-02-22 11:20:00-05:00,long,13994.623343442407,13884.623343442407,SL,-110.0,2022-01-27,-3793.24
2022-02-23,2022-02-23 09:31:00-05:00,2022-02-23 10:00:00-05:00,long,13994.623343442407,13884.623343442407,SL,-110.0,2022-01-27,-3903.24
2022-02-25,2022-02-25 09:31:00-05:00,2022-02-25 10:02:00-05:00,long,13943.896446618513,13833.896446618513,SL,-110.0,2022-02-14,-4013.24
2022-02-28,2022-02-28 09:39:00-05:00,2022-02-28 10:40:00-05:00,short,14078.253565031777,14188.253565031777,SL,-110.0,2022-02-21,-4123.24
2022-03-01,2022-03-01 09:32:00-05:00,2022-03-01 10:43:00-05:00,long,14167.059511726718,14167.059511726718,BE,0.0,2022-02-17,-4123.24
2022-03-02,2022-03-02 09:43:00-05:00,2022-03-02 10:29:00-05:00,short,14078.253565031777,14078.253565031777,BE,0.0,2022-02-21,-4123.24
2022-03-03,2022-03-03 09:32:00-05:00,2022-03-03 10:44:00-05:00,short,14321.309474498965,14109.25,TP,212.06,2022-02-28,-3911.18
2022-03-04,2022-03-04 09:31:00-05:00,2022-03-04 09:48:00-05:00,long,13953.51822142953,13843.51822142953,SL,-110.0,2022-03-03,-4021.18
2022-03-07,2022-03-07 09:34:00-05:00,2022-03-07 09:58:00-05:00,long,13812.940525501035,13702.940525501035,SL,-110.0,2022-02-28,-4131.18
2022-03-08,2022-03-08 09:44:00-05:00,2022-03-08 09:54:00-05:00,long,13364.883448128021,13254.883448128021,SL,-110.0,2022-03-07,-4241.18
2022-03-09,2022-03-09 09:31:00-05:00,2022-03-09 15:00:00-05:00,long,13583.380709007208,13723.0,cutoff,139.62,2022-02-22,-4101.56
2022-03-10,2022-03-10 10:18:00-05:00,2022-03-10 10:34:00-05:00,long,13583.380709007208,13473.380709007208,SL,-110.0,2022-02-22,-4211.56
2022-03-11,2022-03-11 09:38:00-05:00,2022-03-11 10:00:00-05:00,long,13650.556040944171,13540.556040944171,SL,-110.0,2022-02-25,-4321.56
2022-03-14,2022-03-14 09:47:00-04:00,2022-03-14 11:20:00-04:00,long,13285.748383831722,13285.748383831722,BE,0.0,2022-03-09,-4321.56
2022-03-15,2022-03-15 10:32:00-04:00,2022-03-15 12:03:00-04:00,long,13285.748383831722,13285.748383831722,BE,0.0,2022-03-09,-4321.56
2022-03-16,2022-03-16 09:31:00-04:00,2022-03-16 10:15:00-04:00,short,13656.920458119774,13766.920458119774,SL,-110.0,2022-02-24,-4431.56
2022-03-17,2022-03-17 09:39:00-04:00,2022-03-17 10:05:00-04:00,short,13889.501616168278,13999.501616168278,SL,-110.0,2022-03-09,-4541.56
2022-03-18,2022-03-18 09:36:00-04:00,2022-03-18 10:04:00-04:00,short,14078.253565031777,14188.253565031777,SL,-110.0,2022-02-21,-4651.56
2022-03-21,2022-03-21 09:38:00-04:00,2022-03-21 11:25:00-04:00,short,14418.448845951578,14418.448845951578,BE,0.0,2022-03-18,-4651.56
2022-03-22,2022-03-22 09:31:00-04:00,2022-03-22 10:04:00-04:00,short,14418.448845951578,14528.448845951578,SL,-110.0,2022-03-18,-4761.56
2022-03-24,2022-03-24 10:19:00-04:00,2022-03-24 11:01:00-04:00,short,14453.856455113139,14563.856455113139,SL,-110.0,2022-03-01,-4871.56
2022-03-25,2022-03-25 09:31:00-04:00,2022-03-25 10:24:00-04:00,short,14773.78829240921,14773.78829240921,BE,0.0,2022-03-23,-4871.56
2022-03-25,2022-03-25 10:27:00-04:00,2022-03-25 15:00:00-04:00,short,14757.37972984562,14738.5,cutoff,18.88,2022-03-22,-4852.68
2022-03-28,2022-03-28 09:31:00-04:00,2022-03-28 09:43:00-04:00,short,14773.78829240921,14883.78829240921,SL,-110.0,2022-03-23,-4962.68
2022-03-29,2022-03-29 10:15:00-04:00,2022-03-29 11:49:00-04:00,short,15057.055654262684,15167.055654262684,SL,-110.0,2022-03-28,-5072.68
2022-03-31,2022-03-31 10:02:00-04:00,2022-03-31 13:13:00-04:00,long,14970.528899214507,14970.528899214507,BE,0.0,2022-03-30,-5072.68
2022-04-01,2022-04-01 09:50:00-04:00,2022-04-01 10:39:00-04:00,long,14854.153631311128,14854.153631311128,BE,0.0,2022-03-29,-5072.68
2022-04-04,2022-04-04 09:40:00-04:00,2022-04-04 11:01:00-04:00,short,14969.360156797778,15079.360156797778,SL,-110.0,2022-03-25,-5182.68
2022-04-05,2022-04-05 09:31:00-04:00,2022-04-05 10:46:00-04:00,short,15120.949102656632,14938.25,TP,182.7,2022-04-01,-4999.98
2022-04-05,2022-04-05 10:53:00-04:00,2022-04-05 15:00:00-04:00,short,14969.360156797778,14870.5,cutoff,98.86,2022-03-25,-4901.12
2022-04-06,2022-04-06 09:44:00-04:00,2022-04-06 12:30:00-04:00,long,14535.264843202222,14425.264843202222,SL,-110.0,2022-03-25,-5011.12
2022-04-07,2022-04-07 09:35:00-04:00,2022-04-07 11:12:00-04:00,long,14535.264843202222,14425.264843202222,SL,-110.0,2022-03-25,-5121.12
2022-04-08,2022-04-08 09:34:00-04:00,2022-04-08 10:31:00-04:00,short,14418.448845951578,14418.448845951578,BE,0.0,2022-03-18,-5121.12
2022-04-11,2022-04-11 09:31:00-04:00,2022-04-11 10:42:00-04:00,long,14161.646099407772,14051.646099407772,SL,-110.0,2022-04-08,-5231.12
2022-04-12,2022-04-12 09:31:00-04:00,2022-04-12 10:37:00-04:00,long,14161.646099407772,14161.646099407772,BE,0.0,2022-04-08,-5231.12
2022-04-12,2022-04-12 10:48:00-04:00,2022-04-12 12:07:00-04:00,long,14121.37027015438,14121.37027015438,BE,0.0,2022-03-22,-5231.12
2022-04-13,2022-04-13 09:47:00-04:00,2022-04-13 15:00:00-04:00,long,14039.052082115206,14204.5,cutoff,165.45,2022-03-21,-5065.67
2022-04-14,2022-04-14 09:40:00-04:00,2022-04-14 10:09:00-04:00,long,14161.646099407772,14051.646099407772,SL,-110.0,2022-04-08,-5175.67
2022-04-18,2022-04-18 09:31:00-04:00,2022-04-18 11:22:00-04:00,long,13887.260336477626,13887.260336477626,BE,0.0,2022-04-14,-5175.67
2022-04-19,2022-04-19 09:31:00-04:00,2022-04-19 10:17:00-04:00,long,13887.260336477626,14072.0,TP,184.74,2022-04-14,-4990.93
2022-04-19,2022-04-19 11:00:00-04:00,2022-04-19 14:11:00-04:00,long,14121.37027015438,14121.37027015438,BE,0.0,2022-03-22,-4990.93
2022-04-20,2022-04-20 09:31:00-04:00,2022-04-20 10:01:00-04:00,short,14264.07134928854,14083.75,TP,180.32,2022-04-19,-4810.61
2022-04-21,2022-04-21 09:34:00-04:00,2022-04-21 11:32:00-04:00,short,14264.07134928854,14077.5,TP,186.57,2022-04-19,-4624.04
2022-04-22,2022-04-22 09:39:00-04:00,2022-04-22 11:37:00-04:00,long,13687.236151831392,13577.236151831392,SL,-110.0,2022-04-13,-4734.04
2022-04-25,2022-04-25 10:40:00-04:00,2022-04-25 11:15:00-04:00,long,13403.10441149463,13293.10441149463,SL,-110.0,2022-04-22,-4844.04
2022-04-26,2022-04-26 09:31:00-04:00,2022-04-26 09:53:00-04:00,long,13403.10441149463,13293.10441149463,SL,-110.0,2022-04-22,-4954.04
2022-04-27,2022-04-27 10:14:00-04:00,2022-04-27 12:34:00-04:00,long,13003.087684320895,13194.75,TP,191.66,2022-04-25,-4762.38
2022-04-29,2022-04-29 09:57:00-04:00,2022-04-29 10:16:00-04:00,long,13403.10441149463,13293.10441149463,SL,-110.0,2022-04-22,-4872.38
2022-05-02,2022-05-02 09:31:00-04:00,2022-05-02 13:50:00-04:00,long,12850.993023867017,12740.993023867017,SL,-110.0,2022-04-28,-4982.38
2022-05-03,2022-05-03 09:31:00-04:00,2022-05-03 10:43:00-04:00,long,13003.087684320895,13003.087684320895,BE,0.0,2022-04-25,-4982.38
2022-05-03,2022-05-03 10:44:00-04:00,2022-05-03 14:42:00-04:00,long,13000.695168842729,13000.695168842729,BE,0.0,2022-04-26,-4982.38
2022-05-04,2022-05-04 10:00:00-04:00,2022-05-04 11:12:00-04:00,long,13003.087684320895,12893.087684320895,SL,-110.0,2022-04-25,-5092.38
2022-05-05,2022-05-05 09:46:00-04:00,2022-05-05 10:22:00-04:00,short,13243.875556755043,13052.75,TP,191.13,2022-05-02,-4901.25
2022-05-05,2022-05-05 10:31:00-04:00,2022-05-05 11:08:00-04:00,long,13003.087684320895,12893.087684320895,SL,-110.0,2022-04-25,-5011.25
2022-05-06,2022-05-06 09:32:00-04:00,2022-05-06 09:36:00-04:00,long,12750.137825006215,12640.137825006215,SL,-110.0,2022-05-03,-5121.25
2022-05-09,2022-05-09 09:31:00-04:00,2022-05-09 10:25:00-04:00,long,12476.874443244957,12366.874443244957,SL,-110.0,2022-05-02,-5231.25
2022-05-10,2022-05-10 09:34:00-04:00,2022-05-10 09:45:00-04:00,long,12476.874443244957,12366.874443244957,SL,-110.0,2022-05-02,-5341.25
2022-05-11,2022-05-11 09:46:00-04:00,2022-05-11 10:52:00-04:00,long,12307.665710997568,12307.665710997568,BE,0.0,2022-05-06,-5341.25
2022-05-12,2022-05-12 09:49:00-04:00,2022-05-12 10:56:00-04:00,long,11852.015796082807,12055.25,TP,203.23,2022-05-11,-5138.02
2022-05-13,2022-05-13 09:33:00-04:00,2022-05-13 10:30:00-04:00,long,12122.912972747228,12318.25,TP,195.34,2022-05-10,-4942.68
2022-05-13,2022-05-13 10:44:00-04:00,2022-05-13 13:55:00-04:00,long,12307.665710997568,12307.665710997568,BE,0.0,2022-05-06,-4942.68
2022-05-16,2022-05-16 09:31:00-04:00,2022-05-16 10:33:00-04:00,long,12307.665710997568,12307.665710997568,BE,0.0,2022-05-06,-4942.68
2022-05-17,2022-05-17 09:31:00-04:00,2022-05-17 10:39:00-04:00,long,12476.874443244957,12366.874443244957,SL,-110.0,2022-05-02,-5052.68
2022-05-18,2022-05-18 09:42:00-04:00,2022-05-18 10:29:00-04:00,long,12307.665710997568,12307.665710997568,BE,0.0,2022-05-06,-5052.68
2022-05-18,2022-05-18 10:38:00-04:00,2022-05-18 12:28:00-04:00,short,12268.313117446343,12084.25,TP,184.06,2022-05-12,-4868.62
2022-05-19,2022-05-19 09:46:00-04:00,2022-05-19 11:40:00-04:00,long,11852.015796082807,12033.0,TP,180.98,2022-05-11,-4687.64
2022-05-20,2022-05-20 09:31:00-04:00,2022-05-20 10:10:00-04:00,long,12005.07189869616,11895.07189869616,SL,-110.0,2022-05-16,-4797.64
2022-05-23,2022-05-23 09:32:00-04:00,2022-05-23 15:00:00-04:00,long,11852.015796082807,11995.75,cutoff,143.73,2022-05-11,-4653.91
2022-05-24,2022-05-24 09:37:00-04:00,2022-05-24 10:00:00-04:00,long,11779.567880580866,11669.567880580866,SL,-110.0,2022-05-13,-4763.91
2022-05-25,2022-05-25 09:34:00-04:00,2022-05-25 14:07:00-04:00,long,11779.567880580866,11779.567880580866,BE,0.0,2022-05-13,-4763.91
2022-05-26,2022-05-26 09:43:00-04:00,2022-05-26 10:14:00-04:00,short,12058.985649560062,12168.985649560062,SL,-110.0,2022-05-25,-4873.91
2022-05-27,2022-05-27 09:42:00-04:00,2022-05-27 15:00:00-04:00,long,12476.874443244957,12615.5,cutoff,138.63,2022-05-02,-4735.28
2022-05-30,2022-05-30 09:37:00-04:00,2022-05-30 12:59:00-04:00,long,12750.137825006215,12810.0,cutoff,59.86,2022-05-03,-4675.42
2022-05-31,2022-05-31 09:34:00-04:00,2022-05-31 15:00:00-04:00,long,12581.52690726071,12632.0,cutoff,50.47,2022-05-30,-4624.95
2022-06-01,2022-06-01 09:31:00-04:00,2022-06-01 10:38:00-04:00,short,12783.688544628802,12586.75,TP,196.94,2022-05-09,-4428.01
2022-06-01,2022-06-01 10:39:00-04:00,2022-06-01 14:22:00-04:00,short,12595.80310130384,12595.80310130384,BE,0.0,2022-05-16,-4428.01
2022-06-02,2022-06-02 09:49:00-04:00,2022-06-02 10:34:00-04:00,short,12554.182119419134,12554.182119419134,BE,0.0,2022-05-13,-4428.01
2022-06-02,2022-06-02 10:47:00-04:00,2022-06-02 12:42:00-04:00,long,12581.52690726071,12774.5,TP,192.97,2022-05-30,-4235.04
2022-06-03,2022-06-03 09:32:00-04:00,2022-06-03 15:00:00-04:00,short,12705.734203917193,12577.0,cutoff,128.73,2022-05-11,-4106.31
2022-06-06,2022-06-06 09:35:00-04:00,2022-06-06 12:32:00-04:00,short,12748.128693461784,12561.5,TP,186.63,2022-05-17,-3919.68
2022-06-07,2022-06-07 09:31:00-04:00,2022-06-07 10:36:00-04:00,long,12439.248149815852,12631.5,TP,192.25,2022-06-03,-3727.43
2022-06-07,2022-06-07 10:46:00-04:00,2022-06-07 15:00:00-04:00,short,12705.734203917193,12666.5,cutoff,39.23,2022-05-11,-3688.2
2022-06-08,2022-06-08 09:49:00-04:00,2022-06-08 10:34:00-04:00,short,12748.128693461784,12748.128693461784,BE,0.0,2022-05-17,-3688.2
2022-06-08,2022-06-08 10:36:00-04:00,2022-06-08 11:21:00-04:00,short,12764.47816450088,12764.47816450088,BE,0.0,2022-06-07,-3688.2
2022-06-09,2022-06-09 09:31:00-04:00,2022-06-09 10:30:00-04:00,short,12554.182119419134,12664.182119419134,SL,-110.0,2022-05-13,-3798.2
2022-06-10,2022-06-10 09:31:00-04:00,2022-06-10 11:04:00-04:00,short,12058.985649560062,11876.25,TP,182.74,2022-05-25,-3615.46
2022-06-13,2022-06-13 09:34:00-04:00,2022-06-13 10:17:00-04:00,long,11557.214238785939,11447.214238785939,SL,-110.0,2022-05-19,-3725.46
2022-06-14,2022-06-14 09:31:00-04:00,2022-06-14 09:44:00-04:00,long,11412.8317476103,11302.8317476103,SL,-110.0,2022-05-24,-3835.46
2022-06-15,2022-06-15 09:36:00-04:00,2022-06-15 14:04:00-04:00,long,11463.889350439938,11463.889350439938,BE,0.0,2022-05-25,-3835.46
2022-06-16,2022-06-16 09:54:00-04:00,2022-06-16 10:46:00-04:00,long,11257.956617134842,11147.956617134842,SL,-110.0,2022-06-15,-3945.46
2022-06-17,2022-06-17 09:31:00-04:00,2022-06-17 10:19:00-04:00,long,11219.639261064722,11219.639261064722,BE,0.0,2022-06-13,-3945.46
2022-06-21,2022-06-21 09:32:00-04:00,2022-06-21 09:59:00-04:00,short,11507.124027557198,11617.124027557198,SL,-110.0,2022-06-17,-4055.46
2022-06-22,2022-06-22 09:31:00-04:00,2022-06-22 09:57:00-04:00,short,11507.124027557198,11617.124027557198,SL,-110.0,2022-06-17,-4165.46
2022-06-23,2022-06-23 09:31:00-04:00,2022-06-23 10:21:00-04:00,short,11673.508306826196,11673.508306826196,BE,0.0,2022-06-14,-4165.46
2022-06-23,2022-06-23 10:51:00-04:00,2022-06-23 12:45:00-04:00,long,11689.07406564783,11579.07406564783,SL,-110.0,2022-06-10,-4275.46
2022-06-24,2022-06-24 09:32:00-04:00,2022-06-24 10:00:00-04:00,short,11874.846477759074,11984.846477759074,SL,-110.0,2022-06-22,-4385.46
2022-06-27,2022-06-27 09:31:00-04:00,2022-06-27 09:36:00-04:00,long,12198.89683549912,12088.89683549912,SL,-110.0,2022-06-07,-4495.46
2022-06-29,2022-06-29 09:45:00-04:00,2022-06-29 15:00:00-04:00,long,11573.314839174785,11660.25,cutoff,86.94,2022-06-24,-4408.52
2022-06-30,2022-06-30 09:33:00-04:00,2022-06-30 11:23:00-04:00,short,11554.674231574641,11554.674231574641,BE,0.0,2022-06-16,-4408.52
2022-07-01,2022-07-01 09:33:00-04:00,2022-07-01 10:00:00-04:00,short,11507.124027557198,11617.124027557198,SL,-110.0,2022-06-17,-4518.52
2022-07-04,2022-07-04 09:44:00-04:00,2022-07-04 11:01:00-04:00,short,11550.179976842752,11550.179976842752,BE,0.0,2022-06-20,-4518.52
2022-07-05,2022-07-05 10:14:00-04:00,2022-07-05 12:23:00-04:00,short,11507.124027557198,11617.124027557198,SL,-110.0,2022-06-17,-4628.52
2022-07-06,2022-07-06 09:31:00-04:00,2022-07-06 10:24:00-04:00,short,11818.83622306228,11818.83622306228,BE,0.0,2022-06-21,-4628.52
2022-07-06,2022-07-06 10:31:00-04:00,2022-07-06 11:21:00-04:00,short,11834.978672108253,11834.978672108253,BE,0.0,2022-06-30,-4628.52
2022-07-07,2022-07-07 09:33:00-04:00,2022-07-07 10:47:00-04:00,short,11946.652302507984,12056.652302507984,SL,-110.0,2022-06-29,-4738.52
2022-07-08,2022-07-08 09:39:00-04:00,2022-07-08 11:09:00-04:00,short,12064.931469469657,12174.931469469657,SL,-110.0,2022-07-06,-4848.52
2022-07-11,2022-07-11 09:37:00-04:00,2022-07-11 10:38:00-04:00,short,11946.652302507984,11946.652302507984,BE,0.0,2022-06-29,-4848.52
2022-07-12,2022-07-12 09:47:00-04:00,2022-07-12 15:00:00-04:00,short,11946.652302507984,11829.5,cutoff,117.15,2022-06-29,-4731.37
2022-07-13,2022-07-13 09:31:00-04:00,2022-07-13 10:43:00-04:00,long,11573.314839174785,11757.75,TP,184.44,2022-06-24,-4546.93
2022-07-13,2022-07-13 10:44:00-04:00,2022-07-13 12:52:00-04:00,short,11796.79142886207,11796.79142886207,BE,0.0,2022-07-01,-4546.93
2022-07-14,2022-07-14 09:31:00-04:00,2022-07-14 10:10:00-04:00,long,11624.902893102582,11514.902893102582,SL,-110.0,2022-07-12,-4656.93
2022-07-15,2022-07-15 09:32:00-04:00,2022-07-15 10:17:00-04:00,short,11946.652302507984,11946.652302507984,BE,0.0,2022-06-29,-4656.93
2022-07-18,2022-07-18 09:46:00-04:00,2022-07-18 11:40:00-04:00,short,12162.60462922617,12162.60462922617,BE,0.0,2022-07-15,-4656.93
2022-07-19,2022-07-19 09:31:00-04:00,2022-07-19 10:26:00-04:00,short,12064.931469469657,12064.931469469657,BE,0.0,2022-07-06,-4656.93
2022-07-20,2022-07-20 09:31:00-04:00,2022-07-20 10:26:00-04:00,short,12267.331807828947,12377.331807828947,SL,-110.0,2022-07-19,-4766.93
2022-07-21,2022-07-21 09:37:00-04:00,2022-07-21 12:02:00-04:00,short,12442.439464275212,12552.439464275212,SL,-110.0,2022-06-27,-4876.93
2022-07-25,2022-07-25 09:38:00-04:00,2022-07-25 15:00:00-04:00,long,12367.146538999308,12292.0,cutoff,-75.15,2022-07-22,-4952.08
2022-07-26,2022-07-26 09:31:00-04:00,2022-07-26 14:53:00-04:00,short,12286.607287286239,12106.25,TP,180.36,2022-07-08,-4771.72
2022-07-27,2022-07-27 09:33:00-04:00,2022-07-27 10:05:00-04:00,short,12292.55352235163,12402.55352235163,SL,-110.0,2022-07-11,-4881.72
2022-07-28,2022-07-28 09:31:00-04:00,2022-07-28 11:24:00-04:00,short,12639.16047529935,12639.16047529935,BE,0.0,2022-07-25,-4881.72
2022-07-29,2022-07-29 09:42:00-04:00,2022-07-29 14:38:00-04:00,short,12860.228461000692,12970.228461000692,SL,-110.0,2022-07-22,-4991.72
2022-08-01,2022-08-01 09:33:00-04:00,2022-08-01 09:49:00-04:00,short,12860.228461000692,12970.228461000692,SL,-110.0,2022-07-22,-5101.72
2022-08-02,2022-08-02 10:11:00-04:00,2022-08-02 10:52:00-04:00,short,12860.228461000692,12970.228461000692,SL,-110.0,2022-07-22,-5211.72
2022-08-03,2022-08-03 09:38:00-04:00,2022-08-03 11:38:00-04:00,short,13088.189952220942,13198.189952220942,SL,-110.0,2022-07-29,-5321.72
2022-08-04,2022-08-04 09:35:00-04:00,2022-08-04 12:28:00-04:00,short,13312.843340278974,13312.843340278974,BE,0.0,2022-08-03,-5321.72
2022-08-05,2022-08-05 10:02:00-04:00,2022-08-05 15:00:00-04:00,short,13213.492773728021,13167.0,cutoff,46.49,2022-08-01,-5275.23
2022-08-08,2022-08-08 09:33:00-04:00,2022-08-08 15:00:00-04:00,short,13312.843340278974,13147.5,cutoff,165.34,2022-08-03,-5109.89
2022-08-09,2022-08-09 09:31:00-04:00,2022-08-09 15:00:00-04:00,long,13061.266921843504,13030.75,cutoff,-30.52,2022-08-04,-5140.41
2022-08-10,2022-08-10 09:33:00-04:00,2022-08-10 10:40:00-04:00,short,13312.843340278974,13312.843340278974,BE,0.0,2022-08-03,-5140.41
2022-08-11,2022-08-11 09:32:00-04:00,2022-08-11 15:00:00-04:00,short,13494.733078156496,13320.25,cutoff,174.48,2022-08-04,-4965.93
2022-08-12,2022-08-12 10:10:00-04:00,2022-08-12 11:01:00-04:00,short,13439.758793471228,13439.758793471228,BE,0.0,2022-08-05,-4965.93
2022-08-15,2022-08-15 09:43:00-04:00,2022-08-15 10:28:00-04:00,short,13561.306199819333,13561.306199819333,BE,0.0,2022-08-08,-4965.93
2022-08-16,2022-08-16 09:54:00-04:00,2022-08-16 11:16:00-04:00,short,13606.256169569082,13606.256169569082,BE,0.0,2022-08-12,-4965.93
2022-08-17,2022-08-17 09:32:00-04:00,2022-08-17 14:03:00-04:00,short,13539.715846427483,13539.715846427483,BE,0.0,2022-08-10,-4965.93
2022-08-18,2022-08-18 09:44:00-04:00,2022-08-18 10:40:00-04:00,short,13494.733078156496,13494.733078156496,BE,0.0,2022-08-04,-4965.93
2022-08-19,2022-08-19 09:32:00-04:00,2022-08-19 09:54:00-04:00,long,13416.578272901235,13306.578272901235,SL,-110.0,2022-08-16,-5075.93
2022-08-22,2022-08-22 09:31:00-04:00,2022-08-22 15:00:00-04:00,short,13088.189952220942,12903.5,cutoff,184.69,2022-07-29,-4891.24
2022-08-23,2022-08-23 09:43:00-04:00,2022-08-23 11:01:00-04:00,long,12890.741206528772,12890.741206528772,BE,0.0,2022-08-05,-4891.24
2022-08-24,2022-08-24 09:31:00-04:00,2022-08-24 15:00:00-04:00,long,12890.741206528772,12939.75,cutoff,49.01,2022-08-05,-4842.23
2022-08-25,2022-08-25 10:17:00-04:00,2022-08-25 15:00:00-04:00,long,13061.266921843504,13065.5,cutoff,4.23,2022-08-04,-4838.0
2022-08-26,2022-08-26 09:35:00-04:00,2022-08-26 10:02:00-04:00,long,13148.997800446936,13038.997800446936,SL,-110.0,2022-08-19,-4948.0
2022-08-30,2022-08-30 10:46:00-04:00,2022-08-30 13:12:00-04:00,long,12284.974091751095,12284.974091751095,BE,0.0,2022-08-29,-4948.0
2022-09-02,2022-09-02 10:01:00-04:00,2022-09-02 12:33:00-04:00,long,12284.974091751095,12284.974091751095,BE,0.0,2022-08-29,-4948.0
2022-09-05,2022-09-05 09:36:00-04:00,2022-09-05 12:59:00-04:00,long,12122.82003138804,12136.0,cutoff,13.18,2022-09-02,-4934.82
2022-09-06,2022-09-06 09:32:00-04:00,2022-09-06 10:01:00-04:00,long,12122.82003138804,12012.82003138804,SL,-110.0,2022-09-02,-5044.82
2022-09-07,2022-09-07 09:49:00-04:00,2022-09-07 15:00:00-04:00,long,12122.82003138804,12271.75,cutoff,148.93,2022-09-02,-4895.89
2022-09-08,2022-09-08 09:34:00-04:00,2022-09-08 11:00:00-04:00,long,12122.82003138804,12343.25,TP,220.43,2022-09-02,-4675.46
2022-09-09,2022-09-09 09:32:00-04:00,2022-09-09 10:41:00-04:00,short,12452.290778087321,12562.290778087321,SL,-110.0,2022-09-08,-4785.46
2022-09-12,2022-09-12 09:34:00-04:00,2022-09-12 15:00:00-04:00,short,12763.025908248905,12795.5,cutoff,-32.47,2022-08-29,-4817.93
2022-09-13,2022-09-13 09:42:00-04:00,2022-09-13 14:55:00-04:00,short,12452.290778087321,12226.5,TP,225.79,2022-09-08,-4592.14
2022-09-14,2022-09-14 09:33:00-04:00,2022-09-14 10:26:00-04:00,long,12122.82003138804,12122.82003138804,BE,0.0,2022-09-02,-4592.14
2022-09-14,2022-09-14 10:44:00-04:00,2022-09-14 11:29:00-04:00,long,12201.692910855389,12201.692910855389,BE,0.0,2022-09-13,-4592.14
2022-09-15,2022-09-15 09:31:00-04:00,2022-09-15 10:28:00-04:00,long,12122.82003138804,12122.82003138804,BE,0.0,2022-09-02,-4592.14
2022-09-16,2022-09-16 09:40:00-04:00,2022-09-16 10:29:00-04:00,long,11841.776479599794,11841.776479599794,BE,0.0,2022-09-07,-4592.14
2022-09-19,2022-09-19 09:46:00-04:00,2022-09-19 15:00:00-04:00,long,11913.313166161024,11946.25,cutoff,32.94,2022-09-15,-4559.2
2022-09-20,2022-09-20 09:31:00-04:00,2022-09-20 15:00:00-04:00,long,11913.313166161024,11906.25,cutoff,-7.06,2022-09-15,-4566.26
2022-09-21,2022-09-21 09:34:00-04:00,2022-09-21 10:48:00-04:00,long,11943.492632717136,11943.492632717136,BE,0.0,2022-09-05,-4566.26
2022-09-22,2022-09-22 09:37:00-04:00,2022-09-22 11:20:00-04:00,long,11635.459348674045,11525.459348674045,SL,-110.0,2022-09-16,-4676.26
2022-09-23,2022-09-23 09:39:00-04:00,2022-09-23 14:11:00-04:00,long,11406.62824728022,11296.62824728022,SL,-110.0,2022-09-22,-4786.26
2022-09-27,2022-09-27 10:09:00-04:00,2022-09-27 11:23:00-04:00,long,11406.62824728022,11406.62824728022,BE,0.0,2022-09-22,-4786.26
2022-09-28,2022-09-28 10:30:00-04:00,2022-09-28 11:15:00-04:00,long,11406.62824728022,11406.62824728022,BE,0.0,2022-09-22,-4786.26
2022-09-29,2022-09-29 10:03:00-04:00,2022-09-29 14:18:00-04:00,long,11205.345983893674,11095.345983893674,SL,-110.0,2022-09-27,-4896.26
2022-09-30,2022-09-30 09:31:00-04:00,2022-09-30 10:17:00-04:00,long,11200.453623716281,11200.453623716281,BE,0.0,2022-09-23,-4896.26
2022-10-03,2022-10-03 09:31:00-04:00,2022-10-03 15:00:00-04:00,long,11109.481280546639,11343.0,cutoff,233.52,2022-09-26,-4662.74
2022-10-04,2022-10-04 09:49:00-04:00,2022-10-04 15:00:00-04:00,short,11592.732172153286,11636.5,cutoff,-43.77,2022-09-28,-4706.51
2022-10-05,2022-10-05 10:03:00-04:00,2022-10-05 11:36:00-04:00,short,11443.811619535041,11443.811619535041,BE,0.0,2022-09-30,-4706.51
2022-10-06,2022-10-06 09:32:00-04:00,2022-10-06 15:00:00-04:00,long,11620.722659826417,11556.5,cutoff,-64.22,2022-09-19,-4770.73
2022-10-07,2022-10-07 09:31:00-04:00,2022-10-07 10:02:00-04:00,long,11320.090857567091,11210.090857567091,SL,-110.0,2022-10-06,-4880.73
2022-10-10,2022-10-10 09:31:00-04:00,2022-10-10 10:00:00-04:00,long,11109.481280546639,10999.481280546639,SL,-110.0,2022-09-26,-4990.73
2022-10-11,2022-10-11 09:56:00-04:00,2022-10-11 14:55:00-04:00,long,10839.30938560433,10839.30938560433,BE,0.0,2022-10-03,-4990.73
2022-10-12,2022-10-12 09:31:00-04:00,2022-10-12 10:16:00-04:00,long,10839.30938560433,10839.30938560433,BE,0.0,2022-10-03,-4990.73
2022-10-12,2022-10-12 10:17:00-04:00,2022-10-12 15:00:00-04:00,long,10828.911918928978,10857.0,cutoff,28.09,2022-10-10,-4962.64
2022-10-13,2022-10-13 09:53:00-04:00,2022-10-13 11:16:00-04:00,long,10612.661745419522,10800.0,TP,187.34,2022-10-12,-4775.3
2022-10-14,2022-10-14 09:34:00-04:00,2022-10-14 10:00:00-04:00,long,11109.481280546639,10999.481280546639,SL,-110.0,2022-09-26,-4885.3
2022-10-17,2022-10-17 09:37:00-04:00,2022-10-17 10:34:00-04:00,long,11076.392827846714,11076.392827846714,BE,0.0,2022-09-28,-4885.3
2022-10-17,2022-10-17 10:51:00-04:00,2022-10-17 15:00:00-04:00,long,11058.028823651668,11113.75,cutoff,55.72,2022-10-07,-4829.58
2022-10-18,2022-10-18 09:31:00-04:00,2022-10-18 09:58:00-04:00,long,11406.62824728022,11296.62824728022,SL,-110.0,2022-09-22,-4939.58
2022-10-19,2022-10-19 09:32:00-04:00,2022-10-19 10:24:00-04:00,short,11160.575769298055,11270.575769298055,SL,-110.0,2022-10-11,-5049.58
2022-10-20,2022-10-20 09:31:00-04:00,2022-10-20 10:06:00-04:00,short,11160.575769298055,11270.575769298055,SL,-110.0,2022-10-11,-5159.58
2022-10-21,2022-10-21 09:31:00-04:00,2022-10-21 12:06:00-04:00,long,11007.926225819625,11221.75,TP,213.82,2022-09-29,-4945.76
2022-10-24,2022-10-24 09:32:00-04:00,2022-10-24 10:24:00-04:00,long,11320.090857567091,11210.090857567091,SL,-110.0,2022-10-06,-5055.76
2022-10-25,2022-10-25 09:31:00-04:00,2022-10-25 11:22:00-04:00,short,11564.971176348332,11674.971176348332,SL,-110.0,2022-10-07,-5165.76
2022-10-26,2022-10-26 09:32:00-04:00,2022-10-26 10:37:00-04:00,short,11482.102199235662,11592.102199235662,SL,-110.0,2022-10-20,-5275.76
2022-10-27,2022-10-27 09:32:00-04:00,2022-10-27 10:25:00-04:00,short,11443.811619535041,11443.811619535041,BE,0.0,2022-09-30,-5275.76
2022-10-27,2022-10-27 10:31:00-04:00,2022-10-27 14:24:00-04:00,short,11436.856393169684,11252.75,TP,184.11,2022-10-19,-5091.65
2022-10-28,2022-10-28 09:33:00-04:00,2022-10-28 10:27:00-04:00,short,11282.132898557971,11392.132898557971,SL,-110.0,2022-10-17,-5201.65
2022-10-31,2022-10-31 09:31:00-04:00,2022-10-31 15:00:00-04:00,short,11520.847326126568,11468.5,cutoff,52.35,2022-10-14,-5149.3
2022-11-01,2022-11-01 09:46:00-04:00,2022-11-01 10:58:00-04:00,short,11548.815267270762,11365.0,TP,183.82,2022-10-28,-4965.48
2022-11-02,2022-11-02 09:31:00-04:00,2022-11-02 12:23:00-04:00,long,11320.090857567091,11210.090857567091,SL,-110.0,2022-10-06,-5075.48
2022-11-03,2022-11-03 09:34:00-04:00,2022-11-03 10:00:00-04:00,long,10828.911918928978,10718.911918928978,SL,-110.0,2022-10-10,-5185.48
2022-11-04,2022-11-04 09:32:00-04:00,2022-11-04 09:43:00-04:00,long,10890.143606830316,10780.143606830316,SL,-110.0,2022-10-19,-5295.48
2022-11-07,2022-11-07 09:36:00-05:00,2022-11-07 10:24:00-05:00,long,10890.143606830316,10890.143606830316,BE,0.0,2022-10-19,-5295.48
2022-11-08,2022-11-08 09:33:00-05:00,2022-11-08 13:58:00-05:00,long,11032.598508387524,11032.598508387524,BE,0.0,2022-10-24,-5295.48
2022-11-09,2022-11-09 09:32:00-05:00,2022-11-09 10:33:00-05:00,long,10973.809732729238,10973.809732729238,BE,0.0,2022-10-28,-5295.48
2022-11-10,2022-11-10 09:41:00-05:00,2022-11-10 12:05:00-05:00,long,11295.296535945847,11476.75,TP,181.45,2022-10-25,-5114.03
2022-11-11,2022-11-11 09:45:00-05:00,2022-11-11 10:49:00-05:00,short,11657.433404218707,11767.433404218707,SL,-110.0,2022-10-18,-5224.03
2022-11-14,2022-11-14 09:35:00-05:00,2022-11-14 13:20:00-05:00,short,11747.73290059356,11857.73290059356,SL,-110.0,2022-10-26,-5334.03
2022-11-16,2022-11-16 09:31:00-05:00,2022-11-16 15:00:00-05:00,long,11815.542669975848,11767.25,cutoff,-48.29,2022-11-15,-5382.32
2022-11-17,2022-11-17 09:36:00-05:00,2022-11-17 15:00:00-05:00,long,11592.448534422849,11683.75,cutoff,91.3,2022-11-16,-5291.02
2022-11-18,2022-11-18 09:49:00-05:00,2022-11-18 15:00:00-05:00,short,11747.73290059356,11668.0,cutoff,79.73,2022-10-26,-5211.29
2022-11-21,2022-11-21 09:35:00-05:00,2022-11-21 15:00:00-05:00,short,11642.144347547288,11588.75,cutoff,53.39,2022-11-10,-5157.9
2022-11-22,2022-11-22 09:31:00-05:00,2022-11-22 10:32:00-05:00,long,11592.448534422849,11592.448534422849,BE,0.0,2022-11-16,-5157.9
2022-11-22,2022-11-22 10:49:00-05:00,2022-11-22 11:41:00-05:00,short,11642.144347547288,11642.144347547288,BE,0.0,2022-11-10,-5157.9
2022-11-23,2022-11-23 09:37:00-05:00,2022-11-23 15:00:00-05:00,short,11790.142005674923,11865.0,cutoff,-74.86,2022-11-22,-5232.76
2022-11-24,2022-11-24 09:42:00-05:00,2022-11-24 12:59:00-05:00,short,11911.900365803349,11910.75,cutoff,1.15,2022-11-11,-5231.61
2022-11-25,2022-11-25 09:31:00-05:00,2022-11-25 11:28:00-05:00,long,11787.196029486602,11787.196029486602,BE,0.0,2022-11-24,-5231.61
2022-11-29,2022-11-29 09:35:00-05:00,2022-11-29 10:55:00-05:00,long,11592.448534422849,11592.448534422849,BE,0.0,2022-11-16,-5231.61
2022-11-30,2022-11-30 09:31:00-05:00,2022-11-30 10:45:00-05:00,long,11531.556497706162,11531.556497706162,BE,0.0,2022-11-28,-5231.61
2022-12-01,2022-12-01 09:31:00-05:00,2022-12-01 10:53:00-05:00,short,12047.663495039484,12047.663495039484,BE,0.0,2022-11-18,-5231.61
2022-12-01,2022-12-01 10:56:00-05:00,2022-12-01 15:00:00-05:00,short,12035.428970513398,12083.0,cutoff,-47.57,2022-11-24,-5279.18
2022-12-02,2022-12-02 09:33:00-05:00,2022-12-02 15:00:00-05:00,short,11911.900365803349,11988.5,cutoff,-76.6,2022-11-11,-5355.78
2022-12-05,2022-12-05 09:35:00-05:00,2022-12-05 15:00:00-05:00,short,11951.589013564688,11768.0,cutoff,183.59,2022-11-25,-5172.19
2022-12-06,2022-12-06 09:31:00-05:00,2022-12-06 09:57:00-05:00,long,11787.196029486602,11677.196029486602,SL,-110.0,2022-11-24,-5282.19
2022-12-07,2022-12-07 09:35:00-05:00,2022-12-07 15:00:00-05:00,long,11549.211504960516,11500.5,cutoff,-48.71,2022-11-18,-5330.9
2022-12-08,2022-12-08 09:31:00-05:00,2022-12-08 15:00:00-05:00,long,11555.739174620234,11626.5,cutoff,70.76,2022-11-14,-5260.14
2022-12-09,2022-12-09 09:31:00-05:00,2022-12-09 15:00:00-05:00,long,11592.448534422849,11658.0,cutoff,65.55,2022-11-16,-5194.59
2022-12-12,2022-12-12 09:32:00-05:00,2022-12-12 10:28:00-05:00,short,11702.160192032788,11702.160192032788,BE,0.0,2022-11-30,-5194.59
2022-12-12,2022-12-12 10:30:00-05:00,2022-12-12 15:00:00-05:00,long,11677.698355199149,11761.75,cutoff,84.05,2022-12-02,-5110.54
2022-12-13,2022-12-13 10:32:00-05:00,2022-12-13 12:19:00-05:00,short,12101.919002100312,11899.0,TP,202.92,2022-12-05,-4907.62
2022-12-14,2022-12-14 09:31:00-05:00,2022-12-14 11:42:00-05:00,short,11951.589013564688,12061.589013564688,SL,-110.0,2022-11-25,-5017.62
2022-12-15,2022-12-15 09:31:00-05:00,2022-12-15 11:18:00-05:00,short,11702.160192032788,11485.75,TP,216.41,2022-11-30,-4801.21
2022-12-16,2022-12-16 09:33:00-05:00,2022-12-16 10:33:00-05:00,long,11443.71813437147,11333.71813437147,SL,-110.0,2022-11-21,-4911.21
2022-12-19,2022-12-19 09:32:00-05:00,2022-12-19 11:33:00-05:00,long,11315.876460299049,11205.876460299049,SL,-110.0,2022-12-08,-5021.21
2022-12-20,2022-12-20 09:32:00-05:00,2022-12-20 11:17:00-05:00,long,11121.328961004048,11121.328961004048,BE,0.0,2022-12-19,-5021.21
2022-12-21,2022-12-21 09:32:00-05:00,2022-12-21 15:00:00-05:00,long,11199.22694931163,11340.75,cutoff,141.52,2022-12-16,-4879.69
2022-12-22,2022-12-22 09:39:00-05:00,2022-12-22 10:30:00-05:00,long,11121.328961004048,11011.328961004048,SL,-110.0,2022-12-19,-4989.69
2022-12-23,2022-12-23 09:33:00-05:00,2022-12-23 09:36:00-05:00,long,11036.300929721321,10926.300929721321,SL,-110.0,2022-12-21,-5099.69
2022-12-27,2022-12-27 09:45:00-05:00,2022-12-27 13:56:00-05:00,long,10915.475907871558,10915.475907871558,BE,0.0,2022-12-20,-5099.69
2022-12-28,2022-12-28 10:26:00-05:00,2022-12-28 11:17:00-05:00,long,10915.475907871558,10805.475907871558,SL,-110.0,2022-12-20,-5209.69
2022-12-29,2022-12-29 09:36:00-05:00,2022-12-29 15:00:00-05:00,long,10906.194220248482,11030.25,cutoff,124.06,2022-12-22,-5085.63
2022-12-30,2022-12-30 09:31:00-05:00,2022-12-30 15:00:00-05:00,long,10915.475907871558,10904.75,cutoff,-10.73,2022-12-20,-5096.36
2023-01-03,2023-01-03 09:33:00-05:00,2023-01-03 10:30:00-05:00,short,11119.219818904501,10936.0,TP,183.22,2022-12-28,-4913.14
2023-01-03,2023-01-03 10:31:00-05:00,2023-01-03 15:00:00-05:00,long,10915.475907871558,10938.0,cutoff,22.52,2022-12-20,-4890.62
2023-01-04,2023-01-04 09:42:00-05:00,2023-01-04 10:00:00-05:00,long,11036.300929721321,10926.300929721321,SL,-110.0,2022-12-21,-5000.62
2023-01-05,2023-01-05 09:31:00-05:00,2023-01-05 15:00:00-05:00,long,10906.194220248482,10878.5,cutoff,-27.69,2022-12-22,-5028.31
2023-01-06,2023-01-06 09:36:00-05:00,2023-01-06 09:43:00-05:00,long,10915.475907871558,10805.475907871558,SL,-110.0,2022-12-20,-5138.31
2023-01-09,2023-01-09 09:31:00-05:00,2023-01-09 10:36:00-05:00,short,11232.564966598495,11342.564966598495,SL,-110.0,2022-12-27,-5248.31
2023-01-10,2023-01-10 09:33:00-05:00,2023-01-10 10:29:00-05:00,long,11199.22694931163,11199.22694931163,BE,0.0,2022-12-16,-5248.31
2023-01-10,2023-01-10 10:45:00-05:00,2023-01-10 15:00:00-05:00,long,11121.328961004048,11249.25,cutoff,127.92,2022-12-19,-5120.39
2023-01-11,2023-01-11 10:10:00-05:00,2023-01-11 11:15:00-05:00,short,11365.024092128442,11365.024092128442,BE,0.0,2022-12-20,-5120.39
2023-01-12,2023-01-12 09:37:00-05:00,2023-01-12 12:27:00-05:00,short,11423.199070278679,11533.199070278679,SL,-110.0,2022-12-21,-5230.39
2023-01-13,2023-01-13 09:33:00-05:00,2023-01-13 13:34:00-05:00,short,11430.629767914592,11540.629767914592,SL,-110.0,2023-01-09,-5340.39
2023-01-17,2023-01-17 10:00:00-05:00,2023-01-17 12:05:00-05:00,short,11631.48996521479,11631.48996521479,BE,0.0,2023-01-13,-5340.39
2023-01-18,2023-01-18 09:31:00-05:00,2023-01-18 13:26:00-05:00,short,11716.054661598511,11505.25,TP,210.8,2023-01-12,-5129.59
2023-01-19,2023-01-19 09:31:00-05:00,2023-01-19 15:00:00-05:00,long,11413.349099754087,11426.5,cutoff,13.15,2023-01-17,-5116.44
2023-01-20,2023-01-20 09:33:00-05:00,2023-01-20 11:12:00-05:00,short,11402.930779751518,11512.930779751518,SL,-110.0,2022-12-22,-5226.44
2023-01-23,2023-01-23 09:35:00-05:00,2023-01-23 10:01:00-05:00,short,11716.054661598511,11826.054661598511,SL,-110.0,2023-01-12,-5336.44
2023-01-24,2023-01-24 09:32:00-05:00,2023-01-24 15:00:00-05:00,short,11869.08571788345,11918.25,cutoff,-49.16,2023-01-18,-5385.6
2023-01-25,2023-01-25 09:32:00-05:00,2023-01-25 15:00:00-05:00,long,11693.33517488565,11859.0,cutoff,165.66,2023-01-24,-5219.94
2023-01-26,2023-01-26 09:32:00-05:00,2023-01-26 14:42:00-05:00,short,12061.53982511435,12061.53982511435,BE,0.0,2023-01-24,-5219.94
2023-01-30,2023-01-30 10:25:00-05:00,2023-01-30 11:16:00-05:00,short,12061.53982511435,12061.53982511435,BE,0.0,2023-01-24,-5219.94
2023-01-31,2023-01-31 10:30:00-05:00,2023-01-31 15:00:00-05:00,short,12061.53982511435,12111.5,cutoff,-49.96,2023-01-24,-5269.9
2023-02-06,2023-02-06 10:20:00-05:00,2023-02-06 15:00:00-05:00,long,12500.098735179718,12530.5,cutoff,30.4,2023-02-02,-5239.5
2023-02-07,2023-02-07 09:31:00-05:00,2023-02-07 12:52:00-05:00,long,12500.098735179718,12694.75,TP,194.65,2023-02-02,-5044.85
2023-02-08,2023-02-08 09:36:00-05:00,2023-02-08 15:00:00-05:00,short,12719.843876099361,12566.75,cutoff,153.09,2023-02-06,-4891.76
2023-02-09,2023-02-09 09:36:00-05:00,2023-02-09 14:42:00-05:00,short,12679.456137181118,12477.25,TP,202.21,2023-02-07,-4689.55
2023-02-10,2023-02-10 09:40:00-05:00,2023-02-10 10:45:00-05:00,long,12340.168862818882,12340.168862818882,BE,0.0,2023-02-07,-4689.55
2023-02-10,2023-02-10 10:52:00-05:00,2023-02-10 11:37:00-05:00,long,12320.31182394092,12320.31182394092,BE,0.0,2023-02-03,-4689.55
2023-02-13,2023-02-13 10:53:00-05:00,2023-02-13 14:47:00-05:00,long,12492.511587784786,12492.511587784786,BE,0.0,2023-02-09,-4689.55
2023-02-14,2023-02-14 09:42:00-05:00,2023-02-14 10:38:00-05:00,long,12500.098735179718,12500.098735179718,BE,0.0,2023-02-02,-4689.55
2023-02-14,2023-02-14 10:39:00-05:00,2023-02-14 11:26:00-05:00,long,12492.511587784786,12492.511587784786,BE,0.0,2023-02-09,-4689.55
2023-02-15,2023-02-15 09:42:00-05:00,2023-02-15 11:06:00-05:00,short,12614.653492198106,12614.653492198106,BE,0.0,2023-02-13,-4689.55
2023-02-16,2023-02-16 09:37:00-05:00,2023-02-16 15:00:00-05:00,long,12500.098735179718,12652.25,cutoff,152.15,2023-02-02,-4537.4
2023-02-17,2023-02-17 09:37:00-05:00,2023-02-17 10:22:00-05:00,long,12377.141552724202,12377.141552724202,BE,0.0,2023-02-15,-4537.4
2023-02-17,2023-02-17 10:42:00-05:00,2023-02-17 15:00:00-05:00,long,12344.34054521155,12391.25,cutoff,46.91,2023-02-16,-4490.49
2023-02-20,2023-02-20 10:10:00-05:00,2023-02-20 12:59:00-05:00,long,12377.141552724202,12366.75,cutoff,-10.39,2023-02-15,-4500.88
2023-02-21,2023-02-21 09:39:00-05:00,2023-02-21 11:32:00-05:00,long,12259.764318305486,12149.764318305486,SL,-110.0,2023-02-20,-4610.88
2023-02-22,2023-02-22 09:31:00-05:00,2023-02-22 15:00:00-05:00,long,12122.640010897961,12063.25,cutoff,-59.39,2023-02-10,-4670.27
2023-02-23,2023-02-23 09:38:00-05:00,2023-02-23 11:09:00-05:00,long,12200.096507801894,12090.096507801894,SL,-110.0,2023-02-13,-4780.27
2023-02-24,2023-02-24 09:44:00-05:00,2023-02-24 15:00:00-05:00,long,11986.569081537058,12006.0,cutoff,19.43,2023-02-01,-4760.84
2023-02-27,2023-02-27 09:31:00-05:00,2023-02-27 10:36:00-05:00,long,12122.640010897961,12122.640010897961,BE,0.0,2023-02-10,-4760.84
2023-02-28,2023-02-28 09:34:00-05:00,2023-02-28 15:00:00-05:00,long,12041.934029496524,12124.5,cutoff,82.57,2023-02-21,-4678.27
2023-03-01,2023-03-01 09:32:00-05:00,2023-03-01 11:11:00-05:00,long,12041.934029496524,11931.934029496524,SL,-110.0,2023-02-21,-4788.27
2023-03-02,2023-03-02 09:55:00-05:00,2023-03-02 10:42:00-05:00,long,11896.630632581931,11896.630632581931,BE,0.0,2023-02-28,-4788.27
2023-03-03,2023-03-03 09:35:00-05:00,2023-03-03 15:00:00-05:00,long,12122.640010897961,12304.75,cutoff,182.11,2023-02-10,-4606.16
2023-03-06,2023-03-06 09:34:00-05:00,2023-03-06 13:09:00-05:00,long,12377.141552724202,12377.141552724202,BE,0.0,2023-02-15,-4606.16
2023-03-07,2023-03-07 09:33:00-05:00,2023-03-07 15:00:00-05:00,short,12335.463802876478,12146.5,cutoff,188.96,2023-02-22,-4417.2
2023-03-08,2023-03-08 09:31:00-05:00,2023-03-08 15:00:00-05:00,long,12200.096507801894,12179.75,cutoff,-20.35,2023-02-13,-4437.55
2023-03-09,2023-03-09 09:47:00-05:00,2023-03-09 10:32:00-05:00,short,12315.940277770056,12315.940277770056,BE,0.0,2023-02-27,-4437.55
2023-03-09,2023-03-09 10:33:00-05:00,2023-03-09 13:43:00-05:00,short,12335.463802876478,12153.75,TP,181.71,2023-02-22,-4255.84
2023-03-10,2023-03-10 09:31:00-05:00,2023-03-10 09:46:00-05:00,long,11990.36684265277,11880.36684265277,SL,-110.0,2023-03-08,-4365.84
2023-03-13,2023-03-13 09:31:00-04:00,2023-03-13 11:02:00-04:00,long,11892.536197123522,12087.5,TP,194.96,2023-02-22,-4170.88
2023-03-14,2023-03-14 09:35:00-04:00,2023-03-14 10:34:00-04:00,short,12213.8751113092,12323.8751113092,SL,-110.0,2023-03-10,-4280.88
2023-03-15,2023-03-15 09:31:00-04:00,2023-03-15 10:59:00-04:00,short,12238.518763479362,12238.518763479362,BE,0.0,2023-03-01,-4280.88
2023-03-16,2023-03-16 09:31:00-04:00,2023-03-16 10:47:00-04:00,short,12344.409548221498,12454.409548221498,SL,-110.0,2023-03-03,-4390.88
2023-03-20,2023-03-20 09:38:00-04:00,2023-03-20 11:29:00-04:00,short,12574.322326522724,12684.322326522724,SL,-110.0,2023-03-16,-4500.88
2023-03-21,2023-03-21 09:32:00-04:00,2023-03-21 13:28:00-04:00,short,12804.894940581522,12804.894940581522,BE,0.0,2023-03-20,-4500.88
2023-03-23,2023-03-23 10:27:00-04:00,2023-03-23 14:45:00-04:00,short,12950.11013849888,12763.5,TP,186.61,2023-03-17,-4314.27
2023-03-24,2023-03-24 09:34:00-04:00,2023-03-24 10:26:00-04:00,short,12804.894940581522,12804.894940581522,BE,0.0,2023-03-20,-4314.27
2023-03-27,2023-03-27 09:46:00-04:00,2023-03-27 15:00:00-04:00,short,12950.11013849888,12856.25,cutoff,93.86,2023-03-17,-4220.41
2023-03-28,2023-03-28 09:33:00-04:00,2023-03-28 15:00:00-04:00,long,12736.870630244797,12682.75,cutoff,-54.12,2023-03-27,-4274.53
2023-03-30,2023-03-30 09:32:00-04:00,2023-03-30 10:21:00-04:00,short,13064.150579592297,13064.150579592297,BE,0.0,2023-03-22,-4274.53
2023-03-30,2023-03-30 10:24:00-04:00,2023-03-30 15:00:00-04:00,short,13081.252403799639,13066.25,cutoff,15.0,2023-03-23,-4259.53
2023-03-31,2023-03-31 09:31:00-04:00,2023-03-31 11:57:00-04:00,short,13102.629369755203,13212.629369755203,SL,-110.0,2023-03-27,-4369.53
2023-04-03,2023-04-03 09:33:00-04:00,2023-04-03 15:00:00-04:00,short,13229.398844923153,13225.25,cutoff,4.15,2023-03-30,-4365.38
2023-04-04,2023-04-04 09:36:00-04:00,2023-04-04 10:21:00-04:00,short,13276.531225931143,13276.531225931143,BE,0.0,2023-03-31,-4365.38
2023-04-05,2023-04-05 10:19:00-04:00,2023-04-05 15:00:00-04:00,long,13100.946936245124,13076.25,cutoff,-24.7,2023-04-04,-4390.08
2023-04-06,2023-04-06 09:31:00-04:00,2023-04-06 11:47:00-04:00,short,13008.379541218379,13118.379541218379,SL,-110.0,2023-03-24,-4500.08
2023-04-10,2023-04-10 09:37:00-04:00,2023-04-10 10:22:00-04:00,short,13008.379541218379,13008.379541218379,BE,0.0,2023-03-24,-4500.08
2023-04-11,2023-04-11 09:42:00-04:00,2023-04-11 15:00:00-04:00,long,13100.946936245124,13127.25,cutoff,26.3,2023-04-04,-4473.78
2023-04-12,2023-04-12 09:41:00-04:00,2023-04-12 11:08:00-04:00,long,13100.946936245124,12990.946936245124,SL,-110.0,2023-04-04,-4583.78
2023-04-13,2023-04-13 09:31:00-04:00,2023-04-13 12:07:00-04:00,short,13044.435005252406,13154.435005252406,SL,-110.0,2023-03-29,-4693.78
2023-04-14,2023-04-14 09:38:00-04:00,2023-04-14 15:00:00-04:00,short,13194.007949922367,13167.5,cutoff,26.51,2023-04-06,-4667.27
2023-04-17,2023-04-17 09:36:00-04:00,2023-04-17 15:00:00-04:00,short,13194.007949922367,13143.25,cutoff,50.76,2023-04-06,-4616.51
2023-04-18,2023-04-18 09:31:00-04:00,2023-04-18 15:00:00-04:00,short,13276.531225931143,13159.25,cutoff,117.28,2023-03-31,-4499.23
2023-04-19,2023-04-19 09:33:00-04:00,2023-04-19 14:00:00-04:00,short,13102.629369755203,13212.629369755203,SL,-110.0,2023-03-27,-4609.23
2023-04-20,2023-04-20 09:32:00-04:00,2023-04-20 13:11:00-04:00,short,13081.252403799639,13191.252403799639,SL,-110.0,2023-03-23,-4719.23
2023-04-21,2023-04-21 09:34:00-04:00,2023-04-21 15:00:00-04:00,long,13062.13261025822,13086.75,cutoff,24.62,2023-04-03,-4694.61
2023-04-24,2023-04-24 09:31:00-04:00,2023-04-24 10:35:00-04:00,long,13062.13261025822,13062.13261025822,BE,0.0,2023-04-03,-4694.61
2023-04-24,2023-04-24 10:36:00-04:00,2023-04-24 15:00:00-04:00,long,13049.068378614229,13052.5,cutoff,3.43,2023-04-18,-4691.18
2023-04-25,2023-04-25 09:46:00-04:00,2023-04-25 13:17:00-04:00,long,12969.69249010037,12859.69249010037,SL,-110.0,2023-04-05,-4801.18
2023-04-26,2023-04-26 09:31:00-04:00,2023-04-26 15:00:00-04:00,long,12931.882433696444,12887.75,cutoff,-44.13,2023-04-24,-4845.31
2023-04-27,2023-04-27 09:33:00-04:00,2023-04-27 15:00:00-04:00,long,13017.100469293404,13236.25,cutoff,219.15,2023-04-17,-4626.16
2023-04-28,2023-04-28 09:31:00-04:00,2023-04-28 15:00:00-04:00,short,13239.617566303556,13285.25,cutoff,-45.63,2023-04-24,-4671.79
2023-05-01,2023-05-01 09:50:00-04:00,2023-05-01 10:56:00-04:00,short,13317.369563930908,13317.369563930908,BE,0.0,2023-04-11,-4671.79
2023-05-01,2023-05-01 10:58:00-04:00,2023-05-01 12:28:00-04:00,short,13317.524530706596,13317.524530706596,BE,0.0,2023-04-17,-4671.79
2023-05-02,2023-05-02 10:12:00-04:00,2023-05-02 15:00:00-04:00,short,13239.617566303556,13205.75,cutoff,33.87,2023-04-24,-4637.92
2023-05-03,2023-05-03 09:34:00-04:00,2023-05-03 14:40:00-04:00,short,13195.157886365982,13305.157886365982,SL,-110.0,2023-04-10,-4747.92
2023-05-04,2023-05-04 09:32:00-04:00,2023-05-04 15:00:00-04:00,long,13049.068378614229,13060.5,cutoff,11.43,2023-04-18,-4736.49
2023-05-05,2023-05-05 09:31:00-04:00,2023-05-05 10:32:00-04:00,short,13135.420594916273,13245.420594916273,SL,-110.0,2023-04-25,-4846.49
2023-05-10,2023-05-10 09:32:00-04:00,2023-05-10 15:00:00-04:00,short,13410.064913270078,13394.25,cutoff,15.81,2023-04-28,-4830.68
2023-05-11,2023-05-11 09:45:00-04:00,2023-05-11 10:48:00-04:00,short,13410.064913270078,13410.064913270078,BE,0.0,2023-04-28,-4830.68
2023-05-11,2023-05-11 10:55:00-04:00,2023-05-11 15:00:00-04:00,short,13411.199002032656,13464.25,cutoff,-53.05,2023-05-09,-4883.73
2023-05-12,2023-05-12 09:51:00-04:00,2023-05-12 15:00:00-04:00,short,13458.181621385771,13343.5,cutoff,114.68,2023-04-18,-4769.05
2023-05-15,2023-05-15 09:31:00-04:00,2023-05-15 11:12:00-04:00,short,13410.064913270078,13410.064913270078,BE,0.0,2023-04-28,-4769.05
2023-05-16,2023-05-16 09:31:00-04:00,2023-05-16 15:00:00-04:00,short,13454.855520657635,13536.0,cutoff,-81.14,2023-05-02,-4850.19
2023-05-19,2023-05-19 10:09:00-04:00,2023-05-19 10:54:00-04:00,short,13876.997621295763,13876.997621295763,BE,0.0,2023-05-18,-4850.19
2023-05-22,2023-05-22 09:34:00-04:00,2023-05-22 15:00:00-04:00,short,13876.997621295763,13922.25,cutoff,-45.25,2023-05-18,-4895.44
2023-05-23,2023-05-23 09:56:00-04:00,2023-05-23 15:00:00-04:00,short,13876.997621295763,13742.0,cutoff,135.0,2023-05-18,-4760.44
2023-05-24,2023-05-24 09:34:00-04:00,2023-05-24 15:00:00-04:00,short,13654.647370426488,13613.5,cutoff,41.15,2023-05-17,-4719.29
2023-05-25,2023-05-25 09:38:00-04:00,2023-05-25 10:28:00-04:00,short,13876.997621295763,13876.997621295763,BE,0.0,2023-05-18,-4719.29
2023-05-26,2023-05-26 09:33:00-04:00,2023-05-26 10:09:00-04:00,short,14037.217523662237,14147.217523662237,SL,-110.0,2023-05-19,-4829.29
2023-05-30,2023-05-30 09:33:00-04:00,2023-05-30 15:00:00-04:00,short,14500.603669049202,14423.75,cutoff,76.85,2023-05-29,-4752.44
2023-05-31,2023-05-31 10:50:00-04:00,2023-05-31 13:30:00-04:00,short,14320.83787356036,14320.83787356036,BE,0.0,2023-05-26,-4752.44
2023-06-01,2023-06-01 09:35:00-04:00,2023-06-01 13:24:00-04:00,long,14264.119260834668,14451.75,TP,187.63,2023-05-30,-4564.81
2023-06-02,2023-06-02 09:48:00-04:00,2023-06-02 10:43:00-04:00,short,14550.866559532675,14550.866559532675,BE,0.0,2023-05-31,-4564.81
2023-06-06,2023-06-06 09:48:00-04:00,2023-06-06 15:00:00-04:00,short,14550.866559532675,14585.5,cutoff,-34.63,2023-05-31,-4599.44
2023-06-07,2023-06-07 10:29:00-04:00,2023-06-07 13:44:00-04:00,short,14550.866559532675,14363.25,TP,187.62,2023-05-31,-4411.82
2023-06-08,2023-06-08 10:07:00-04:00,2023-06-08 15:00:00-04:00,long,14398.542957657737,14484.0,cutoff,85.46,2023-06-06,-4326.36
2023-06-12,2023-06-12 09:33:00-04:00,2023-06-12 10:23:00-04:00,short,14796.265242329355,14796.265242329355,BE,0.0,2023-06-07,-4326.36
2023-06-16,2023-06-16 09:38:00-04:00,2023-06-16 15:00:00-04:00,short,15385.305026003243,15313.75,cutoff,71.56,2023-06-15,-4254.8
2023-06-20,2023-06-20 09:48:00-04:00,2023-06-20 15:00:00-04:00,short,15302.861882702957,15248.75,cutoff,54.11,2023-06-13,-4200.69
2023-06-21,2023-06-21 09:56:00-04:00,2023-06-21 11:08:00-04:00,long,15127.861700125628,15017.861700125628,SL,-110.0,2023-06-19,-4310.69
2023-06-22,2023-06-22 10:15:00-04:00,2023-06-22 15:00:00-04:00,long,15127.861700125628,15189.5,cutoff,61.64,2023-06-19,-4249.05
2023-06-26,2023-06-26 10:00:00-04:00,2023-06-26 11:07:00-04:00,long,15127.861700125628,15017.861700125628,SL,-110.0,2023-06-19,-4359.05
2023-06-27,2023-06-27 09:31:00-04:00,2023-06-27 10:24:00-04:00,short,14933.600874196422,14933.600874196422,BE,0.0,2023-06-12,-4359.05
2023-06-27,2023-06-27 10:29:00-04:00,2023-06-27 15:00:00-04:00,long,14948.069973996757,15106.0,cutoff,157.93,2023-06-15,-4201.12
2023-06-28,2023-06-28 09:42:00-04:00,2023-06-28 12:12:00-04:00,short,15097.764370310375,15207.764370310375,SL,-110.0,2023-06-27,-4311.12
2023-06-29,2023-06-29 09:32:00-04:00,2023-06-29 10:22:00-04:00,short,15097.764370310375,15097.764370310375,BE,0.0,2023-06-27,-4311.12
2023-06-30,2023-06-30 09:31:00-04:00,2023-06-30 10:20:00-04:00,short,15255.780357455948,15365.780357455948,SL,-110.0,2023-06-22,-4421.12
2023-07-03,2023-07-03 09:31:00-04:00,2023-07-03 10:23:00-04:00,short,15364.888299874372,15364.888299874372,BE,0.0,2023-06-19,-4421.12
2023-07-04,2023-07-04 09:34:00-04:00,2023-07-04 12:59:00-04:00,short,15364.888299874372,15344.5,cutoff,20.39,2023-06-19,-4400.73
2023-07-05,2023-07-05 09:41:00-04:00,2023-07-05 15:00:00-04:00,short,15364.888299874372,15375.0,cutoff,-10.11,2023-06-19,-4410.84
2023-07-06,2023-07-06 09:31:00-04:00,2023-07-06 12:34:00-04:00,short,15212.592497052523,15212.592497052523,BE,0.0,2023-06-23,-4410.84
2023-07-07,2023-07-07 09:32:00-04:00,2023-07-07 10:17:00-04:00,long,15217.434278627898,15217.434278627898,BE,0.0,2023-07-03,-4410.84
2023-07-07,2023-07-07 10:25:00-04:00,2023-07-07 15:00:00-04:00,long,15222.97180417187,15301.25,cutoff,78.28,2023-06-16,-4332.56
2023-07-10,2023-07-10 09:32:00-04:00,2023-07-10 15:00:00-04:00,short,15212.592497052523,15188.5,cutoff,24.09,2023-06-23,-4308.47
2023-07-11,2023-07-11 09:34:00-04:00,2023-07-11 11:03:00-04:00,short,15212.592497052523,15212.592497052523,BE,0.0,2023-06-23,-4308.47
2023-07-12,2023-07-12 09:48:00-04:00,2023-07-12 15:00:00-04:00,short,15454.584264870435,15452.0,cutoff,2.58,2023-06-20,-4305.89
2023-07-17,2023-07-17 09:59:00-04:00,2023-07-17 15:00:00-04:00,short,15737.212499807722,15825.75,cutoff,-88.54,2023-07-13,-4394.43
2023-07-20,2023-07-20 10:00:00-04:00,2023-07-20 10:30:00-04:00,long,15853.012583429381,15743.012583429381,SL,-110.0,2023-07-19,-4504.43
2023-07-21,2023-07-21 09:52:00-04:00,2023-07-21 15:00:00-04:00,long,15627.390811500729,15575.75,cutoff,-51.64,2023-07-18,-4556.07
2023-07-24,2023-07-24 09:32:00-04:00,2023-07-24 09:54:00-04:00,long,15602.940801120098,15492.940801120098,SL,-110.0,2023-07-20,-4666.07
2023-07-25,2023-07-25 09:35:00-04:00,2023-07-25 15:00:00-04:00,short,15629.844376715555,15688.5,cutoff,-58.66,2023-07-12,-4724.73
2023-07-26,2023-07-26 09:31:00-04:00,2023-07-26 11:01:00-04:00,long,15627.390811500729,15517.390811500729,SL,-110.0,2023-07-18,-4834.73
2023-07-27,2023-07-27 09:35:00-04:00,2023-07-27 13:20:00-04:00,long,15853.012583429381,15743.012583429381,SL,-110.0,2023-07-19,-4944.73
2023-07-28,2023-07-28 09:31:00-04:00,2023-07-28 11:14:00-04:00,short,15737.212499807722,15847.212499807722,SL,-110.0,2023-07-13,-5054.73
2023-07-31,2023-07-31 09:34:00-04:00,2023-07-31 15:00:00-04:00,long,15853.012583429381,15850.75,cutoff,-2.26,2023-07-19,-5056.99
2023-08-01,2023-08-01 09:32:00-04:00,2023-08-01 10:28:00-04:00,short,15778.833445787948,15778.833445787948,BE,0.0,2023-07-25,-5056.99
2023-08-02,2023-08-02 09:34:00-04:00,2023-08-02 10:46:00-04:00,long,15627.390811500729,15517.390811500729,SL,-110.0,2023-07-18,-5166.99
2023-08-03,2023-08-03 09:32:00-04:00,2023-08-03 12:42:00-04:00,short,15390.16854075785,15500.16854075785,SL,-110.0,2023-07-11,-5276.99
2023-08-04,2023-08-04 09:34:00-04:00,2023-08-04 10:02:00-04:00,long,15547.187672567197,15437.187672567197,SL,-110.0,2023-07-14,-5386.99
2023-08-07,2023-08-07 09:31:00-04:00,2023-08-07 15:00:00-04:00,long,15440.166554212052,15449.5,cutoff,9.33,2023-07-25,-5377.66
2023-08-08,2023-08-08 09:31:00-04:00,2023-08-08 10:17:00-04:00,long,15359.097887679556,15249.097887679556,SL,-110.0,2023-07-24,-5487.66
2023-08-09,2023-08-09 10:52:00-04:00,2023-08-09 15:00:00-04:00,long,15237.655694235033,15272.5,cutoff,34.84,2023-08-04,-5452.82
2023-08-10,2023-08-10 10:07:00-04:00,2023-08-10 10:45:00-04:00,long,15424.48130455583,15314.48130455583,SL,-110.0,2023-07-21,-5562.82
2023-08-11,2023-08-11 09:40:00-04:00,2023-08-11 11:07:00-04:00,long,15088.731762423424,15088.731762423424,BE,0.0,2023-08-10,-5562.82
2023-08-14,2023-08-14 09:43:00-04:00,2023-08-14 15:00:00-04:00,long,15088.731762423424,15214.75,cutoff,126.02,2023-08-10,-5436.8
2023-08-15,2023-08-15 09:31:00-04:00,2023-08-15 10:32:00-04:00,long,15219.073341420524,15109.073341420524,SL,-110.0,2023-08-07,-5546.8
2023-08-16,2023-08-16 09:40:00-04:00,2023-08-16 11:31:00-04:00,long,15088.731762423424,15088.731762423424,BE,0.0,2023-08-10,-5546.8
2023-08-17,2023-08-17 09:31:00-04:00,2023-08-17 10:33:00-04:00,long,14990.540533081286,14880.540533081286,SL,-110.0,2023-08-15,-5656.8
2023-08-21,2023-08-21 09:33:00-04:00,2023-08-21 13:25:00-04:00,short,14823.580191280835,14933.580191280835,SL,-110.0,2023-08-18,-5766.8
2023-08-22,2023-08-22 09:37:00-04:00,2023-08-22 15:00:00-04:00,short,15046.702045487342,14974.5,cutoff,72.2,2023-08-21,-5694.6
2023-08-23,2023-08-23 09:45:00-04:00,2023-08-23 10:42:00-04:00,short,15046.702045487342,15156.702045487342,SL,-110.0,2023-08-21,-5804.6
2023-08-24,2023-08-24 09:32:00-04:00,2023-08-24 10:33:00-04:00,short,15295.195975187766,15079.75,TP,215.45,2023-08-14,-5589.15
2023-08-24,2023-08-24 10:44:00-04:00,2023-08-24 15:00:00-04:00,short,15046.702045487342,14960.25,cutoff,86.45,2023-08-21,-5502.7
2023-08-25,2023-08-25 09:31:00-04:00,2023-08-25 10:24:00-04:00,long,14907.749306880967,14907.749306880967,BE,0.0,2023-08-16,-5502.7
2023-08-25,2023-08-25 10:25:00-04:00,2023-08-25 10:47:00-04:00,long,14901.54356216347,14791.54356216347,SL,-110.0,2023-08-11,-5612.7
2023-08-28,2023-08-28 09:37:00-04:00,2023-08-28 15:00:00-04:00,long,15088.731762423424,15050.25,cutoff,-38.48,2023-08-10,-5651.18
2023-08-29,2023-08-29 09:33:00-04:00,2023-08-29 10:37:00-04:00,long,15088.731762423424,15305.75,TP,217.02,2023-08-10,-5434.16
2023-08-29,2023-08-29 10:38:00-04:00,2023-08-29 15:00:00-04:00,short,15303.33143783653,15404.25,cutoff,-100.92,2023-08-11,-5535.08
2023-08-30,2023-08-30 09:39:00-04:00,2023-08-30 15:00:00-04:00,short,15420.584466918714,15507.0,cutoff,-86.42,2023-08-15,-5621.5
2023-08-31,2023-08-31 09:31:00-04:00,2023-08-31 15:00:00-04:00,short,15532.052676827978,15553.75,cutoff,-21.7,2023-08-09,-5643.2
2023-09-01,2023-09-01 09:33:00-04:00,2023-09-01 15:00:00-04:00,short,15629.551658579476,15491.0,cutoff,138.55,2023-08-07,-5504.65
2023-09-04,2023-09-04 09:35:00-04:00,2023-09-04 12:59:00-04:00,short,15569.768237576576,15523.75,cutoff,46.02,2023-08-10,-5458.63
2023-09-05,2023-09-05 10:52:00-04:00,2023-09-05 12:00:00-04:00,short,15532.052676827978,15532.052676827978,BE,0.0,2023-08-09,-5458.63
2023-09-06,2023-09-06 10:01:00-04:00,2023-09-06 12:31:00-04:00,long,15439.378375806675,15329.378375806675,SL,-110.0,2023-09-04,-5568.63
2023-09-07,2023-09-07 09:33:00-04:00,2023-09-07 14:01:00-04:00,short,15178.222756936233,15288.222756936233,SL,-110.0,2023-08-17,-5678.63
2023-09-08,2023-09-08 09:31:00-04:00,2023-09-08 15:00:00-04:00,short,15295.195975187766,15270.75,cutoff,24.45,2023-08-14,-5654.18
2023-09-11,2023-09-11 09:32:00-04:00,2023-09-11 13:26:00-04:00,short,15629.449940807615,15629.449940807615,BE,0.0,2023-08-30,-5654.18
2023-09-12,2023-09-12 09:31:00-04:00,2023-09-12 15:00:00-04:00,short,15589.592104097457,15503.25,cutoff,86.34,2023-08-24,-5567.84
2023-09-13,2023-09-13 10:10:00-04:00,2023-09-13 12:55:00-04:00,short,15496.462916416425,15606.462916416425,SL,-110.0,2023-09-08,-5677.84
2023-09-14,2023-09-14 09:50:00-04:00,2023-09-14 12:54:00-04:00,short,15589.592104097457,15699.592104097457,SL,-110.0,2023-08-24,-5787.84
2023-09-15,2023-09-15 09:33:00-04:00,2023-09-15 13:34:00-04:00,short,15589.592104097457,15386.75,TP,202.84,2023-08-24,-5585.0
2023-09-18,2023-09-18 09:32:00-04:00,2023-09-18 10:38:00-04:00,long,15370.480522393795,15370.480522393795,BE,0.0,2023-09-15,-5585.0
2023-09-19,2023-09-19 09:31:00-04:00,2023-09-19 15:00:00-04:00,long,15336.432534736363,15348.5,cutoff,12.07,2023-08-31,-5572.93
2023-09-20,2023-09-20 09:31:00-04:00,2023-09-20 15:00:00-04:00,long,15389.281890276656,15302.5,cutoff,-86.78,2023-09-01,-5659.71
2023-09-25,2023-09-25 09:32:00-04:00,2023-09-25 15:00:00-04:00,long,14797.891152351334,14874.75,cutoff,76.86,2023-09-21,-5582.85
2023-09-26,2023-09-26 09:50:00-04:00,2023-09-26 15:00:00-04:00,long,14797.891152351334,14707.5,cutoff,-90.39,2023-09-21,-5673.24
2023-09-27,2023-09-27 09:35:00-04:00,2023-09-27 12:15:00-04:00,long,14756.293148302426,14646.293148302426,SL,-110.0,2023-09-22,-5783.24
2023-09-28,2023-09-28 10:01:00-04:00,2023-09-28 15:00:00-04:00,long,14756.293148302426,14843.75,cutoff,87.46,2023-09-22,-5695.78
2023-09-29,2023-09-29 09:34:00-04:00,2023-09-29 15:00:00-04:00,short,15007.11661205743,14902.75,cutoff,104.37,2023-09-26,-5591.41
2023-10-02,2023-10-02 09:34:00-04:00,2023-10-02 11:21:00-04:00,short,14905.250582524115,15015.250582524115,SL,-110.0,2023-09-28,-5701.41
2023-10-03,2023-10-03 09:33:00-04:00,2023-10-03 14:25:00-04:00,short,14905.250582524115,14692.25,TP,213.0,2023-09-28,-5488.41
2023-10-04,2023-10-04 09:43:00-04:00,2023-10-04 15:00:00-04:00,long,14797.891152351334,14870.75,cutoff,72.86,2023-09-21,-5415.55
2023-10-05,2023-10-05 09:31:00-04:00,2023-10-05 14:40:00-04:00,short,14905.250582524115,14905.250582524115,BE,0.0,2023-09-28,-5415.55
2023-10-06,2023-10-06 09:35:00-04:00,2023-10-06 10:20:00-04:00,long,14756.293148302426,14756.293148302426,BE,0.0,2023-09-22,-5415.55
2023-10-06,2023-10-06 10:27:00-04:00,2023-10-06 12:10:00-04:00,long,14828.962669985114,15043.75,TP,214.79,2023-09-29,-5200.76
2023-10-09,2023-10-09 09:31:00-04:00,2023-10-09 13:31:00-04:00,short,15007.11661205743,15117.11661205743,SL,-110.0,2023-09-26,-5310.76
2023-10-10,2023-10-10 09:32:00-04:00,2023-10-10 15:00:00-04:00,long,15203.87977436983,15277.25,cutoff,73.37,2023-09-18,-5237.39
2023-10-11,2023-10-11 09:38:00-04:00,2023-10-11 13:35:00-04:00,long,15370.480522393795,15260.480522393795,SL,-110.0,2023-09-15,-5347.39
2023-10-12,2023-10-12 09:42:00-04:00,2023-10-12 13:08:00-04:00,long,15370.480522393795,15370.480522393795,BE,0.0,2023-09-15,-5347.39
2023-10-13,2023-10-13 10:48:00-04:00,2023-10-13 11:50:00-04:00,long,15252.130723958366,15142.130723958366,SL,-110.0,2023-09-20,-5457.39
2023-10-16,2023-10-16 09:31:00-04:00,2023-10-16 10:27:00-04:00,short,15187.912330014886,15297.912330014886,SL,-110.0,2023-09-29,-5567.39
2023-10-17,2023-10-17 09:36:00-04:00,2023-10-17 10:36:00-04:00,short,15114.11544197032,15224.11544197032,SL,-110.0,2023-10-02,-5677.39
2023-10-18,2023-10-18 09:31:00-04:00,2023-10-18 15:00:00-04:00,short,15142.142363656174,15061.75,cutoff,80.39,2023-10-03,-5597.0
2023-10-19,2023-10-19 09:49:00-04:00,2023-10-19 10:35:00-04:00,short,15030.213529050536,15030.213529050536,BE,0.0,2023-09-25,-5597.0
2023-10-19,2023-10-19 10:53:00-04:00,2023-10-19 12:00:00-04:00,long,15016.660984992119,15016.660984992119,BE,0.0,2023-10-10,-5597.0
2023-10-20,2023-10-20 09:31:00-04:00,2023-10-20 10:47:00-04:00,long,14828.962669985114,14718.962669985114,SL,-110.0,2023-09-29,-5707.0
2023-10-23,2023-10-23 09:31:00-04:00,2023-10-23 12:59:00-04:00,long,14603.25838794257,14831.25,TP,227.99,2023-09-26,-5479.01
2023-10-24,2023-10-24 09:35:00-04:00,2023-10-24 15:00:00-04:00,long,14811.455813199624,14827.75,cutoff,16.29,2023-10-09,-5462.72
2023-10-25,2023-10-25 09:34:00-04:00,2023-10-25 12:07:00-04:00,long,14679.63455802968,14569.63455802968,SL,-110.0,2023-10-02,-5572.72
2023-10-26,2023-10-26 09:51:00-04:00,2023-10-26 11:43:00-04:00,long,14341.862903533696,14231.862903533696,SL,-110.0,2023-10-23,-5682.72
2023-10-27,2023-10-27 09:45:00-04:00,2023-10-27 13:57:00-04:00,long,14341.862903533696,14231.862903533696,SL,-110.0,2023-10-23,-5792.72
2023-10-30,2023-10-30 09:31:00-04:00,2023-10-30 10:21:00-04:00,long,14341.862903533696,14341.862903533696,BE,0.0,2023-10-23,-5792.72
2023-10-31,2023-10-31 09:37:00-04:00,2023-10-31 15:00:00-04:00,long,14341.862903533696,14484.25,cutoff,142.39,2023-10-23,-5650.33
2023-11-01,2023-11-01 09:31:00-04:00,2023-11-01 15:00:00-04:00,long,14524.195341913888,14659.0,cutoff,134.8,2023-10-06,-5515.53
2023-11-02,2023-11-02 09:32:00-04:00,2023-11-02 15:00:00-04:00,long,14905.635809277657,14998.75,cutoff,93.11,2023-10-17,-5422.42
2023-11-03,2023-11-03 09:31:00-04:00,2023-11-03 12:24:00-04:00,short,15070.892577085335,15180.892577085335,SL,-110.0,2023-10-20,-5532.42
2023-11-06,2023-11-06 09:32:00-05:00,2023-11-06 15:00:00-05:00,long,15225.448835444564,15207.0,cutoff,-18.45,2023-10-12,-5550.87
2023-11-07,2023-11-07 09:37:00-05:00,2023-11-07 15:00:00-05:00,long,15225.448835444564,15387.0,cutoff,161.55,2023-10-12,-5389.32
2023-11-08,2023-11-08 10:03:00-05:00,2023-11-08 11:16:00-05:00,short,15362.709554818362,15362.709554818362,BE,0.0,2023-11-06,-5389.32
2023-11-09,2023-11-09 10:08:00-05:00,2023-11-09 15:00:00-05:00,short,15360.114190722343,15261.75,cutoff,98.36,2023-10-17,-5290.96
2023-11-10,2023-11-10 09:38:00-05:00,2023-11-10 12:01:00-05:00,short,15343.319510651938,15453.319510651938,SL,-110.0,2023-10-18,-5400.96
2023-11-13,2023-11-13 09:32:00-05:00,2023-11-13 10:46:00-05:00,short,15537.907141189105,15537.907141189105,BE,0.0,2023-11-08,-5400.96
2023-11-20,2023-11-20 09:58:00-05:00,2023-11-20 10:57:00-05:00,short,15994.229960445984,15994.229960445984,BE,0.0,2023-11-17,-5400.96
2023-11-20,2023-11-20 10:59:00-05:00,2023-11-20 15:00:00-05:00,short,15999.786834905073,16094.75,cutoff,-94.96,2023-11-14,-5495.92
2023-11-21,2023-11-21 09:32:00-05:00,2023-11-21 15:00:00-05:00,short,15994.229960445984,15986.0,cutoff,8.23,2023-11-17,-5487.69
2023-11-22,2023-11-22 09:36:00-05:00,2023-11-22 15:00:00-05:00,short,16158.55957440403,16055.5,cutoff,103.06,2023-11-21,-5384.63
2023-11-24,2023-11-24 09:31:00-05:00,2023-11-24 11:36:00-05:00,short,16015.643291059818,16015.643291059818,BE,0.0,2023-11-16,-5384.63
2023-11-27,2023-11-27 09:33:00-05:00,2023-11-27 15:00:00-05:00,short,15999.786834905073,16025.5,cutoff,-25.71,2023-11-14,-5410.34
2023-11-28,2023-11-28 09:32:00-05:00,2023-11-28 10:39:00-05:00,short,15999.786834905073,15999.786834905073,BE,0.0,2023-11-14,-5410.34
2023-11-28,2023-11-28 10:40:00-05:00,2023-11-28 15:00:00-05:00,short,16015.643291059818,16021.5,cutoff,-5.86,2023-11-16,-5416.2
2023-11-29,2023-11-29 09:31:00-05:00,2023-11-29 15:00:00-05:00,short,16164.611367656795,16064.5,cutoff,100.11,2023-11-23,-5316.09
2023-11-30,2023-11-30 09:41:00-05:00,2023-11-30 15:00:00-05:00,short,15994.229960445984,15925.0,cutoff,69.23,2023-11-17,-5246.86
2023-12-01,2023-12-01 09:34:00-05:00,2023-12-01 10:25:00-05:00,long,15888.614926757957,15888.614926757957,BE,0.0,2023-11-24,-5246.86
2023-12-04,2023-12-04 09:31:00-05:00,2023-12-04 10:28:00-05:00,long,15858.33844747602,15748.33844747602,SL,-110.0,2023-11-22,-5356.86
2023-12-05,2023-12-05 09:31:00-05:00,2023-12-05 15:00:00-05:00,long,15801.229707511544,15898.75,cutoff,97.52,2023-11-15,-5259.34
2023-12-06,2023-12-06 09:32:00-05:00,2023-12-06 15:00:00-05:00,short,15999.786834905073,15867.25,cutoff,132.54,2023-11-14,-5126.8
2023-12-07,2023-12-07 09:35:00-05:00,2023-12-07 11:15:00-05:00,long,15958.763632343205,15958.763632343205,BE,0.0,2023-11-23,-5126.8
2023-12-08,2023-12-08 09:31:00-05:00,2023-12-08 10:16:00-05:00,short,15994.229960445984,16104.229960445984,SL,-110.0,2023-11-17,-5236.8
2023-12-11,2023-12-11 09:31:00-05:00,2023-12-11 10:51:00-05:00,short,16300.91155252398,16410.91155252398,SL,-110.0,2023-11-22,-5346.8
2023-12-12,2023-12-12 10:06:00-05:00,2023-12-12 10:51:00-05:00,short,16478.359105597912,16478.359105597912,BE,0.0,2023-12-11,-5346.8
2023-12-13,2023-12-13 09:57:00-05:00,2023-12-13 14:22:00-05:00,short,16603.712106069477,16713.712106069477,SL,-110.0,2023-12-12,-5456.8
2023-12-19,2023-12-19 09:31:00-05:00,2023-12-19 15:00:00-05:00,short,16980.404600724352,17000.25,cutoff,-19.85,2023-12-14,-5476.65
2023-12-20,2023-12-20 09:36:00-05:00,2023-12-20 15:00:00-05:00,short,16999.357653136416,16842.25,cutoff,157.11,2023-12-18,-5319.54
2023-12-21,2023-12-21 09:31:00-05:00,2023-12-21 15:00:00-05:00,short,16957.667825366458,16885.0,cutoff,72.67,2023-12-15,-5246.87
2023-12-22,2023-12-22 09:35:00-05:00,2023-12-22 15:00:00-05:00,short,16999.357653136416,16987.0,cutoff,12.36,2023-12-18,-5234.51
2023-12-27,2023-12-27 10:12:00-05:00,2023-12-27 11:42:00-05:00,short,17091.796474788527,17091.796474788527,BE,0.0,2023-12-19,-5234.51
2023-12-28,2023-12-28 09:31:00-05:00,2023-12-28 15:00:00-05:00,short,17154.551837927178,17115.5,cutoff,39.05,2023-12-26,-5195.46
2023-12-29,2023-12-29 09:31:00-05:00,2023-12-29 15:00:00-05:00,short,17095.629411503687,17041.75,cutoff,53.88,2023-12-21,-5141.58
2024-01-02,2024-01-02 09:31:00-05:00,2024-01-02 09:48:00-05:00,long,16868.892254296217,16758.892254296217,SL,-110.0,2023-12-22,-5251.58
2024-01-03,2024-01-03 09:31:00-05:00,2024-01-03 15:00:00-05:00,long,16606.828216044698,16590.5,cutoff,-16.33,2024-01-02,-5267.91
2024-01-04,2024-01-04 09:32:00-05:00,2024-01-04 15:00:00-05:00,short,16478.359105597912,16486.75,cutoff,-8.39,2023-12-11,-5276.3
2024-01-05,2024-01-05 09:34:00-05:00,2024-01-05 15:00:00-05:00,short,16478.359105597912,16424.75,cutoff,53.61,2023-12-11,-5222.69
2024-01-08,2024-01-08 09:57:00-05:00,2024-01-08 12:41:00-05:00,short,16603.712106069477,16713.712106069477,SL,-110.0,2023-12-12,-5332.69
2024-01-09,2024-01-09 09:44:00-05:00,2024-01-09 15:00:00-05:00,long,16671.720399275648,16828.25,cutoff,156.53,2023-12-14,-5176.16
2024-01-10,2024-01-10 09:38:00-05:00,2024-01-10 15:00:00-05:00,long,16868.892254296217,16980.5,cutoff,111.61,2023-12-22,-5064.55
2024-01-11,2024-01-11 09:32:00-05:00,2024-01-11 11:14:00-05:00,short,16999.357653136416,16807.5,TP,191.86,2023-12-18,-4872.69
2024-01-12,2024-01-12 09:31:00-05:00,2024-01-12 15:00:00-05:00,long,17003.61585585585,16951.25,cutoff,-52.37,2023-12-28,-4925.06
2024-01-15,2024-01-15 09:36:00-05:00,2024-01-15 10:30:00-05:00,short,16957.667825366458,16957.667825366458,BE,0.0,2023-12-15,-4925.06
2024-01-16,2024-01-16 09:41:00-05:00,2024-01-16 14:12:00-05:00,long,16886.198162072822,16886.198162072822,BE,0.0,2023-12-26,-4925.06
2024-01-17,2024-01-17 09:33:00-05:00,2024-01-17 10:41:00-05:00,short,16779.531086708965,16779.531086708965,BE,0.0,2024-01-03,-4925.06
2024-01-18,2024-01-18 09:31:00-05:00,2024-01-18 10:30:00-05:00,short,17043.921783955302,17043.921783955302,BE,0.0,2024-01-02,-4925.06
2024-01-18,2024-01-18 10:33:00-05:00,2024-01-18 15:00:00-05:00,short,17013.626595573453,17100.75,cutoff,-87.12,2024-01-17,-5012.18
2024-01-19,2024-01-19 09:54:00-05:00,2024-01-19 12:54:00-05:00,short,17209.447723507175,17319.447723507175,SL,-110.0,2023-12-29,-5122.18
2024-01-24,2024-01-24 10:29:00-05:00,2024-01-24 11:22:00-05:00,short,17717.829133271625,17717.829133271625,BE,0.0,2024-01-22,-5122.18
2024-01-25,2024-01-25 10:20:00-05:00,2024-01-25 11:13:00-05:00,short,17717.829133271625,17717.829133271625,BE,0.0,2024-01-22,-5122.18
2024-01-26,2024-01-26 09:32:00-05:00,2024-01-26 15:00:00-05:00,long,17539.538613486155,17562.5,cutoff,22.96,2024-01-25,-5099.22
2024-01-29,2024-01-29 09:32:00-05:00,2024-01-29 10:22:00-05:00,long,17539.538613486155,17539.538613486155,BE,0.0,2024-01-25,-5099.22
2024-01-29,2024-01-29 11:00:00-05:00,2024-01-29 15:00:00-05:00,long,17524.716559417848,17626.25,cutoff,101.53,2024-01-24,-4997.69
2024-01-30,2024-01-30 10:02:00-05:00,2024-01-30 15:00:00-05:00,short,17629.672967767547,17590.25,cutoff,39.42,2024-01-23,-4958.27
2024-01-31,2024-01-31 09:31:00-05:00,2024-01-31 15:00:00-05:00,long,17386.561549636164,17379.25,cutoff,-7.31,2024-01-26,-4965.58
2024-02-01,2024-02-01 09:31:00-05:00,2024-02-01 10:53:00-05:00,long,17306.577032232453,17306.577032232453,BE,0.0,2024-01-23,-4965.58
2024-02-02,2024-02-02 09:31:00-05:00,2024-02-02 12:14:00-05:00,long,17499.8258490337,17694.25,TP,194.42,2024-01-30,-4771.16
2024-02-05,2024-02-05 09:31:00-05:00,2024-02-05 12:38:00-05:00,short,17717.829133271625,17717.829133271625,BE,0.0,2024-01-22,-4771.16
2024-02-06,2024-02-06 09:36:00-05:00,2024-02-06 15:00:00-05:00,short,17717.829133271625,17635.75,cutoff,82.08,2024-01-22,-4689.08
2024-02-07,2024-02-07 09:48:00-05:00,2024-02-07 10:28:00-05:00,short,17748.83118594841,17858.83118594841,SL,-110.0,2024-02-02,-4799.08
2024-02-08,2024-02-08 09:35:00-05:00,2024-02-08 15:00:00-05:00,short,17846.033440582152,17863.25,cutoff,-17.22,2024-01-24,-4816.3
2024-02-09,2024-02-09 09:31:00-05:00,2024-02-09 12:46:00-05:00,short,17902.655592144743,18012.655592144743,SL,-110.0,2024-02-05,-4926.3
2024-02-13,2024-02-13 09:32:00-05:00,2024-02-13 10:29:00-05:00,short,17629.672967767547,17739.672967767547,SL,-110.0,2024-01-23,-5036.3
2024-02-14,2024-02-14 09:31:00-05:00,2024-02-14 10:19:00-05:00,short,17812.5491509663,17812.5491509663,BE,0.0,2024-01-30,-5036.3
2024-02-14,2024-02-14 10:28:00-05:00,2024-02-14 15:00:00-05:00,short,17846.033440582152,17796.75,cutoff,49.28,2024-01-24,-4987.02
2024-02-15,2024-02-15 09:31:00-05:00,2024-02-15 13:17:00-05:00,short,17902.655592144743,17902.655592144743,BE,0.0,2024-02-05,-4987.02
2024-02-16,2024-02-16 09:32:00-05:00,2024-02-16 09:54:00-05:00,long,17892.693496105894,17782.693496105894,SL,-110.0,2024-02-12,-5097.02
2024-02-20,2024-02-20 09:31:00-05:00,2024-02-20 10:30:00-05:00,short,17696.40815614748,17504.5,TP,191.91,2024-01-29,-4905.11
2024-02-20,2024-02-20 10:32:00-05:00,2024-02-20 12:04:00-05:00,long,17489.094407855257,17489.094407855257,BE,0.0,2024-02-05,-4905.11
2024-02-21,2024-02-21 09:31:00-05:00,2024-02-21 15:00:00-05:00,short,17498.85533146069,17406.0,cutoff,92.86,2024-02-01,-4812.25
2024-02-22,2024-02-22 09:31:00-05:00,2024-02-22 12:57:00-05:00,short,17902.655592144743,18012.655592144743,SL,-110.0,2024-02-05,-4922.25
2024-02-23,2024-02-23 09:52:00-05:00,2024-02-23 15:00:00-05:00,short,18108.59940195433,18014.5,cutoff,94.1,2024-02-22,-4828.15
2024-02-26,2024-02-26 09:45:00-05:00,2024-02-26 15:00:00-05:00,short,18002.50445409766,18016.5,cutoff,-14.0,2024-02-07,-4842.15
2024-02-27,2024-02-27 09:38:00-05:00,2024-02-27 15:00:00-05:00,short,18002.50445409766,18027.0,cutoff,-24.5,2024-02-07,-4866.65
2024-02-28,2024-02-28 09:32:00-05:00,2024-02-28 10:58:00-05:00,short,17928.521777387923,17928.521777387923,BE,0.0,2024-02-19,-4866.65
2024-02-28,2024-02-28 11:00:00-05:00,2024-02-28 15:00:00-05:00,short,17946.099026789314,17914.5,cutoff,31.6,2024-02-06,-4835.05
2024-02-29,2024-02-29 09:31:00-05:00,2024-02-29 15:00:00-05:00,short,18061.60039774282,18037.25,cutoff,24.35,2024-02-15,-4810.7
2024-03-01,2024-03-01 10:00:00-05:00,2024-03-01 12:37:00-05:00,short,18166.181503894106,18276.181503894106,SL,-110.0,2024-02-12,-4920.7
2024-03-04,2024-03-04 09:33:00-05:00,2024-03-04 10:25:00-05:00,short,18304.993269119543,18304.993269119543,BE,0.0,2024-03-01,-4920.7
2024-03-04,2024-03-04 10:30:00-05:00,2024-03-04 15:00:00-05:00,short,18294.340730792937,18331.25,cutoff,-36.91,2024-02-23,-4957.61
2024-03-05,2024-03-05 09:33:00-05:00,2024-03-05 13:53:00-05:00,short,18095.335055077107,17899.75,TP,195.59,2024-02-09,-4762.02
2024-03-06,2024-03-06 09:33:00-05:00,2024-03-06 11:50:00-05:00,short,18108.59940195433,18108.59940195433,BE,0.0,2024-02-22,-4762.02
2024-03-07,2024-03-07 09:31:00-05:00,2024-03-07 11:28:00-05:00,short,18181.861360565214,18291.861360565214,SL,-110.0,2024-02-27,-4872.02
2024-03-08,2024-03-08 09:31:00-05:00,2024-03-08 10:13:00-05:00,short,18312.70562963195,18422.70562963195,SL,-110.0,2024-03-06,-4982.02
2024-03-11,2024-03-11 09:32:00-04:00,2024-03-11 10:19:00-04:00,short,18186.182175311445,18186.182175311445,BE,0.0,2024-02-26,-4982.02
2024-03-11,2024-03-11 10:20:00-04:00,2024-03-11 11:30:00-04:00,long,18169.62004403596,18169.62004403596,BE,0.0,2024-03-04,-4982.02
2024-03-12,2024-03-12 09:45:00-04:00,2024-03-12 10:06:00-04:00,short,18208.031808653133,18318.031808653133,SL,-110.0,2024-02-29,-5092.02
2024-03-13,2024-03-13 09:40:00-04:00,2024-03-13 13:10:00-04:00,short,18390.720229220504,18390.720229220504,BE,0.0,2024-03-07,-5092.02
2024-03-14,2024-03-14 09:37:00-04:00,2024-03-14 15:00:00-04:00,short,18390.720229220504,18252.25,cutoff,138.47,2024-03-07,-4953.55
2024-03-15,2024-03-15 09:38:00-04:00,2024-03-15 15:00:00-04:00,long,18110.28403168082,18083.25,cutoff,-27.03,2024-03-08,-4980.58
2024-03-18,2024-03-18 09:31:00-04:00,2024-03-18 15:00:00-04:00,short,18304.993269119543,18277.75,cutoff,27.24,2024-03-01,-4953.34
2024-03-19,2024-03-19 09:31:00-04:00,2024-03-19 15:00:00-04:00,long,18110.28403168082,18266.0,cutoff,155.72,2024-03-08,-4797.62
2024-03-20,2024-03-20 09:35:00-04:00,2024-03-20 14:00:00-04:00,short,18304.993269119543,18304.993269119543,BE,0.0,2024-03-01,-4797.62
2024-03-22,2024-03-22 09:47:00-04:00,2024-03-22 15:00:00-04:00,long,18500.875677885975,18595.0,cutoff,94.12,2024-03-21,-4703.5
2024-03-25,2024-03-25 09:32:00-04:00,2024-03-25 15:00:00-04:00,short,18468.12995596404,18568.0,cutoff,-99.87,2024-03-04,-4803.37
2024-03-26,2024-03-26 09:31:00-04:00,2024-03-26 15:00:00-04:00,short,18569.96596831918,18554.5,cutoff,15.47,2024-03-08,-4787.9
2024-03-27,2024-03-27 09:36:00-04:00,2024-03-27 10:03:00-04:00,long,18500.875677885975,18390.875677885975,SL,-110.0,2024-03-21,-4897.9
2024-03-28,2024-03-28 09:31:00-04:00,2024-03-28 15:00:00-04:00,short,18490.317014751516,18498.75,cutoff,-8.43,2024-03-20,-4906.33
2024-04-01,2024-04-01 09:31:00-04:00,2024-04-01 09:40:00-04:00,short,18490.317014751516,18600.317014751516,SL,-110.0,2024-03-20,-5016.33
2024-04-02,2024-04-02 09:33:00-04:00,2024-04-02 15:00:00-04:00,long,18265.28429594975,18278.0,cutoff,12.72,2024-03-25,-5003.61
2024-04-03,2024-04-03 09:33:00-04:00,2024-04-03 15:00:00-04:00,long,18265.28429594975,18397.75,cutoff,132.47,2024-03-25,-4871.14
2024-04-04,2024-04-04 09:32:00-04:00,2024-04-04 12:04:00-04:00,short,18542.060069309577,18542.060069309577,BE,0.0,2024-04-03,-4871.14
2024-04-05,2024-04-05 09:37:00-04:00,2024-04-05 11:05:00-04:00,long,18110.28403168082,18295.0,TP,184.72,2024-03-08,-4686.42
2024-04-08,2024-04-08 09:31:00-04:00,2024-04-08 10:22:00-04:00,short,18320.328722424594,18320.328722424594,BE,0.0,2024-03-19,-4686.42
2024-04-08,2024-04-08 10:27:00-04:00,2024-04-08 11:27:00-04:00,long,18332.642898587055,18332.642898587055,BE,0.0,2024-03-28,-4686.42
2024-04-09,2024-04-09 09:31:00-04:00,2024-04-09 10:42:00-04:00,short,18396.966272373546,18211.5,TP,185.47,2024-04-05,-4500.95
2024-04-09,2024-04-09 10:43:00-04:00,2024-04-09 15:00:00-04:00,long,18186.20885245448,18251.5,cutoff,65.29,2024-03-13,-4435.66
2024-04-10,2024-04-10 09:45:00-04:00,2024-04-10 15:00:00-04:00,long,18186.20885245448,18128.25,cutoff,-57.96,2024-03-13,-4493.62
2024-04-11,2024-04-11 09:35:00-04:00,2024-04-11 14:48:00-04:00,long,18265.28429594975,18489.25,TP,223.97,2024-03-25,-4269.65
2024-04-12,2024-04-12 09:32:00-04:00,2024-04-12 15:00:00-04:00,short,18320.328722424594,18134.5,cutoff,185.83,2024-03-19,-4083.82
2024-04-15,2024-04-15 09:35:00-04:00,2024-04-15 12:23:00-04:00,long,18265.28429594975,18155.28429594975,SL,-110.0,2024-03-25,-4193.82
2024-04-16,2024-04-16 10:16:00-04:00,2024-04-16 15:00:00-04:00,long,17925.796277575406,17950.25,cutoff,24.45,2024-03-19,-4169.37
2024-04-17,2024-04-17 09:35:00-04:00,2024-04-17 10:23:00-04:00,long,17918.533727626454,17808.533727626454,SL,-110.0,2024-04-05,-4279.37
2024-04-18,2024-04-18 09:31:00-04:00,2024-04-18 14:09:00-04:00,long,17645.446462686647,17535.446462686647,SL,-110.0,2024-04-16,-4389.37
2024-04-19,2024-04-19 10:14:00-04:00,2024-04-19 11:56:00-04:00,long,17410.581461499758,17300.581461499758,SL,-110.0,2024-04-18,-4499.37
2024-04-22,2024-04-22 10:26:00-04:00,2024-04-22 13:56:00-04:00,long,17196.693493607636,17388.5,TP,191.81,2024-04-19,-4307.56
2024-04-23,2024-04-23 09:56:00-04:00,2024-04-23 13:52:00-04:00,short,17525.21619148364,17635.21619148364,SL,-110.0,2024-04-22,-4417.56
2024-04-24,2024-04-24 09:33:00-04:00,2024-04-24 10:18:00-04:00,short,17727.306506392364,17727.306506392364,BE,0.0,2024-04-19,-4417.56
2024-04-24,2024-04-24 10:36:00-04:00,2024-04-24 15:00:00-04:00,short,17720.605247732077,17612.75,cutoff,107.86,2024-04-23,-4309.7
2024-04-25,2024-04-25 10:15:00-04:00,2024-04-25 15:00:00-04:00,long,17410.581461499758,17527.0,cutoff,116.42,2024-04-18,-4193.28
2024-04-26,2024-04-26 09:34:00-04:00,2024-04-26 10:17:00-04:00,short,17727.306506392364,17837.306506392364,SL,-110.0,2024-04-19,-4303.28
2024-04-29,2024-04-29 09:31:00-04:00,2024-04-29 13:38:00-04:00,short,17928.001554531023,17928.001554531023,BE,0.0,2024-04-24,-4303.28
2024-04-30,2024-04-30 09:44:00-04:00,2024-04-30 10:47:00-04:00,short,17878.293538500242,17878.293538500242,BE,0.0,2024-04-18,-4303.28
2024-05-01,2024-05-01 09:33:00-04:00,2024-05-01 14:41:00-04:00,long,17470.19823312563,17650.25,TP,180.05,2024-04-26,-4123.23
2024-05-02,2024-05-02 09:31:00-04:00,2024-05-02 10:02:00-04:00,long,17556.498445468977,17446.498445468977,SL,-110.0,2024-04-24,-4233.23
2024-05-03,2024-05-03 09:45:00-04:00,2024-05-03 10:44:00-04:00,short,17980.92676687437,17980.92676687437,BE,0.0,2024-04-26,-4233.23
2024-05-03,2024-05-03 10:50:00-04:00,2024-05-03 15:00:00-04:00,long,17956.945343366726,18009.0,cutoff,52.05,2024-04-10,-4181.18
2024-05-06,2024-05-06 09:32:00-04:00,2024-05-06 15:00:00-04:00,long,18044.312855743767,18145.5,cutoff,101.19,2024-04-11,-4079.99
2024-05-07,2024-05-07 10:00:00-04:00,2024-05-07 15:00:00-04:00,short,18198.797989743463,18194.5,cutoff,4.3,2024-05-03,-4075.69
2024-05-08,2024-05-08 09:31:00-04:00,2024-05-08 10:29:00-04:00,short,18099.553537313353,18209.553537313353,SL,-110.0,2024-04-16,-4185.69
2024-05-09,2024-05-09 09:45:00-04:00,2024-05-09 15:00:00-04:00,long,18118.82569679723,18231.75,cutoff,112.92,2024-04-12,-4072.77
2024-05-10,2024-05-10 09:35:00-04:00,2024-05-10 15:00:00-04:00,short,18318.397605320453,18256.25,cutoff,62.15,2024-05-08,-4010.62
2024-05-14,2024-05-14 09:45:00-04:00,2024-05-14 15:00:00-04:00,short,18318.397605320453,18409.75,cutoff,-91.35,2024-05-08,-4101.97
2024-05-15,2024-05-15 09:59:00-04:00,2024-05-15 11:08:00-04:00,short,18479.93747753404,18589.93747753404,SL,-110.0,2024-05-10,-4211.97
2024-05-16,2024-05-16 09:33:00-04:00,2024-05-16 15:00:00-04:00,short,18684.124682415186,18695.5,cutoff,-11.38,2024-05-15,-4223.35
2024-05-20,2024-05-20 09:34:00-04:00,2024-05-20 12:59:00-04:00,short,18684.124682415186,18794.124682415186,SL,-110.0,2024-05-15,-4333.35
2024-05-21,2024-05-21 09:31:00-04:00,2024-05-21 15:00:00-04:00,short,18684.124682415186,18769.5,cutoff,-85.38,2024-05-15,-4418.73
2024-05-22,2024-05-22 10:00:00-04:00,2024-05-22 11:05:00-04:00,short,18830.790448757154,18830.790448757154,BE,0.0,2024-05-16,-4418.73
2024-05-23,2024-05-23 09:34:00-04:00,2024-05-23 13:56:00-04:00,short,18941.475837723636,18736.0,TP,205.48,2024-05-22,-4213.25
2024-05-24,2024-05-24 09:46:00-04:00,2024-05-24 11:10:00-04:00,short,18786.526075226036,18896.526075226036,SL,-110.0,2024-05-17,-4323.25
2024-05-28,2024-05-28 09:53:00-04:00,2024-05-28 15:00:00-04:00,short,18863.21698544889,18867.25,cutoff,-4.03,2024-05-20,-4327.28
2024-05-29,2024-05-29 09:43:00-04:00,2024-05-29 15:00:00-04:00,short,18786.526075226036,18825.25,cutoff,-38.72,2024-05-17,-4366.0
2024-05-30,2024-05-30 09:34:00-04:00,2024-05-30 15:00:00-04:00,long,18730.6884868419,18670.5,cutoff,-60.19,2024-05-23,-4426.19
2024-05-31,2024-05-31 09:31:00-04:00,2024-05-31 10:14:00-04:00,long,18603.078808509206,18493.078808509206,SL,-110.0,2024-05-29,-4536.19
2024-06-03,2024-06-03 09:41:00-04:00,2024-06-03 10:48:00-04:00,long,18730.6884868419,18620.6884868419,SL,-110.0,2024-05-23,-4646.19
2024-06-04,2024-06-04 09:34:00-04:00,2024-06-04 10:22:00-04:00,long,18588.785948066085,18588.785948066085,BE,0.0,2024-05-24,-4646.19
2024-06-04,2024-06-04 10:37:00-04:00,2024-06-04 11:27:00-04:00,long,18603.078808509206,18603.078808509206,BE,0.0,2024-05-29,-4646.19
2024-06-05,2024-06-05 09:31:00-04:00,2024-06-05 11:04:00-04:00,short,18830.790448757154,18940.790448757154,SL,-110.0,2024-05-16,-4756.19
2024-06-06,2024-06-06 09:47:00-04:00,2024-06-06 15:00:00-04:00,short,19078.028660465738,19066.0,cutoff,12.03,2024-05-28,-4744.16
2024-06-07,2024-06-07 09:31:00-04:00,2024-06-07 12:30:00-04:00,short,19013.149331717745,19123.149331717745,SL,-110.0,2024-05-27,-4854.16
2024-06-10,2024-06-10 09:34:00-04:00,2024-06-10 10:20:00-04:00,short,19013.149331717745,19013.149331717745,BE,0.0,2024-05-27,-4854.16
2024-06-10,2024-06-10 10:30:00-04:00,2024-06-10 15:00:00-04:00,short,19039.743026956778,19077.0,cutoff,-37.26,2024-06-05,-4891.42
2024-06-11,2024-06-11 09:34:00-04:00,2024-06-11 10:24:00-04:00,short,19078.028660465738,19078.028660465738,BE,0.0,2024-05-28,-4891.42
2024-06-21,2024-06-21 09:31:00-04:00,2024-06-21 10:17:00-04:00,long,19992.384046385865,19992.384046385865,BE,0.0,2024-06-20,-4891.42
2024-06-25,2024-06-25 09:38:00-04:00,2024-06-25 11:13:00-04:00,short,19803.81760183625,19913.81760183625,SL,-110.0,2024-06-13,-5001.42
2024-06-26,2024-06-26 09:53:00-04:00,2024-06-26 15:00:00-04:00,long,19992.384046385865,19951.75,cutoff,-40.63,2024-06-20,-5042.05
2024-06-27,2024-06-27 09:33:00-04:00,2024-06-27 15:00:00-04:00,short,20035.72334406313,20043.25,cutoff,-7.53,2024-06-25,-5049.58
2024-06-28,2024-06-28 09:47:00-04:00,2024-06-28 10:05:00-04:00,short,20121.3664627391,20231.3664627391,SL,-110.0,2024-06-17,-5159.58
2024-07-01,2024-07-01 10:14:00-04:00,2024-07-01 14:23:00-04:00,long,19824.90114202006,20028.0,TP,203.1,2024-06-28,-4956.48
2024-07-02,2024-07-02 09:33:00-04:00,2024-07-02 11:37:00-04:00,short,20035.72334406313,20145.72334406313,SL,-110.0,2024-06-25,-5066.48
2024-07-04,2024-07-04 10:17:00-04:00,2024-07-04 12:59:00-04:00,short,20374.096228592298,20381.25,cutoff,-7.15,2024-06-19,-5073.63
2024-07-05,2024-07-05 09:47:00-04:00,2024-07-05 11:10:00-04:00,short,20444.240953614135,20554.240953614135,SL,-110.0,2024-06-20,-5183.63
2024-07-10,2024-07-10 10:10:00-04:00,2024-07-10 12:22:00-04:00,short,20791.771230340233,20791.771230340233,BE,0.0,2024-07-08,-5183.63
2024-07-11,2024-07-11 10:22:00-04:00,2024-07-11 12:07:00-04:00,short,20666.147815335862,20485.25,TP,180.9,2024-07-05,-5002.73
2024-07-12,2024-07-12 09:33:00-04:00,2024-07-12 10:00:00-04:00,short,20444.240953614135,20554.240953614135,SL,-110.0,2024-06-20,-5112.73
2024-07-15,2024-07-15 09:41:00-04:00,2024-07-15 11:15:00-04:00,short,20666.147815335862,20776.147815335862,SL,-110.0,2024-07-05,-5222.73
2024-07-16,2024-07-16 09:34:00-04:00,2024-07-16 15:00:00-04:00,short,20666.147815335862,20590.0,cutoff,76.15,2024-07-05,-5146.58
2024-07-17,2024-07-17 09:32:00-04:00,2024-07-17 10:06:00-04:00,long,20256.45953439659,20146.45953439659,SL,-110.0,2024-07-04,-5256.58
2024-07-18,2024-07-18 09:42:00-04:00,2024-07-18 10:27:00-04:00,long,20061.96743978424,20061.96743978424,BE,0.0,2024-07-03,-5256.58
2024-07-18,2024-07-18 10:35:00-04:00,2024-07-18 11:17:00-04:00,long,19956.62531162463,19846.62531162463,SL,-110.0,2024-07-17,-5366.58
2024-07-19,2024-07-19 09:37:00-04:00,2024-07-19 11:28:00-04:00,long,19869.377816091834,19759.377816091834,SL,-110.0,2024-07-18,-5476.58
2024-07-22,2024-07-22 09:39:00-04:00,2024-07-22 11:24:00-04:00,long,19956.62531162463,19846.62531162463,SL,-110.0,2024-07-17,-5586.58
2024-07-23,2024-07-23 09:31:00-04:00,2024-07-23 10:45:00-04:00,long,19956.62531162463,19956.62531162463,BE,0.0,2024-07-17,-5586.58
2024-07-24,2024-07-24 09:34:00-04:00,2024-07-24 10:12:00-04:00,long,19594.193933182516,19484.193933182516,SL,-110.0,2024-07-19,-5696.58
2024-07-29,2024-07-29 09:49:00-04:00,2024-07-29 11:00:00-04:00,long,19320.565941390036,19210.565941390036,SL,-110.0,2024-07-24,-5806.58
2024-07-31,2024-07-31 09:34:00-04:00,2024-07-31 14:41:00-04:00,long,19320.565941390036,19505.25,TP,184.68,2024-07-24,-5621.9
2024-08-01,2024-08-01 09:31:00-04:00,2024-08-01 09:47:00-04:00,short,19544.119562947533,19654.119562947533,SL,-110.0,2024-07-30,-5731.9
2024-08-02,2024-08-02 09:41:00-04:00,2024-08-02 09:48:00-04:00,long,18719.653445721407,18609.653445721407,SL,-110.0,2024-07-25,-5841.9
2024-08-06,2024-08-06 10:03:00-04:00,2024-08-06 12:15:00-04:00,long,18164.805856265015,18351.0,TP,186.19,2024-08-02,-5655.71
2024-08-07,2024-08-07 09:32:00-04:00,2024-08-07 10:45:00-04:00,short,18519.82576537015,18519.82576537015,BE,0.0,2024-08-06,-5655.71
2024-08-08,2024-08-08 09:37:00-04:00,2024-08-08 10:28:00-04:00,long,18164.805856265015,18348.5,TP,183.69,2024-08-02,-5472.02
2024-08-09,2024-08-09 09:39:00-04:00,2024-08-09 10:49:00-04:00,short,18519.82576537015,18519.82576537015,BE,0.0,2024-08-06,-5472.02
2024-08-12,2024-08-12 09:31:00-04:00,2024-08-12 10:16:00-04:00,short,18663.84995837113,18663.84995837113,BE,0.0,2024-08-08,-5472.02
2024-08-12,2024-08-12 10:27:00-04:00,2024-08-12 11:22:00-04:00,long,18719.653445721407,18719.653445721407,BE,0.0,2024-07-25,-5472.02
2024-08-13,2024-08-13 09:34:00-04:00,2024-08-13 10:33:00-04:00,long,18864.471746059433,18864.471746059433,BE,0.0,2024-07-26,-5472.02
2024-08-14,2024-08-14 09:35:00-04:00,2024-08-14 10:11:00-04:00,long,19093.91177850638,18983.91177850638,SL,-110.0,2024-07-31,-5582.02
2024-08-15,2024-08-15 09:51:00-04:00,2024-08-15 11:18:00-04:00,short,19417.278253940567,19527.278253940567,SL,-110.0,2024-07-26,-5692.02
2024-08-16,2024-08-16 10:05:00-04:00,2024-08-16 10:51:00-04:00,short,19544.119562947533,19544.119562947533,BE,0.0,2024-07-30,-5692.02
2024-08-16,2024-08-16 10:52:00-04:00,2024-08-16 11:37:00-04:00,short,19552.346554278593,19552.346554278593,BE,0.0,2024-07-25,-5692.02
2024-08-19,2024-08-19 09:38:00-04:00,2024-08-19 11:06:00-04:00,short,19563.28084561538,19673.28084561538,SL,-110.0,2024-07-29,-5802.02
2024-08-20,2024-08-20 09:48:00-04:00,2024-08-20 15:00:00-04:00,short,19879.934058609964,19851.75,cutoff,28.18,2024-07-24,-5773.84
2024-08-21,2024-08-21 09:57:00-04:00,2024-08-21 15:00:00-04:00,short,19881.348724452895,19904.25,cutoff,-22.9,2024-08-01,-5796.74
2024-08-22,2024-08-22 10:34:00-04:00,2024-08-22 11:46:00-04:00,short,19881.348724452895,19700.25,TP,181.1,2024-08-01,-5615.64
2024-08-23,2024-08-23 09:31:00-04:00,2024-08-23 10:48:00-04:00,long,19718.054097770917,19718.054097770917,BE,0.0,2024-08-22,-5615.64
2024-08-23,2024-08-23 10:49:00-04:00,2024-08-23 11:15:00-04:00,short,19669.08822149362,19779.08822149362,SL,-110.0,2024-07-31,-5725.64
2024-08-26,2024-08-26 09:34:00-04:00,2024-08-26 10:31:00-04:00,short,19801.40781865498,19597.75,TP,203.66,2024-08-19,-5521.98
2024-08-26,2024-08-26 10:41:00-04:00,2024-08-26 15:00:00-04:00,short,19544.119562947533,19615.5,cutoff,-71.38,2024-07-30,-5593.36
2024-08-27,2024-08-27 09:38:00-04:00,2024-08-27 11:14:00-04:00,long,19470.180575569306,19666.75,TP,196.57,2024-08-23,-5396.79
2024-08-28,2024-08-28 09:33:00-04:00,2024-08-28 11:07:00-04:00,short,19643.32445003435,19437.75,TP,205.57,2024-08-15,-5191.22
2024-08-29,2024-08-29 09:50:00-04:00,2024-08-29 10:35:00-04:00,long,19609.87105978644,19609.87105978644,BE,0.0,2024-08-20,-5191.22
2024-08-29,2024-08-29 10:36:00-04:00,2024-08-29 14:28:00-04:00,long,19629.212552148034,19519.212552148034,SL,-110.0,2024-08-21,-5301.22
2024-08-30,2024-08-30 10:01:00-04:00,2024-08-30 10:57:00-04:00,long,19609.87105978644,19499.87105978644,SL,-110.0,2024-08-20,-5411.22
2024-09-02,2024-09-02 09:41:00-04:00,2024-09-02 12:59:00-04:00,long,19629.212552148034,19647.0,cutoff,17.79,2024-08-21,-5393.43
2024-09-03,2024-09-03 09:31:00-04:00,2024-09-03 10:00:00-04:00,long,19436.24414338785,19326.24414338785,SL,-110.0,2024-08-26,-5503.43
2024-09-04,2024-09-04 09:42:00-04:00,2024-09-04 10:45:00-04:00,short,18954.167203917663,19064.167203917663,SL,-110.0,2024-08-12,-5613.43
2024-09-05,2024-09-05 09:35:00-04:00,2024-09-05 10:00:00-04:00,short,18954.167203917663,19064.167203917663,SL,-110.0,2024-08-12,-5723.43
2024-09-06,2024-09-06 09:40:00-04:00,2024-09-06 10:25:00-04:00,long,18787.370575135792,18677.370575135792,SL,-110.0,2024-08-14,-5833.43
2024-09-09,2024-09-09 09:31:00-04:00,2024-09-09 10:30:00-04:00,long,18605.78967459617,18605.78967459617,BE,0.0,2024-09-04,-5833.43
2024-09-09,2024-09-09 10:32:00-04:00,2024-09-09 15:00:00-04:00,long,18588.802171752275,18604.0,cutoff,15.2,2024-09-05,-5818.23
2024-09-10,2024-09-10 09:34:00-04:00,2024-09-10 10:51:00-04:00,long,18787.370575135792,18677.370575135792,SL,-110.0,2024-08-14,-5928.23
2024-09-11,2024-09-11 10:39:00-04:00,2024-09-11 11:46:00-04:00,long,18605.78967459617,18797.0,TP,191.21,2024-09-04,-5737.02
2024-09-12,2024-09-12 09:31:00-04:00,2024-09-12 13:57:00-04:00,long,19227.07384076628,19446.25,TP,219.18,2024-08-27,-5517.84
2024-09-13,2024-09-13 09:34:00-04:00,2024-09-13 10:30:00-04:00,long,19436.24414338785,19436.24414338785,BE,0.0,2024-08-26,-5517.84
2024-09-13,2024-09-13 10:32:00-04:00,2024-09-13 15:00:00-04:00,long,19440.876008721498,19513.25,cutoff,72.37,2024-09-02,-5445.47
2024-09-16,2024-09-16 09:32:00-04:00,2024-09-16 10:26:00-04:00,long,19629.212552148034,19629.212552148034,BE,0.0,2024-08-21,-5445.47
2024-09-16,2024-09-16 10:27:00-04:00,2024-09-16 15:00:00-04:00,long,19609.87105978644,19666.0,cutoff,56.13,2024-08-20,-5389.34
2024-09-17,2024-09-17 09:34:00-04:00,2024-09-17 13:45:00-04:00,short,19794.373991278502,19608.5,TP,185.87,2024-09-02,-5203.47
2024-09-18,2024-09-18 09:31:00-04:00,2024-09-18 11:46:00-04:00,long,19718.054097770917,19608.054097770917,SL,-110.0,2024-08-22,-5313.47
2024-09-19,2024-09-19 09:38:00-04:00,2024-09-19 10:30:00-04:00,short,20029.50585661215,20139.50585661215,SL,-110.0,2024-08-26,-5423.47
2024-09-20,2024-09-20 09:57:00-04:00,2024-09-20 12:50:00-04:00,short,20029.50585661215,20029.50585661215,BE,0.0,2024-08-26,-5423.47
2024-09-24,2024-09-24 10:10:00-04:00,2024-09-24 11:43:00-04:00,short,20031.687214054655,20141.687214054655,SL,-110.0,2024-09-17,-5533.47
2024-09-25,2024-09-25 10:15:00-04:00,2024-09-25 15:00:00-04:00,short,20264.48376077762,20190.25,cutoff,74.23,2024-09-20,-5459.24
2024-09-26,2024-09-26 10:06:00-04:00,2024-09-26 11:02:00-04:00,short,20409.398137686894,20216.75,TP,192.65,2024-09-25,-5266.59
2024-09-27,2024-09-27 09:32:00-04:00,2024-09-27 15:00:00-04:00,short,20354.416612917434,20248.25,cutoff,106.17,2024-09-19,-5160.42
2024-09-30,2024-09-30 10:04:00-04:00,2024-09-30 14:22:00-04:00,long,20192.811289334968,20082.811289334968,SL,-110.0,2024-09-26,-5270.42
2024-10-01,2024-10-01 09:32:00-04:00,2024-10-01 09:40:00-04:00,long,20192.811289334968,20082.811289334968,SL,-110.0,2024-09-26,-5380.42
2024-10-02,2024-10-02 09:31:00-04:00,2024-10-02 10:49:00-04:00,short,19938.759423010662,20048.759423010662,SL,-110.0,2024-09-18,-5490.42
2024-10-03,2024-10-03 09:32:00-04:00,2024-10-03 10:00:00-04:00,short,19938.759423010662,20048.759423010662,SL,-110.0,2024-09-18,-5600.42
2024-10-04,2024-10-04 09:32:00-04:00,2024-10-04 09:59:00-04:00,long,20192.811289334968,20082.811289334968,SL,-110.0,2024-09-26,-5710.42
2024-10-07,2024-10-07 09:32:00-04:00,2024-10-07 10:44:00-04:00,long,20143.4885118941,20143.4885118941,BE,0.0,2024-09-27,-5710.42
2024-10-08,2024-10-08 09:56:00-04:00,2024-10-08 15:00:00-04:00,long,20143.4885118941,20273.75,cutoff,130.26,2024-09-27,-5580.16
2024-10-09,2024-10-09 09:33:00-04:00,2024-10-09 11:00:00-04:00,short,20264.48376077762,20374.48376077762,SL,-110.0,2024-09-20,-5690.16
2024-10-10,2024-10-10 09:31:00-04:00,2024-10-10 11:58:00-04:00,short,20354.416612917434,20464.416612917434,SL,-110.0,2024-09-19,-5800.16
2024-10-11,2024-10-11 09:45:00-04:00,2024-10-11 10:25:00-04:00,short,20354.416612917434,20464.416612917434,SL,-110.0,2024-09-19,-5910.16
2024-10-14,2024-10-14 09:32:00-04:00,2024-10-14 10:00:00-04:00,short,20568.1364881059,20678.1364881059,SL,-110.0,2024-09-27,-6020.16
2024-10-15,2024-10-15 09:51:00-04:00,2024-10-15 10:36:00-04:00,short,20616.47541862654,20423.5,TP,192.98,2024-10-10,-5827.18
2024-10-15,2024-10-15 10:37:00-04:00,2024-10-15 15:00:00-04:00,short,20409.398137686894,20330.25,cutoff,79.15,2024-09-25,-5748.03
2024-10-16,2024-10-16 09:31:00-04:00,2024-10-16 15:00:00-04:00,long,20303.56062921643,20362.0,cutoff,58.44,2024-10-14,-5689.59
2024-10-17,2024-10-17 09:31:00-04:00,2024-10-17 15:00:00-04:00,short,20549.36248371189,20431.75,cutoff,117.61,2024-10-09,-5571.98
2024-10-18,2024-10-18 09:45:00-04:00,2024-10-18 11:28:00-04:00,short,20509.27467220082,20509.27467220082,BE,0.0,2024-10-04,-5571.98
2024-10-21,2024-10-21 10:03:00-04:00,2024-10-21 15:00:00-04:00,short,20509.27467220082,20458.25,cutoff,51.02,2024-10-04,-5520.96
2024-10-22,2024-10-22 09:33:00-04:00,2024-10-22 10:08:00-04:00,short,20409.398137686894,20519.398137686894,SL,-110.0,2024-09-25,-5630.96
2024-10-23,2024-10-23 09:33:00-04:00,2024-10-23 10:32:00-04:00,short,20431.966431258297,20431.966431258297,BE,0.0,2024-09-30,-5630.96
2024-10-23,2024-10-23 11:00:00-04:00,2024-10-23 13:12:00-04:00,short,20396.14892815338,20210.5,TP,185.65,2024-10-08,-5445.31
2024-10-24,2024-10-24 09:48:00-04:00,2024-10-24 11:47:00-04:00,long,20303.56062921643,20303.56062921643,BE,0.0,2024-10-14,-5445.31
2024-10-25,2024-10-25 09:35:00-04:00,2024-10-25 10:00:00-04:00,short,20549.36248371189,20659.36248371189,SL,-110.0,2024-10-09,-5555.31
2024-10-28,2024-10-28 09:32:00-04:00,2024-10-28 10:21:00-04:00,short,20596.23447517919,20596.23447517919,BE,0.0,2024-10-01,-5555.31
2024-10-28,2024-10-28 10:25:00-04:00,2024-10-28 15:00:00-04:00,short,20584.71443989178,20523.5,cutoff,61.21,2024-10-24,-5494.1
2024-10-29,2024-10-29 09:45:00-04:00,2024-10-29 11:42:00-04:00,short,20509.27467220082,20619.27467220082,SL,-110.0,2024-10-04,-5604.1
2024-10-30,2024-10-30 09:31:00-04:00,2024-10-30 15:00:00-04:00,short,20667.24401157799,20604.75,cutoff,62.49,2024-10-11,-5541.61
2024-10-31,2024-10-31 09:31:00-04:00,2024-10-31 09:49:00-04:00,long,20303.56062921643,20193.56062921643,SL,-110.0,2024-10-14,-5651.61
2024-11-01,2024-11-01 09:35:00-04:00,2024-11-01 15:00:00-04:00,long,20101.14958137346,20166.25,cutoff,65.1,2024-10-10,-5586.51
2024-11-04,2024-11-04 09:31:00-05:00,2024-11-04 11:43:00-05:00,long,20101.14958137346,20101.14958137346,BE,0.0,2024-10-10,-5586.51
2024-11-05,2024-11-05 09:32:00-05:00,2024-11-05 15:00:00-05:00,long,20189.39204918327,20294.0,cutoff,104.61,2024-10-17,-5481.9
2024-11-06,2024-11-06 09:32:00-05:00,2024-11-06 10:31:00-05:00,short,20707.991886978132,20817.991886978132,SL,-110.0,2024-10-18,-5591.9
2024-11-11,2024-11-11 09:33:00-05:00,2024-11-11 15:00:00-05:00,short,21270.8590945764,21175.25,cutoff,95.61,2024-11-07,-5496.29
2024-11-15,2024-11-15 09:36:00-05:00,2024-11-15 12:15:00-05:00,short,20716.25851381381,20500.5,TP,215.76,2024-10-21,-5280.53
2024-11-18,2024-11-18 10:04:00-05:00,2024-11-18 10:36:00-05:00,short,20584.71443989178,20694.71443989178,SL,-110.0,2024-10-24,-5390.53
2024-11-19,2024-11-19 09:41:00-05:00,2024-11-19 10:29:00-05:00,short,20584.71443989178,20584.71443989178,BE,0.0,2024-10-24,-5390.53
2024-11-20,2024-11-20 09:44:00-05:00,2024-11-20 11:47:00-05:00,short,20662.143906139332,20662.143906139332,BE,0.0,2024-10-31,-5390.53
2024-11-21,2024-11-21 09:31:00-05:00,2024-11-21 09:38:00-05:00,short,20873.28056996522,20677.75,TP,195.53,2024-10-25,-5195.0
2024-11-21,2024-11-21 09:40:00-05:00,2024-11-21 09:49:00-05:00,short,20662.143906139332,20772.143906139332,SL,-110.0,2024-10-31,-5305.0
2024-11-22,2024-11-22 09:32:00-05:00,2024-11-22 10:39:00-05:00,short,20811.795006614546,20811.795006614546,BE,0.0,2024-10-29,-5305.0
2024-11-22,2024-11-22 10:45:00-05:00,2024-11-22 12:50:00-05:00,short,20848.093765848396,20848.093765848396,BE,0.0,2024-10-28,-5305.0
2024-11-25,2024-11-25 09:32:00-05:00,2024-11-25 12:48:00-05:00,short,20993.111733587757,20802.5,TP,190.61,2024-11-06,-5114.39
2024-11-26,2024-11-26 09:34:00-05:00,2024-11-26 10:45:00-05:00,short,20993.111733587757,20993.111733587757,BE,0.0,2024-11-06,-5114.39
2024-11-27,2024-11-27 09:31:00-05:00,2024-11-27 10:23:00-05:00,long,20892.111380793085,20782.111380793085,SL,-110.0,2024-11-14,-5224.39
2024-11-28,2024-11-28 09:57:00-05:00,2024-11-28 11:27:00-05:00,long,20892.111380793085,20892.111380793085,BE,0.0,2024-11-14,-5224.39
2024-11-29,2024-11-29 09:31:00-05:00,2024-11-29 10:10:00-05:00,short,20842.995254350048,20952.995254350048,SL,-110.0,2024-11-18,-5334.39
2024-12-02,2024-12-02 09:32:00-05:00,2024-12-02 11:39:00-05:00,short,21107.046660596272,21217.046660596272,SL,-110.0,2024-11-29,-5444.39
2024-12-03,2024-12-03 09:31:00-05:00,2024-12-03 11:30:00-05:00,short,21147.605270926877,21257.605270926877,SL,-110.0,2024-11-27,-5554.39
2024-12-04,2024-12-04 09:32:00-05:00,2024-12-04 14:42:00-05:00,short,21406.807232979983,21516.807232979983,SL,-110.0,2024-11-12,-5664.39
2024-12-06,2024-12-06 09:49:00-05:00,2024-12-06 15:00:00-05:00,short,21596.018806749427,21635.5,cutoff,-39.48,2024-12-04,-5703.87
2024-12-09,2024-12-09 09:31:00-05:00,2024-12-09 15:00:00-05:00,short,21596.018806749427,21476.25,cutoff,119.77,2024-12-04,-5584.1
2024-12-10,2024-12-10 10:08:00-05:00,2024-12-10 15:00:00-05:00,short,21596.018806749427,21411.25,cutoff,184.77,2024-12-04,-5399.33
2024-12-11,2024-12-11 09:33:00-05:00,2024-12-11 10:05:00-05:00,short,21596.018806749427,21706.018806749427,SL,-110.0,2024-12-04,-5509.33
2024-12-12,2024-12-12 09:38:00-05:00,2024-12-12 10:23:00-05:00,short,21687.530920669866,21687.530920669866,BE,0.0,2024-12-05,-5509.33
2024-12-13,2024-12-13 09:43:00-05:00,2024-12-13 15:00:00-05:00,short,21869.341110276982,21801.25,cutoff,68.09,2024-12-11,-5441.24
2024-12-19,2024-12-19 09:31:00-05:00,2024-12-19 10:35:00-05:00,short,21687.530920669866,21500.25,TP,187.28,2024-12-05,-5253.96
2024-12-19,2024-12-19 10:40:00-05:00,2024-12-19 12:21:00-05:00,long,21492.24058955785,21492.24058955785,BE,0.0,2024-12-12,-5253.96
2024-12-20,2024-12-20 09:39:00-05:00,2024-12-20 10:26:00-05:00,short,21292.531888874582,21402.531888874582,SL,-110.0,2024-11-25,-5363.96
2024-12-23,2024-12-23 09:44:00-05:00,2024-12-23 10:10:00-05:00,long,21608.988638772324,21498.988638772324,SL,-110.0,2024-12-13,-5473.96
2024-12-24,2024-12-24 09:41:00-05:00,2024-12-24 11:15:00-05:00,short,21869.341110276982,21979.341110276982,SL,-110.0,2024-12-11,-5583.96
2024-12-26,2024-12-26 09:38:00-05:00,2024-12-26 10:38:00-05:00,short,22007.808684924697,22007.808684924697,BE,0.0,2024-12-19,-5583.96
2024-12-27,2024-12-27 09:37:00-05:00,2024-12-27 10:15:00-05:00,short,21764.75757263631,21577.75,TP,187.01,2024-12-06,-5396.95
2024-12-27,2024-12-27 10:23:00-05:00,2024-12-27 11:25:00-05:00,short,21596.018806749427,21596.018806749427,BE,0.0,2024-12-04,-5396.95
2024-12-30,2024-12-30 09:31:00-05:00,2024-12-30 10:00:00-05:00,long,21372.344079330134,21262.344079330134,SL,-110.0,2024-12-05,-5506.95
2025-01-02,2025-01-02 09:32:00-05:00,2025-01-02 12:29:00-05:00,short,21364.40750052978,21171.5,TP,192.91,2024-12-03,-5314.04
2025-01-03,2025-01-03 09:34:00-05:00,2025-01-03 14:47:00-05:00,long,21343.94368347066,21538.0,TP,194.06,2024-12-10,-5119.98
2025-01-06,2025-01-06 09:31:00-05:00,2025-01-06 10:22:00-05:00,short,21764.75757263631,21874.75757263631,SL,-110.0,2024-12-06,-5229.98
2025-01-07,2025-01-07 09:31:00-05:00,2025-01-07 10:07:00-05:00,short,21796.928107768268,21608.75,TP,188.18,2024-12-09,-5041.8
2025-01-07,2025-01-07 10:09:00-05:00,2025-01-07 10:36:00-05:00,long,21593.969909814354,21483.969909814354,SL,-110.0,2024-12-24,-5151.8
2025-01-08,2025-01-08 09:32:00-05:00,2025-01-08 10:15:00-05:00,long,21343.94368347066,21233.94368347066,SL,-110.0,2024-12-10,-5261.8
2025-01-10,2025-01-10 09:37:00-05:00,2025-01-10 10:00:00-05:00,long,21108.976305194254,20998.976305194254,SL,-110.0,2024-12-30,-5371.8
2025-01-13,2025-01-13 09:37:00-05:00,2025-01-13 10:29:00-05:00,long,20715.49254738771,20715.49254738771,BE,0.0,2025-01-10,-5371.8
2025-01-13,2025-01-13 10:41:00-05:00,2025-01-13 15:00:00-05:00,long,20812.622135091402,20905.5,cutoff,92.88,2024-12-20,-5278.92
2025-01-14,2025-01-14 09:31:00-05:00,2025-01-14 10:27:00-05:00,long,21031.8856662069,21031.8856662069,BE,0.0,2025-01-03,-5278.92
2025-01-14,2025-01-14 10:38:00-05:00,2025-01-14 11:41:00-05:00,long,20966.699659476093,20856.699659476093,SL,-110.0,2025-01-02,-5388.92
2025-01-15,2025-01-15 09:34:00-05:00,2025-01-15 11:51:00-05:00,long,21266.566315075303,21266.566315075303,BE,0.0,2024-12-19,-5388.92
2025-01-16,2025-01-16 09:48:00-05:00,2025-01-16 10:34:00-05:00,long,21370.860792927837,21370.860792927837,BE,0.0,2025-01-07,-5388.92
2025-01-16,2025-01-16 10:36:00-05:00,2025-01-16 11:39:00-05:00,long,21369.223516791924,21369.223516791924,BE,0.0,2024-12-27,-5388.92
2025-01-17,2025-01-17 09:31:00-05:00,2025-01-17 10:27:00-05:00,long,21593.969909814354,21483.969909814354,SL,-110.0,2024-12-24,-5498.92
2025-01-20,2025-01-20 09:31:00-05:00,2025-01-20 11:52:00-05:00,short,21727.127864908598,21727.127864908598,BE,0.0,2024-12-20,-5498.92
2025-01-21,2025-01-21 09:39:00-05:00,2025-01-21 10:29:00-05:00,short,21634.523694805746,21634.523694805746,BE,0.0,2024-12-30,-5498.92
2025-01-21,2025-01-21 10:32:00-05:00,2025-01-21 12:56:00-05:00,short,21627.173587494122,21737.173587494122,SL,-110.0,2025-01-08,-5608.92
2025-01-22,2025-01-22 09:31:00-05:00,2025-01-22 09:57:00-05:00,short,21913.918142038703,22023.918142038703,SL,-110.0,2024-12-23,-5718.92
2025-01-23,2025-01-23 09:33:00-05:00,2025-01-23 15:00:00-05:00,short,21888.13218343735,21953.75,cutoff,-65.62,2025-01-17,-5784.54
2025-01-24,2025-01-24 09:31:00-05:00,2025-01-24 15:00:00-05:00,short,22039.2246379133,21868.0,cutoff,171.22,2025-01-06,-5613.32
2025-01-27,2025-01-27 09:59:00-05:00,2025-01-27 10:57:00-05:00,long,21326.61781656265,21326.61781656265,BE,0.0,2025-01-17,-5613.32
2025-01-28,2025-01-28 09:42:00-05:00,2025-01-28 10:23:00-05:00,long,21187.005205197285,21413.25,TP,226.24,2025-01-16,-5387.08
2025-01-29,2025-01-29 09:42:00-05:00,2025-01-29 13:03:00-05:00,long,21503.086594849883,21393.086594849883,SL,-110.0,2025-01-20,-5497.08
2025-01-30,2025-01-30 09:36:00-05:00,2025-01-30 09:49:00-05:00,short,21612.9893337931,21722.9893337931,SL,-110.0,2025-01-03,-5607.08
2025-01-31,2025-01-31 09:31:00-05:00,2025-01-31 10:34:00-05:00,short,21822.843311433993,21932.843311433993,SL,-110.0,2025-01-29,-5717.08
2025-02-03,2025-02-03 09:40:00-05:00,2025-02-03 09:53:00-05:00,long,21298.78293912612,21188.78293912612,SL,-110.0,2025-01-30,-5827.08
2025-02-04,2025-02-04 09:39:00-05:00,2025-02-04 10:08:00-05:00,short,21513.00745261229,21623.00745261229,SL,-110.0,2025-01-10,-5937.08
2025-02-05,2025-02-05 09:31:00-05:00,2025-02-05 10:16:00-05:00,long,21536.260413812335,21536.260413812335,BE,0.0,2025-01-31,-5937.08
2025-02-05,2025-02-05 10:17:00-05:00,2025-02-05 11:09:00-05:00,short,21522.02838072801,21632.02838072801,SL,-110.0,2025-01-27,-6047.08
2025-02-06,2025-02-06 09:45:00-05:00,2025-02-06 10:30:00-05:00,short,21792.952727208594,21792.952727208594,BE,0.0,2025-02-05,-6047.08
2025-02-06,2025-02-06 10:37:00-05:00,2025-02-06 12:53:00-05:00,short,21822.843311433993,21822.843311433993,BE,0.0,2025-01-29,-6047.08
2025-02-07,2025-02-07 09:33:00-05:00,2025-02-07 10:11:00-05:00,short,21948.538405150117,21760.5,TP,188.04,2025-01-20,-5859.04
2025-02-07,2025-02-07 10:12:00-05:00,2025-02-07 12:05:00-05:00,long,21695.804153590565,21585.804153590565,SL,-110.0,2025-01-22,-5969.04
2025-02-10,2025-02-10 09:43:00-05:00,2025-02-10 15:00:00-05:00,short,21792.952727208594,21862.5,cutoff,-69.55,2025-02-05,-6038.59
2025-02-11,2025-02-11 09:36:00-05:00,2025-02-11 10:21:00-05:00,short,21792.952727208594,21792.952727208594,BE,0.0,2025-02-05,-6038.59
2025-02-11,2025-02-11 10:25:00-05:00,2025-02-11 15:00:00-05:00,short,21822.843311433993,21826.75,cutoff,-3.91,2025-01-29,-6042.5
2025-02-12,2025-02-12 09:31:00-05:00,2025-02-12 10:38:00-05:00,long,21536.260413812335,21733.75,TP,197.49,2025-01-31,-5845.01
2025-02-12,2025-02-12 10:44:00-05:00,2025-02-12 11:43:00-05:00,short,21724.619794802715,21724.619794802715,BE,0.0,2025-01-16,-5845.01
2025-02-13,2025-02-13 09:31:00-05:00,2025-02-13 10:35:00-05:00,short,21888.13218343735,21998.13218343735,SL,-110.0,2025-01-17,-5955.01
2025-02-14,2025-02-14 10:10:00-05:00,2025-02-14 10:56:00-05:00,short,22159.305308485862,22159.305308485862,BE,0.0,2025-02-13,-5955.01
2025-02-17,2025-02-17 09:46:00-05:00,2025-02-17 12:59:00-05:00,short,22212.350190881843,22235.25,cutoff,-22.9,2025-02-07,-5977.91
2025-02-18,2025-02-18 09:33:00-05:00,2025-02-18 15:00:00-05:00,short,22250.5219911343,22178.5,cutoff,72.02,2025-01-24,-5905.89
2025-02-19,2025-02-19 09:35:00-05:00,2025-02-19 11:11:00-05:00,short,22212.350190881843,22212.350190881843,BE,0.0,2025-02-07,-5905.89
2025-02-20,2025-02-20 09:31:00-05:00,2025-02-20 09:59:00-05:00,short,22212.350190881843,22030.75,TP,181.6,2025-02-07,-5724.29
2025-02-20,2025-02-20 10:00:00-05:00,2025-02-20 10:59:00-05:00,long,21982.87512247588,21982.87512247588,BE,0.0,2025-02-18,-5724.29
2025-02-20,2025-02-20 11:00:00-05:00,2025-02-20 14:50:00-05:00,short,22016.822171434134,22126.822171434134,SL,-110.0,2025-02-06,-5834.29
2025-02-21,2025-02-21 09:32:00-05:00,2025-02-21 10:44:00-05:00,short,22159.305308485862,21962.0,TP,197.31,2025-02-13,-5636.98
2025-02-21,2025-02-21 10:46:00-05:00,2025-02-21 13:31:00-05:00,short,21979.59206087388,21797.0,TP,182.59,2025-01-30,-5454.39
2025-02-24,2025-02-24 09:32:00-05:00,2025-02-24 09:55:00-05:00,short,21792.952727208594,21608.0,TP,184.95,2025-02-05,-5269.44
2025-02-24,2025-02-24 10:01:00-05:00,2025-02-24 15:00:00-05:00,long,21536.260413812335,21553.75,cutoff,17.49,2025-01-31,-5251.95
2025-02-25,2025-02-25 09:43:00-05:00,2025-02-25 10:00:00-05:00,long,21320.281688566007,21210.281688566007,SL,-110.0,2025-01-29,-5361.95
2025-02-26,2025-02-26 09:39:00-05:00,2025-02-26 12:57:00-05:00,long,21247.86849815972,21247.86849815972,BE,0.0,2025-02-24,-5361.95
2025-02-27,2025-02-27 09:39:00-05:00,2025-02-27 09:43:00-05:00,long,21315.422272791406,21205.422272791406,SL,-110.0,2025-02-05,-5471.95
2025-02-28,2025-02-28 10:25:00-05:00,2025-02-28 11:12:00-05:00,long,20707.532251260138,20707.532251260138,BE,0.0,2025-02-27,-5471.95
2025-03-03,2025-03-03 09:43:00-05:00,2025-03-03 09:57:00-05:00,long,20953.828863134346,20843.828863134346,SL,-110.0,2025-02-26,-5581.95
2025-03-04,2025-03-04 10:00:00-05:00,2025-03-04 10:20:00-05:00,long,20196.21082559822,20086.21082559822,SL,-110.0,2025-02-28,-5691.95
2025-03-07,2025-03-07 09:36:00-05:00,2025-03-07 10:28:00-05:00,long,20045.353394687612,20045.353394687612,BE,0.0,2025-03-05,-5691.95
2025-03-07,2025-03-07 10:32:00-05:00,2025-03-07 11:31:00-05:00,long,19963.50233256204,19853.50233256204,SL,-110.0,2025-03-06,-5801.95
2025-03-10,2025-03-10 09:32:00-04:00,2025-03-10 10:00:00-04:00,long,19847.34270773561,19737.34270773561,SL,-110.0,2025-03-04,-5911.95
2025-03-11,2025-03-11 10:03:00-04:00,2025-03-11 10:27:00-04:00,long,19447.50973136168,19337.50973136168,SL,-110.0,2025-03-10,-6021.95
2025-03-12,2025-03-12 09:34:00-04:00,2025-03-12 09:55:00-04:00,long,19729.831228780633,19619.831228780633,SL,-110.0,2025-03-07,-6131.95
2025-03-13,2025-03-13 09:51:00-04:00,2025-03-13 10:00:00-04:00,long,19447.50973136168,19337.50973136168,SL,-110.0,2025-03-10,-6241.95
2025-03-14,2025-03-14 10:00:00-04:00,2025-03-14 11:26:00-04:00,long,19447.50973136168,19639.0,TP,191.49,2025-03-10,-6050.46
2025-03-17,2025-03-17 09:40:00-04:00,2025-03-17 13:50:00-04:00,short,19830.48773287708,19830.48773287708,BE,0.0,2025-03-14,-6050.46
2025-03-18,2025-03-18 09:31:00-04:00,2025-03-18 09:57:00-04:00,short,19872.263616735974,19686.75,TP,185.51,2025-03-11,-5864.95
2025-03-19,2025-03-19 09:42:00-04:00,2025-03-19 12:10:00-04:00,long,19729.831228780633,19910.5,TP,180.67,2025-03-07,-5684.28
2025-03-20,2025-03-20 09:32:00-04:00,2025-03-20 10:00:00-04:00,short,19830.48773287708,19940.48773287708,SL,-110.0,2025-03-14,-5794.28
2025-03-21,2025-03-21 09:58:00-04:00,2025-03-21 15:00:00-04:00,long,19729.831228780633,19859.75,cutoff,129.92,2025-03-07,-5664.36
2025-03-24,2025-03-24 09:33:00-04:00,2025-03-24 12:07:00-04:00,short,20270.254580858167,20380.254580858167,SL,-110.0,2025-03-20,-5774.36
2025-03-25,2025-03-25 10:00:00-04:00,2025-03-25 15:00:00-04:00,short,20439.543771219367,20427.5,cutoff,12.04,2025-03-07,-5762.32
2025-03-26,2025-03-26 09:35:00-04:00,2025-03-26 10:24:00-04:00,short,20439.543771219367,20258.0,TP,181.54,2025-03-07,-5580.78
2025-03-26,2025-03-26 10:27:00-04:00,2025-03-26 14:47:00-04:00,short,20270.254580858167,20078.5,TP,191.75,2025-03-20,-5389.03
2025-03-27,2025-03-27 09:32:00-04:00,2025-03-27 11:59:00-04:00,long,20045.353394687612,20045.353394687612,BE,0.0,2025-03-05,-5389.03
2025-03-28,2025-03-28 09:32:00-04:00,2025-03-28 10:26:00-04:00,short,19872.263616735974,19671.5,TP,200.76,2025-03-11,-5188.27
2025-03-31,2025-03-31 09:31:00-04:00,2025-03-31 09:34:00-04:00,long,19132.060649987903,19022.060649987903,SL,-110.0,2025-03-13,-5298.27
2025-04-01,2025-04-01 09:33:00-04:00,2025-04-01 10:20:00-04:00,long,19384.17982819876,19274.17982819876,SL,-110.0,2025-03-21,-5408.27
2025-04-02,2025-04-02 09:36:00-04:00,2025-04-02 11:20:00-04:00,long,19437.620419141833,19629.75,TP,192.13,2025-03-20,-5216.14
2025-04-03,2025-04-03 09:32:00-04:00,2025-04-03 10:10:00-04:00,long,18997.15482466907,18887.15482466907,SL,-110.0,2025-04-02,-5326.14
2025-04-04,2025-04-04 10:50:00-04:00,2025-04-04 10:57:00-04:00,long,17658.120958752366,17850.25,TP,192.13,2025-04-04,-5134.01
2025-04-07,2025-04-07 10:12:00-04:00,2025-04-07 10:13:00-04:00,long,17658.120958752366,18067.25,TP,409.13,2025-04-04,-4724.88
2025-04-10,2025-04-10 09:31:00-04:00,2025-04-10 09:43:00-04:00,long,18790.769736152346,18680.769736152346,SL,-110.0,2025-03-31,-4834.88
2025-04-11,2025-04-11 09:46:00-04:00,2025-04-11 10:22:00-04:00,short,18574.754041247634,18344.5,TP,230.25,2025-04-04,-4604.63
2025-04-11,2025-04-11 10:23:00-04:00,2025-04-11 10:44:00-04:00,long,18286.418953500917,18475.75,TP,189.33,2025-04-10,-4415.3
2025-04-14,2025-04-14 09:32:00-04:00,2025-04-14 09:43:00-04:00,short,19224.331046499083,19024.0,TP,200.33,2025-04-10,-4214.97
2025-04-14,2025-04-14 09:44:00-04:00,2025-04-14 11:26:00-04:00,long,18997.15482466907,18997.15482466907,BE,0.0,2025-04-02,-4214.97
2025-04-15,2025-04-15 09:32:00-04:00,2025-04-15 10:11:00-04:00,short,19018.330734952433,19128.330734952433,SL,-110.0,2025-04-11,-4324.97
2025-04-16,2025-04-16 09:31:00-04:00,2025-04-16 13:31:00-04:00,long,18604.621901765408,18494.621901765408,SL,-110.0,2025-04-15,-4434.97
2025-04-17,2025-04-17 10:31:00-04:00,2025-04-17 14:04:00-04:00,long,18286.418953500917,18468.0,TP,181.58,2025-04-10,-4253.39
2025-04-21,2025-04-21 09:56:00-04:00,2025-04-21 10:16:00-04:00,long,18043.702403837182,17933.702403837182,SL,-110.0,2025-04-17,-4363.39
2025-04-22,2025-04-22 09:46:00-04:00,2025-04-22 12:11:00-04:00,long,18238.0404936951,18427.0,TP,188.96,2025-04-16,-4174.43
2025-04-23,2025-04-23 09:34:00-04:00,2025-04-23 11:28:00-04:00,long,18997.15482466907,18887.15482466907,SL,-110.0,2025-04-02,-4284.43
2025-04-24,2025-04-24 09:42:00-04:00,2025-04-24 09:58:00-04:00,short,18940.5845063049,19050.5845063049,SL,-110.0,2025-04-16,-4394.43
2025-04-25,2025-04-25 09:33:00-04:00,2025-04-25 10:09:00-04:00,short,19268.709598530542,19378.709598530542,SL,-110.0,2025-04-03,-4504.43
2025-04-28,2025-04-28 10:02:00-04:00,2025-04-28 15:00:00-04:00,short,19459.980263847654,19428.75,cutoff,31.23,2025-03-31,-4473.2
2025-04-29,2025-04-29 09:39:00-04:00,2025-04-29 09:50:00-04:00,short,19416.753098234592,19526.753098234592,SL,-110.0,2025-04-15,-4583.2
2025-04-30,2025-04-30 09:32:00-04:00,2025-04-30 10:19:00-04:00,short,19268.709598530542,19268.709598530542,BE,0.0,2025-04-03,-4583.2
2025-05-01,2025-05-01 10:00:00-04:00,2025-05-01 10:27:00-04:00,short,19883.0968747399,19993.0968747399,SL,-110.0,2025-04-28,-4693.2
2025-05-06,2025-05-06 09:31:00-04:00,2025-05-06 10:45:00-04:00,short,19815.290020174296,19925.290020174296,SL,-110.0,2025-04-29,-4803.2
2025-05-07,2025-05-07 09:31:00-04:00,2025-05-07 15:00:00-04:00,short,19883.0968747399,19886.5,cutoff,-3.4,2025-04-28,-4806.6
2025-05-08,2025-05-08 09:33:00-04:00,2025-05-08 11:20:00-04:00,short,20128.846013962007,20128.846013962007,BE,0.0,2025-05-06,-4806.6
2025-05-09,2025-05-09 09:35:00-04:00,2025-05-09 10:40:00-04:00,short,20263.837006537575,20083.25,TP,180.59,2025-05-01,-4626.01
2025-05-09,2025-05-09 10:49:00-04:00,2025-05-09 11:34:00-04:00,short,20128.846013962007,20128.846013962007,BE,0.0,2025-05-06,-4626.01
2025-05-13,2025-05-13 10:17:00-04:00,2025-05-13 12:47:00-04:00,short,21222.895093414,21332.895093414,SL,-110.0,2025-05-12,-4736.01
2025-05-16,2025-05-16 09:32:00-04:00,2025-05-16 15:00:00-04:00,short,21430.874914375905,21477.0,cutoff,-46.13,2025-05-13,-4782.14
2025-05-19,2025-05-19 10:07:00-04:00,2025-05-19 11:18:00-04:00,short,21430.874914375905,21430.874914375905,BE,0.0,2025-05-13,-4782.14
2025-05-20,2025-05-20 09:33:00-04:00,2025-05-20 10:39:00-04:00,short,21430.874914375905,21430.874914375905,BE,0.0,2025-05-13,-4782.14
2025-05-21,2025-05-21 10:01:00-04:00,2025-05-21 10:56:00-04:00,short,21430.874914375905,21430.874914375905,BE,0.0,2025-05-13,-4782.14
2025-05-22,2025-05-22 09:33:00-04:00,2025-05-22 10:56:00-04:00,long,21172.07384349611,21172.07384349611,BE,0.0,2025-05-20,-4782.14
2025-05-22,2025-05-22 10:59:00-04:00,2025-05-22 15:00:00-04:00,short,21222.895093414,21305.25,cutoff,-82.35,2025-05-12,-4864.49
2025-05-23,2025-05-23 09:31:00-04:00,2025-05-23 13:32:00-04:00,long,20848.158405671267,21049.75,TP,201.59,2025-05-22,-4662.9
2025-05-27,2025-05-27 09:35:00-04:00,2025-05-27 12:39:00-04:00,long,21217.734988096745,21429.75,TP,212.02,2025-05-16,-4450.88
2025-05-28,2025-05-28 09:32:00-04:00,2025-05-28 15:00:00-04:00,short,21513.310861378166,21468.25,cutoff,45.06,2025-05-26,-4405.82
2025-05-29,2025-05-29 09:32:00-04:00,2025-05-29 10:14:00-04:00,short,21612.80588287719,21423.5,TP,189.31,2025-05-27,-4216.51
2025-05-29,2025-05-29 10:25:00-04:00,2025-05-29 15:00:00-04:00,short,21430.874914375905,21363.0,cutoff,67.87,2025-05-13,-4148.64
2025-06-02,2025-06-02 09:38:00-04:00,2025-06-02 11:51:00-04:00,short,21430.874914375905,21430.874914375905,BE,0.0,2025-05-13,-4148.64
2025-06-03,2025-06-03 09:33:00-04:00,2025-06-03 10:58:00-04:00,short,21548.17602820053,21658.17602820053,SL,-110.0,2025-05-15,-4258.64
2025-06-04,2025-06-04 09:36:00-04:00,2025-06-04 11:06:00-04:00,short,21774.231123650083,21774.231123650083,BE,0.0,2025-05-28,-4258.64
2025-06-05,2025-06-05 09:33:00-04:00,2025-06-05 10:38:00-04:00,short,21806.20617937395,21806.20617937395,BE,0.0,2025-06-03,-4258.64
2025-06-05,2025-06-05 10:41:00-04:00,2025-06-05 11:16:00-04:00,short,21774.231123650083,21884.231123650083,SL,-110.0,2025-05-28,-4368.64
2025-06-06,2025-06-06 09:31:00-04:00,2025-06-06 15:00:00-04:00,short,21806.20617937395,21834.5,cutoff,-28.29,2025-06-03,-4396.93
2025-06-09,2025-06-09 09:36:00-04:00,2025-06-09 10:32:00-04:00,short,21774.231123650083,21884.231123650083,SL,-110.0,2025-05-28,-4506.93
2025-06-11,2025-06-11 09:32:00-04:00,2025-06-11 15:00:00-04:00,short,21980.171524408106,21862.0,cutoff,118.17,2025-06-04,-4388.76
2025-06-13,2025-06-13 09:32:00-04:00,2025-06-13 11:15:00-04:00,short,21774.231123650083,21774.231123650083,BE,0.0,2025-05-28,-4388.76
2025-06-16,2025-06-16 09:32:00-04:00,2025-06-16 10:35:00-04:00,short,22095.40708023221,22205.40708023221,SL,-110.0,2025-06-12,-4498.76
2025-06-17,2025-06-17 09:45:00-04:00,2025-06-17 15:00:00-04:00,short,22048.378437910666,21977.25,cutoff,71.13,2025-06-05,-4427.63
2025-06-18,2025-06-18 09:31:00-04:00,2025-06-18 10:43:00-04:00,short,21986.976553121214,22096.976553121214,SL,-110.0,2025-06-13,-4537.63
2025-06-19,2025-06-19 09:31:00-04:00,2025-06-19 12:59:00-04:00,short,21774.231123650083,21703.0,cutoff,71.23,2025-05-28,-4466.4
2025-06-20,2025-06-20 09:31:00-04:00,2025-06-20 10:41:00-04:00,short,22095.40708023221,21909.25,TP,186.16,2025-06-12,-4280.24
2025-06-20,2025-06-20 10:50:00-04:00,2025-06-20 13:27:00-04:00,long,21823.793626264163,21823.793626264163,BE,0.0,2025-06-17,-4280.24
2025-06-23,2025-06-23 09:31:00-04:00,2025-06-23 12:33:00-04:00,long,21823.793626264163,21823.793626264163,BE,0.0,2025-06-17,-4280.24
2025-06-24,2025-06-24 09:31:00-04:00,2025-06-24 12:42:00-04:00,short,22302.46465015223,22412.46465015223,SL,-110.0,2025-06-18,-4390.24
2025-06-25,2025-06-25 09:33:00-04:00,2025-06-25 10:45:00-04:00,short,22516.453264443597,22516.453264443597,BE,0.0,2025-06-24,-4390.24
2025-06-26,2025-06-26 09:38:00-04:00,2025-06-26 12:01:00-04:00,short,22516.453264443597,22626.453264443597,SL,-110.0,2025-06-24,-4500.24
2025-06-27,2025-06-27 09:31:00-04:00,2025-06-27 15:00:00-04:00,short,22722.758394924076,22611.0,cutoff,111.76,2025-06-25,-4388.48
2025-07-01,2025-07-01 10:31:00-04:00,2025-07-01 15:00:00-04:00,short,22773.328162960443,22702.25,cutoff,71.08,2025-06-26,-4317.4
2025-07-02,2025-07-02 09:45:00-04:00,2025-07-02 11:01:00-04:00,short,22722.758394924076,22832.758394924076,SL,-110.0,2025-06-25,-4427.4
2025-07-03,2025-07-03 09:39:00-04:00,2025-07-03 11:25:00-04:00,short,22963.565131112424,23073.565131112424,SL,-110.0,2025-07-02,-4537.4
2025-07-07,2025-07-07 09:32:00-04:00,2025-07-07 15:00:00-04:00,short,22963.565131112424,22877.25,cutoff,86.32,2025-07-02,-4451.08
2025-07-09,2025-07-09 09:35:00-04:00,2025-07-09 15:00:00-04:00,short,23034.85071845072,23032.5,cutoff,2.35,2025-07-01,-4448.73
2025-07-10,2025-07-10 09:35:00-04:00,2025-07-10 13:53:00-04:00,short,23034.85071845072,23034.85071845072,BE,0.0,2025-07-01,-4448.73
2025-07-11,2025-07-11 09:57:00-04:00,2025-07-11 15:00:00-04:00,short,22963.565131112424,22976.75,cutoff,-13.18,2025-07-02,-4461.91
2025-07-14,2025-07-14 09:31:00-04:00,2025-07-14 10:17:00-04:00,short,22963.565131112424,22963.565131112424,BE,0.0,2025-07-02,-4461.91
2025-07-14,2025-07-14 10:58:00-04:00,2025-07-14 15:00:00-04:00,short,22990.650113436634,23051.5,cutoff,-60.85,2025-06-27,-4522.76
2025-07-15,2025-07-15 09:36:00-04:00,2025-07-15 15:00:00-04:00,short,23184.128315938666,23094.25,cutoff,89.88,2025-07-11,-4432.88
2025-07-16,2025-07-16 09:36:00-04:00,2025-07-16 11:12:00-04:00,short,23034.85071845072,23034.85071845072,BE,0.0,2025-07-01,-4432.88
2025-07-17,2025-07-17 09:42:00-04:00,2025-07-17 11:05:00-04:00,short,23120.43003053195,23230.43003053195,SL,-110.0,2025-07-04,-4542.88
2025-07-18,2025-07-18 09:38:00-04:00,2025-07-18 15:00:00-04:00,short,23273.31354959769,23203.5,cutoff,69.81,2025-07-09,-4473.07
2025-07-21,2025-07-21 09:36:00-04:00,2025-07-21 15:00:00-04:00,short,23315.830634039354,23390.5,cutoff,-74.67,2025-07-16,-4547.74
2025-07-22,2025-07-22 09:44:00-04:00,2025-07-22 15:00:00-04:00,short,23273.31354959769,23251.5,cutoff,21.81,2025-07-09,-4525.93
2025-07-23,2025-07-23 09:35:00-04:00,2025-07-23 11:53:00-04:00,short,23231.100082062927,23231.100082062927,BE,0.0,2025-07-03,-4525.93
2025-07-24,2025-07-24 09:37:00-04:00,2025-07-24 10:37:00-04:00,short,23354.46373998964,23354.46373998964,BE,0.0,2025-07-17,-4525.93
2025-07-25,2025-07-25 09:40:00-04:00,2025-07-25 12:25:00-04:00,short,23354.46373998964,23464.46373998964,SL,-110.0,2025-07-17,-4635.93
2025-07-28,2025-07-28 09:33:00-04:00,2025-07-28 15:00:00-04:00,short,23478.925830070326,23462.5,cutoff,16.43,2025-07-23,-4619.5
2025-07-29,2025-07-29 09:31:00-04:00,2025-07-29 15:00:00-04:00,short,23624.97526779357,23478.25,cutoff,146.73,2025-07-22,-4472.77
2025-07-30,2025-07-30 09:31:00-04:00,2025-07-30 14:36:00-04:00,short,23478.925830070326,23588.925830070326,SL,-110.0,2025-07-23,-4582.77
2025-07-31,2025-07-31 09:32:00-04:00,2025-07-31 10:17:00-04:00,short,23675.83459590077,23675.83459590077,BE,0.0,2025-07-28,-4582.77
2025-07-31,2025-07-31 10:27:00-04:00,2025-07-31 13:32:00-04:00,short,23624.97526779357,23442.5,TP,182.48,2025-07-22,-4400.29
2025-08-01,2025-08-01 09:32:00-04:00,2025-08-01 09:45:00-04:00,long,23026.723166003285,22916.723166003285,SL,-110.0,2025-07-18,-4510.29
2025-08-04,2025-08-04 09:36:00-04:00,2025-08-04 12:00:00-04:00,short,23157.740492599638,23267.740492599638,SL,-110.0,2025-07-08,-4620.29
2025-08-05,2025-08-05 09:31:00-04:00,2025-08-05 10:16:00-04:00,short,23315.830634039354,23315.830634039354,BE,0.0,2025-07-16,-4620.29
2025-08-05,2025-08-05 10:18:00-04:00,2025-08-05 10:44:00-04:00,long,23293.79040409923,23183.79040409923,SL,-110.0,2025-07-28,-4730.29
2025-08-06,2025-08-06 09:31:00-04:00,2025-08-06 11:00:00-04:00,short,23184.128315938666,23294.128315938666,SL,-110.0,2025-07-11,-4840.29
2025-08-07,2025-08-07 09:31:00-04:00,2025-08-07 10:16:00-04:00,short,23601.613878410044,23601.613878410044,BE,0.0,2025-08-05,-4840.29
2025-08-07,2025-08-07 10:24:00-04:00,2025-08-07 13:38:00-04:00,short,23588.220500917443,23405.25,TP,182.97,2025-07-24,-4657.32
2025-08-08,2025-08-08 09:31:00-04:00,2025-08-08 10:30:00-04:00,short,23574.398521302704,23684.398521302704,SL,-110.0,2025-07-21,-4767.32
2025-08-11,2025-08-11 09:32:00-04:00,2025-08-11 15:00:00-04:00,short,23697.015357395983,23686.5,cutoff,10.52,2025-07-30,-4756.8
2025-08-12,2025-08-12 09:51:00-04:00,2025-08-12 11:01:00-04:00,short,23675.83459590077,23785.83459590077,SL,-110.0,2025-07-28,-4866.8
2025-08-13,2025-08-13 09:56:00-04:00,2025-08-13 15:00:00-04:00,short,24017.78030730159,23934.0,cutoff,83.78,2025-08-12,-4783.02
2025-08-14,2025-08-14 09:31:00-04:00,2025-08-14 10:31:00-04:00,short,23858.911226056676,23968.911226056676,SL,-110.0,2025-08-07,-4893.02
2025-08-15,2025-08-15 09:32:00-04:00,2025-08-15 15:00:00-04:00,short,23858.911226056676,23811.0,cutoff,47.91,2025-08-07,-4845.11
2025-08-18,2025-08-18 09:31:00-04:00,2025-08-18 15:00:00-04:00,long,23791.33191477614,23795.5,cutoff,4.17,2025-08-13,-4840.94
2025-08-19,2025-08-19 09:35:00-04:00,2025-08-19 13:01:00-04:00,short,23675.83459590077,23486.75,TP,189.08,2025-07-28,-4651.86
2025-08-20,2025-08-20 09:31:00-04:00,2025-08-20 09:53:00-04:00,short,23398.54778671259,23207.0,TP,191.55,2025-08-01,-4460.31
2025-08-20,2025-08-20 09:56:00-04:00,2025-08-20 10:46:00-04:00,long,23155.5267650799,23045.5267650799,SL,-110.0,2025-07-25,-4570.31
2025-08-21,2025-08-21 09:38:00-04:00,2025-08-21 10:00:00-04:00,long,23278.484642604017,23168.484642604017,SL,-110.0,2025-07-30,-4680.31
2025-08-22,2025-08-22 09:38:00-04:00,2025-08-22 10:01:00-04:00,long,23278.484642604017,23461.0,TP,182.52,2025-07-30,-4497.79
2025-08-22,2025-08-22 10:04:00-04:00,2025-08-22 12:57:00-04:00,long,23509.184822348634,23509.184822348634,BE,0.0,2025-08-11,-4497.79
2025-08-25,2025-08-25 09:31:00-04:00,2025-08-25 15:00:00-04:00,long,23460.68991584859,23552.25,cutoff,91.56,2025-07-31,-4406.23
2025-08-26,2025-08-26 09:38:00-04:00,2025-08-26 15:00:00-04:00,long,23468.68801143708,23549.75,cutoff,81.06,2025-08-19,-4325.17
2025-08-27,2025-08-27 09:45:00-04:00,2025-08-27 15:00:00-04:00,long,23509.184822348634,23626.5,cutoff,117.32,2025-08-11,-4207.85
2025-08-28,2025-08-28 09:31:00-04:00,2025-08-28 10:55:00-04:00,short,23724.339417208048,23724.339417208048,BE,0.0,2025-08-26,-4207.85
2025-08-29,2025-08-29 09:31:00-04:00,2025-08-29 09:50:00-04:00,long,23646.978338376586,23536.978338376586,SL,-110.0,2025-08-14,-4317.85
2025-09-01,2025-09-01 09:31:00-04:00,2025-09-01 12:59:00-04:00,short,23460.87983826777,23502.25,cutoff,-41.37,2025-08-06,-4359.22
2025-09-02,2025-09-02 09:52:00-04:00,2025-09-02 10:38:00-04:00,long,23233.910582791952,23233.910582791952,BE,0.0,2025-08-26,-4359.22
2025-09-03,2025-09-03 10:05:00-04:00,2025-09-03 11:28:00-04:00,long,23430.34469269841,23430.34469269841,BE,0.0,2025-08-12,-4359.22
2025-09-04,2025-09-04 09:31:00-04:00,2025-09-04 15:00:00-04:00,long,23468.68801143708,23620.0,cutoff,151.31,2025-08-19,-4207.91
2025-09-05,2025-09-05 09:39:00-04:00,2025-09-05 10:28:00-04:00,short,23834.97845614906,23653.5,TP,181.48,2025-08-22,-4026.43
2025-09-05,2025-09-05 10:30:00-04:00,2025-09-05 11:00:00-04:00,long,23646.978338376586,23536.978338376586,SL,-110.0,2025-08-14,-4136.43
2025-09-08,2025-09-08 09:32:00-04:00,2025-09-08 12:37:00-04:00,long,23791.33191477614,23791.33191477614,BE,0.0,2025-08-13,-4136.43
2025-09-09,2025-09-09 09:31:00-04:00,2025-09-09 13:02:00-04:00,short,23834.97845614906,23834.97845614906,BE,0.0,2025-08-22,-4136.43
2025-09-10,2025-09-10 09:41:00-04:00,2025-09-10 15:00:00-04:00,short,23934.331686108046,23862.5,cutoff,71.83,2025-08-28,-4064.6
2025-09-11,2025-09-11 09:31:00-04:00,2025-09-11 10:33:00-04:00,short,23988.887704685447,23988.887704685447,BE,0.0,2025-08-18,-4064.6
2025-09-11,2025-09-11 10:34:00-04:00,2025-09-11 15:00:00-04:00,short,23990.56198856292,24033.75,cutoff,-43.19,2025-08-19,-4107.79
2025-09-12,2025-09-12 09:33:00-04:00,2025-09-12 14:52:00-04:00,short,24039.42526747664,24149.42526747664,SL,-110.0,2025-09-08,-4217.79
2025-09-18,2025-09-18 09:31:00-04:00,2025-09-18 10:21:00-04:00,short,24669.905354290502,24779.905354290502,SL,-110.0,2025-09-15,-4327.79
2025-09-19,2025-09-19 09:34:00-04:00,2025-09-19 15:00:00-04:00,short,24757.18340133589,24825.0,cutoff,-67.82,2025-09-17,-4395.61
2025-09-23,2025-09-23 09:32:00-04:00,2025-09-23 13:41:00-04:00,short,25000.786126587627,24804.25,TP,196.54,2025-09-19,-4199.07
2025-09-24,2025-09-24 09:51:00-04:00,2025-09-24 15:00:00-04:00,short,24803.595250114304,24739.75,cutoff,63.85,2025-09-16,-4135.22
2025-09-25,2025-09-25 09:34:00-04:00,2025-09-25 09:41:00-04:00,long,24544.463873412373,24434.463873412373,SL,-110.0,2025-09-19,-4245.22
2025-09-26,2025-09-26 09:31:00-04:00,2025-09-26 15:00:00-04:00,long,24601.656739631573,24725.5,cutoff,123.84,2025-09-22,-4121.38
2025-09-29,2025-09-29 09:43:00-04:00,2025-09-29 15:00:00-04:00,short,24895.717462472956,24842.75,cutoff,52.97,2025-09-25,-4068.41
2025-09-30,2025-09-30 09:37:00-04:00,2025-09-30 13:21:00-04:00,long,24749.71969537814,24749.71969537814,BE,0.0,2025-09-23,-4068.41
2025-10-01,2025-10-01 09:31:00-04:00,2025-10-01 11:01:00-04:00,short,24803.595250114304,24913.595250114304,SL,-110.0,2025-09-16,-4178.41
2025-10-02,2025-10-02 09:31:00-04:00,2025-10-02 15:00:00-04:00,short,25150.12594001621,25111.75,cutoff,38.38,2025-09-29,-4140.03
2025-10-03,2025-10-03 09:31:00-04:00,2025-10-03 11:17:00-04:00,short,25131.101610830938,25131.101610830938,BE,0.0,2025-09-24,-4140.03
2025-10-06,2025-10-06 09:44:00-04:00,2025-10-06 14:31:00-04:00,short,25131.101610830938,25241.101610830938,SL,-110.0,2025-09-24,-4250.03
2025-10-07,2025-10-07 10:05:00-04:00,2025-10-07 11:47:00-04:00,short,25220.90530462186,25019.5,TP,201.41,2025-09-23,-4048.62
2025-10-08,2025-10-08 09:33:00-04:00,2025-10-08 11:25:00-04:00,short,25131.101610830938,25241.101610830938,SL,-110.0,2025-09-24,-4158.62
2025-10-09,2025-10-09 10:37:00-04:00,2025-10-09 15:00:00-04:00,short,25220.90530462186,25235.25,cutoff,-14.34,2025-09-23,-4172.96
2025-10-10,2025-10-10 11:00:00-04:00,2025-10-10 11:18:00-04:00,long,25072.03020890303,24962.03020890303,SL,-110.0,2025-10-10,-4282.96
2025-10-13,2025-10-13 09:32:00-04:00,2025-10-13 10:21:00-04:00,long,24831.005299050765,24831.005299050765,BE,0.0,2025-10-02,-4282.96
2025-10-13,2025-10-13 10:22:00-04:00,2025-10-13 15:00:00-04:00,long,24808.54367121914,24901.75,cutoff,93.21,2025-10-08,-4189.75
2025-10-14,2025-10-14 09:31:00-04:00,2025-10-14 09:37:00-04:00,long,24601.656739631573,24491.656739631573,SL,-110.0,2025-09-22,-4299.75
2025-10-15,2025-10-15 09:31:00-04:00,2025-10-15 10:08:00-04:00,short,24984.000597118462,25094.000597118462,SL,-110.0,2025-09-26,-4409.75
2025-10-16,2025-10-16 09:31:00-04:00,2025-10-16 10:16:00-04:00,short,25073.968260368427,25073.968260368427,BE,0.0,2025-09-22,-4409.75
2025-10-16,2025-10-16 10:17:00-04:00,2025-10-16 11:25:00-04:00,long,25072.03020890303,25072.03020890303,BE,0.0,2025-10-10,-4409.75
2025-10-17,2025-10-17 09:32:00-04:00,2025-10-17 10:15:00-04:00,long,24749.71969537814,24935.25,TP,185.53,2025-09-23,-4224.22
2025-10-17,2025-10-17 10:17:00-04:00,2025-10-17 10:36:00-04:00,long,24929.412269998484,24819.412269998484,SL,-110.0,2025-10-06,-4334.22
2025-10-20,2025-10-20 09:32:00-04:00,2025-10-20 10:43:00-04:00,short,25194.468641046944,25304.468641046944,SL,-110.0,2025-10-13,-4444.22
2025-10-21,2025-10-21 09:42:00-04:00,2025-10-21 10:37:00-04:00,short,25252.09866226461,25252.09866226461,BE,0.0,2025-10-17,-4444.22
2025-10-22,2025-10-22 09:36:00-04:00,2025-10-22 12:30:00-04:00,short,25194.468641046944,24957.0,TP,237.47,2025-10-13,-4206.75
2025-10-23,2025-10-23 09:31:00-04:00,2025-10-23 11:59:00-04:00,long,25006.67785392699,25192.5,TP,185.82,2025-10-07,-4020.93
2025-10-24,2025-10-24 09:31:00-04:00,2025-10-24 13:47:00-04:00,short,25454.087730001516,25564.087730001516,SL,-110.0,2025-10-06,-4130.93
2025-10-28,2025-10-28 09:31:00-04:00,2025-10-28 12:02:00-04:00,short,26079.10496771575,26079.10496771575,BE,0.0,2025-10-27,-4130.93
2025-10-29,2025-10-29 09:55:00-04:00,2025-10-29 14:39:00-04:00,short,26300.264687610725,26101.5,TP,198.76,2025-10-28,-3932.17
2025-10-30,2025-10-30 09:36:00-04:00,2025-10-30 10:24:00-04:00,long,26019.877638426828,26019.877638426828,BE,0.0,2025-10-29,-3932.17
2025-10-30,2025-10-30 10:42:00-04:00,2025-10-30 12:11:00-04:00,short,26079.10496771575,26079.10496771575,BE,0.0,2025-10-27,-3932.17
2025-10-31,2025-10-31 10:05:00-04:00,2025-10-31 15:00:00-04:00,short,26079.10496771575,26014.5,cutoff,64.6,2025-10-27,-3867.57
2025-11-03,2025-11-03 10:31:00-05:00,2025-11-03 15:00:00-05:00,long,26019.877638426828,26116.5,cutoff,96.62,2025-10-29,-3770.95
2025-11-04,2025-11-04 09:33:00-05:00,2025-11-04 12:07:00-05:00,long,25705.554893746776,25705.554893746776,BE,0.0,2025-10-30,-3770.95
2025-11-05,2025-11-05 09:36:00-05:00,2025-11-05 09:51:00-05:00,short,25518.070219511428,25628.070219511428,SL,-110.0,2025-10-20,-3880.95
2025-11-06,2025-11-06 09:51:00-05:00,2025-11-06 10:02:00-05:00,long,25572.77003228425,25462.77003228425,SL,-110.0,2025-10-27,-3990.95
2025-11-07,2025-11-07 09:37:00-05:00,2025-11-07 10:07:00-05:00,long,24993.60266830834,24883.60266830834,SL,-110.0,2025-10-21,-4100.95
2025-11-10,2025-11-10 09:31:00-05:00,2025-11-10 14:27:00-05:00,short,25579.835764917516,25689.835764917516,SL,-110.0,2025-10-22,-4210.95
2025-11-11,2025-11-11 09:50:00-05:00,2025-11-11 15:00:00-05:00,long,25572.77003228425,25663.75,cutoff,90.98,2025-10-27,-4119.97
2025-11-12,2025-11-12 09:31:00-05:00,2025-11-12 09:46:00-05:00,long,25705.554893746776,25595.554893746776,SL,-110.0,2025-10-30,-4229.97
2025-11-13,2025-11-13 09:33:00-05:00,2025-11-13 10:58:00-05:00,short,25453.09916771965,25232.25,TP,220.85,2025-11-07,-4009.12
2025-11-13,2025-11-13 10:59:00-05:00,2025-11-13 12:30:00-05:00,short,25252.09866226461,25252.09866226461,BE,0.0,2025-10-17,-4009.12
2025-11-14,2025-11-14 09:32:00-05:00,2025-11-14 09:46:00-05:00,long,24653.90083228035,24847.75,TP,193.85,2025-11-07,-3815.27
2025-11-14,2025-11-14 09:48:00-05:00,2025-11-14 10:43:00-05:00,long,24881.414235082484,25072.0,TP,190.59,2025-10-22,-3624.68
2025-11-17,2025-11-17 09:44:00-05:00,2025-11-17 10:08:00-05:00,long,25186.599602185648,25076.599602185648,SL,-110.0,2025-10-24,-3734.68
2025-11-18,2025-11-18 09:31:00-05:00,2025-11-18 09:51:00-05:00,long,24703.513119674288,24593.513119674288,SL,-110.0,2025-10-23,-3844.68
2025-11-19,2025-11-19 09:31:00-05:00,2025-11-19 09:51:00-05:00,long,24585.258299853253,24766.5,TP,181.24,2025-11-17,-3663.44
2025-11-20,2025-11-20 09:32:00-05:00,2025-11-20 11:05:00-05:00,long,25186.599602185648,25076.599602185648,SL,-110.0,2025-10-24,-3773.44
2025-11-21,2025-11-21 09:31:00-05:00,2025-11-21 09:46:00-05:00,long,24237.335041188107,24127.335041188107,SL,-110.0,2025-11-14,-3883.44
2025-11-24,2025-11-24 09:35:00-05:00,2025-11-24 10:39:00-05:00,short,24685.046496390183,24795.046496390183,SL,-110.0,2025-11-21,-3993.44
2025-11-25,2025-11-25 09:31:00-05:00,2025-11-25 09:45:00-05:00,long,24826.79042067689,24716.79042067689,SL,-110.0,2025-11-20,-4103.44
2025-11-26,2025-11-26 09:31:00-05:00,2025-11-26 15:00:00-05:00,long,25229.97463227871,25332.5,cutoff,102.53,2025-11-10,-4000.91
2025-11-27,2025-11-27 09:31:00-05:00,2025-11-27 12:59:00-05:00,short,25313.414958811893,25301.75,cutoff,11.66,2025-11-14,-3989.25
2025-11-28,2025-11-28 09:34:00-05:00,2025-11-28 10:21:00-05:00,long,25382.76732691323,25382.76732691323,BE,0.0,2025-11-04,-3989.25
2025-12-01,2025-12-01 09:31:00-05:00,2025-12-01 10:52:00-05:00,short,25287.387854159508,25397.387854159508,SL,-110.0,2025-11-19,-4099.25
2025-12-02,2025-12-02 09:33:00-05:00,2025-12-02 10:01:00-05:00,short,25516.991700146747,25626.991700146747,SL,-110.0,2025-11-17,-4209.25
2025-12-03,2025-12-03 09:31:00-05:00,2025-12-03 12:22:00-05:00,short,25516.991700146747,25626.991700146747,SL,-110.0,2025-11-17,-4319.25
2025-12-04,2025-12-04 09:35:00-05:00,2025-12-04 10:37:00-05:00,short,25607.58457932311,25607.58457932311,BE,0.0,2025-11-20,-4319.25
2025-12-04,2025-12-04 10:48:00-05:00,2025-12-04 11:48:00-05:00,short,25606.62300268882,25606.62300268882,BE,0.0,2025-12-01,-4319.25
2025-12-05,2025-12-05 10:00:00-05:00,2025-12-05 15:00:00-05:00,short,25804.97962875158,25737.75,cutoff,67.23,2025-12-03,-4252.02
2025-12-08,2025-12-08 09:37:00-05:00,2025-12-08 12:05:00-05:00,short,25816.058498009275,25627.5,TP,188.56,2025-11-13,-4063.46
2025-12-09,2025-12-09 09:31:00-05:00,2025-12-09 12:03:00-05:00,short,25607.58457932311,25717.58457932311,SL,-110.0,2025-11-20,-4173.46
2025-12-10,2025-12-10 09:37:00-05:00,2025-12-10 14:00:00-05:00,short,25607.58457932311,25717.58457932311,SL,-110.0,2025-11-20,-4283.46
2025-12-11,2025-12-11 09:31:00-05:00,2025-12-11 10:02:00-05:00,short,25606.62300268882,25425.75,TP,180.87,2025-12-01,-4102.59
2025-12-11,2025-12-11 10:08:00-05:00,2025-12-11 10:28:00-05:00,short,25516.991700146747,25626.991700146747,SL,-110.0,2025-11-17,-4212.59
2025-12-12,2025-12-12 09:37:00-05:00,2025-12-12 10:24:00-05:00,short,25607.58457932311,25399.75,TP,207.83,2025-11-20,-4004.76
2025-12-12,2025-12-12 10:26:00-05:00,2025-12-12 10:58:00-05:00,long,25360.622668419237,25250.622668419237,SL,-110.0,2025-12-10,-4114.76
2025-12-15,2025-12-15 09:31:00-05:00,2025-12-15 10:03:00-05:00,short,25641.988813068652,25459.0,TP,182.99,2025-11-28,-3931.77
2025-12-15,2025-12-15 10:04:00-05:00,2025-12-15 10:25:00-05:00,long,25438.648571256614,25328.648571256614,SL,-110.0,2025-12-08,-4041.77
2025-12-16,2025-12-16 09:33:00-05:00,2025-12-16 09:59:00-05:00,short,25287.387854159508,25397.387854159508,SL,-110.0,2025-11-19,-4151.77
2025-12-17,2025-12-17 09:35:00-05:00,2025-12-17 09:46:00-05:00,long,25391.117997106376,25281.117997106376,SL,-110.0,2025-12-05,-4261.77
2025-12-18,2025-12-18 09:39:00-05:00,2025-12-18 10:40:00-05:00,long,25192.52037124842,25381.5,TP,188.98,2025-12-03,-4072.79
2025-12-18,2025-12-18 10:42:00-05:00,2025-12-18 12:08:00-05:00,long,25391.117997106376,25281.117997106376,SL,-110.0,2025-12-05,-4182.79
2025-12-19,2025-12-19 09:31:00-05:00,2025-12-19 13:00:00-05:00,long,25391.117997106376,25575.75,TP,184.63,2025-12-05,-3998.16
2025-12-22,2025-12-22 09:31:00-05:00,2025-12-22 15:00:00-05:00,short,25793.515304493496,25690.75,cutoff,102.77,2025-12-19,-3895.39
2025-12-23,2025-12-23 09:31:00-05:00,2025-12-23 10:52:00-05:00,short,25722.585118518815,25722.585118518815,BE,0.0,2025-12-17,-3895.39
2025-12-24,2025-12-24 09:31:00-05:00,2025-12-24 13:14:00-05:00,short,25804.97962875158,25864.75,cutoff,-59.77,2025-12-03,-3955.16
2025-12-26,2025-12-26 09:32:00-05:00,2025-12-26 10:31:00-05:00,short,25892.79147830685,25892.79147830685,BE,0.0,2025-12-09,-3955.16
2025-12-29,2025-12-29 09:34:00-05:00,2025-12-29 10:21:00-05:00,short,25722.585118518815,25722.585118518815,BE,0.0,2025-12-17,-3955.16
2025-12-30,2025-12-30 09:31:00-05:00,2025-12-30 10:24:00-05:00,short,25722.585118518815,25722.585118518815,BE,0.0,2025-12-17,-3955.16
2025-12-31,2025-12-31 09:33:00-05:00,2025-12-31 10:55:00-05:00,long,25656.490500087966,25546.490500087966,SL,-110.0,2025-12-26,-4065.16
2026-01-02,2026-01-02 09:31:00-05:00,2026-01-02 10:22:00-05:00,short,25722.585118518815,25506.25,TP,216.34,2025-12-17,-3848.82
2026-01-02,2026-01-02 10:25:00-05:00,2026-01-02 11:00:00-05:00,long,25462.974683185756,25352.974683185756,SL,-110.0,2025-12-30,-3958.82
2026-01-05,2026-01-05 09:31:00-05:00,2026-01-05 09:41:00-05:00,long,25656.490500087966,25546.490500087966,SL,-110.0,2025-12-26,-4068.82
2026-01-06,2026-01-06 09:31:00-05:00,2026-01-06 11:06:00-05:00,long,25656.490500087966,25656.490500087966,BE,0.0,2025-12-26,-4068.82
2026-01-07,2026-01-07 09:32:00-05:00,2026-01-07 10:49:00-05:00,short,25793.515304493496,25903.515304493496,SL,-110.0,2025-12-19,-4178.82
2026-01-08,2026-01-08 09:35:00-05:00,2026-01-08 15:00:00-05:00,short,25722.585118518815,25633.5,cutoff,89.09,2025-12-17,-4089.73
2026-01-09,2026-01-09 09:31:00-05:00,2026-01-09 10:37:00-05:00,long,25656.490500087966,25850.0,TP,193.51,2025-12-26,-3896.22
2026-01-09,2026-01-09 10:47:00-05:00,2026-01-09 11:50:00-05:00,short,25793.515304493496,25903.515304493496,SL,-110.0,2025-12-19,-4006.22
2026-01-12,2026-01-12 09:31:00-05:00,2026-01-12 09:50:00-05:00,short,25793.515304493496,25903.515304493496,SL,-110.0,2025-12-19,-4116.22
2026-01-13,2026-01-13 09:32:00-05:00,2026-01-13 11:39:00-05:00,short,25954.275316814244,25954.275316814244,BE,0.0,2025-12-30,-4116.22
2026-01-14,2026-01-14 09:33:00-05:00,2026-01-14 10:47:00-05:00,short,25722.585118518815,25531.0,TP,191.59,2025-12-17,-3924.63
2026-01-14,2026-01-14 10:48:00-05:00,2026-01-14 11:46:00-05:00,long,25493.017990644115,25493.017990644115,BE,0.0,2025-12-22,-3924.63
2026-01-15,2026-01-15 09:31:00-05:00,2026-01-15 10:35:00-05:00,short,25923.7220721326,25923.7220721326,BE,0.0,2025-12-23,-3924.63
2026-01-15,2026-01-15 10:36:00-05:00,2026-01-15 11:21:00-05:00,short,25919.391761961455,25919.391761961455,BE,0.0,2026-01-05,-3924.63
2026-01-16,2026-01-16 10:33:00-05:00,2026-01-16 13:00:00-05:00,long,25656.490500087966,25656.490500087966,BE,0.0,2025-12-26,-3924.63
2026-01-19,2026-01-19 10:01:00-05:00,2026-01-19 10:52:00-05:00,long,25317.811823945234,25317.811823945234,BE,0.0,2026-01-14,-3924.63
2026-01-20,2026-01-20 09:35:00-05:00,2026-01-20 13:33:00-05:00,long,25334.233238038545,25224.233238038545,SL,-110.0,2026-01-05,-4034.63
2026-01-21,2026-01-21 09:48:00-05:00,2026-01-21 10:35:00-05:00,long,25216.808747005507,25418.25,TP,201.44,2026-01-02,-3833.19
2026-01-21,2026-01-21 10:43:00-05:00,2026-01-21 11:30:00-05:00,long,25445.470612448855,25445.470612448855,BE,0.0,2025-12-29,-3833.19
2026-01-22,2026-01-22 09:35:00-05:00,2026-01-22 10:00:00-05:00,long,25656.490500087966,25546.490500087966,SL,-110.0,2025-12-26,-3943.19
2026-01-23,2026-01-23 09:31:00-05:00,2026-01-23 10:25:00-05:00,short,25651.66379762444,25761.66379762444,SL,-110.0,2026-01-21,-4053.19
2026-01-27,2026-01-27 09:34:00-05:00,2026-01-27 10:38:00-05:00,short,25979.215460199313,26089.215460199313,SL,-110.0,2026-01-06,-4163.19
2026-01-28,2026-01-28 09:44:00-05:00,2026-01-28 15:00:00-05:00,short,26295.788974327792,26161.0,cutoff,134.79,2026-01-13,-4028.4
2026-01-29,2026-01-29 09:34:00-05:00,2026-01-29 09:53:00-05:00,short,26112.3292222113,25931.0,TP,181.33,2026-01-12,-3847.07
2026-01-29,2026-01-29 09:54:00-05:00,2026-01-29 10:31:00-05:00,short,25919.391761961455,25734.25,TP,185.14,2026-01-05,-3661.93
2026-01-29,2026-01-29 10:36:00-05:00,2026-01-29 10:51:00-05:00,long,25678.006280754824,25568.006280754824,SL,-110.0,2026-01-27,-3771.93
2026-01-30,2026-01-30 09:39:00-05:00,2026-01-30 10:46:00-05:00,short,25919.391761961455,25919.391761961455,BE,0.0,2026-01-05,-3771.93
2026-02-02,2026-02-02 09:32:00-05:00,2026-02-02 09:50:00-05:00,short,25651.66379762444,25761.66379762444,SL,-110.0,2026-01-21,-3881.93
2026-02-03,2026-02-03 09:56:00-05:00,2026-02-03 10:03:00-05:00,long,25678.006280754824,25568.006280754824,SL,-110.0,2026-01-27,-3991.93
2026-02-04,2026-02-04 09:31:00-05:00,2026-02-04 09:59:00-05:00,long,25298.049378233387,25188.049378233387,SL,-110.0,2026-01-23,-4101.93
2026-02-05,2026-02-05 09:35:00-05:00,2026-02-05 10:01:00-05:00,long,24804.71120237556,24694.71120237556,SL,-110.0,2026-01-21,-4211.93
2026-02-06,2026-02-06 09:40:00-05:00,2026-02-06 10:06:00-05:00,long,24887.126594782483,24777.126594782483,SL,-110.0,2026-02-04,-4321.93
2026-02-09,2026-02-09 09:31:00-05:00,2026-02-09 10:06:00-05:00,long,24985.343891027158,25178.5,TP,193.16,2026-01-20,-4128.77
2026-02-09,2026-02-09 10:38:00-05:00,2026-02-09 15:00:00-05:00,long,25260.473700829716,25399.25,cutoff,138.78,2026-02-03,-3989.99
2026-02-10,2026-02-10 09:36:00-05:00,2026-02-10 11:22:00-05:00,long,25336.47365130561,25336.47365130561,BE,0.0,2026-01-22,-3989.99
2026-02-11,2026-02-11 09:31:00-05:00,2026-02-11 09:37:00-05:00,long,25456.02172477811,25346.02172477811,SL,-110.0,2026-01-16,-4099.99
2026-02-12,2026-02-12 09:31:00-05:00,2026-02-12 09:56:00-05:00,long,25336.47365130561,25226.47365130561,SL,-110.0,2026-01-22,-4209.99
2026-02-13,2026-02-13 09:40:00-05:00,2026-02-13 10:27:00-05:00,long,24633.391857165167,24820.75,TP,187.36,2026-02-09,-4022.63
2026-02-13,2026-02-13 10:31:00-05:00,2026-02-13 10:44:00-05:00,long,24887.126594782483,24777.126594782483,SL,-110.0,2026-02-04,-4132.63
2026-02-17,2026-02-17 09:47:00-05:00,2026-02-17 09:55:00-05:00,long,24633.391857165167,24523.391857165167,SL,-110.0,2026-02-09,-4242.63
2026-02-18,2026-02-18 09:39:00-05:00,2026-02-18 10:04:00-05:00,long,24815.846860833517,24996.5,TP,180.65,2026-02-11,-4061.98
2026-02-18,2026-02-18 10:09:00-05:00,2026-02-18 13:52:00-05:00,long,25002.134426505407,25002.134426505407,BE,0.0,2026-02-10,-4061.98
2026-02-19,2026-02-19 09:35:00-05:00,2026-02-19 11:50:00-05:00,long,24815.846860833517,24815.846860833517,BE,0.0,2026-02-11,-4061.98
2026-02-20,2026-02-20 09:43:00-05:00,2026-02-20 10:33:00-05:00,long,24930.26001659254,24930.26001659254,BE,0.0,2026-02-12,-4061.98
2026-02-20,2026-02-20 10:40:00-05:00,2026-02-20 11:25:00-05:00,long,25002.134426505407,25002.134426505407,BE,0.0,2026-02-10,-4061.98
2026-02-23,2026-02-23 09:31:00-05:00,2026-02-23 09:42:00-05:00,long,25002.134426505407,24892.134426505407,SL,-110.0,2026-02-10,-4171.98
2026-02-24,2026-02-24 09:48:00-05:00,2026-02-24 10:00:00-05:00,long,24930.26001659254,24820.26001659254,SL,-110.0,2026-02-12,-4281.98
2026-02-25,2026-02-25 09:31:00-05:00,2026-02-25 09:51:00-05:00,short,25224.132890528406,25334.132890528406,SL,-110.0,2026-02-13,-4391.98
2026-02-26,2026-02-26 09:31:00-05:00,2026-02-26 10:12:00-05:00,short,25308.784126629384,25113.0,TP,195.78,2026-02-05,-4196.2
2026-02-26,2026-02-26 10:16:00-05:00,2026-02-26 10:28:00-05:00,long,25002.134426505407,24892.134426505407,SL,-110.0,2026-02-10,-4306.2
2026-02-27,2026-02-27 09:31:00-05:00,2026-02-27 12:10:00-05:00,long,24815.846860833517,25011.25,TP,195.4,2026-02-11,-4110.8
2026-03-02,2026-03-02 09:35:00-05:00,2026-03-02 11:47:00-05:00,long,24825.88513501576,25014.0,TP,188.11,2026-02-25,-3922.69
2026-03-03,2026-03-03 09:31:00-05:00,2026-03-03 10:00:00-05:00,long,24588.439612813825,24478.439612813825,SL,-110.0,2026-02-23,-4032.69
2026-03-04,2026-03-04 09:31:00-05:00,2026-03-04 10:31:00-05:00,long,24930.26001659254,25120.75,TP,190.49,2026-02-12,-3842.2
2026-03-04,2026-03-04 10:42:00-05:00,2026-03-04 13:30:00-05:00,short,25073.84211892498,25183.84211892498,SL,-110.0,2026-02-16,-3952.2
2026-03-05,2026-03-05 09:33:00-05:00,2026-03-05 09:58:00-05:00,short,25073.84211892498,25183.84211892498,SL,-110.0,2026-02-16,-4062.2
2026-03-06,2026-03-06 09:31:00-05:00,2026-03-06 10:40:00-05:00,long,24671.8667259376,24869.25,TP,197.38,2026-02-26,-3864.82
2026-03-06,2026-03-06 10:43:00-05:00,2026-03-06 15:00:00-05:00,long,24815.846860833517,24808.0,cutoff,-7.85,2026-02-11,-3872.67
2026-03-09,2026-03-09 09:33:00-04:00,2026-03-09 09:42:00-04:00,long,24473.331852930034,24363.331852930034,SL,-110.0,2026-02-19,-3982.67
2026-03-10,2026-03-10 09:32:00-04:00,2026-03-10 10:37:00-04:00,short,25073.84211892498,25073.84211892498,BE,0.0,2026-02-16,-3982.67
2026-03-10,2026-03-10 10:50:00-04:00,2026-03-10 11:35:00-04:00,short,25119.94149499076,25119.94149499076,BE,0.0,2026-03-06,-3982.67
2026-03-11,2026-03-11 09:32:00-04:00,2026-03-11 10:17:00-04:00,short,25073.84211892498,25073.84211892498,BE,0.0,2026-02-16,-3982.67
2026-03-11,2026-03-11 10:35:00-04:00,2026-03-11 11:20:00-04:00,short,24982.357602534,24982.357602534,BE,0.0,2026-03-03,-3982.67
2026-03-12,2026-03-12 09:53:00-04:00,2026-03-12 11:13:00-04:00,long,24671.8667259376,24561.8667259376,SL,-110.0,2026-02-26,-4092.67
2026-03-13,2026-03-13 09:31:00-04:00,2026-03-13 10:17:00-04:00,long,24652.496682358294,24652.496682358294,BE,0.0,2026-03-11,-4092.67
2026-03-13,2026-03-13 10:22:00-04:00,2026-03-13 10:46:00-04:00,long,24671.8667259376,24561.8667259376,SL,-110.0,2026-02-26,-4202.67
2026-03-16,2026-03-16 09:31:00-04:00,2026-03-16 15:00:00-04:00,short,24871.55561687077,24919.75,cutoff,-48.19,2026-03-09,-4250.86
2026-03-17,2026-03-17 09:46:00-04:00,2026-03-17 15:00:00-04:00,short,25096.19805301506,25003.5,cutoff,92.7,2026-03-13,-4158.16
2026-03-18,2026-03-18 09:40:00-04:00,2026-03-18 14:52:00-04:00,short,24982.357602534,24784.5,TP,197.86,2026-03-03,-3960.3
2026-03-19,2026-03-19 09:31:00-04:00,2026-03-19 11:05:00-04:00,long,24344.81689536332,24542.25,TP,197.43,2026-02-24,-3762.87
2026-03-20,2026-03-20 09:42:00-04:00,2026-03-20 09:57:00-04:00,long,24425.060635027538,24315.060635027538,SL,-110.0,2026-03-04,-3872.87
2026-03-23,2026-03-23 09:32:00-04:00,2026-03-23 10:23:00-04:00,long,24475.95325548935,24664.5,TP,188.55,2026-02-27,-3684.32
2026-03-23,2026-03-23 10:24:00-04:00,2026-03-23 11:37:00-04:00,long,24671.8667259376,24561.8667259376,SL,-110.0,2026-02-26,-3794.32
2026-03-24,2026-03-24 09:31:00-04:00,2026-03-24 09:41:00-04:00,long,24257.42694698494,24147.42694698494,SL,-110.0,2026-03-13,-3904.32
2026-03-25,2026-03-25 09:36:00-04:00,2026-03-25 09:54:00-04:00,long,24475.95325548935,24365.95325548935,SL,-110.0,2026-02-27,-4014.32
2026-03-26,2026-03-26 09:39:00-04:00,2026-03-26 10:54:00-04:00,long,24069.165318483185,24069.165318483185,BE,0.0,2026-03-23,-4014.32
2026-03-26,2026-03-26 10:55:00-04:00,2026-03-26 12:11:00-04:00,long,24059.267397466,24059.267397466,BE,0.0,2026-03-03,-4014.32
2026-04-01,2026-04-01 09:31:00-04:00,2026-04-01 11:14:00-04:00,long,24069.165318483185,24262.5,TP,193.33,2026-03-23,-3820.99
2026-04-02,2026-04-02 09:32:00-04:00,2026-04-02 10:18:00-04:00,long,23773.656098496536,23968.0,TP,194.34,2026-03-26,-3626.65
2026-04-02,2026-04-02 10:19:00-04:00,2026-04-02 10:36:00-04:00,long,23979.81938312923,24167.25,TP,187.43,2026-03-09,-3439.22
2026-04-06,2026-04-06 09:32:00-04:00,2026-04-06 10:38:00-04:00,long,24338.008382877175,24338.008382877175,BE,0.0,2026-03-12,-3439.22
2026-04-06,2026-04-06 10:51:00-04:00,2026-04-06 11:40:00-04:00,short,24289.10131924296,24289.10131924296,BE,0.0,2026-04-02,-3439.22
2026-04-07,2026-04-07 10:05:00-04:00,2026-04-07 10:50:00-04:00,long,24069.165318483185,24069.165318483185,BE,0.0,2026-03-23,-3439.22
2026-04-07,2026-04-07 10:59:00-04:00,2026-04-07 12:56:00-04:00,long,24016.646824437845,24212.5,TP,195.85,2026-03-19,-3243.37
2026-04-08,2026-04-08 09:34:00-04:00,2026-04-08 10:56:00-04:00,short,25161.616617122825,24960.25,TP,201.37,2026-03-12,-3042.0
2026-04-08,2026-04-08 10:58:00-04:00,2026-04-08 12:01:00-04:00,short,24984.459681516815,25094.459681516815,SL,-110.0,2026-03-23,-3152.0
2026-04-09,2026-04-09 09:43:00-04:00,2026-04-09 11:19:00-04:00,short,25096.19805301506,25096.19805301506,BE,0.0,2026-03-13,-3152.0
2026-04-10,2026-04-10 10:11:00-04:00,2026-04-10 11:23:00-04:00,short,25273.09253845201,25383.09253845201,SL,-110.0,2026-03-16,-3262.0
2026-04-13,2026-04-13 09:49:00-04:00,2026-04-13 12:29:00-04:00,short,25273.09253845201,25383.09253845201,SL,-110.0,2026-03-16,-3372.0
2026-04-15,2026-04-15 09:32:00-04:00,2026-04-15 10:24:00-04:00,short,26016.020610526048,26126.020610526048,SL,-110.0,2026-04-14,-3482.0
2026-04-16,2026-04-16 09:37:00-04:00,2026-04-16 10:30:00-04:00,short,26366.73321562178,26366.73321562178,BE,0.0,2026-04-15,-3482.0
2026-04-17,2026-04-17 10:01:00-04:00,2026-04-17 11:31:00-04:00,short,26750.85865637195,26860.85865637195,SL,-110.0,2026-04-16,-3592.0
2026-04-20,2026-04-20 09:40:00-04:00,2026-04-20 15:00:00-04:00,short,26750.85865637195,26732.75,cutoff,18.11,2026-04-16,-3573.89
2026-04-21,2026-04-21 09:32:00-04:00,2026-04-21 10:07:00-04:00,short,26750.85865637195,26860.85865637195,SL,-110.0,2026-04-16,-3683.89
2026-04-23,2026-04-23 09:35:00-04:00,2026-04-23 10:24:00-04:00,short,27024.84370561633,27024.84370561633,BE,0.0,2026-04-17,-3683.89
2026-04-23,2026-04-23 10:55:00-04:00,2026-04-23 13:24:00-04:00,short,27079.941305396387,26894.5,TP,185.44,2026-04-20,-3498.45
2026-04-24,2026-04-24 10:13:00-04:00,2026-04-24 11:44:00-04:00,short,27267.134887108085,27377.134887108085,SL,-110.0,2026-04-22,-3608.45
2026-04-27,2026-04-27 09:46:00-04:00,2026-04-27 10:35:00-04:00,short,27362.418606603605,27362.418606603605,BE,0.0,2026-04-23,-3608.45
2026-04-28,2026-04-28 09:35:00-04:00,2026-04-28 15:00:00-04:00,short,27152.14330906941,27194.75,cutoff,-42.61,2026-04-21,-3651.06
2026-04-29,2026-04-29 09:34:00-04:00,2026-04-29 10:28:00-04:00,short,27152.14330906941,27262.14330906941,SL,-110.0,2026-04-21,-3761.06
2026-04-30,2026-04-30 09:34:00-04:00,2026-04-30 10:57:00-04:00,short,27362.418606603605,27362.418606603605,BE,0.0,2026-04-23,-3761.06
2026-05-01,2026-05-01 09:33:00-04:00,2026-05-01 09:55:00-04:00,short,27727.691212489073,27837.691212489073,SL,-110.0,2026-04-27,-3871.06
2026-05-04,2026-05-04 09:59:00-04:00,2026-05-04 12:07:00-04:00,short,27896.92021898806,27676.0,TP,220.92,2026-04-30,-3650.14
2026-05-05,2026-05-05 10:36:00-04:00,2026-05-05 11:37:00-04:00,short,28138.06154108305,28138.06154108305,BE,0.0,2026-05-01,-3650.14
2026-05-06,2026-05-06 09:31:00-04:00,2026-05-06 09:45:00-04:00,short,28380.887817756244,28490.887817756244,SL,-110.0,2026-05-05,-3760.14
2026-05-07,2026-05-07 09:33:00-04:00,2026-05-07 10:22:00-04:00,short,28768.042484818827,28878.042484818827,SL,-110.0,2026-05-06,-3870.14
2026-05-08,2026-05-08 10:58:00-04:00,2026-05-08 13:04:00-04:00,short,29174.65787972472,29284.65787972472,SL,-110.0,2026-05-07,-3980.14
2026-05-11,2026-05-11 09:32:00-04:00,2026-05-11 11:28:00-04:00,short,29422.9618069465,29422.9618069465,BE,0.0,2026-05-08,-3980.14
2026-05-12,2026-05-12 09:31:00-04:00,2026-05-12 09:44:00-04:00,short,29174.65787972472,29284.65787972472,SL,-110.0,2026-05-07,-4090.14
2026-05-13,2026-05-13 09:52:00-04:00,2026-05-13 10:52:00-04:00,short,29174.65787972472,29284.65787972472,SL,-110.0,2026-05-07,-4200.14
2026-05-14,2026-05-14 09:45:00-04:00,2026-05-14 10:36:00-04:00,short,29646.42303898361,29646.42303898361,BE,0.0,2026-05-12,-4200.14
2026-05-14,2026-05-14 10:37:00-04:00,2026-05-14 11:20:00-04:00,short,29656.73036561582,29766.73036561582,SL,-110.0,2026-05-13,-4310.14
2026-05-15,2026-05-15 09:38:00-04:00,2026-05-15 09:56:00-04:00,short,29174.65787972472,29284.65787972472,SL,-110.0,2026-05-07,-4420.14
2026-05-18,2026-05-18 09:45:00-04:00,2026-05-18 09:55:00-04:00,short,29174.65787972472,29284.65787972472,SL,-110.0,2026-05-07,-4530.14
2026-05-19,2026-05-19 09:35:00-04:00,2026-05-19 10:05:00-04:00,long,28951.360498886017,28841.360498886017,SL,-110.0,2026-05-11,-4640.14
2026-05-20,2026-05-20 09:35:00-04:00,2026-05-20 11:15:00-04:00,long,29084.62855805579,29315.75,TP,231.12,2026-05-14,-4409.02
2026-05-21,2026-05-21 10:23:00-04:00,2026-05-21 11:10:00-04:00,short,29174.65787972472,29174.65787972472,BE,0.0,2026-05-07,-4409.02
2026-05-22,2026-05-22 09:31:00-04:00,2026-05-22 10:56:00-04:00,short,29642.116120772633,29642.116120772633,BE,0.0,2026-05-21,-4409.02
2026-05-22,2026-05-22 10:57:00-04:00,2026-05-22 15:00:00-04:00,short,29646.42303898361,29650.5,cutoff,-4.08,2026-05-12,-4413.1
2026-05-25,2026-05-25 09:37:00-04:00,2026-05-25 11:10:00-04:00,short,29963.24644194421,29963.24644194421,BE,0.0,2026-05-14,-4413.1
2026-05-26,2026-05-26 09:45:00-04:00,2026-05-26 10:25:00-04:00,short,29963.24644194421,30073.24644194421,SL,-110.0,2026-05-14,-4523.1
2026-05-27,2026-05-27 09:45:00-04:00,2026-05-27 10:40:00-04:00,short,30009.455726915767,30009.455726915767,BE,0.0,2026-05-22,-4523.1
2026-05-28,2026-05-28 09:37:00-04:00,2026-05-28 10:12:00-04:00,short,30009.455726915767,30119.455726915767,SL,-110.0,2026-05-22,-4633.1
2026-05-29,2026-05-29 09:57:00-04:00,2026-05-29 10:43:00-04:00,short,30514.38147395403,30328.0,TP,186.38,2026-05-28,-4446.72
2026-05-29,2026-05-29 10:51:00-04:00,2026-05-29 15:00:00-04:00,short,30374.530427233534,30324.0,cutoff,50.53,2026-05-26,-4396.19
2026-06-01,2026-06-01 09:31:00-04:00,2026-06-01 10:16:00-04:00,short,30374.530427233534,30374.530427233534,BE,0.0,2026-05-26,-4396.19
2026-06-02,2026-06-02 09:31:00-04:00,2026-06-02 10:12:00-04:00,short,30514.38147395403,30624.38147395403,SL,-110.0,2026-05-28,-4506.19
2026-06-03,2026-06-03 09:49:00-04:00,2026-06-03 09:53:00-04:00,short,30514.38147395403,30624.38147395403,SL,-110.0,2026-05-28,-4616.19
2026-06-04,2026-06-04 09:31:00-04:00,2026-06-04 09:37:00-04:00,short,30248.501331652922,30358.501331652922,SL,-110.0,2026-05-25,-4726.19
2026-06-05,2026-06-05 09:36:00-04:00,2026-06-05 09:47:00-04:00,long,30011.076790907744,29901.076790907744,SL,-110.0,2026-05-29,-4836.19
