session_date,entry_time,exit_time,side,entry_price,exit_price,exit_reason,pnl,level_date,cum_pnl
2018-01-03,2018-01-03 09:31:00-05:00,2018-01-03 15:00:00-05:00,short,6529.134910517963,6581.0,cutoff,-51.87,2018-01-02,-51.87
2018-01-04,2018-01-04 09:44:00-05:00,2018-01-04 15:00:00-05:00,short,6591.363648739487,6598.25,cutoff,-6.89,2018-01-03,-58.76
2018-01-08,2018-01-08 09:32:00-05:00,2018-01-08 15:00:00-05:00,short,6660.819130484404,6682.25,cutoff,-21.43,2018-01-05,-80.19
2018-01-09,2018-01-09 09:32:00-05:00,2018-01-09 11:19:00-05:00,short,6700.852925468027,6700.852925468027,BE,0.0,2018-01-08,-80.19
2018-01-10,2018-01-10 09:31:00-05:00,2018-01-10 11:04:00-05:00,short,6660.819130484404,6660.819130484404,BE,0.0,2018-01-05,-80.19
2018-01-12,2018-01-12 09:39:00-05:00,2018-01-12 15:00:00-05:00,short,6723.20900170372,6763.25,cutoff,-40.04,2018-01-11,-120.23
2018-01-16,2018-01-16 10:38:00-05:00,2018-01-16 11:31:00-05:00,short,6809.770647884909,6809.770647884909,BE,0.0,2018-01-15,-120.23
2018-01-17,2018-01-17 09:34:00-05:00,2018-01-17 10:25:00-05:00,long,6767.812996567763,6767.812996567763,BE,0.0,2018-01-16,-120.23
2018-01-17,2018-01-17 10:31:00-05:00,2018-01-17 15:00:00-05:00,short,6767.641689094185,6823.75,cutoff,-56.11,2018-01-12,-176.34
2018-01-18,2018-01-18 09:38:00-05:00,2018-01-18 11:19:00-05:00,short,6825.380439588893,6825.380439588893,BE,0.0,2018-01-17,-176.34
2018-01-19,2018-01-19 10:09:00-05:00,2018-01-19 11:20:00-05:00,short,6825.380439588893,6825.380439588893,BE,0.0,2018-01-17,-176.34
2018-01-22,2018-01-22 10:09:00-05:00,2018-01-22 15:00:00-05:00,short,6862.577746742863,6893.75,cutoff,-31.17,2018-01-18,-207.51
2018-01-24,2018-01-24 10:14:00-05:00,2018-01-24 15:00:00-05:00,short,6998.255469793344,6947.75,cutoff,50.51,2018-01-23,-157.0
2018-01-25,2018-01-25 09:56:00-05:00,2018-01-25 10:47:00-05:00,long,6929.169585261671,6929.169585261671,BE,0.0,2018-01-24,-157.0
2018-01-29,2018-01-29 09:36:00-05:00,2018-01-29 15:00:00-05:00,short,6998.255469793344,7008.5,cutoff,-10.24,2018-01-23,-167.24
2018-01-30,2018-01-30 09:46:00-05:00,2018-01-30 10:46:00-05:00,long,6929.169585261671,6929.169585261671,BE,0.0,2018-01-24,-167.24
2018-02-01,2018-02-01 09:33:00-05:00,2018-02-01 14:20:00-05:00,long,6929.169585261671,6929.169585261671,BE,0.0,2018-01-24,-167.24
2018-02-02,2018-02-02 09:31:00-05:00,2018-02-02 10:05:00-05:00,long,6880.975997086674,6805.975997086674,SL,-75.0,2018-01-25,-242.24
2018-02-05,2018-02-05 09:31:00-05:00,2018-02-05 10:13:00-05:00,short,6705.969460652561,6780.969460652561,SL,-75.0,2018-01-10,-317.24
2018-02-06,2018-02-06 09:55:00-05:00,2018-02-06 10:16:00-05:00,long,6590.6904546967335,6515.6904546967335,SL,-75.0,2018-02-05,-392.24
2018-02-07,2018-02-07 09:31:00-05:00,2018-02-07 12:47:00-05:00,long,6646.54099829628,6646.54099829628,BE,0.0,2018-01-11,-392.24
2018-02-08,2018-02-08 09:33:00-05:00,2018-02-08 10:48:00-05:00,long,6590.6904546967335,6515.6904546967335,SL,-75.0,2018-02-05,-467.24
2018-02-12,2018-02-12 09:36:00-05:00,2018-02-12 15:00:00-05:00,long,6489.755992857791,6539.5,cutoff,49.74,2018-02-08,-417.5
2018-02-13,2018-02-13 09:35:00-05:00,2018-02-13 15:00:00-05:00,long,6489.755992857791,6559.25,cutoff,69.49,2018-02-08,-348.01
2018-02-14,2018-02-14 09:36:00-05:00,2018-02-14 15:00:00-05:00,long,6547.2665921978705,6664.25,cutoff,116.98,2018-02-07,-231.03
2018-02-16,2018-02-16 09:33:00-05:00,2018-02-16 13:30:00-05:00,long,6786.128332725204,6786.128332725204,BE,0.0,2018-01-22,-231.03
2018-02-19,2018-02-19 11:00:00-05:00,2018-02-19 12:59:00-05:00,long,6759.618102312154,6779.75,cutoff,20.13,2018-02-02,-210.9
2018-02-20,2018-02-20 09:31:00-05:00,2018-02-20 11:29:00-05:00,short,6754.8584078021295,6829.8584078021295,SL,-75.0,2018-02-07,-285.9
2018-02-22,2018-02-22 09:32:00-05:00,2018-02-22 10:26:00-05:00,short,6811.866788508734,6811.866788508734,BE,0.0,2018-02-15,-285.9
2018-02-23,2018-02-23 09:32:00-05:00,2018-02-23 10:41:00-05:00,short,6811.866788508734,6811.866788508734,BE,0.0,2018-02-15,-285.9
2018-02-27,2018-02-27 09:59:00-05:00,2018-02-27 15:00:00-05:00,short,6971.006897687846,6940.25,cutoff,30.76,2018-02-02,-255.14
2018-02-28,2018-02-28 09:46:00-05:00,2018-02-28 10:55:00-05:00,long,6926.71319448983,6926.71319448983,BE,0.0,2018-02-27,-255.14
2018-03-01,2018-03-01 09:31:00-05:00,2018-03-01 10:32:00-05:00,short,6871.912614461429,6871.912614461429,BE,0.0,2018-02-22,-255.14
2018-03-01,2018-03-01 10:33:00-05:00,2018-03-01 15:00:00-05:00,short,6878.623273891219,6741.25,cutoff,137.37,2018-02-23,-117.77
2018-03-02,2018-03-02 09:31:00-05:00,2018-03-02 11:59:00-05:00,short,6684.944584107352,6759.944584107352,SL,-75.0,2018-02-06,-192.77
2018-03-05,2018-03-05 09:51:00-05:00,2018-03-05 11:23:00-05:00,short,6766.743215011062,6841.743215011062,SL,-75.0,2018-03-02,-267.77
2018-03-06,2018-03-06 10:02:00-05:00,2018-03-06 10:47:00-05:00,long,6926.71319448983,6926.71319448983,BE,0.0,2018-02-27,-267.77
2018-03-07,2018-03-07 09:31:00-05:00,2018-03-07 15:00:00-05:00,short,6871.912614461429,6906.25,cutoff,-34.34,2018-02-22,-302.11
2018-03-08,2018-03-08 09:35:00-05:00,2018-03-08 11:14:00-05:00,short,6967.241668711537,6967.241668711537,BE,0.0,2018-03-01,-302.11
2018-03-09,2018-03-09 10:07:00-05:00,2018-03-09 15:00:00-05:00,short,7057.28680551017,7110.5,cutoff,-53.21,2018-02-27,-355.32
2018-03-13,2018-03-13 09:42:00-04:00,2018-03-13 15:00:00-04:00,short,7211.202029295153,7089.0,cutoff,122.2,2018-03-12,-233.12
2018-03-14,2018-03-14 09:33:00-04:00,2018-03-14 15:00:00-04:00,long,7096.922970704847,7073.75,cutoff,-23.17,2018-03-12,-256.29
2018-03-15,2018-03-15 09:36:00-04:00,2018-03-15 15:00:00-04:00,short,7057.28680551017,7057.0,cutoff,0.29,2018-02-27,-256.0
2018-03-19,2018-03-19 09:52:00-04:00,2018-03-19 15:00:00-04:00,short,6967.241668711537,6852.5,cutoff,114.74,2018-03-01,-141.26
2018-03-20,2018-03-20 09:34:00-04:00,2018-03-20 10:19:00-04:00,short,6887.536011889101,6887.536011889101,BE,0.0,2018-02-21,-141.26
2018-03-20,2018-03-20 10:43:00-04:00,2018-03-20 15:00:00-04:00,long,6901.578784055946,6909.5,cutoff,7.92,2018-03-19,-133.34
2018-03-21,2018-03-21 09:36:00-04:00,2018-03-21 14:41:00-04:00,long,6879.299880883785,6879.299880883785,BE,0.0,2018-02-26,-133.34
2018-03-22,2018-03-22 09:39:00-04:00,2018-03-22 10:30:00-04:00,long,6796.46474984932,6796.46474984932,BE,0.0,2018-03-07,-133.34
2018-03-22,2018-03-22 10:53:00-04:00,2018-03-22 12:26:00-04:00,short,6766.743215011062,6766.743215011062,BE,0.0,2018-03-02,-133.34
2018-03-23,2018-03-23 09:36:00-04:00,2018-03-23 11:59:00-04:00,long,6701.390659034367,6626.390659034367,SL,-75.0,2018-03-05,-208.34
2018-03-27,2018-03-27 09:33:00-04:00,2018-03-27 12:33:00-04:00,long,6796.46474984932,6721.46474984932,SL,-75.0,2018-03-07,-283.34
2018-03-28,2018-03-28 10:06:00-04:00,2018-03-28 10:23:00-04:00,long,6555.590673508264,6480.590673508264,SL,-75.0,2018-03-26,-358.34
2018-04-02,2018-04-02 09:40:00-04:00,2018-04-02 10:12:00-04:00,long,6555.590673508264,6480.590673508264,SL,-75.0,2018-03-26,-433.34
2018-04-03,2018-04-03 10:05:00-04:00,2018-04-03 11:59:00-04:00,long,6394.937625773999,6394.937625773999,BE,0.0,2018-04-02,-433.34
2018-04-04,2018-04-04 09:33:00-04:00,2018-04-04 10:34:00-04:00,long,6372.049355432237,6372.049355432237,BE,0.0,2018-03-29,-433.34
2018-04-05,2018-04-05 09:42:00-04:00,2018-04-05 11:02:00-04:00,short,6618.200644567763,6618.200644567763,BE,0.0,2018-03-29,-433.34
2018-04-06,2018-04-06 09:38:00-04:00,2018-04-06 10:23:00-04:00,short,6580.309822656636,6580.309822656636,BE,0.0,2018-04-03,-433.34
2018-04-06,2018-04-06 10:34:00-04:00,2018-04-06 13:51:00-04:00,long,6555.590673508264,6480.590673508264,SL,-75.0,2018-03-26,-508.34
2018-04-09,2018-04-09 09:56:00-04:00,2018-04-09 15:00:00-04:00,long,6533.187655664731,6569.25,cutoff,36.06,2018-04-05,-472.28
2018-04-10,2018-04-10 09:32:00-04:00,2018-04-10 15:00:00-04:00,long,6582.5845918092255,6624.5,cutoff,41.92,2018-03-23,-430.36
2018-04-11,2018-04-11 09:59:00-04:00,2018-04-11 15:00:00-04:00,short,6618.200644567763,6618.5,cutoff,-0.3,2018-03-29,-430.66
2018-04-12,2018-04-12 09:42:00-04:00,2018-04-12 15:00:00-04:00,short,6652.002550425705,6675.75,cutoff,-23.75,2018-03-28,-454.41
2018-04-13,2018-04-13 09:35:00-04:00,2018-04-13 11:01:00-04:00,long,6700.740780313456,6625.740780313456,SL,-75.0,2018-03-22,-529.41
2018-04-16,2018-04-16 09:43:00-04:00,2018-04-16 15:00:00-04:00,short,6660.937374226001,6690.25,cutoff,-29.31,2018-04-02,-558.72
2018-04-17,2018-04-17 09:33:00-04:00,2018-04-17 12:24:00-04:00,short,6747.283059462454,6822.283059462454,SL,-75.0,2018-04-16,-633.72
2018-04-18,2018-04-18 09:41:00-04:00,2018-04-18 10:36:00-04:00,short,6825.9822235486145,6825.9822235486145,BE,0.0,2018-04-17,-633.72
2018-04-19,2018-04-19 09:46:00-04:00,2018-04-19 15:00:00-04:00,short,6796.0404081907745,6775.25,cutoff,20.79,2018-03-23,-612.93
2018-04-20,2018-04-20 09:31:00-04:00,2018-04-20 11:26:00-04:00,long,6754.992006121582,6679.992006121582,SL,-75.0,2018-04-18,-687.93
2018-04-23,2018-04-23 09:36:00-04:00,2018-04-23 10:24:00-04:00,short,6690.253399853834,6690.253399853834,BE,0.0,2018-04-11,-687.93
2018-04-23,2018-04-23 10:31:00-04:00,2018-04-23 12:24:00-04:00,long,6686.1427764513855,6686.1427764513855,BE,0.0,2018-04-17,-687.93
2018-04-24,2018-04-24 09:31:00-04:00,2018-04-24 10:32:00-04:00,long,6686.1427764513855,6611.1427764513855,SL,-75.0,2018-04-17,-762.93
2018-04-25,2018-04-25 09:34:00-04:00,2018-04-25 10:01:00-04:00,long,6512.496600146166,6437.496600146166,SL,-75.0,2018-04-11,-837.93
2018-04-26,2018-04-26 09:31:00-04:00,2018-04-26 15:00:00-04:00,long,6600.091940537546,6673.0,cutoff,72.91,2018-04-16,-765.02
2018-04-27,2018-04-27 09:31:00-04:00,2018-04-27 10:25:00-04:00,long,6744.784812561076,6669.784812561076,SL,-75.0,2018-04-19,-840.02
2018-04-30,2018-04-30 09:31:00-04:00,2018-04-30 11:33:00-04:00,long,6672.83622656385,6672.83622656385,BE,0.0,2018-04-20,-840.02
2018-05-01,2018-05-01 09:33:00-04:00,2018-05-01 11:01:00-04:00,long,6600.091940537546,6600.091940537546,BE,0.0,2018-04-16,-840.02
2018-05-02,2018-05-02 09:31:00-04:00,2018-05-02 15:00:00-04:00,short,6690.253399853834,6682.0,cutoff,8.25,2018-04-11,-831.77
2018-05-03,2018-05-03 09:31:00-04:00,2018-05-03 15:00:00-04:00,long,6612.5646574806215,6639.75,cutoff,27.19,2018-04-30,-804.58
2018-05-04,2018-05-04 09:31:00-04:00,2018-05-04 10:25:00-04:00,short,6618.015361193202,6693.015361193202,SL,-75.0,2018-04-09,-879.58
2018-05-07,2018-05-07 09:38:00-04:00,2018-05-07 15:00:00-04:00,short,6825.9822235486145,6828.75,cutoff,-2.77,2018-04-17,-882.35
2018-05-08,2018-05-08 09:52:00-04:00,2018-05-08 15:00:00-04:00,short,6791.429923534902,6788.25,cutoff,3.18,2018-04-13,-879.17
2018-05-09,2018-05-09 09:32:00-04:00,2018-05-09 14:50:00-04:00,short,6825.9822235486145,6900.9822235486145,SL,-75.0,2018-04-17,-954.17
2018-05-11,2018-05-11 10:10:00-04:00,2018-05-11 15:00:00-04:00,short,6969.484773303996,6942.0,cutoff,27.48,2018-05-10,-926.69
2018-05-14,2018-05-14 10:30:00-04:00,2018-05-14 11:20:00-04:00,short,7007.349699090812,7007.349699090812,BE,0.0,2018-05-11,-926.69
2018-05-15,2018-05-15 09:32:00-04:00,2018-05-15 15:00:00-04:00,long,6900.775300909188,6874.5,cutoff,-26.28,2018-05-11,-952.97
2018-05-16,2018-05-16 09:33:00-04:00,2018-05-16 15:00:00-04:00,long,6900.775300909188,6950.25,cutoff,49.47,2018-05-11,-903.5
2018-05-17,2018-05-17 10:12:00-04:00,2018-05-17 12:40:00-04:00,long,6928.543047509258,6928.543047509258,BE,0.0,2018-05-14,-903.5
2018-05-18,2018-05-18 09:31:00-04:00,2018-05-18 10:20:00-04:00,short,6887.469288124856,6887.469288124856,BE,0.0,2018-05-09,-903.5
2018-05-18,2018-05-18 10:32:00-04:00,2018-05-18 15:00:00-04:00,short,6878.313510620334,6884.5,cutoff,-6.19,2018-05-07,-909.69
2018-05-21,2018-05-21 09:31:00-04:00,2018-05-21 15:00:00-04:00,short,6935.473866313412,6899.5,cutoff,35.97,2018-05-18,-873.72
2018-05-22,2018-05-22 09:58:00-04:00,2018-05-22 15:00:00-04:00,short,6935.473866313412,6915.75,cutoff,19.72,2018-05-18,-854.0
2018-05-23,2018-05-23 09:41:00-04:00,2018-05-23 15:00:00-04:00,short,6872.813918585391,6937.5,cutoff,-64.69,2018-05-08,-918.69
2018-05-24,2018-05-24 09:34:00-04:00,2018-05-24 14:21:00-04:00,short,6960.568010688974,6960.568010688974,BE,0.0,2018-05-16,-918.69
2018-05-25,2018-05-25 09:46:00-04:00,2018-05-25 15:00:00-04:00,short,6960.568010688974,6959.25,cutoff,1.32,2018-05-16,-917.37
2018-05-28,2018-05-28 09:35:00-04:00,2018-05-28 12:59:00-04:00,short,6973.725303921158,6992.5,cutoff,-18.77,2018-05-17,-936.14
2018-05-29,2018-05-29 09:31:00-04:00,2018-05-29 15:00:00-04:00,short,6935.473866313412,6900.25,cutoff,35.22,2018-05-18,-900.92
2018-05-30,2018-05-30 09:35:00-04:00,2018-05-30 10:31:00-04:00,short,6960.568010688974,6960.568010688974,BE,0.0,2018-05-16,-900.92
2018-05-30,2018-05-30 10:42:00-04:00,2018-05-30 15:00:00-04:00,short,6969.484773303996,6988.5,cutoff,-19.02,2018-05-10,-919.94
2018-05-31,2018-05-31 09:36:00-04:00,2018-05-31 15:00:00-04:00,short,6988.503726657311,6978.25,cutoff,10.25,2018-05-21,-909.69
2018-06-01,2018-06-01 09:31:00-04:00,2018-06-01 13:25:00-04:00,short,7015.475265757081,7090.475265757081,SL,-75.0,2018-05-30,-984.69
2018-06-06,2018-06-06 10:05:00-04:00,2018-06-06 10:56:00-04:00,short,7156.635231374005,7156.635231374005,BE,0.0,2018-06-04,-984.69
2018-06-07,2018-06-07 10:33:00-04:00,2018-06-07 15:00:00-04:00,short,7156.635231374005,7151.0,cutoff,5.64,2018-06-04,-979.05
2018-06-08,2018-06-08 09:53:00-04:00,2018-06-08 11:07:00-04:00,short,7156.635231374005,7156.635231374005,BE,0.0,2018-06-04,-979.05
2018-06-11,2018-06-11 09:46:00-04:00,2018-06-11 11:40:00-04:00,short,7194.487916844135,7194.487916844135,BE,0.0,2018-06-08,-979.05
2018-06-12,2018-06-12 09:32:00-04:00,2018-06-12 10:45:00-04:00,short,7215.5639472394705,7215.5639472394705,BE,0.0,2018-06-05,-979.05
2018-06-13,2018-06-13 09:58:00-04:00,2018-06-13 15:00:00-04:00,short,7254.301705073458,7258.5,cutoff,-4.2,2018-06-12,-983.25
2018-06-14,2018-06-14 09:32:00-04:00,2018-06-14 15:00:00-04:00,short,7269.677208812118,7291.0,cutoff,-21.32,2018-06-07,-1004.57
2018-06-15,2018-06-15 09:32:00-04:00,2018-06-15 15:00:00-04:00,short,7269.677208812118,7287.0,cutoff,-17.32,2018-06-07,-1021.89
2018-06-18,2018-06-18 09:34:00-04:00,2018-06-18 15:00:00-04:00,long,7214.541889345101,7268.5,cutoff,53.96,2018-06-15,-967.93
2018-06-19,2018-06-19 09:31:00-04:00,2018-06-19 10:48:00-04:00,short,7194.487916844135,7194.487916844135,BE,0.0,2018-06-08,-967.93
2018-06-19,2018-06-19 10:57:00-04:00,2018-06-19 15:00:00-04:00,long,7199.085344323959,7248.75,cutoff,49.66,2018-06-13,-918.27
2018-06-20,2018-06-20 09:42:00-04:00,2018-06-20 10:58:00-04:00,short,7303.289655676041,7303.289655676041,BE,0.0,2018-06-13,-918.27
2018-06-21,2018-06-21 09:46:00-04:00,2018-06-21 15:00:00-04:00,short,7303.289655676041,7244.25,cutoff,59.04,2018-06-13,-859.23
2018-06-22,2018-06-22 09:36:00-04:00,2018-06-22 15:00:00-04:00,long,7237.780430387864,7242.5,cutoff,4.72,2018-06-20,-854.51
2018-06-25,2018-06-25 09:31:00-04:00,2018-06-25 15:00:00-04:00,short,7156.635231374005,7010.25,cutoff,146.39,2018-06-04,-708.12
2018-06-26,2018-06-26 09:31:00-04:00,2018-06-26 15:00:00-04:00,short,7092.43659505992,7107.25,cutoff,-14.81,2018-06-01,-722.93
2018-06-27,2018-06-27 09:31:00-04:00,2018-06-27 11:05:00-04:00,long,7117.6860527605295,7117.6860527605295,BE,0.0,2018-06-05,-722.93
2018-06-28,2018-06-28 09:39:00-04:00,2018-06-28 15:00:00-04:00,long,7002.0493217285275,7067.5,cutoff,65.45,2018-06-26,-657.48
2018-06-29,2018-06-29 09:31:00-04:00,2018-06-29 15:00:00-04:00,long,7092.637083155865,7102.75,cutoff,10.11,2018-06-08,-647.37
2018-07-02,2018-07-02 09:51:00-04:00,2018-07-02 15:00:00-04:00,long,7021.939275551633,7078.75,cutoff,56.81,2018-06-29,-590.56
2018-07-03,2018-07-03 09:31:00-04:00,2018-07-03 12:39:00-04:00,long,7133.197791187882,7058.197791187882,SL,-75.0,2018-06-07,-665.56
2018-07-04,2018-07-04 09:36:00-04:00,2018-07-04 13:00:00-04:00,long,7039.190675775948,7042.5,cutoff,3.31,2018-06-25,-662.25
2018-07-05,2018-07-05 09:39:00-04:00,2018-07-05 15:00:00-04:00,long,7092.637083155865,7114.0,cutoff,21.36,2018-06-08,-640.89
2018-07-06,2018-07-06 09:32:00-04:00,2018-07-06 15:00:00-04:00,long,7127.38217917601,7223.5,cutoff,96.12,2018-06-11,-544.77
2018-07-09,2018-07-09 09:55:00-04:00,2018-07-09 11:04:00-04:00,short,7262.911183414944,7262.911183414944,BE,0.0,2018-06-19,-544.77
2018-07-10,2018-07-10 09:36:00-04:00,2018-07-10 10:31:00-04:00,short,7303.289655676041,7303.289655676041,BE,0.0,2018-06-13,-544.77
2018-07-11,2018-07-11 09:32:00-04:00,2018-07-11 15:00:00-04:00,short,7262.911183414944,7268.75,cutoff,-5.84,2018-06-19,-550.61
2018-07-12,2018-07-12 10:07:00-04:00,2018-07-12 15:00:00-04:00,short,7328.303579632185,7373.75,cutoff,-45.45,2018-07-11,-596.06
2018-07-13,2018-07-13 09:46:00-04:00,2018-07-13 15:00:00-04:00,short,7382.841738048102,7388.5,cutoff,-5.66,2018-07-12,-601.72
2018-07-16,2018-07-16 09:37:00-04:00,2018-07-16 15:00:00-04:00,short,7406.569912336632,7368.25,cutoff,38.32,2018-06-21,-563.4
2018-07-17,2018-07-17 09:42:00-04:00,2018-07-17 12:17:00-04:00,short,7328.303579632185,7403.303579632185,SL,-75.0,2018-07-11,-638.4
2018-07-18,2018-07-18 09:42:00-04:00,2018-07-18 11:15:00-04:00,short,7406.569912336632,7406.569912336632,BE,0.0,2018-06-21,-638.4
2018-07-19,2018-07-19 09:33:00-04:00,2018-07-19 11:25:00-04:00,short,7392.15471783367,7392.15471783367,BE,0.0,2018-07-17,-638.4
2018-07-20,2018-07-20 09:32:00-04:00,2018-07-20 10:28:00-04:00,short,7392.15471783367,7392.15471783367,BE,0.0,2018-07-17,-638.4
2018-07-23,2018-07-23 09:31:00-04:00,2018-07-23 10:39:00-04:00,short,7353.262237216476,7353.262237216476,BE,0.0,2018-07-10,-638.4
2018-07-24,2018-07-24 09:36:00-04:00,2018-07-24 15:00:00-04:00,short,7478.0641178731985,7411.5,cutoff,66.56,2018-07-18,-571.84
2018-07-25,2018-07-25 09:40:00-04:00,2018-07-25 10:33:00-04:00,short,7438.102087580435,7438.102087580435,BE,0.0,2018-07-20,-571.84
2018-07-26,2018-07-26 09:42:00-04:00,2018-07-26 11:21:00-04:00,short,7438.102087580435,7438.102087580435,BE,0.0,2018-07-20,-571.84
2018-07-27,2018-07-27 09:33:00-04:00,2018-07-27 15:00:00-04:00,short,7446.894584057618,7286.75,cutoff,160.14,2018-07-16,-411.7
2018-07-30,2018-07-30 09:35:00-04:00,2018-07-30 12:32:00-04:00,long,7271.051238919736,7196.051238919736,SL,-75.0,2018-07-23,-486.7
2018-07-31,2018-07-31 09:43:00-04:00,2018-07-31 15:00:00-04:00,long,7250.612762783524,7259.5,cutoff,8.89,2018-07-10,-477.81
2018-08-01,2018-08-01 09:31:00-04:00,2018-08-01 11:33:00-04:00,long,7271.051238919736,7271.051238919736,BE,0.0,2018-07-23,-477.81
2018-08-02,2018-08-02 09:32:00-04:00,2018-08-02 15:00:00-04:00,long,7226.908261951898,7375.5,cutoff,148.59,2018-07-12,-329.22
2018-08-03,2018-08-03 09:31:00-04:00,2018-08-03 10:16:00-04:00,short,7392.15471783367,7392.15471783367,BE,0.0,2018-07-17,-329.22
2018-08-03,2018-08-03 10:18:00-04:00,2018-08-03 11:10:00-04:00,short,7382.841738048102,7382.841738048102,BE,0.0,2018-07-12,-329.22
2018-08-06,2018-08-06 09:32:00-04:00,2018-08-06 15:00:00-04:00,short,7392.15471783367,7441.0,cutoff,-48.85,2018-07-17,-378.07
2018-08-07,2018-08-07 09:34:00-04:00,2018-08-07 10:29:00-04:00,short,7478.0641178731985,7478.0641178731985,BE,0.0,2018-07-18,-378.07
2018-08-07,2018-08-07 10:30:00-04:00,2018-08-07 12:56:00-04:00,short,7481.544416078332,7481.544416078332,BE,0.0,2018-07-25,-378.07
2018-08-08,2018-08-08 09:32:00-04:00,2018-08-08 15:00:00-04:00,short,7459.432390640652,7484.25,cutoff,-24.82,2018-08-06,-402.89
2018-08-09,2018-08-09 09:31:00-04:00,2018-08-09 15:00:00-04:00,short,7478.0641178731985,7496.0,cutoff,-17.94,2018-07-18,-420.83
2018-08-10,2018-08-10 09:36:00-04:00,2018-08-10 10:21:00-04:00,short,7438.102087580435,7438.102087580435,BE,0.0,2018-07-20,-420.83
2018-08-10,2018-08-10 10:33:00-04:00,2018-08-10 15:00:00-04:00,short,7443.276347136951,7400.25,cutoff,43.03,2018-07-19,-377.8
2018-08-13,2018-08-13 09:33:00-04:00,2018-08-13 15:00:00-04:00,short,7438.102087580435,7422.5,cutoff,15.6,2018-07-20,-362.2
2018-08-14,2018-08-14 09:31:00-04:00,2018-08-14 10:36:00-04:00,short,7438.102087580435,7438.102087580435,BE,0.0,2018-07-20,-362.2
2018-08-14,2018-08-14 10:46:00-04:00,2018-08-14 15:00:00-04:00,short,7443.276347136951,7458.25,cutoff,-14.97,2018-07-19,-377.17
2018-08-15,2018-08-15 09:35:00-04:00,2018-08-15 15:00:00-04:00,short,7402.198761080264,7352.75,cutoff,49.45,2018-07-23,-327.72
2018-08-16,2018-08-16 09:31:00-04:00,2018-08-16 15:00:00-04:00,long,7414.922762406374,7399.5,cutoff,-15.42,2018-07-24,-343.14
2018-08-17,2018-08-17 09:31:00-04:00,2018-08-17 15:00:00-04:00,long,7360.173904777643,7401.5,cutoff,41.33,2018-08-16,-301.81
2018-08-20,2018-08-20 09:33:00-04:00,2018-08-20 14:02:00-04:00,short,7394.472462601092,7394.472462601092,BE,0.0,2018-07-30,-301.81
2018-08-21,2018-08-21 09:35:00-04:00,2018-08-21 11:21:00-04:00,long,7408.879532772222,7408.879532772222,BE,0.0,2018-08-08,-301.81
2018-08-22,2018-08-22 09:31:00-04:00,2018-08-22 15:00:00-04:00,short,7394.472462601092,7432.75,cutoff,-38.28,2018-07-30,-340.09
2018-08-23,2018-08-23 09:34:00-04:00,2018-08-23 15:00:00-04:00,short,7436.526712365974,7443.75,cutoff,-7.22,2018-08-17,-347.31
2018-08-24,2018-08-24 09:31:00-04:00,2018-08-24 15:00:00-04:00,short,7459.432390640652,7490.75,cutoff,-31.32,2018-08-06,-378.63
2018-08-27,2018-08-27 09:35:00-04:00,2018-08-27 15:00:00-04:00,short,7534.904976134861,7564.75,cutoff,-29.85,2018-08-09,-408.48
2018-08-29,2018-08-29 09:35:00-04:00,2018-08-29 15:00:00-04:00,short,7599.9516883498845,7658.75,cutoff,-58.8,2018-08-27,-467.28
2018-08-30,2018-08-30 09:31:00-04:00,2018-08-30 15:00:00-04:00,short,7655.839927072273,7643.0,cutoff,12.84,2018-08-29,-454.44
2018-08-31,2018-08-31 09:32:00-04:00,2018-08-31 15:00:00-04:00,short,7655.839927072273,7644.75,cutoff,11.09,2018-08-29,-443.35
2018-09-04,2018-09-04 09:34:00-04:00,2018-09-04 15:00:00-04:00,long,7633.061168833607,7631.75,cutoff,-1.31,2018-09-03,-444.66
2018-09-05,2018-09-05 09:33:00-04:00,2018-09-05 10:21:00-04:00,long,7604.500703523443,7529.500703523443,SL,-75.0,2018-08-30,-519.66
2018-09-06,2018-09-06 09:40:00-04:00,2018-09-06 15:00:00-04:00,short,7506.425637004666,7443.5,cutoff,62.93,2018-08-24,-456.73
2018-09-07,2018-09-07 09:37:00-04:00,2018-09-07 15:00:00-04:00,long,7418.08594954187,7459.75,cutoff,41.66,2018-09-06,-415.07
2018-09-10,2018-09-10 09:31:00-04:00,2018-09-10 15:00:00-04:00,long,7472.1733116501155,7453.5,cutoff,-18.67,2018-08-27,-433.74
2018-09-11,2018-09-11 09:32:00-04:00,2018-09-11 15:00:00-04:00,long,7418.08594954187,7509.25,cutoff,91.16,2018-09-06,-342.58
2018-09-12,2018-09-12 09:32:00-04:00,2018-09-12 15:00:00-04:00,short,7505.206854948481,7468.25,cutoff,36.96,2018-08-23,-305.62
2018-09-13,2018-09-13 09:32:00-04:00,2018-09-13 15:00:00-04:00,short,7547.622652900693,7565.75,cutoff,-18.13,2018-09-10,-323.75
2018-09-14,2018-09-14 09:32:00-04:00,2018-09-14 11:21:00-04:00,long,7588.051325303866,7588.051325303866,BE,0.0,2018-08-31,-323.75
2018-09-17,2018-09-17 09:35:00-04:00,2018-09-17 15:00:00-04:00,long,7549.8898326392355,7497.5,cutoff,-52.39,2018-09-04,-376.14
2018-09-18,2018-09-18 09:31:00-04:00,2018-09-18 15:00:00-04:00,long,7472.6850581467515,7539.5,cutoff,66.81,2018-09-13,-309.33
2018-09-19,2018-09-19 09:33:00-04:00,2018-09-19 15:00:00-04:00,long,7542.660072927727,7503.5,cutoff,-39.16,2018-08-29,-348.49
2018-09-20,2018-09-20 09:37:00-04:00,2018-09-20 15:00:00-04:00,short,7571.28304460421,7605.0,cutoff,-33.72,2018-09-12,-382.21
2018-09-21,2018-09-21 09:39:00-04:00,2018-09-21 15:00:00-04:00,short,7631.354115860666,7567.75,cutoff,63.6,2018-09-17,-318.61
2018-09-24,2018-09-24 09:31:00-04:00,2018-09-24 15:00:00-04:00,long,7499.12113621541,7568.0,cutoff,68.88,2018-09-20,-249.73
2018-09-25,2018-09-25 09:36:00-04:00,2018-09-25 10:21:00-04:00,short,7571.28304460421,7571.28304460421,BE,0.0,2018-09-12,-249.73
2018-09-26,2018-09-26 09:32:00-04:00,2018-09-26 10:24:00-04:00,short,7612.28905045813,7612.28905045813,BE,0.0,2018-09-06,-249.73
2018-09-26,2018-09-26 10:31:00-04:00,2018-09-26 15:00:00-04:00,short,7616.4399418532485,7644.75,cutoff,-28.31,2018-09-13,-278.04
2018-09-27,2018-09-27 09:32:00-04:00,2018-09-27 15:00:00-04:00,short,7631.354115860666,7665.5,cutoff,-34.15,2018-09-17,-312.19
2018-09-28,2018-09-28 09:45:00-04:00,2018-09-28 15:00:00-04:00,long,7633.061168833607,7646.25,cutoff,13.19,2018-09-03,-299.0
2018-10-01,2018-10-01 09:32:00-04:00,2018-10-01 15:00:00-04:00,short,7702.894612183031,7679.5,cutoff,23.39,2018-09-05,-275.61
2018-10-02,2018-10-02 09:36:00-04:00,2018-10-02 15:00:00-04:00,short,7655.73495379054,7668.5,cutoff,-12.77,2018-09-14,-288.38
2018-10-03,2018-10-03 09:34:00-04:00,2018-10-03 15:00:00-04:00,short,7688.758399715875,7668.25,cutoff,20.51,2018-09-21,-267.87
2018-10-04,2018-10-04 09:31:00-04:00,2018-10-04 15:00:00-04:00,short,7629.202776166338,7504.25,cutoff,124.95,2018-09-25,-142.92
2018-10-05,2018-10-05 09:32:00-04:00,2018-10-05 11:18:00-04:00,long,7499.12113621541,7424.12113621541,SL,-75.0,2018-09-20,-217.92
2018-10-08,2018-10-08 09:46:00-04:00,2018-10-08 10:35:00-04:00,long,7405.59195539579,7405.59195539579,BE,0.0,2018-09-12,-217.92
2018-10-08,2018-10-08 10:37:00-04:00,2018-10-08 11:39:00-04:00,long,7408.134491863295,7333.134491863295,SL,-75.0,2018-10-05,-292.92
2018-10-09,2018-10-09 09:35:00-04:00,2018-10-09 12:44:00-04:00,long,7392.329907435796,7392.329907435796,BE,0.0,2018-09-18,-292.92
2018-10-10,2018-10-10 09:50:00-04:00,2018-10-10 11:20:00-04:00,long,7286.224538054712,7211.224538054712,SL,-75.0,2018-10-08,-367.92
2018-10-16,2018-10-16 09:58:00-04:00,2018-10-16 15:00:00-04:00,long,7182.158582793097,7259.25,cutoff,77.09,2018-10-10,-290.83
2018-10-17,2018-10-17 09:37:00-04:00,2018-10-17 15:00:00-04:00,long,7286.224538054712,7300.25,cutoff,14.03,2018-10-08,-276.8
2018-10-18,2018-10-18 09:31:00-04:00,2018-10-18 15:00:00-04:00,short,7262.201987091439,7141.0,cutoff,121.2,2018-10-16,-155.6
2018-10-19,2018-10-19 09:31:00-04:00,2018-10-19 11:32:00-04:00,long,7182.158582793097,7182.158582793097,BE,0.0,2018-10-10,-155.6
2018-10-22,2018-10-22 09:36:00-04:00,2018-10-22 15:00:00-04:00,long,7158.521950633014,7170.5,cutoff,11.98,2018-10-18,-143.62
2018-10-23,2018-10-23 09:33:00-04:00,2018-10-23 10:14:00-04:00,long,7032.3496815496055,6957.3496815496055,SL,-75.0,2018-10-22,-218.62
2018-10-24,2018-10-24 09:51:00-04:00,2018-10-24 10:37:00-04:00,long,7078.70185016617,7078.70185016617,BE,0.0,2018-10-19,-218.62
2018-10-24,2018-10-24 10:38:00-04:00,2018-10-24 11:29:00-04:00,long,7072.798012908561,6997.798012908561,SL,-75.0,2018-10-16,-293.62
2018-10-25,2018-10-25 09:34:00-04:00,2018-10-25 15:00:00-04:00,long,6892.688591063061,7058.0,cutoff,165.31,2018-10-11,-128.31
2018-10-26,2018-10-26 09:46:00-04:00,2018-10-26 10:05:00-04:00,long,6878.649240398583,6803.649240398583,SL,-75.0,2018-10-23,-203.31
2018-10-29,2018-10-29 10:01:00-04:00,2018-10-29 14:41:00-04:00,short,6963.112061325928,6769.5,TP,193.61,2018-10-26,-9.7
2018-10-30,2018-10-30 10:09:00-04:00,2018-10-30 13:32:00-04:00,long,6762.610909414232,6687.610909414232,SL,-75.0,2018-10-25,-84.7
2018-10-31,2018-10-31 09:42:00-04:00,2018-10-31 14:17:00-04:00,short,6963.112061325928,7038.112061325928,SL,-75.0,2018-10-26,-159.7
2018-11-01,2018-11-01 09:31:00-04:00,2018-11-01 15:00:00-04:00,long,6997.43029997219,7062.5,cutoff,65.07,2018-10-24,-94.63
2018-11-02,2018-11-02 09:31:00-04:00,2018-11-02 10:40:00-04:00,long,7032.3496815496055,6957.3496815496055,SL,-75.0,2018-10-22,-169.63
2018-11-05,2018-11-05 09:44:00-05:00,2018-11-05 15:00:00-05:00,long,6903.866612075746,6947.25,cutoff,43.38,2018-11-02,-126.25
2018-11-06,2018-11-06 09:31:00-05:00,2018-11-06 15:00:00-05:00,short,6963.112061325928,6955.25,cutoff,7.86,2018-10-26,-118.39
2018-11-07,2018-11-07 09:33:00-05:00,2018-11-07 10:39:00-05:00,short,7078.264090585768,7153.264090585768,SL,-75.0,2018-10-25,-193.39
2018-11-08,2018-11-08 09:31:00-05:00,2018-11-08 10:33:00-05:00,short,7183.883387924254,7183.883387924254,BE,0.0,2018-11-02,-193.39
2018-11-09,2018-11-09 09:34:00-05:00,2018-11-09 15:00:00-05:00,short,7104.642675752431,7035.0,cutoff,69.64,2018-11-01,-123.75
2018-11-12,2018-11-12 09:31:00-05:00,2018-11-12 10:00:00-05:00,long,6997.43029997219,6922.43029997219,SL,-75.0,2018-10-24,-198.75
2018-11-13,2018-11-13 09:31:00-05:00,2018-11-13 15:00:00-05:00,short,6889.683844244571,6843.0,cutoff,46.68,2018-10-30,-152.07
2018-11-14,2018-11-14 09:32:00-05:00,2018-11-14 10:53:00-05:00,long,6903.866612075746,6828.866612075746,SL,-75.0,2018-11-02,-227.07
2018-11-15,2018-11-15 09:31:00-05:00,2018-11-15 10:29:00-05:00,long,6746.40094134174,6746.40094134174,BE,0.0,2018-11-13,-227.07
2018-11-15,2018-11-15 10:51:00-05:00,2018-11-15 15:00:00-05:00,long,6758.138099856673,6898.5,cutoff,140.36,2018-11-14,-86.71
2018-11-16,2018-11-16 09:32:00-05:00,2018-11-16 11:46:00-05:00,long,6833.879910458791,6833.879910458791,BE,0.0,2018-11-06,-86.71
2018-11-19,2018-11-19 09:31:00-05:00,2018-11-19 10:06:00-05:00,long,6839.862157892273,6764.862157892273,SL,-75.0,2018-10-29,-161.71
2018-11-20,2018-11-20 09:38:00-05:00,2018-11-20 10:13:00-05:00,long,6537.816155755429,6462.816155755429,SL,-75.0,2018-10-30,-236.71
2018-11-21,2018-11-21 09:31:00-05:00,2018-11-21 11:12:00-05:00,short,6638.488855974993,6638.488855974993,BE,0.0,2018-11-20,-236.71
2018-11-22,2018-11-22 10:23:00-05:00,2018-11-22 12:59:00-05:00,long,6537.816155755429,6521.0,cutoff,-16.82,2018-10-30,-253.53
2018-11-26,2018-11-26 09:33:00-05:00,2018-11-26 15:00:00-05:00,short,6623.8814122187305,6674.75,cutoff,-50.87,2018-11-22,-304.4
2018-11-27,2018-11-27 09:31:00-05:00,2018-11-27 15:00:00-05:00,short,6655.437697558632,6696.25,cutoff,-40.81,2018-11-23,-345.21
2018-11-28,2018-11-28 09:31:00-05:00,2018-11-28 15:00:00-05:00,long,6746.40094134174,6870.5,cutoff,124.1,2018-11-13,-221.11
2018-11-29,2018-11-29 09:33:00-05:00,2018-11-29 15:00:00-05:00,long,6903.866612075746,6941.5,cutoff,37.63,2018-11-02,-183.48
2018-11-30,2018-11-30 09:36:00-05:00,2018-11-30 15:00:00-05:00,short,6886.098901945612,6916.5,cutoff,-30.4,2018-11-15,-213.88
2018-12-03,2018-12-03 09:31:00-05:00,2018-12-03 14:08:00-05:00,long,7094.461029890275,7019.461029890275,SL,-75.0,2018-11-08,-288.88
2018-12-04,2018-12-04 09:48:00-05:00,2018-12-04 13:43:00-05:00,short,7025.611900143327,6837.75,TP,187.86,2018-11-14,-101.02
2018-12-06,2018-12-06 09:32:00-05:00,2018-12-06 10:58:00-05:00,long,6672.739529536092,6672.739529536092,BE,0.0,2018-11-28,-101.02
2018-12-07,2018-12-07 09:31:00-05:00,2018-12-07 11:04:00-05:00,long,6803.071118634929,6728.071118634929,SL,-75.0,2018-11-29,-176.02
2018-12-10,2018-12-10 09:31:00-05:00,2018-12-10 15:00:00-05:00,short,6623.8814122187305,6663.75,cutoff,-39.87,2018-11-22,-215.89
2018-12-11,2018-12-11 09:33:00-05:00,2018-12-11 10:24:00-05:00,short,6780.964486024599,6780.964486024599,BE,0.0,2018-11-27,-215.89
2018-12-11,2018-12-11 10:25:00-05:00,2018-12-11 15:00:00-05:00,short,6790.939608582068,6723.0,cutoff,67.94,2018-12-06,-147.95
2018-12-12,2018-12-12 09:33:00-05:00,2018-12-12 14:28:00-05:00,long,6803.071118634929,6803.071118634929,BE,0.0,2018-11-29,-147.95
2018-12-13,2018-12-13 09:31:00-05:00,2018-12-13 10:29:00-05:00,long,6803.071118634929,6803.071118634929,BE,0.0,2018-11-29,-147.95
2018-12-13,2018-12-13 10:35:00-05:00,2018-12-13 11:44:00-05:00,short,6790.939608582068,6790.939608582068,BE,0.0,2018-12-06,-147.95
2018-12-14,2018-12-14 09:36:00-05:00,2018-12-14 11:50:00-05:00,long,6684.0145147739295,6684.0145147739295,BE,0.0,2018-12-11,-147.95
2018-12-17,2018-12-17 09:41:00-05:00,2018-12-17 13:00:00-05:00,long,6558.060391417932,6558.060391417932,BE,0.0,2018-12-06,-147.95
2018-12-18,2018-12-18 09:31:00-05:00,2018-12-18 10:21:00-05:00,long,6520.782070758194,6520.782070758194,BE,0.0,2018-11-26,-147.95
2018-12-18,2018-12-18 10:42:00-05:00,2018-12-18 15:00:00-05:00,long,6528.160513975401,6477.0,cutoff,-51.16,2018-11-27,-199.11
2018-12-19,2018-12-19 09:33:00-05:00,2018-12-19 14:00:00-05:00,long,6520.782070758194,6520.782070758194,BE,0.0,2018-11-26,-199.11
2018-12-20,2018-12-20 10:10:00-05:00,2018-12-20 11:13:00-05:00,long,6389.047532193428,6314.047532193428,SL,-75.0,2018-12-19,-274.11
2018-12-21,2018-12-21 10:08:00-05:00,2018-12-21 11:06:00-05:00,long,6225.741800107466,6225.741800107466,BE,0.0,2018-12-20,-274.11
2018-12-27,2018-12-27 09:59:00-05:00,2018-12-27 11:28:00-05:00,short,6171.807056911759,6171.807056911759,BE,0.0,2018-12-24,-274.11
2018-12-28,2018-12-28 09:46:00-05:00,2018-12-28 12:40:00-05:00,short,6340.354224240451,6340.354224240451,BE,0.0,2018-12-27,-274.11
2018-12-31,2018-12-31 09:57:00-05:00,2018-12-31 12:37:00-05:00,short,6340.354224240451,6340.354224240451,BE,0.0,2018-12-27,-274.11
2019-01-02,2019-01-02 09:35:00-05:00,2019-01-02 15:00:00-05:00,long,6225.741800107466,6372.0,cutoff,146.26,2018-12-20,-127.85
2019-01-03,2019-01-03 09:53:00-05:00,2019-01-03 15:00:00-05:00,long,6238.169923802291,6179.25,cutoff,-58.92,2018-12-31,-186.77
2019-01-04,2019-01-04 10:24:00-05:00,2019-01-04 11:54:00-05:00,short,6340.354224240451,6415.354224240451,SL,-75.0,2018-12-27,-261.77
2019-01-07,2019-01-07 09:31:00-05:00,2019-01-07 15:00:00-05:00,long,6434.122894312635,6486.0,cutoff,51.88,2018-12-18,-209.89
2019-01-08,2019-01-08 10:45:00-05:00,2019-01-08 11:33:00-05:00,long,6491.230944167768,6491.230944167768,BE,0.0,2018-12-10,-209.89
2019-01-10,2019-01-10 09:54:00-05:00,2019-01-10 11:38:00-05:00,short,6534.203628201894,6609.203628201894,SL,-75.0,2019-01-07,-284.89
2019-01-14,2019-01-14 09:37:00-05:00,2019-01-14 15:00:00-05:00,short,6534.203628201894,6571.25,cutoff,-37.05,2019-01-07,-321.94
2019-01-15,2019-01-15 09:36:00-05:00,2019-01-15 15:00:00-05:00,short,6619.752105687365,6659.25,cutoff,-39.5,2018-12-18,-361.44
2019-01-16,2019-01-16 09:46:00-05:00,2019-01-16 15:00:00-05:00,short,6720.912585668611,6693.5,cutoff,27.41,2019-01-15,-334.03
2019-01-17,2019-01-17 09:31:00-05:00,2019-01-17 14:45:00-05:00,short,6658.400453387424,6733.400453387424,SL,-75.0,2019-01-10,-409.03
2019-01-18,2019-01-18 09:52:00-05:00,2019-01-18 12:16:00-05:00,short,6748.819618762862,6823.819618762862,SL,-75.0,2019-01-17,-484.03
2019-01-21,2019-01-21 09:45:00-05:00,2019-01-21 12:59:00-05:00,short,6748.819618762862,6761.5,cutoff,-12.68,2019-01-17,-496.71
2019-01-22,2019-01-22 09:51:00-05:00,2019-01-22 15:00:00-05:00,short,6720.912585668611,6629.0,cutoff,91.91,2019-01-15,-404.8
2019-01-23,2019-01-23 09:31:00-05:00,2019-01-23 10:18:00-05:00,long,6698.293668717168,6698.293668717168,BE,0.0,2019-01-21,-404.8
2019-01-23,2019-01-23 10:26:00-05:00,2019-01-23 11:54:00-05:00,long,6686.080997578746,6611.080997578746,SL,-75.0,2019-01-18,-479.8
2019-01-24,2019-01-24 09:33:00-05:00,2019-01-24 15:00:00-05:00,short,6678.58359465701,6694.0,cutoff,-15.42,2019-01-09,-495.22
2019-01-25,2019-01-25 09:36:00-05:00,2019-01-25 15:00:00-05:00,short,6748.819618762862,6791.5,cutoff,-42.68,2019-01-17,-537.9
2019-01-28,2019-01-28 09:32:00-05:00,2019-01-28 15:00:00-05:00,long,6698.293668717168,6695.5,cutoff,-2.79,2019-01-21,-540.69
2019-01-29,2019-01-29 09:35:00-05:00,2019-01-29 10:57:00-05:00,long,6698.293668717168,6623.293668717168,SL,-75.0,2019-01-21,-615.69
2019-01-30,2019-01-30 09:32:00-05:00,2019-01-30 10:44:00-05:00,short,6720.912585668611,6720.912585668611,BE,0.0,2019-01-15,-615.69
2019-01-31,2019-01-31 09:36:00-05:00,2019-01-31 11:53:00-05:00,short,6854.169002421254,6929.169002421254,SL,-75.0,2019-01-18,-690.69
2019-02-07,2019-02-07 09:32:00-05:00,2019-02-07 10:20:00-05:00,long,6927.889636332791,6927.889636332791,BE,0.0,2019-02-06,-690.69
2019-02-07,2019-02-07 10:28:00-05:00,2019-02-07 15:00:00-05:00,short,6950.4835546835775,6888.0,cutoff,62.48,2019-01-31,-628.21
2019-02-08,2019-02-08 09:31:00-05:00,2019-02-08 15:00:00-05:00,short,6854.169002421254,6903.25,cutoff,-49.08,2019-01-18,-677.29
2019-02-11,2019-02-11 09:32:00-05:00,2019-02-11 15:00:00-05:00,short,6950.4835546835775,6906.5,cutoff,43.98,2019-01-31,-633.31
2019-02-12,2019-02-12 09:34:00-05:00,2019-02-12 15:00:00-05:00,short,6966.140952170355,7014.25,cutoff,-48.11,2019-02-04,-681.42
2019-02-13,2019-02-13 09:32:00-05:00,2019-02-13 10:21:00-05:00,short,7043.27827199871,7043.27827199871,BE,0.0,2019-02-12,-681.42
2019-02-14,2019-02-14 09:31:00-05:00,2019-02-14 15:00:00-05:00,long,6981.2659991287555,7034.5,cutoff,53.23,2019-02-13,-628.19
2019-02-15,2019-02-15 09:37:00-05:00,2019-02-15 10:22:00-05:00,short,7058.524825242923,7058.524825242923,BE,0.0,2019-02-05,-628.19
2019-02-15,2019-02-15 10:41:00-05:00,2019-02-15 15:00:00-05:00,short,7071.945814887033,7051.0,cutoff,20.95,2019-02-14,-607.24
2019-02-18,2019-02-18 09:54:00-05:00,2019-02-18 12:59:00-05:00,short,7071.945814887033,7080.75,cutoff,-8.8,2019-02-14,-616.04
2019-02-19,2019-02-19 09:35:00-05:00,2019-02-19 15:00:00-05:00,short,7058.524825242923,7093.25,cutoff,-34.73,2019-02-05,-650.77
2019-02-20,2019-02-20 10:40:00-05:00,2019-02-20 15:00:00-05:00,short,7103.860363667209,7066.25,cutoff,37.61,2019-02-06,-613.16
2019-02-21,2019-02-21 09:31:00-05:00,2019-02-21 12:01:00-05:00,short,7058.524825242923,7058.524825242923,BE,0.0,2019-02-05,-613.16
2019-02-22,2019-02-22 09:33:00-05:00,2019-02-22 15:00:00-05:00,short,7058.524825242923,7065.25,cutoff,-6.73,2019-02-05,-619.89
2019-02-26,2019-02-26 09:31:00-05:00,2019-02-26 15:00:00-05:00,long,7101.039941058964,7138.25,cutoff,37.21,2019-02-25,-582.68
2019-02-27,2019-02-27 09:31:00-05:00,2019-02-27 11:50:00-05:00,short,7103.860363667209,7103.860363667209,BE,0.0,2019-02-06,-582.68
2019-02-28,2019-02-28 09:33:00-05:00,2019-02-28 11:20:00-05:00,short,7110.376430518732,7110.376430518732,BE,0.0,2019-02-18,-582.68
2019-03-01,2019-03-01 10:02:00-05:00,2019-03-01 10:55:00-05:00,short,7137.312499692195,7137.312499692195,BE,0.0,2019-02-20,-582.68
2019-03-04,2019-03-04 09:32:00-05:00,2019-03-04 15:00:00-05:00,short,7203.210058941036,7131.75,cutoff,71.46,2019-02-25,-511.22
2019-03-05,2019-03-05 09:32:00-05:00,2019-03-05 15:00:00-05:00,long,7144.842172756819,7179.0,cutoff,34.16,2019-03-04,-477.06
2019-03-06,2019-03-06 09:33:00-05:00,2019-03-06 15:00:00-05:00,short,7162.944911961969,7125.25,cutoff,37.69,2019-02-28,-439.37
2019-03-07,2019-03-07 09:32:00-05:00,2019-03-07 10:17:00-05:00,long,7101.039941058964,7026.039941058964,SL,-75.0,2019-02-25,-514.37
2019-03-08,2019-03-08 09:32:00-05:00,2019-03-08 15:00:00-05:00,long,6981.2659991287555,7026.75,cutoff,45.48,2019-02-13,-468.89
2019-03-11,2019-03-11 09:32:00-04:00,2019-03-11 15:00:00-04:00,long,7083.1318271171385,7185.0,cutoff,101.87,2019-03-01,-367.02
2019-03-12,2019-03-12 09:35:00-04:00,2019-03-12 15:00:00-04:00,short,7203.210058941036,7241.0,cutoff,-37.79,2019-02-25,-404.81
2019-03-13,2019-03-13 09:33:00-04:00,2019-03-13 15:00:00-04:00,short,7262.804382013026,7303.5,cutoff,-40.7,2019-03-12,-445.51
2019-03-15,2019-03-15 09:48:00-04:00,2019-03-15 15:00:00-04:00,short,7317.8442332462455,7350.25,cutoff,-32.41,2019-03-13,-477.92
2019-03-18,2019-03-18 09:58:00-04:00,2019-03-18 15:00:00-04:00,short,7364.223578148492,7357.75,cutoff,6.47,2019-03-15,-471.45
2019-03-20,2019-03-20 09:39:00-04:00,2019-03-20 14:26:00-04:00,short,7364.223578148492,7439.223578148492,SL,-75.0,2019-03-15,-546.45
2019-03-21,2019-03-21 09:35:00-04:00,2019-03-21 11:03:00-04:00,short,7404.166306104591,7479.166306104591,SL,-75.0,2019-03-18,-621.45
2019-03-25,2019-03-25 09:31:00-04:00,2019-03-25 10:50:00-04:00,short,7332.254555376385,7332.254555376385,BE,0.0,2019-03-14,-621.45
2019-03-25,2019-03-25 11:00:00-04:00,2019-03-25 11:49:00-04:00,long,7337.82254636648,7337.82254636648,BE,0.0,2019-03-19,-621.45
2019-03-26,2019-03-26 09:57:00-04:00,2019-03-26 10:55:00-04:00,short,7433.002185272495,7433.002185272495,BE,0.0,2019-03-20,-621.45
2019-03-27,2019-03-27 09:31:00-04:00,2019-03-27 11:20:00-04:00,long,7397.189514019376,7322.189514019376,SL,-75.0,2019-03-22,-696.45
2019-03-28,2019-03-28 09:34:00-04:00,2019-03-28 11:00:00-04:00,long,7337.82254636648,7337.82254636648,BE,0.0,2019-03-19,-696.45
2019-03-29,2019-03-29 09:31:00-04:00,2019-03-29 15:00:00-04:00,long,7397.189514019376,7400.0,cutoff,2.81,2019-03-22,-693.64
2019-04-01,2019-04-01 10:13:00-04:00,2019-04-01 15:00:00-04:00,short,7453.638645063456,7499.0,cutoff,-45.36,2019-03-29,-739.0
2019-04-02,2019-04-02 09:59:00-04:00,2019-04-02 15:00:00-04:00,short,7490.028262531559,7524.0,cutoff,-33.97,2019-03-21,-772.97
2019-04-03,2019-04-03 09:33:00-04:00,2019-04-03 15:00:00-04:00,short,7556.688231456711,7564.25,cutoff,-7.56,2019-04-02,-780.53
2019-04-04,2019-04-04 09:31:00-04:00,2019-04-04 15:00:00-04:00,short,7571.935485980624,7571.5,cutoff,0.44,2019-03-22,-780.09
2019-04-08,2019-04-08 09:39:00-04:00,2019-04-08 15:00:00-04:00,short,7571.935485980624,7616.0,cutoff,-44.06,2019-03-22,-824.15
2019-04-10,2019-04-10 10:49:00-04:00,2019-04-10 15:00:00-04:00,short,7622.528978544867,7620.5,cutoff,2.03,2019-04-03,-822.12
2019-04-11,2019-04-11 09:34:00-04:00,2019-04-11 15:00:00-04:00,short,7642.527829229008,7606.5,cutoff,36.03,2019-04-04,-786.09
2019-04-12,2019-04-12 09:31:00-04:00,2019-04-12 10:25:00-04:00,short,7647.411682774517,7647.411682774517,BE,0.0,2019-04-05,-786.09
2019-04-12,2019-04-12 10:39:00-04:00,2019-04-12 13:05:00-04:00,short,7642.527829229008,7642.527829229008,BE,0.0,2019-04-04,-786.09
2019-04-15,2019-04-15 09:34:00-04:00,2019-04-15 15:00:00-04:00,short,7658.0460071098805,7650.0,cutoff,8.05,2019-04-09,-778.04
2019-04-17,2019-04-17 09:31:00-04:00,2019-04-17 15:00:00-04:00,short,7730.394273932708,7694.5,cutoff,35.89,2019-04-16,-742.15
2019-04-18,2019-04-18 09:34:00-04:00,2019-04-18 12:48:00-04:00,short,7708.943373859822,7708.943373859822,BE,0.0,2019-04-15,-742.15
2019-04-22,2019-04-22 09:53:00-04:00,2019-04-22 15:00:00-04:00,short,7694.1717674909305,7725.25,cutoff,-31.08,2019-04-12,-773.23
2019-04-23,2019-04-23 09:44:00-04:00,2019-04-23 15:00:00-04:00,short,7772.171559230863,7833.75,cutoff,-61.58,2019-04-18,-834.81
2019-04-24,2019-04-24 10:10:00-04:00,2019-04-24 15:00:00-04:00,short,7831.777078718316,7825.25,cutoff,6.53,2019-04-23,-828.28
2019-04-25,2019-04-25 10:56:00-04:00,2019-04-25 15:00:00-04:00,short,7831.777078718316,7851.75,cutoff,-19.97,2019-04-23,-848.25
2019-04-26,2019-04-26 09:42:00-04:00,2019-04-26 15:00:00-04:00,short,7789.432332547307,7822.0,cutoff,-32.57,2019-04-17,-880.82
2019-04-29,2019-04-29 09:52:00-04:00,2019-04-29 15:00:00-04:00,short,7831.777078718316,7864.75,cutoff,-32.97,2019-04-23,-913.79
2019-04-30,2019-04-30 09:32:00-04:00,2019-04-30 15:00:00-04:00,short,7789.432332547307,7790.0,cutoff,-0.57,2019-04-17,-914.36
2019-05-01,2019-05-01 10:08:00-04:00,2019-05-01 11:13:00-04:00,short,7849.304970506435,7849.304970506435,BE,0.0,2019-04-30,-914.36
2019-05-02,2019-05-02 09:32:00-04:00,2019-05-02 15:00:00-04:00,short,7772.171559230863,7722.75,cutoff,49.42,2019-04-18,-864.94
2019-05-03,2019-05-03 09:31:00-04:00,2019-05-03 15:00:00-04:00,long,7787.768622292595,7848.0,cutoff,60.23,2019-04-29,-804.71
2019-05-06,2019-05-06 09:31:00-04:00,2019-05-06 10:51:00-04:00,short,7699.333072790703,7774.333072790703,SL,-75.0,2019-04-11,-879.71
2019-05-07,2019-05-07 09:31:00-04:00,2019-05-07 15:00:00-04:00,short,7730.394273932708,7613.5,cutoff,116.89,2019-04-16,-762.82
2019-05-08,2019-05-08 09:31:00-04:00,2019-05-08 10:22:00-04:00,long,7635.328440769137,7635.328440769137,BE,0.0,2019-04-18,-762.82
2019-05-08,2019-05-08 10:25:00-04:00,2019-05-08 11:37:00-04:00,long,7643.692667452693,7643.692667452693,BE,0.0,2019-04-17,-762.82
2019-05-09,2019-05-09 09:43:00-04:00,2019-05-09 15:00:00-04:00,long,7531.209619502675,7572.75,cutoff,41.54,2019-05-08,-721.28
2019-05-10,2019-05-10 09:40:00-04:00,2019-05-10 10:32:00-04:00,long,7575.056626140178,7500.056626140178,SL,-75.0,2019-04-15,-796.28
2019-05-13,2019-05-13 09:32:00-04:00,2019-05-13 11:16:00-04:00,long,7422.426903526839,7347.426903526839,SL,-75.0,2019-05-09,-871.28
2019-05-15,2019-05-15 10:16:00-04:00,2019-05-15 15:00:00-04:00,long,7439.527338408123,7523.0,cutoff,83.47,2019-05-10,-787.81
2019-05-16,2019-05-16 09:33:00-04:00,2019-05-16 10:24:00-04:00,short,7528.727749486024,7603.727749486024,SL,-75.0,2019-05-15,-862.81
2019-05-17,2019-05-17 09:31:00-04:00,2019-05-17 10:56:00-04:00,short,7528.727749486024,7603.727749486024,SL,-75.0,2019-05-15,-937.81
2019-05-20,2019-05-20 10:27:00-04:00,2019-05-20 15:00:00-04:00,long,7422.426903526839,7380.75,cutoff,-41.68,2019-05-09,-979.49
2019-05-21,2019-05-21 09:33:00-04:00,2019-05-21 15:00:00-04:00,long,7446.417643630048,7467.25,cutoff,20.83,2019-05-17,-958.66
2019-05-22,2019-05-22 09:37:00-04:00,2019-05-22 10:34:00-04:00,long,7439.527338408123,7439.527338408123,BE,0.0,2019-05-10,-958.66
2019-05-22,2019-05-22 10:52:00-04:00,2019-05-22 15:00:00-04:00,long,7446.417643630048,7455.25,cutoff,8.83,2019-05-17,-949.83
2019-05-23,2019-05-23 09:45:00-04:00,2019-05-23 11:11:00-04:00,long,7312.929449834561,7312.929449834561,BE,0.0,2019-05-20,-949.83
2019-05-24,2019-05-24 09:36:00-04:00,2019-05-24 15:00:00-04:00,long,7371.647120555797,7322.5,cutoff,-49.15,2019-05-21,-998.98
2019-05-27,2019-05-27 09:33:00-04:00,2019-05-27 10:18:00-04:00,long,7312.929449834561,7312.929449834561,BE,0.0,2019-05-20,-998.98
2019-05-28,2019-05-28 09:39:00-04:00,2019-05-28 15:00:00-04:00,short,7364.662584484247,7311.0,cutoff,53.66,2019-05-27,-945.32
2019-05-29,2019-05-29 10:30:00-04:00,2019-05-29 11:55:00-04:00,long,7258.772250513976,7183.772250513976,SL,-75.0,2019-05-15,-1020.32
2019-05-30,2019-05-30 09:37:00-04:00,2019-05-30 15:00:00-04:00,long,7258.772250513976,7237.75,cutoff,-21.02,2019-05-15,-1041.34
2019-05-31,2019-05-31 09:34:00-04:00,2019-05-31 15:00:00-04:00,long,7155.648976688797,7153.75,cutoff,-1.9,2019-05-29,-1043.24
2019-06-03,2019-06-03 09:47:00-04:00,2019-06-03 10:32:00-04:00,long,7085.460323473335,7085.460323473335,BE,0.0,2019-05-31,-1043.24
2019-06-04,2019-06-04 10:28:00-04:00,2019-06-04 15:00:00-04:00,long,7085.460323473335,7139.75,cutoff,54.29,2019-05-31,-988.95
2019-06-05,2019-06-05 09:32:00-04:00,2019-06-05 15:00:00-04:00,short,7232.539676526665,7206.0,cutoff,26.54,2019-05-31,-962.41
2019-06-06,2019-06-06 09:33:00-04:00,2019-06-06 10:38:00-04:00,short,7224.946166549782,7224.946166549782,BE,0.0,2019-06-03,-962.41
2019-06-06,2019-06-06 10:41:00-04:00,2019-06-06 15:00:00-04:00,short,7232.539676526665,7259.0,cutoff,-26.46,2019-05-31,-988.87
2019-06-07,2019-06-07 09:31:00-04:00,2019-06-07 15:00:00-04:00,long,7312.929449834561,7419.75,cutoff,106.82,2019-05-20,-882.05
2019-06-10,2019-06-10 09:31:00-04:00,2019-06-10 11:10:00-04:00,short,7481.289402916763,7556.289402916763,SL,-75.0,2019-05-14,-957.05
2019-06-11,2019-06-11 10:04:00-04:00,2019-06-11 15:00:00-04:00,short,7584.364849485702,7513.0,cutoff,71.36,2019-06-10,-885.69
2019-06-12,2019-06-12 09:31:00-04:00,2019-06-12 15:00:00-04:00,long,7501.81183407282,7479.0,cutoff,-22.81,2019-06-11,-908.5
2019-06-13,2019-06-13 09:32:00-04:00,2019-06-13 11:06:00-04:00,long,7501.81183407282,7501.81183407282,BE,0.0,2019-06-11,-908.5
2019-06-14,2019-06-14 09:31:00-04:00,2019-06-14 15:00:00-04:00,long,7501.81183407282,7513.0,cutoff,11.19,2019-06-11,-897.31
2019-06-17,2019-06-17 09:34:00-04:00,2019-06-17 15:00:00-04:00,short,7524.477879444203,7560.25,cutoff,-35.77,2019-05-21,-933.08
2019-06-18,2019-06-18 09:40:00-04:00,2019-06-18 15:00:00-04:00,short,7662.43816592718,7679.25,cutoff,-16.81,2019-06-11,-949.89
2019-06-19,2019-06-19 09:36:00-04:00,2019-06-19 11:29:00-04:00,short,7662.43816592718,7662.43816592718,BE,0.0,2019-06-11,-949.89
2019-06-20,2019-06-20 10:23:00-04:00,2019-06-20 11:08:00-04:00,short,7765.55530926014,7765.55530926014,BE,0.0,2019-06-18,-949.89
2019-06-21,2019-06-21 09:31:00-04:00,2019-06-21 15:00:00-04:00,short,7748.238854969065,7765.5,cutoff,-17.26,2019-06-19,-967.15
2019-06-24,2019-06-24 09:36:00-04:00,2019-06-24 15:00:00-04:00,short,7765.55530926014,7759.75,cutoff,5.81,2019-06-18,-961.34
2019-06-25,2019-06-25 09:31:00-04:00,2019-06-25 15:00:00-04:00,short,7748.238854969065,7626.0,cutoff,122.24,2019-06-19,-839.1
2019-06-26,2019-06-26 09:33:00-04:00,2019-06-26 15:00:00-04:00,long,7687.89774341991,7653.0,cutoff,-34.9,2019-06-21,-874.0
2019-06-27,2019-06-27 09:35:00-04:00,2019-06-27 15:00:00-04:00,long,7687.89774341991,7688.25,cutoff,0.35,2019-06-21,-873.65
2019-06-28,2019-06-28 09:33:00-04:00,2019-06-28 15:00:00-04:00,long,7702.584942229007,7675.5,cutoff,-27.08,2019-06-24,-900.73
2019-07-01,2019-07-01 09:48:00-04:00,2019-07-01 15:00:00-04:00,short,7829.290057770993,7762.75,cutoff,66.54,2019-06-24,-834.19
2019-07-03,2019-07-03 09:31:00-04:00,2019-07-03 13:14:00-04:00,short,7845.729041524407,7888.25,cutoff,-42.52,2019-07-02,-876.71
2019-07-04,2019-07-04 09:35:00-04:00,2019-07-04 10:53:00-04:00,short,7899.048540455279,7899.048540455279,BE,0.0,2019-07-03,-876.71
2019-07-05,2019-07-05 09:37:00-04:00,2019-07-05 11:31:00-04:00,short,7829.290057770993,7829.290057770993,BE,0.0,2019-06-24,-876.71
2019-07-08,2019-07-08 09:37:00-04:00,2019-07-08 10:30:00-04:00,long,7791.326459544721,7791.326459544721,BE,0.0,2019-07-03,-876.71
2019-07-09,2019-07-09 09:31:00-04:00,2019-07-09 15:00:00-04:00,short,7773.978888531025,7845.25,cutoff,-71.27,2019-06-28,-947.98
2019-07-10,2019-07-10 09:32:00-04:00,2019-07-10 15:00:00-04:00,short,7913.106717944328,7915.25,cutoff,-2.14,2019-07-01,-950.12
2019-07-11,2019-07-11 09:32:00-04:00,2019-07-11 10:19:00-04:00,short,7937.219154060057,7937.219154060057,BE,0.0,2019-07-04,-950.12
2019-07-12,2019-07-12 09:32:00-04:00,2019-07-12 11:14:00-04:00,short,7937.219154060057,7937.219154060057,BE,0.0,2019-07-04,-950.12
2019-07-17,2019-07-17 10:46:00-04:00,2019-07-17 15:00:00-04:00,long,7927.303893272141,7938.25,cutoff,10.95,2019-07-16,-939.17
2019-07-18,2019-07-18 09:35:00-04:00,2019-07-18 15:00:00-04:00,short,7888.532009613155,7921.5,cutoff,-32.97,2019-07-05,-972.14
2019-07-19,2019-07-19 09:52:00-04:00,2019-07-19 15:00:00-04:00,short,7948.525154256891,7885.75,cutoff,62.78,2019-07-18,-909.36
2019-07-22,2019-07-22 09:32:00-04:00,2019-07-22 15:00:00-04:00,short,7888.532009613155,7919.75,cutoff,-31.22,2019-07-05,-940.58
2019-07-23,2019-07-23 09:38:00-04:00,2019-07-23 13:42:00-04:00,short,7948.525154256891,7948.525154256891,BE,0.0,2019-07-18,-940.58
2019-07-24,2019-07-24 09:31:00-04:00,2019-07-24 15:00:00-04:00,short,7948.525154256891,8010.5,cutoff,-61.97,2019-07-18,-1002.55
2019-07-25,2019-07-25 09:31:00-04:00,2019-07-25 15:00:00-04:00,short,7991.520987847251,7947.25,cutoff,44.27,2019-07-10,-958.28
2019-07-26,2019-07-26 09:31:00-04:00,2019-07-26 15:00:00-04:00,short,8005.144464454312,8036.0,cutoff,-30.86,2019-07-17,-989.14
2019-07-29,2019-07-29 09:39:00-04:00,2019-07-29 14:55:00-04:00,short,8005.144464454312,8005.144464454312,BE,0.0,2019-07-17,-989.14
2019-07-30,2019-07-30 09:31:00-04:00,2019-07-30 15:00:00-04:00,short,7948.525154256891,7977.0,cutoff,-28.47,2019-07-18,-1017.61
2019-07-31,2019-07-31 10:05:00-04:00,2019-07-31 11:12:00-04:00,short,7987.432820639214,7987.432820639214,BE,0.0,2019-07-12,-1017.61
2019-08-01,2019-08-01 09:31:00-04:00,2019-08-01 10:27:00-04:00,short,7888.532009613155,7963.532009613155,SL,-75.0,2019-07-05,-1092.61
2019-08-02,2019-08-02 09:31:00-04:00,2019-08-02 10:34:00-04:00,long,7742.182790863563,7667.182790863563,SL,-75.0,2019-07-08,-1167.61
2019-08-07,2019-08-07 09:31:00-04:00,2019-08-07 15:00:00-04:00,long,7433.190308558103,7561.0,cutoff,127.81,2019-08-05,-1039.8
2019-08-08,2019-08-08 09:56:00-04:00,2019-08-08 12:21:00-04:00,short,7617.434691441897,7692.434691441897,SL,-75.0,2019-08-05,-1114.8
2019-08-09,2019-08-09 09:34:00-04:00,2019-08-09 15:00:00-04:00,short,7709.4912325479945,7666.0,cutoff,43.49,2019-08-08,-1071.31
2019-08-12,2019-08-12 09:32:00-04:00,2019-08-12 10:23:00-04:00,short,7617.434691441897,7617.434691441897,BE,0.0,2019-08-05,-1071.31
2019-08-12,2019-08-12 10:54:00-04:00,2019-08-12 11:45:00-04:00,short,7614.288242813922,7614.288242813922,BE,0.0,2019-08-06,-1071.31
2019-08-13,2019-08-13 09:35:00-04:00,2019-08-13 09:46:00-04:00,short,7582.281783028347,7657.281783028347,SL,-75.0,2019-08-07,-1146.31
2019-08-14,2019-08-14 09:31:00-04:00,2019-08-14 15:00:00-04:00,short,7617.434691441897,7511.75,cutoff,105.68,2019-08-05,-1040.63
2019-08-15,2019-08-15 09:31:00-04:00,2019-08-15 13:53:00-04:00,long,7521.640114106753,7446.640114106753,SL,-75.0,2019-08-12,-1115.63
2019-08-16,2019-08-16 09:35:00-04:00,2019-08-16 10:20:00-04:00,short,7582.281783028347,7582.281783028347,BE,0.0,2019-08-07,-1115.63
2019-08-16,2019-08-16 10:22:00-04:00,2019-08-16 15:00:00-04:00,long,7579.728773061101,7612.0,cutoff,32.27,2019-08-09,-1083.36
2019-08-19,2019-08-19 10:10:00-04:00,2019-08-19 15:00:00-04:00,short,7709.4912325479945,7732.0,cutoff,-22.51,2019-08-08,-1105.87
2019-08-20,2019-08-20 09:36:00-04:00,2019-08-20 15:00:00-04:00,short,7694.484885893247,7694.5,cutoff,-0.02,2019-08-12,-1105.89
2019-08-22,2019-08-22 10:29:00-04:00,2019-08-22 12:54:00-04:00,short,7709.4912325479945,7709.4912325479945,BE,0.0,2019-08-08,-1105.89
2019-08-23,2019-08-23 09:33:00-04:00,2019-08-23 15:00:00-04:00,short,7664.75497912878,7493.0,cutoff,171.75,2019-08-16,-934.14
2019-08-26,2019-08-26 10:12:00-04:00,2019-08-26 15:00:00-04:00,long,7521.640114106753,7555.25,cutoff,33.61,2019-08-12,-900.53
2019-08-27,2019-08-27 09:31:00-04:00,2019-08-27 12:34:00-04:00,long,7631.648645621291,7556.648645621291,SL,-75.0,2019-08-19,-975.53
2019-08-28,2019-08-28 09:32:00-04:00,2019-08-28 15:00:00-04:00,long,7521.640114106753,7597.0,cutoff,75.36,2019-08-12,-900.17
2019-08-29,2019-08-29 09:31:00-04:00,2019-08-29 15:00:00-04:00,short,7694.484885893247,7710.75,cutoff,-16.27,2019-08-12,-916.44
2019-08-30,2019-08-30 10:15:00-04:00,2019-08-30 15:00:00-04:00,short,7713.9752591962115,7670.5,cutoff,43.48,2019-08-27,-872.96
2019-09-02,2019-09-02 09:35:00-04:00,2019-09-02 11:10:00-04:00,long,7648.5269320504385,7648.5269320504385,BE,0.0,2019-08-22,-872.96
2019-09-03,2019-09-03 09:32:00-04:00,2019-09-03 15:00:00-04:00,long,7631.648645621291,7597.75,cutoff,-33.9,2019-08-19,-906.86
2019-09-04,2019-09-04 09:35:00-04:00,2019-09-04 11:31:00-04:00,short,7694.484885893247,7694.484885893247,BE,0.0,2019-08-12,-906.86
2019-09-05,2019-09-05 09:33:00-04:00,2019-09-05 15:00:00-04:00,short,7820.460734763472,7862.5,cutoff,-42.04,2019-08-21,-948.9
2019-09-06,2019-09-06 09:35:00-04:00,2019-09-06 10:21:00-04:00,short,7854.386960178828,7854.386960178828,BE,0.0,2019-08-13,-948.9
2019-09-09,2019-09-09 09:59:00-04:00,2019-09-09 15:00:00-04:00,short,7854.386960178828,7808.25,cutoff,46.14,2019-08-13,-902.76
2019-09-10,2019-09-10 09:31:00-04:00,2019-09-10 15:00:00-04:00,long,7792.904046735641,7772.5,cutoff,-20.4,2019-09-06,-923.16
2019-09-11,2019-09-11 09:31:00-04:00,2019-09-11 15:00:00-04:00,short,7820.460734763472,7868.0,cutoff,-47.54,2019-08-21,-970.7
2019-09-12,2019-09-12 09:31:00-04:00,2019-09-12 15:00:00-04:00,short,7938.40261158739,7954.25,cutoff,-15.85,2019-09-05,-986.55
2019-09-13,2019-09-13 09:36:00-04:00,2019-09-13 15:00:00-04:00,short,7921.3221564805135,7922.5,cutoff,-1.18,2019-09-11,-987.73
2019-09-16,2019-09-16 09:31:00-04:00,2019-09-16 11:58:00-04:00,long,7860.802827220514,7860.802827220514,BE,0.0,2019-09-13,-987.73
2019-09-17,2019-09-17 09:38:00-04:00,2019-09-17 15:00:00-04:00,short,7870.113220323607,7889.75,cutoff,-19.64,2019-09-10,-1007.37
2019-09-19,2019-09-19 09:32:00-04:00,2019-09-19 15:00:00-04:00,short,7938.40261158739,7930.25,cutoff,8.15,2019-09-05,-999.22
2019-09-20,2019-09-20 09:38:00-04:00,2019-09-20 15:00:00-04:00,short,7938.40261158739,7860.25,cutoff,78.15,2019-09-05,-921.07
2019-09-23,2019-09-23 09:31:00-04:00,2019-09-23 15:00:00-04:00,long,7839.575875755956,7853.25,cutoff,13.67,2019-09-18,-907.4
2019-09-24,2019-09-24 09:46:00-04:00,2019-09-24 11:37:00-04:00,long,7880.673553718032,7805.673553718032,SL,-75.0,2019-09-20,-982.4
2019-09-25,2019-09-25 09:33:00-04:00,2019-09-25 10:54:00-04:00,short,7734.292320353883,7734.292320353883,BE,0.0,2019-09-02,-982.4
2019-09-25,2019-09-25 10:56:00-04:00,2019-09-25 15:00:00-04:00,short,7749.207958554301,7813.25,cutoff,-64.04,2019-09-03,-1046.44
2019-09-26,2019-09-26 09:33:00-04:00,2019-09-26 15:00:00-04:00,long,7799.365439025137,7783.0,cutoff,-16.37,2019-09-09,-1062.81
2019-09-27,2019-09-27 09:31:00-04:00,2019-09-27 11:38:00-04:00,long,7799.365439025137,7724.365439025137,SL,-75.0,2019-09-09,-1137.81
2019-09-30,2019-09-30 09:35:00-04:00,2019-09-30 15:00:00-04:00,long,7714.34738841261,7763.0,cutoff,48.65,2019-09-05,-1089.16
2019-10-01,2019-10-01 09:33:00-04:00,2019-10-01 11:03:00-04:00,long,7812.309811776386,7737.309811776386,SL,-75.0,2019-09-17,-1164.16
2019-10-02,2019-10-02 09:38:00-04:00,2019-10-02 12:43:00-04:00,long,7610.409579793959,7535.409579793959,SL,-75.0,2019-09-25,-1239.16
2019-10-03,2019-10-03 10:00:00-04:00,2019-10-03 10:48:00-04:00,long,7530.9942517462805,7530.9942517462805,BE,0.0,2019-10-02,-1239.16
2019-10-04,2019-10-04 09:32:00-04:00,2019-10-04 10:31:00-04:00,long,7698.761779676393,7698.761779676393,BE,0.0,2019-09-10,-1239.16
2019-10-04,2019-10-04 10:35:00-04:00,2019-10-04 15:00:00-04:00,long,7696.477520459155,7754.5,cutoff,58.02,2019-09-27,-1181.14
2019-10-07,2019-10-07 09:32:00-04:00,2019-10-07 14:50:00-04:00,long,7747.4278435194865,7747.4278435194865,BE,0.0,2019-09-11,-1181.14
2019-10-08,2019-10-08 09:33:00-04:00,2019-10-08 12:45:00-04:00,short,7686.64445205237,7686.64445205237,BE,0.0,2019-10-03,-1181.14
2019-10-09,2019-10-09 09:31:00-04:00,2019-10-09 10:20:00-04:00,short,7686.64445205237,7686.64445205237,BE,0.0,2019-10-03,-1181.14
2019-10-09,2019-10-09 10:33:00-04:00,2019-10-09 15:00:00-04:00,long,7689.38138584795,7722.0,cutoff,32.62,2019-10-01,-1148.52
2019-10-10,2019-10-10 09:32:00-04:00,2019-10-10 15:00:00-04:00,long,7696.477520459155,7738.75,cutoff,42.27,2019-09-27,-1106.25
2019-10-11,2019-10-11 09:38:00-04:00,2019-10-11 12:32:00-04:00,long,7861.212031713488,7861.212031713488,BE,0.0,2019-09-19,-1106.25
2019-10-14,2019-10-14 09:32:00-04:00,2019-10-14 15:00:00-04:00,long,7861.212031713488,7864.5,cutoff,3.29,2019-09-19,-1102.96
2019-10-15,2019-10-15 09:31:00-04:00,2019-10-15 13:45:00-04:00,short,7884.881813648036,7959.881813648036,SL,-75.0,2019-09-26,-1177.96
2019-10-16,2019-10-16 09:31:00-04:00,2019-10-16 15:00:00-04:00,short,7922.282429616186,7932.25,cutoff,-9.97,2019-10-14,-1187.93
2019-10-17,2019-10-17 09:31:00-04:00,2019-10-17 10:16:00-04:00,short,7985.241452461576,7985.241452461576,BE,0.0,2019-10-16,-1187.93
2019-10-17,2019-10-17 10:50:00-04:00,2019-10-17 11:37:00-04:00,short,7943.843644046412,7943.843644046412,BE,0.0,2019-10-11,-1187.93
2019-10-18,2019-10-18 09:34:00-04:00,2019-10-18 15:00:00-04:00,short,7950.682805928566,7895.75,cutoff,54.93,2019-09-24,-1133.0
2019-10-21,2019-10-21 09:32:00-04:00,2019-10-21 10:26:00-04:00,short,7922.282429616186,7922.282429616186,BE,0.0,2019-10-14,-1133.0
2019-10-22,2019-10-22 09:34:00-04:00,2019-10-22 15:00:00-04:00,short,7985.241452461576,7904.0,cutoff,81.24,2019-10-16,-1051.76
2019-10-23,2019-10-23 09:32:00-04:00,2019-10-23 15:00:00-04:00,long,7864.133547538424,7874.25,cutoff,10.12,2019-10-16,-1041.64
2019-10-24,2019-10-24 09:59:00-04:00,2019-10-24 15:00:00-04:00,short,7934.28716641723,7960.0,cutoff,-25.71,2019-10-23,-1067.35
2019-10-25,2019-10-25 09:31:00-04:00,2019-10-25 11:15:00-04:00,short,7943.843644046412,8018.843644046412,SL,-75.0,2019-10-11,-1142.35
2019-10-30,2019-10-30 09:41:00-04:00,2019-10-30 15:00:00-04:00,short,8042.103174462123,8078.75,cutoff,-36.65,2019-10-17,-1179.0
2019-11-01,2019-11-01 09:48:00-04:00,2019-11-01 15:00:00-04:00,short,8131.993040967976,8146.25,cutoff,-14.26,2019-10-30,-1193.26
2019-11-05,2019-11-05 10:11:00-05:00,2019-11-05 15:00:00-05:00,short,8206.423598005367,8228.25,cutoff,-21.83,2019-11-01,-1215.09
2019-11-06,2019-11-06 10:33:00-05:00,2019-11-06 15:00:00-05:00,short,8184.4999706264025,8195.5,cutoff,-11.0,2019-10-31,-1226.09
2019-11-07,2019-11-07 10:16:00-05:00,2019-11-07 15:00:00-05:00,short,8264.95911284065,8234.75,cutoff,30.21,2019-11-06,-1195.88
2019-11-08,2019-11-08 10:00:00-05:00,2019-11-08 15:00:00-05:00,short,8206.423598005367,8234.5,cutoff,-28.08,2019-11-01,-1223.96
2019-11-12,2019-11-12 09:36:00-05:00,2019-11-12 15:00:00-05:00,short,8264.95911284065,8252.5,cutoff,12.46,2019-11-06,-1211.5
2019-11-13,2019-11-13 10:19:00-05:00,2019-11-13 15:00:00-05:00,short,8264.95911284065,8264.75,cutoff,0.21,2019-11-06,-1211.29
2019-11-15,2019-11-15 09:40:00-05:00,2019-11-15 15:00:00-05:00,short,8303.323514829619,8310.0,cutoff,-6.68,2019-11-14,-1217.97
2019-11-18,2019-11-18 09:31:00-05:00,2019-11-18 10:44:00-05:00,short,8306.876726080602,8306.876726080602,BE,0.0,2019-11-07,-1217.97
2019-11-18,2019-11-18 10:45:00-05:00,2019-11-18 15:00:00-05:00,short,8308.599787545481,8340.0,cutoff,-31.4,2019-11-13,-1249.37
2019-11-19,2019-11-19 10:51:00-05:00,2019-11-19 15:00:00-05:00,short,8325.258197873129,8350.5,cutoff,-25.24,2019-11-12,-1274.61
2019-11-20,2019-11-20 09:33:00-05:00,2019-11-20 15:00:00-05:00,short,8325.258197873129,8275.75,cutoff,49.51,2019-11-12,-1225.1
2019-11-21,2019-11-21 09:32:00-05:00,2019-11-21 11:04:00-05:00,short,8277.901738044486,8277.901738044486,BE,0.0,2019-11-04,-1225.1
2019-11-22,2019-11-22 09:33:00-05:00,2019-11-22 15:00:00-05:00,short,8282.358070710947,8270.25,cutoff,12.11,2019-11-08,-1212.99
2019-11-25,2019-11-25 09:31:00-05:00,2019-11-25 15:00:00-05:00,short,8325.258197873129,8364.75,cutoff,-39.49,2019-11-12,-1252.48
2019-11-26,2019-11-26 09:33:00-05:00,2019-11-26 15:00:00-05:00,short,8376.35031894704,8393.5,cutoff,-17.15,2019-11-20,-1269.63
2019-11-27,2019-11-27 09:35:00-05:00,2019-11-27 15:00:00-05:00,short,8414.82412027431,8441.25,cutoff,-26.43,2019-11-19,-1296.06
2019-11-29,2019-11-29 09:39:00-05:00,2019-11-29 13:14:00-05:00,short,8430.878668123245,8422.5,cutoff,8.38,2019-11-26,-1287.68
2019-12-02,2019-12-02 09:31:00-05:00,2019-12-02 10:00:00-05:00,long,8403.609446385071,8328.609446385071,SL,-75.0,2019-11-28,-1362.68
2019-12-03,2019-12-03 09:31:00-05:00,2019-12-03 10:48:00-05:00,long,8199.616802126871,8199.616802126871,BE,0.0,2019-11-12,-1362.68
2019-12-03,2019-12-03 10:50:00-05:00,2019-12-03 15:00:00-05:00,long,8188.025212454519,8229.75,cutoff,41.72,2019-11-13,-1320.96
2019-12-04,2019-12-04 09:31:00-05:00,2019-12-04 12:16:00-05:00,long,8296.92587972569,8296.92587972569,BE,0.0,2019-11-19,-1320.96
2019-12-05,2019-12-05 10:01:00-05:00,2019-12-05 14:11:00-05:00,short,8303.323514829619,8303.323514829619,BE,0.0,2019-11-14,-1320.96
2019-12-06,2019-12-06 09:33:00-05:00,2019-12-06 15:00:00-05:00,short,8376.35031894704,8400.5,cutoff,-24.15,2019-11-20,-1345.11
2019-12-09,2019-12-09 09:33:00-05:00,2019-12-09 15:00:00-05:00,short,8398.595757435996,8381.75,cutoff,16.85,2019-12-05,-1328.26
2019-12-10,2019-12-10 09:31:00-05:00,2019-12-10 15:00:00-05:00,short,8363.69098040014,8371.25,cutoff,-7.56,2019-11-18,-1335.82
2019-12-11,2019-12-11 09:34:00-05:00,2019-12-11 15:00:00-05:00,short,8372.8689328482,8407.5,cutoff,-34.63,2019-12-04,-1370.45
2019-12-12,2019-12-12 09:32:00-05:00,2019-12-12 10:01:00-05:00,short,8400.926662617732,8475.926662617732,SL,-75.0,2019-11-25,-1445.45
2019-12-13,2019-12-13 09:33:00-05:00,2019-12-13 15:00:00-05:00,short,8478.390553614929,8522.5,cutoff,-44.11,2019-11-28,-1489.56
2019-12-16,2019-12-16 09:45:00-05:00,2019-12-16 15:00:00-05:00,short,8594.903059526845,8607.25,cutoff,-12.35,2019-12-13,-1501.91
2019-12-26,2019-12-26 09:45:00-05:00,2019-12-26 15:00:00-05:00,short,8756.55477276877,8786.5,cutoff,-29.95,2019-12-20,-1531.86
2019-12-27,2019-12-27 10:00:00-05:00,2019-12-27 15:00:00-05:00,short,8782.73314635241,8807.0,cutoff,-24.27,2019-12-24,-1556.13
2019-12-30,2019-12-30 09:31:00-05:00,2019-12-30 15:00:00-05:00,short,8782.73314635241,8732.5,cutoff,50.23,2019-12-24,-1505.9
2020-01-03,2020-01-03 09:31:00-05:00,2020-01-03 15:00:00-05:00,short,8802.974011948314,8840.5,cutoff,-37.53,2019-12-26,-1543.43
2020-01-06,2020-01-06 09:32:00-05:00,2020-01-06 11:11:00-05:00,short,8756.55477276877,8831.55477276877,SL,-75.0,2019-12-20,-1618.43
2020-01-07,2020-01-07 09:31:00-05:00,2020-01-07 15:00:00-05:00,short,8866.069153070002,8871.0,cutoff,-4.93,2020-01-06,-1623.36
2020-01-08,2020-01-08 09:31:00-05:00,2020-01-08 12:27:00-05:00,short,8866.069153070002,8941.069153070002,SL,-75.0,2020-01-06,-1698.36
2020-01-14,2020-01-14 09:33:00-05:00,2020-01-14 10:18:00-05:00,short,9071.2517145137,9071.2517145137,BE,0.0,2020-01-09,-1698.36
2020-01-15,2020-01-15 09:33:00-05:00,2020-01-15 15:00:00-05:00,short,9071.2517145137,9061.25,cutoff,10.0,2020-01-09,-1688.36
2020-01-16,2020-01-16 09:32:00-05:00,2020-01-16 15:00:00-05:00,short,9099.826386829876,9105.25,cutoff,-5.42,2020-01-10,-1693.78
2020-01-17,2020-01-17 09:35:00-05:00,2020-01-17 10:27:00-05:00,short,9163.275526241003,9163.275526241003,BE,0.0,2020-01-16,-1693.78
2020-01-17,2020-01-17 10:54:00-05:00,2020-01-17 11:59:00-05:00,short,9146.7649540932,9146.7649540932,BE,0.0,2020-01-14,-1693.78
2020-01-20,2020-01-20 10:36:00-05:00,2020-01-20 12:59:00-05:00,short,9163.275526241003,9175.75,cutoff,-12.47,2020-01-16,-1706.25
2020-01-21,2020-01-21 09:31:00-05:00,2020-01-21 15:00:00-05:00,short,9163.275526241003,9172.0,cutoff,-8.72,2020-01-16,-1714.97
2020-01-22,2020-01-22 09:32:00-05:00,2020-01-22 15:00:00-05:00,short,9221.951137059525,9228.0,cutoff,-6.05,2020-01-21,-1721.02
2020-01-23,2020-01-23 09:35:00-05:00,2020-01-23 15:00:00-05:00,long,9157.475099792833,9225.75,cutoff,68.27,2020-01-22,-1652.75
2020-01-24,2020-01-24 09:33:00-05:00,2020-01-24 15:00:00-05:00,short,9274.55896358009,9154.75,cutoff,119.81,2020-01-23,-1532.94
2020-01-27,2020-01-27 09:31:00-05:00,2020-01-27 15:00:00-05:00,short,8938.511204763956,8977.5,cutoff,-38.99,2020-01-07,-1571.93
2020-01-28,2020-01-28 10:15:00-05:00,2020-01-28 15:00:00-05:00,long,9036.224473758997,9111.25,cutoff,75.03,2020-01-16,-1496.9
2020-01-29,2020-01-29 09:32:00-05:00,2020-01-29 14:00:00-05:00,short,9146.7649540932,9146.7649540932,BE,0.0,2020-01-14,-1496.9
2020-01-30,2020-01-30 09:32:00-05:00,2020-01-30 15:00:00-05:00,short,9071.2517145137,9099.25,cutoff,-28.0,2020-01-09,-1524.9
2020-01-31,2020-01-31 09:31:00-05:00,2020-01-31 15:00:00-05:00,short,9172.368400168922,9024.25,cutoff,148.12,2020-01-30,-1376.78
2020-02-03,2020-02-03 09:35:00-05:00,2020-02-03 10:00:00-05:00,short,9071.2517145137,9146.2517145137,SL,-75.0,2020-01-09,-1451.78
2020-02-04,2020-02-04 09:40:00-05:00,2020-02-04 11:31:00-05:00,short,9236.007077102986,9311.007077102986,SL,-75.0,2020-01-17,-1526.78
2020-02-05,2020-02-05 10:28:00-05:00,2020-02-05 15:00:00-05:00,short,9348.254114766065,9384.5,cutoff,-36.25,2020-01-24,-1563.03
2020-02-11,2020-02-11 09:32:00-05:00,2020-02-11 15:00:00-05:00,short,9567.69569543655,9535.0,cutoff,32.7,2020-02-05,-1530.33
2020-02-12,2020-02-12 09:57:00-05:00,2020-02-12 15:00:00-05:00,short,9567.69569543655,9607.25,cutoff,-39.55,2020-02-05,-1569.88
2020-02-13,2020-02-13 09:31:00-05:00,2020-02-13 13:47:00-05:00,short,9567.69569543655,9642.69569543655,SL,-75.0,2020-02-05,-1644.88
2020-02-18,2020-02-18 09:36:00-05:00,2020-02-18 10:29:00-05:00,long,9599.132847106972,9599.132847106972,BE,0.0,2020-02-17,-1644.88
2020-02-19,2020-02-19 09:36:00-05:00,2020-02-19 15:00:00-05:00,short,9706.908512159982,9742.0,cutoff,-35.09,2020-02-14,-1679.97
2020-02-20,2020-02-20 09:32:00-05:00,2020-02-20 10:45:00-05:00,short,9717.242152893028,9717.242152893028,BE,0.0,2020-02-17,-1679.97
2020-02-21,2020-02-21 09:31:00-05:00,2020-02-21 09:45:00-05:00,long,9599.132847106972,9524.132847106972,SL,-75.0,2020-02-17,-1754.97
2020-02-24,2020-02-24 09:31:00-05:00,2020-02-24 15:00:00-05:00,short,9129.367389830451,9166.25,cutoff,-36.88,2020-01-28,-1791.85
2020-02-25,2020-02-25 09:32:00-05:00,2020-02-25 10:23:00-05:00,long,9156.767105704166,9081.767105704166,SL,-75.0,2020-02-04,-1866.85
2020-02-26,2020-02-26 09:31:00-05:00,2020-02-26 12:05:00-05:00,long,8918.445404286935,8918.445404286935,BE,0.0,2020-02-03,-1866.85
2020-03-02,2020-03-02 10:23:00-05:00,2020-03-02 11:17:00-05:00,long,8445.94165863763,8627.75,TP,181.81,2020-02-27,-1685.04
2020-03-03,2020-03-03 09:53:00-05:00,2020-03-03 10:00:00-05:00,short,8786.173929144847,8861.173929144847,SL,-75.0,2020-03-02,-1760.04
2020-03-04,2020-03-04 09:35:00-05:00,2020-03-04 10:54:00-05:00,long,8724.757467992544,8724.757467992544,BE,0.0,2020-02-26,-1760.04
2020-03-05,2020-03-05 09:32:00-05:00,2020-03-05 12:39:00-05:00,long,8724.757467992544,8724.757467992544,BE,0.0,2020-02-26,-1760.04
2020-03-06,2020-03-06 09:33:00-05:00,2020-03-06 09:53:00-05:00,long,8445.94165863763,8370.94165863763,SL,-75.0,2020-02-27,-1835.04
2020-03-10,2020-03-10 09:36:00-04:00,2020-03-10 10:40:00-04:00,long,8168.335010242776,8168.335010242776,BE,0.0,2020-03-06,-1835.04
2020-03-11,2020-03-11 09:39:00-04:00,2020-03-11 10:53:00-04:00,long,8168.335010242776,8093.335010242776,SL,-75.0,2020-03-06,-1910.04
2020-03-12,2020-03-12 10:55:00-04:00,2020-03-12 11:07:00-04:00,long,7595.5999259774835,7520.5999259774835,SL,-75.0,2020-03-09,-1985.04
2020-03-13,2020-03-13 09:39:00-04:00,2020-03-13 09:41:00-04:00,long,7595.5999259774835,7520.5999259774835,SL,-75.0,2020-03-09,-2060.04
2020-03-16,2020-03-16 09:45:00-04:00,2020-03-16 09:46:00-04:00,long,7148.930845396486,7073.930845396486,SL,-75.0,2020-03-12,-2135.04
2020-03-17,2020-03-17 09:31:00-04:00,2020-03-17 09:37:00-04:00,long,7148.930845396486,7073.930845396486,SL,-75.0,2020-03-12,-2210.04
2020-03-18,2020-03-18 09:34:00-04:00,2020-03-18 11:05:00-04:00,long,7148.930845396486,7148.930845396486,BE,0.0,2020-03-12,-2210.04
2020-03-19,2020-03-19 09:31:00-04:00,2020-03-19 09:33:00-04:00,long,7148.930845396486,7073.930845396486,SL,-75.0,2020-03-12,-2285.04
2020-03-23,2020-03-23 09:31:00-04:00,2020-03-23 09:39:00-04:00,long,6909.848085171,6834.848085171,SL,-75.0,2020-03-16,-2360.04
2020-03-25,2020-03-25 09:31:00-04:00,2020-03-25 09:33:00-04:00,short,7511.458736501807,7586.458736501807,SL,-75.0,2020-03-18,-2435.04
2020-03-26,2020-03-26 09:33:00-04:00,2020-03-26 09:41:00-04:00,short,7562.472908087322,7637.472908087322,SL,-75.0,2020-03-17,-2510.04
2020-03-27,2020-03-27 09:32:00-04:00,2020-03-27 11:09:00-04:00,short,7668.104140993251,7668.104140993251,BE,0.0,2020-03-19,-2510.04
2020-03-30,2020-03-30 09:31:00-04:00,2020-03-30 10:21:00-04:00,short,7684.401914829,7759.401914829,SL,-75.0,2020-03-16,-2585.04
2020-03-31,2020-03-31 09:50:00-04:00,2020-03-31 10:10:00-04:00,short,7817.194154603514,7892.194154603514,SL,-75.0,2020-03-12,-2660.04
2020-04-01,2020-04-01 09:31:00-04:00,2020-04-01 12:02:00-04:00,long,7578.254553993011,7578.254553993011,BE,0.0,2020-03-31,-2660.04
2020-04-02,2020-04-02 09:34:00-04:00,2020-04-02 10:19:00-04:00,short,7511.458736501807,7511.458736501807,BE,0.0,2020-03-18,-2660.04
2020-04-02,2020-04-02 10:31:00-04:00,2020-04-02 15:00:00-04:00,short,7562.472908087322,7542.0,cutoff,20.47,2020-03-17,-2639.57
2020-04-03,2020-04-03 09:32:00-04:00,2020-04-03 10:17:00-04:00,long,7595.5999259774835,7595.5999259774835,BE,0.0,2020-03-09,-2639.57
2020-04-03,2020-04-03 10:19:00-04:00,2020-04-03 11:46:00-04:00,long,7578.254553993011,7503.254553993011,SL,-75.0,2020-03-31,-2714.57
2020-04-06,2020-04-06 09:34:00-04:00,2020-04-06 09:59:00-04:00,short,7776.1441766463295,7851.1441766463295,SL,-75.0,2020-04-01,-2789.57
2020-04-07,2020-04-07 10:17:00-04:00,2020-04-07 11:28:00-04:00,short,8151.870446006989,8151.870446006989,BE,0.0,2020-03-31,-2789.57
2020-04-08,2020-04-08 09:31:00-04:00,2020-04-08 11:20:00-04:00,short,8151.870446006989,8151.870446006989,BE,0.0,2020-03-31,-2789.57
2020-04-09,2020-04-09 09:43:00-04:00,2020-04-09 15:00:00-04:00,short,8316.921889912834,8178.75,cutoff,138.17,2020-04-08,-2651.4
2020-04-14,2020-04-14 09:34:00-04:00,2020-04-14 09:58:00-04:00,short,8503.366634118818,8578.366634118818,SL,-75.0,2020-04-07,-2726.4
2020-04-15,2020-04-15 09:45:00-04:00,2020-04-15 10:56:00-04:00,short,8503.366634118818,8578.366634118818,SL,-75.0,2020-04-07,-2801.4
2020-04-16,2020-04-16 10:58:00-04:00,2020-04-16 12:00:00-04:00,short,8708.551354323605,8783.551354323605,SL,-75.0,2020-04-15,-2876.4
2020-04-17,2020-04-17 10:49:00-04:00,2020-04-17 11:40:00-04:00,short,8747.26428880827,8747.26428880827,BE,0.0,2020-04-14,-2876.4
2020-04-20,2020-04-20 09:31:00-04:00,2020-04-20 10:48:00-04:00,short,8747.26428880827,8822.26428880827,SL,-75.0,2020-04-14,-2951.4
2020-04-21,2020-04-21 09:33:00-04:00,2020-04-21 09:38:00-04:00,long,8627.887119112991,8552.887119112991,SL,-75.0,2020-04-17,-3026.4
2020-04-22,2020-04-22 09:41:00-04:00,2020-04-22 10:27:00-04:00,long,8582.137175759435,8582.137175759435,BE,0.0,2020-04-20,-3026.4
2020-04-23,2020-04-23 09:33:00-04:00,2020-04-23 10:43:00-04:00,short,8708.551354323605,8783.551354323605,SL,-75.0,2020-04-15,-3101.4
2020-04-24,2020-04-24 09:34:00-04:00,2020-04-24 11:02:00-04:00,long,8627.887119112991,8627.887119112991,BE,0.0,2020-04-17,-3101.4
2020-04-27,2020-04-27 09:40:00-04:00,2020-04-27 15:00:00-04:00,short,8842.999663098304,8824.25,cutoff,18.75,2020-04-21,-3082.65
2020-04-28,2020-04-28 09:38:00-04:00,2020-04-28 15:00:00-04:00,short,8865.073814760846,8722.5,cutoff,142.57,2020-04-16,-2940.08
2020-04-29,2020-04-29 09:34:00-04:00,2020-04-29 10:22:00-04:00,short,8842.999663098304,8917.999663098304,SL,-75.0,2020-04-21,-3015.08
2020-04-30,2020-04-30 09:57:00-04:00,2020-04-30 15:00:00-04:00,short,9007.919103666587,8922.25,cutoff,85.67,2020-04-27,-2929.41
2020-05-01,2020-05-01 09:32:00-04:00,2020-05-01 15:00:00-04:00,short,8823.787808365498,8725.75,cutoff,98.04,2020-04-24,-2831.37
2020-05-04,2020-05-04 09:31:00-04:00,2020-05-04 15:00:00-04:00,long,8664.168440473153,8775.5,cutoff,111.33,2020-04-29,-2720.04
2020-05-05,2020-05-05 09:32:00-04:00,2020-05-05 12:02:00-04:00,short,8919.612824240565,8994.612824240565,SL,-75.0,2020-04-20,-2795.04
2020-05-06,2020-05-06 09:31:00-04:00,2020-05-06 10:27:00-04:00,short,8990.858694596722,8990.858694596722,BE,0.0,2020-05-01,-2795.04
2020-05-06,2020-05-06 10:35:00-04:00,2020-05-06 15:00:00-04:00,short,9007.919103666587,9017.0,cutoff,-9.08,2020-04-27,-2804.12
2020-05-07,2020-05-07 09:32:00-04:00,2020-05-07 11:43:00-04:00,short,9089.472760753619,9089.472760753619,BE,0.0,2020-04-28,-2804.12
2020-05-08,2020-05-08 09:51:00-04:00,2020-05-08 15:00:00-04:00,short,9157.354943061793,9185.0,cutoff,-27.65,2020-04-30,-2831.77
2020-05-11,2020-05-11 09:31:00-04:00,2020-05-11 10:03:00-04:00,short,9157.354943061793,9232.354943061793,SL,-75.0,2020-04-30,-2906.77
2020-05-12,2020-05-12 09:54:00-04:00,2020-05-12 10:58:00-04:00,short,9243.358037197813,9318.358037197813,SL,-75.0,2020-05-07,-2981.77
2020-05-13,2020-05-13 09:32:00-04:00,2020-05-13 09:35:00-04:00,long,9133.997746364592,9058.997746364592,SL,-75.0,2020-05-12,-3056.77
2020-05-14,2020-05-14 09:44:00-04:00,2020-05-14 15:00:00-04:00,long,8918.141962802187,8985.25,cutoff,67.11,2020-05-07,-2989.66
2020-05-15,2020-05-15 09:32:00-04:00,2020-05-15 13:00:00-04:00,short,8990.858694596722,9065.858694596722,SL,-75.0,2020-05-01,-3064.66
2020-05-18,2020-05-18 10:40:00-04:00,2020-05-18 15:00:00-04:00,short,9313.583457105504,9325.25,cutoff,-11.67,2020-05-08,-3076.33
2020-05-19,2020-05-19 09:31:00-04:00,2020-05-19 13:33:00-04:00,short,9331.220279581725,9406.220279581725,SL,-75.0,2020-05-13,-3151.33
2020-05-20,2020-05-20 09:31:00-04:00,2020-05-20 15:00:00-04:00,short,9425.837628444118,9475.75,cutoff,-49.91,2020-05-18,-3201.24
2020-05-21,2020-05-21 09:32:00-04:00,2020-05-21 15:00:00-04:00,short,9477.127253635408,9384.5,cutoff,92.63,2020-05-12,-3108.61
2020-05-22,2020-05-22 09:40:00-04:00,2020-05-22 13:23:00-04:00,short,9331.220279581725,9406.220279581725,SL,-75.0,2020-05-13,-3183.61
2020-05-26,2020-05-26 09:51:00-04:00,2020-05-26 15:00:00-04:00,short,9515.473595904761,9448.75,cutoff,66.72,2020-05-22,-3116.89
2020-05-27,2020-05-27 09:36:00-04:00,2020-05-27 14:00:00-04:00,short,9345.592256990116,9345.592256990116,BE,0.0,2020-05-11,-3116.89
2020-05-28,2020-05-28 09:36:00-04:00,2020-05-28 11:01:00-04:00,short,9425.837628444118,9500.837628444118,SL,-75.0,2020-05-18,-3191.89
2020-05-29,2020-05-29 09:47:00-04:00,2020-05-29 14:09:00-04:00,short,9477.127253635408,9477.127253635408,BE,0.0,2020-05-12,-3191.89
2020-06-01,2020-06-01 09:31:00-04:00,2020-06-01 12:47:00-04:00,short,9515.473595904761,9590.473595904761,SL,-75.0,2020-05-22,-3266.89
2020-06-02,2020-06-02 09:49:00-04:00,2020-06-02 15:00:00-04:00,short,9570.428051686125,9606.25,cutoff,-35.82,2020-05-28,-3302.71
2020-06-03,2020-06-03 09:33:00-04:00,2020-06-03 10:18:00-04:00,short,9681.300958053465,9681.300958053465,BE,0.0,2020-06-01,-3302.71
2020-06-04,2020-06-04 09:31:00-04:00,2020-06-04 15:00:00-04:00,short,9681.300958053465,9595.5,cutoff,85.8,2020-06-01,-3216.91
2020-06-05,2020-06-05 09:34:00-04:00,2020-06-05 09:44:00-04:00,short,9681.300958053465,9756.300958053465,SL,-75.0,2020-06-01,-3291.91
2020-06-08,2020-06-08 09:33:00-04:00,2020-06-08 10:50:00-04:00,short,9806.712435909762,9806.712435909762,BE,0.0,2020-06-03,-3291.91
2020-06-09,2020-06-09 09:31:00-04:00,2020-06-09 10:16:00-04:00,short,9876.439724086249,9876.439724086249,BE,0.0,2020-06-05,-3291.91
2020-06-09,2020-06-09 10:45:00-04:00,2020-06-09 15:00:00-04:00,short,9943.600120332674,9985.25,cutoff,-41.65,2020-06-08,-3333.56
2020-06-11,2020-06-11 09:32:00-04:00,2020-06-11 12:56:00-04:00,short,9943.600120332674,9739.5,TP,204.1,2020-06-08,-3129.46
2020-06-12,2020-06-12 09:31:00-04:00,2020-06-12 11:04:00-04:00,short,9806.712435909762,9617.25,TP,189.46,2020-06-03,-2940.0
2020-06-15,2020-06-15 09:33:00-04:00,2020-06-15 10:03:00-04:00,short,9515.473595904761,9590.473595904761,SL,-75.0,2020-05-22,-3015.0
2020-06-16,2020-06-16 10:18:00-04:00,2020-06-16 11:00:00-04:00,short,9998.480141994416,9818.25,TP,180.23,2020-06-12,-2834.77
2020-06-17,2020-06-17 09:33:00-04:00,2020-06-17 10:53:00-04:00,short,9998.480141994416,9998.480141994416,BE,0.0,2020-06-12,-2834.77
2020-06-17,2020-06-17 10:55:00-04:00,2020-06-17 11:59:00-04:00,short,10005.261489168231,10005.261489168231,BE,0.0,2020-06-09,-2834.77
2020-06-18,2020-06-18 10:34:00-04:00,2020-06-18 15:00:00-04:00,short,9943.600120332674,9950.0,cutoff,-6.4,2020-06-08,-2841.17
2020-06-19,2020-06-19 09:32:00-04:00,2020-06-19 15:00:00-04:00,short,10095.593960731061,9983.75,cutoff,111.84,2020-06-11,-2729.33
2020-06-22,2020-06-22 09:31:00-04:00,2020-06-22 12:04:00-04:00,short,10005.261489168231,10080.261489168231,SL,-75.0,2020-06-09,-2804.33
2020-06-23,2020-06-23 09:36:00-04:00,2020-06-23 11:23:00-04:00,short,10174.123908644677,10249.123908644677,SL,-75.0,2020-06-22,-2879.33
2020-06-24,2020-06-24 09:31:00-04:00,2020-06-24 11:46:00-04:00,short,10182.93066509671,9963.75,TP,219.18,2020-06-10,-2660.15
2020-06-25,2020-06-25 09:33:00-04:00,2020-06-25 10:28:00-04:00,short,10005.261489168231,10005.261489168231,BE,0.0,2020-06-09,-2660.15
2020-06-25,2020-06-25 10:30:00-04:00,2020-06-25 11:18:00-04:00,short,9998.480141994416,9998.480141994416,BE,0.0,2020-06-12,-2660.15
2020-06-26,2020-06-26 09:40:00-04:00,2020-06-26 10:13:00-04:00,long,10028.20739703227,9953.20739703227,SL,-75.0,2020-06-23,-2735.15
2020-06-29,2020-06-29 09:31:00-04:00,2020-06-29 09:41:00-04:00,long,9831.876091355323,9756.876091355323,SL,-75.0,2020-06-22,-2810.15
2020-07-01,2020-07-01 09:31:00-04:00,2020-07-01 12:06:00-04:00,short,10164.240165724947,10239.240165724947,SL,-75.0,2020-06-17,-2885.15
2020-07-02,2020-07-02 09:31:00-04:00,2020-07-02 15:00:00-04:00,short,10378.76301438694,10399.5,cutoff,-20.74,2020-06-24,-2905.89
2020-07-03,2020-07-03 10:25:00-04:00,2020-07-03 12:22:00-04:00,short,10344.29260296773,10344.29260296773,BE,0.0,2020-06-23,-2905.89
2020-07-06,2020-07-06 10:00:00-04:00,2020-07-06 11:27:00-04:00,short,10530.716111433376,10605.716111433376,SL,-75.0,2020-07-02,-2980.89
2020-07-07,2020-07-07 10:12:00-04:00,2020-07-07 15:00:00-04:00,short,10645.149837633802,10586.75,cutoff,58.4,2020-07-06,-2922.49
2020-07-09,2020-07-09 10:50:00-04:00,2020-07-09 12:04:00-04:00,short,10645.149837633802,10645.149837633802,BE,0.0,2020-07-06,-2922.49
2020-07-10,2020-07-10 10:01:00-04:00,2020-07-10 10:26:00-04:00,short,10645.149837633802,10720.149837633802,SL,-75.0,2020-07-06,-2997.49
2020-07-14,2020-07-14 09:31:00-04:00,2020-07-14 09:52:00-04:00,long,10495.390551888184,10420.390551888184,SL,-75.0,2020-07-10,-3072.49
2020-07-15,2020-07-15 09:44:00-04:00,2020-07-15 12:05:00-04:00,short,10760.297956841667,10574.75,TP,185.55,2020-07-08,-2886.94
2020-07-16,2020-07-16 09:34:00-04:00,2020-07-16 11:09:00-04:00,long,10556.529124282211,10481.529124282211,SL,-75.0,2020-07-09,-2961.94
2020-07-17,2020-07-17 09:32:00-04:00,2020-07-17 14:16:00-04:00,short,10645.149837633802,10645.149837633802,BE,0.0,2020-07-06,-2961.94
2020-07-20,2020-07-20 09:45:00-04:00,2020-07-20 10:07:00-04:00,short,10645.149837633802,10720.149837633802,SL,-75.0,2020-07-06,-3036.94
2020-07-21,2020-07-21 09:41:00-04:00,2020-07-21 15:00:00-04:00,short,10908.882006067528,10900.25,cutoff,8.63,2020-07-20,-3028.31
2020-07-22,2020-07-22 09:31:00-04:00,2020-07-22 15:00:00-04:00,short,10835.830557059622,10817.0,cutoff,18.83,2020-07-14,-3009.48
2020-07-23,2020-07-23 09:31:00-04:00,2020-07-23 10:36:00-04:00,short,10831.229683998485,10831.229683998485,BE,0.0,2020-07-17,-3009.48
2020-07-23,2020-07-23 10:40:00-04:00,2020-07-23 13:48:00-04:00,short,10835.830557059622,10611.5,TP,224.33,2020-07-14,-2785.15
2020-07-24,2020-07-24 09:32:00-04:00,2020-07-24 09:39:00-04:00,long,10402.458341307061,10327.458341307061,SL,-75.0,2020-07-07,-2860.15
2020-07-27,2020-07-27 09:32:00-04:00,2020-07-27 09:40:00-04:00,short,10530.716111433376,10605.716111433376,SL,-75.0,2020-07-02,-2935.15
2020-07-28,2020-07-28 09:31:00-04:00,2020-07-28 11:39:00-04:00,short,10637.79850387766,10637.79850387766,BE,0.0,2020-07-24,-2935.15
2020-07-29,2020-07-29 10:37:00-04:00,2020-07-29 11:28:00-04:00,short,10637.79850387766,10637.79850387766,BE,0.0,2020-07-24,-2935.15
2020-07-30,2020-07-30 09:55:00-04:00,2020-07-30 10:52:00-04:00,long,10556.529124282211,10556.529124282211,BE,0.0,2020-07-09,-2935.15
2020-07-31,2020-07-31 09:35:00-04:00,2020-07-31 15:00:00-04:00,short,10835.830557059622,10800.25,cutoff,35.58,2020-07-14,-2899.57
2020-08-03,2020-08-03 09:33:00-04:00,2020-08-03 15:00:00-04:00,short,11023.64486768893,11061.25,cutoff,-37.61,2020-07-22,-2937.18
2020-08-04,2020-08-04 09:38:00-04:00,2020-08-04 15:00:00-04:00,short,11022.153653034926,11026.5,cutoff,-4.35,2020-07-23,-2941.53
2020-08-05,2020-08-05 09:51:00-04:00,2020-08-05 15:00:00-04:00,short,11106.176913153135,11109.25,cutoff,-3.07,2020-07-31,-2944.6
2020-08-06,2020-08-06 09:35:00-04:00,2020-08-06 13:22:00-04:00,short,11106.176913153135,11181.176913153135,SL,-75.0,2020-07-31,-3019.6
2020-08-07,2020-08-07 10:52:00-04:00,2020-08-07 14:32:00-04:00,short,11257.399972883184,11057.75,TP,199.65,2020-08-05,-2819.95
2020-08-10,2020-08-10 09:53:00-04:00,2020-08-10 15:00:00-04:00,short,11106.176913153135,11081.75,cutoff,24.43,2020-07-31,-2795.52
2020-08-11,2020-08-11 09:45:00-04:00,2020-08-11 11:02:00-04:00,short,11023.64486768893,11023.64486768893,BE,0.0,2020-07-22,-2795.52
2020-08-12,2020-08-12 09:48:00-04:00,2020-08-12 10:28:00-04:00,short,11023.64486768893,11098.64486768893,SL,-75.0,2020-07-22,-2870.52
2020-08-13,2020-08-13 09:31:00-04:00,2020-08-13 11:07:00-04:00,short,11180.134608496011,11255.134608496011,SL,-75.0,2020-07-21,-2945.52
2020-08-14,2020-08-14 09:31:00-04:00,2020-08-14 15:00:00-04:00,short,11197.561633940055,11146.25,cutoff,51.31,2020-08-04,-2894.21
2020-08-17,2020-08-17 09:31:00-04:00,2020-08-17 15:00:00-04:00,short,11226.37510379692,11292.5,cutoff,-66.12,2020-08-12,-2960.33
2020-08-18,2020-08-18 09:35:00-04:00,2020-08-18 11:09:00-04:00,short,11353.428427392624,11353.428427392624,BE,0.0,2020-08-13,-2960.33
2020-08-19,2020-08-19 09:34:00-04:00,2020-08-19 10:24:00-04:00,short,11393.494372271074,11393.494372271074,BE,0.0,2020-08-17,-2960.33
2020-08-20,2020-08-20 09:35:00-04:00,2020-08-20 10:50:00-04:00,short,11308.249889090679,11383.249889090679,SL,-75.0,2020-08-10,-3035.33
2020-08-21,2020-08-21 09:45:00-04:00,2020-08-21 15:00:00-04:00,short,11503.059627482893,11554.5,cutoff,-51.44,2020-08-20,-3086.77
2020-08-24,2020-08-24 09:58:00-04:00,2020-08-24 15:00:00-04:00,short,11657.182826359074,11570.25,cutoff,86.93,2020-08-21,-2999.84
2020-08-26,2020-08-26 09:34:00-04:00,2020-08-26 11:02:00-04:00,short,11773.882955083516,11848.882955083516,SL,-75.0,2020-08-25,-3074.84
2020-08-27,2020-08-27 09:40:00-04:00,2020-08-27 10:38:00-04:00,short,11933.125742119906,12008.125742119906,SL,-75.0,2020-08-26,-3149.84
2020-09-01,2020-09-01 09:32:00-04:00,2020-09-01 10:26:00-04:00,short,12175.52827197218,12250.52827197218,SL,-75.0,2020-08-28,-3224.84
2020-09-03,2020-09-03 09:38:00-04:00,2020-09-03 10:38:00-04:00,short,12206.825693556519,12022.75,TP,184.08,2020-08-27,-3040.76
2020-09-03,2020-09-03 10:46:00-04:00,2020-09-03 11:15:00-04:00,long,11938.563043583583,11863.563043583583,SL,-75.0,2020-09-01,-3115.76
2020-09-04,2020-09-04 09:31:00-04:00,2020-09-04 09:53:00-04:00,short,11773.882955083516,11584.75,TP,189.13,2020-08-25,-2926.63
2020-09-04,2020-09-04 09:55:00-04:00,2020-09-04 10:32:00-04:00,short,11549.90659303957,11366.25,TP,183.66,2020-08-19,-2742.97
2020-09-04,2020-09-04 10:33:00-04:00,2020-09-04 10:43:00-04:00,short,11353.428427392624,11164.75,TP,188.68,2020-08-13,-2554.29
2020-09-04,2020-09-04 10:45:00-04:00,2020-09-04 10:49:00-04:00,short,11198.889330594502,11273.889330594502,SL,-75.0,2020-08-11,-2629.29
2020-09-07,2020-09-07 09:56:00-04:00,2020-09-07 12:59:00-04:00,long,11457.682293514365,11501.25,cutoff,43.57,2020-08-24,-2585.72
2020-09-08,2020-09-08 09:31:00-04:00,2020-09-08 10:00:00-04:00,short,11226.37510379692,11301.37510379692,SL,-75.0,2020-08-12,-2660.72
2020-09-09,2020-09-09 09:33:00-04:00,2020-09-09 10:20:00-04:00,long,11253.833137562138,11253.833137562138,BE,0.0,2020-09-07,-2660.72
2020-09-09,2020-09-09 10:28:00-04:00,2020-09-09 11:15:00-04:00,short,11353.428427392624,11353.428427392624,BE,0.0,2020-08-13,-2660.72
2020-09-10,2020-09-10 09:31:00-04:00,2020-09-10 14:15:00-04:00,short,11503.059627482893,11294.0,TP,209.06,2020-08-20,-2451.66
2020-09-11,2020-09-11 09:31:00-04:00,2020-09-11 09:36:00-04:00,long,11253.833137562138,11178.833137562138,SL,-75.0,2020-09-07,-2526.66
2020-09-14,2020-09-14 09:33:00-04:00,2020-09-14 13:16:00-04:00,long,11216.34340696043,11216.34340696043,BE,0.0,2020-08-19,-2526.66
2020-09-15,2020-09-15 09:38:00-04:00,2020-09-15 15:00:00-04:00,long,11427.367044916484,11441.25,cutoff,13.88,2020-08-25,-2512.78
2020-09-16,2020-09-16 09:32:00-04:00,2020-09-16 10:34:00-04:00,long,11457.682293514365,11382.682293514365,SL,-75.0,2020-08-24,-2587.78
2020-09-17,2020-09-17 09:32:00-04:00,2020-09-17 12:09:00-04:00,long,10986.003952631198,10986.003952631198,BE,0.0,2020-09-09,-2587.78
2020-09-18,2020-09-18 09:31:00-04:00,2020-09-18 09:48:00-04:00,long,11108.132855575252,11033.132855575252,SL,-75.0,2020-09-04,-2662.78
2020-09-21,2020-09-21 09:38:00-04:00,2020-09-21 10:25:00-04:00,long,10727.425618727215,10727.425618727215,BE,0.0,2020-09-17,-2662.78
2020-09-22,2020-09-22 09:42:00-04:00,2020-09-22 13:48:00-04:00,short,11009.021196622394,11084.021196622394,SL,-75.0,2020-09-21,-2737.78
2020-09-23,2020-09-23 09:36:00-04:00,2020-09-23 10:22:00-04:00,long,11108.132855575252,11033.132855575252,SL,-75.0,2020-09-04,-2812.78
2020-09-24,2020-09-24 09:34:00-04:00,2020-09-24 10:17:00-04:00,long,10727.425618727215,10914.5,TP,187.07,2020-09-17,-2625.71
2020-09-24,2020-09-24 10:18:00-04:00,2020-09-24 10:24:00-04:00,long,10928.374158194558,10853.374158194558,SL,-75.0,2020-09-11,-2700.71
2020-09-25,2020-09-25 09:31:00-04:00,2020-09-25 14:31:00-04:00,long,10889.008297915436,11074.0,TP,184.99,2020-09-23,-2515.72
2020-09-28,2020-09-28 09:41:00-04:00,2020-09-28 13:40:00-04:00,short,11326.604011271396,11326.604011271396,BE,0.0,2020-09-18,-2515.72
2020-09-29,2020-09-29 09:34:00-04:00,2020-09-29 15:00:00-04:00,short,11360.491702084564,11345.25,cutoff,15.24,2020-09-23,-2500.48
2020-09-30,2020-09-30 09:32:00-04:00,2020-09-30 10:10:00-04:00,short,11360.491702084564,11435.491702084564,SL,-75.0,2020-09-23,-2575.48
2020-10-01,2020-10-01 09:48:00-04:00,2020-10-01 10:35:00-04:00,short,11532.33747309487,11532.33747309487,BE,0.0,2020-09-28,-2575.48
2020-10-01,2020-10-01 10:37:00-04:00,2020-10-01 11:27:00-04:00,short,11533.578562867373,11533.578562867373,BE,0.0,2020-09-29,-2575.48
2020-10-02,2020-10-02 09:31:00-04:00,2020-10-02 10:05:00-04:00,short,11360.491702084564,11435.491702084564,SL,-75.0,2020-09-23,-2650.48
2020-10-05,2020-10-05 09:35:00-04:00,2020-10-05 15:00:00-04:00,long,11332.60493006846,11463.0,cutoff,130.4,2020-10-01,-2520.08
2020-10-08,2020-10-08 09:32:00-04:00,2020-10-08 15:00:00-04:00,short,11565.107239575818,11534.0,cutoff,31.11,2020-10-05,-2488.97
2020-10-09,2020-10-09 09:32:00-04:00,2020-10-09 11:31:00-04:00,short,11596.252640737981,11671.252640737981,SL,-75.0,2020-10-07,-2563.97
2020-10-13,2020-10-13 09:33:00-04:00,2020-10-13 10:23:00-04:00,short,12105.637823000776,12105.637823000776,BE,0.0,2020-10-12,-2563.97
2020-10-14,2020-10-14 09:36:00-04:00,2020-10-14 12:26:00-04:00,short,12105.637823000776,11923.25,TP,182.39,2020-10-12,-2381.58
2020-10-15,2020-10-15 09:31:00-04:00,2020-10-15 09:53:00-04:00,short,11794.396357206313,11869.396357206313,SL,-75.0,2020-10-09,-2456.58
2020-10-19,2020-10-19 09:55:00-04:00,2020-10-19 10:11:00-04:00,long,11886.27611815851,11811.27611815851,SL,-75.0,2020-10-13,-2531.58
2020-10-20,2020-10-20 09:37:00-04:00,2020-10-20 10:55:00-04:00,long,11639.793848318743,11639.793848318743,BE,0.0,2020-10-19,-2531.58
2020-10-21,2020-10-21 09:48:00-04:00,2020-10-21 14:56:00-04:00,short,11749.39506993154,11749.39506993154,BE,0.0,2020-10-01,-2531.58
2020-10-22,2020-10-22 09:32:00-04:00,2020-10-22 10:09:00-04:00,long,11712.862176999224,11637.862176999224,SL,-75.0,2020-10-12,-2606.58
2020-10-23,2020-10-23 09:33:00-04:00,2020-10-23 11:39:00-04:00,long,11639.793848318743,11564.793848318743,SL,-75.0,2020-10-19,-2681.58
2020-10-26,2020-10-26 09:31:00-04:00,2020-10-26 09:55:00-04:00,short,11596.252640737981,11671.252640737981,SL,-75.0,2020-10-07,-2756.58
2020-10-27,2020-10-27 09:45:00-04:00,2020-10-27 10:48:00-04:00,short,11565.107239575818,11565.107239575818,BE,0.0,2020-10-05,-2756.58
2020-10-27,2020-10-27 10:53:00-04:00,2020-10-27 12:30:00-04:00,long,11559.063209803786,11559.063209803786,BE,0.0,2020-10-15,-2756.58
2020-10-28,2020-10-28 09:31:00-04:00,2020-10-28 09:41:00-04:00,long,11408.97091315812,11333.97091315812,SL,-75.0,2020-10-22,-2831.58
2020-10-29,2020-10-29 09:39:00-04:00,2020-10-29 14:37:00-04:00,long,11190.997359262019,11435.75,TP,244.75,2020-10-07,-2586.83
2020-10-30,2020-10-30 09:34:00-04:00,2020-10-30 09:45:00-04:00,long,11247.116288424255,11172.116288424255,SL,-75.0,2020-10-06,-2661.83
2020-11-02,2020-11-02 09:53:00-05:00,2020-11-02 10:41:00-05:00,long,11190.997359262019,11115.997359262019,SL,-75.0,2020-10-07,-2736.83
2020-11-03,2020-11-03 09:55:00-05:00,2020-11-03 15:00:00-05:00,long,11190.997359262019,11273.75,cutoff,82.75,2020-10-07,-2654.08
2020-11-04,2020-11-04 09:33:00-05:00,2020-11-04 10:12:00-05:00,short,11667.350479194514,11742.350479194514,SL,-75.0,2020-10-28,-2729.08
2020-11-05,2020-11-05 09:33:00-05:00,2020-11-05 09:49:00-05:00,short,11991.199723329857,12066.199723329857,SL,-75.0,2020-11-04,-2804.08
2020-11-06,2020-11-06 09:33:00-05:00,2020-11-06 10:27:00-05:00,short,11991.199723329857,11991.199723329857,BE,0.0,2020-11-04,-2804.08
2020-11-09,2020-11-09 09:31:00-05:00,2020-11-09 14:30:00-05:00,short,12186.030810509164,11999.75,TP,186.28,2020-10-16,-2617.8
2020-11-10,2020-11-10 09:32:00-05:00,2020-11-10 09:38:00-05:00,long,11736.362818279254,11661.362818279254,SL,-75.0,2020-11-06,-2692.8
2020-11-11,2020-11-11 09:36:00-05:00,2020-11-11 15:00:00-05:00,long,11749.344189490836,11844.0,cutoff,94.66,2020-10-16,-2598.14
2020-11-12,2020-11-12 09:31:00-05:00,2020-11-12 15:00:00-05:00,short,11926.02908684188,11804.25,cutoff,121.78,2020-10-22,-2476.36
2020-11-13,2020-11-13 09:31:00-05:00,2020-11-13 14:58:00-05:00,short,11904.375147228217,11904.375147228217,BE,0.0,2020-10-20,-2476.36
2020-11-16,2020-11-16 09:32:00-05:00,2020-11-16 09:44:00-05:00,short,11904.375147228217,11979.375147228217,SL,-75.0,2020-10-20,-2551.36
2020-11-17,2020-11-17 09:46:00-05:00,2020-11-17 15:00:00-05:00,short,11991.199723329857,12012.0,cutoff,-20.8,2020-11-04,-2572.16
2020-11-18,2020-11-18 09:39:00-05:00,2020-11-18 11:14:00-05:00,short,11982.847299040208,11982.847299040208,BE,0.0,2020-11-11,-2572.16
2020-11-19,2020-11-19 09:32:00-05:00,2020-11-19 10:52:00-05:00,short,11875.730155823774,11950.730155823774,SL,-75.0,2020-10-23,-2647.16
2020-11-20,2020-11-20 09:50:00-05:00,2020-11-20 15:00:00-05:00,short,11982.847299040208,11980.0,cutoff,2.85,2020-11-11,-2644.31
2020-11-23,2020-11-23 09:45:00-05:00,2020-11-23 15:00:00-05:00,short,11991.199723329857,11918.0,cutoff,73.2,2020-11-04,-2571.11
2020-11-24,2020-11-24 09:33:00-05:00,2020-11-24 10:38:00-05:00,short,11943.547030998563,11943.547030998563,BE,0.0,2020-11-10,-2571.11
2020-11-24,2020-11-24 10:51:00-05:00,2020-11-24 13:23:00-05:00,short,11982.847299040208,12057.847299040208,SL,-75.0,2020-11-11,-2646.11
2020-11-25,2020-11-25 09:32:00-05:00,2020-11-25 10:51:00-05:00,short,12119.74645437204,12119.74645437204,BE,0.0,2020-11-20,-2646.11
2020-11-25,2020-11-25 10:58:00-05:00,2020-11-25 12:14:00-05:00,short,12109.372943648514,12109.372943648514,BE,0.0,2020-11-12,-2646.11
2020-11-26,2020-11-26 10:14:00-05:00,2020-11-26 12:59:00-05:00,short,12188.735131210404,12153.75,cutoff,34.99,2020-11-17,-2611.12
2020-11-27,2020-11-27 10:14:00-05:00,2020-11-27 13:14:00-05:00,short,12264.887181720746,12273.25,cutoff,-8.36,2020-11-06,-2619.48
2020-11-30,2020-11-30 09:36:00-05:00,2020-11-30 14:40:00-05:00,short,12264.887181720746,12264.887181720746,BE,0.0,2020-11-06,-2619.48
2020-12-01,2020-12-01 10:02:00-05:00,2020-12-01 11:05:00-05:00,short,12410.052418330972,12410.052418330972,BE,0.0,2020-11-27,-2619.48
2020-12-02,2020-12-02 09:44:00-05:00,2020-12-02 10:12:00-05:00,short,12329.636626829917,12404.636626829917,SL,-75.0,2020-11-26,-2694.48
2020-12-04,2020-12-04 09:36:00-05:00,2020-12-04 15:00:00-05:00,short,12463.418605308005,12517.75,cutoff,-54.33,2020-11-09,-2748.81
2020-12-07,2020-12-07 09:39:00-05:00,2020-12-07 15:00:00-05:00,short,12567.753382056055,12581.75,cutoff,-14.0,2020-12-01,-2762.81
2020-12-08,2020-12-08 09:31:00-05:00,2020-12-08 11:59:00-05:00,short,12586.464225177839,12586.464225177839,BE,0.0,2020-12-02,-2762.81
2020-12-09,2020-12-09 10:17:00-05:00,2020-12-09 13:56:00-05:00,short,12586.464225177839,12375.25,TP,211.21,2020-12-02,-2551.6
2020-12-10,2020-12-10 09:31:00-05:00,2020-12-10 09:50:00-05:00,short,12270.439816503806,12345.439816503806,SL,-75.0,2020-11-25,-2626.6
2020-12-11,2020-12-11 09:33:00-05:00,2020-12-11 10:51:00-05:00,long,12306.297441328374,12306.297441328374,BE,0.0,2020-12-03,-2626.6
2020-12-14,2020-12-14 09:31:00-05:00,2020-12-14 10:00:00-05:00,short,12447.31473883935,12522.31473883935,SL,-75.0,2020-11-30,-2701.6
2020-12-15,2020-12-15 09:31:00-05:00,2020-12-15 10:21:00-05:00,short,12569.580163178834,12569.580163178834,BE,0.0,2020-12-10,-2701.6
2020-12-16,2020-12-16 09:38:00-05:00,2020-12-16 10:23:00-05:00,short,12586.464225177839,12586.464225177839,BE,0.0,2020-12-02,-2701.6
2020-12-17,2020-12-17 09:32:00-05:00,2020-12-17 15:00:00-05:00,short,12743.687013793919,12729.75,cutoff,13.94,2020-12-08,-2687.66
2020-12-18,2020-12-18 09:45:00-05:00,2020-12-18 15:00:00-05:00,short,12743.687013793919,12663.25,cutoff,80.44,2020-12-08,-2607.22
2020-12-21,2020-12-21 09:49:00-05:00,2020-12-21 10:16:00-05:00,long,12570.712238347565,12495.712238347565,SL,-75.0,2020-12-17,-2682.22
2020-12-22,2020-12-22 09:48:00-05:00,2020-12-22 10:33:00-05:00,short,12722.324964145053,12722.324964145053,BE,0.0,2020-12-07,-2682.22
2020-12-22,2020-12-22 10:34:00-05:00,2020-12-22 15:00:00-05:00,short,12726.133997689696,12697.25,cutoff,28.88,2020-12-15,-2653.34
2020-12-23,2020-12-23 09:48:00-05:00,2020-12-23 15:00:00-05:00,short,12660.327558671626,12701.0,cutoff,-40.67,2020-12-03,-2694.01
2020-12-24,2020-12-24 09:31:00-05:00,2020-12-24 13:14:00-05:00,short,12672.466798747515,12703.0,cutoff,-30.53,2020-12-14,-2724.54
2020-12-28,2020-12-28 09:31:00-05:00,2020-12-28 11:02:00-05:00,short,12816.798684725329,12816.798684725329,BE,0.0,2020-12-21,-2724.54
2020-12-29,2020-12-29 09:33:00-05:00,2020-12-29 15:00:00-05:00,short,12901.412761652435,12844.0,cutoff,57.41,2020-12-17,-2667.13
2020-12-30,2020-12-30 09:31:00-05:00,2020-12-30 15:00:00-05:00,short,12901.412761652435,12848.0,cutoff,53.41,2020-12-17,-2613.72
2021-01-04,2021-01-04 09:34:00-05:00,2021-01-04 11:07:00-05:00,short,12901.412761652435,12713.75,TP,187.66,2020-12-17,-2426.06
2021-01-05,2021-01-05 09:31:00-05:00,2021-01-05 09:43:00-05:00,short,12672.466798747515,12747.466798747515,SL,-75.0,2020-12-14,-2501.06
2021-01-06,2021-01-06 09:33:00-05:00,2021-01-06 11:23:00-05:00,long,12570.712238347565,12761.0,TP,190.29,2020-12-17,-2310.77
2021-01-07,2021-01-07 09:31:00-05:00,2021-01-07 09:55:00-05:00,short,12743.687013793919,12818.687013793919,SL,-75.0,2020-12-08,-2385.77
2021-01-08,2021-01-08 09:31:00-05:00,2021-01-08 15:00:00-05:00,short,13020.927210784295,13042.75,cutoff,-21.82,2021-01-07,-2407.59
2021-01-11,2021-01-11 09:31:00-05:00,2021-01-11 10:16:00-05:00,short,12972.891274962194,12972.891274962194,BE,0.0,2020-12-28,-2407.59
2021-01-12,2021-01-12 09:31:00-05:00,2021-01-12 11:15:00-05:00,short,12918.69840014535,12918.69840014535,BE,0.0,2021-01-05,-2407.59
2021-01-13,2021-01-13 09:33:00-05:00,2021-01-13 11:00:00-05:00,short,12901.412761652435,12976.412761652435,SL,-75.0,2020-12-17,-2482.59
2021-01-14,2021-01-14 10:45:00-05:00,2021-01-14 15:00:00-05:00,short,13020.927210784295,12949.0,cutoff,71.93,2021-01-07,-2410.66
2021-01-15,2021-01-15 09:31:00-05:00,2021-01-15 15:00:00-05:00,short,12901.412761652435,12829.75,cutoff,71.66,2020-12-17,-2339.0
2021-01-18,2021-01-18 10:01:00-05:00,2021-01-18 12:59:00-05:00,long,12812.15602345845,12814.0,cutoff,1.84,2021-01-08,-2337.16
2021-01-19,2021-01-19 09:32:00-05:00,2021-01-19 13:38:00-05:00,short,12900.844260317794,12975.844260317794,SL,-75.0,2020-12-22,-2412.16
2021-01-20,2021-01-20 09:31:00-05:00,2021-01-20 10:08:00-05:00,short,13129.140117721747,13204.140117721747,SL,-75.0,2021-01-15,-2487.16
2021-01-21,2021-01-21 10:17:00-05:00,2021-01-21 15:00:00-05:00,short,13373.571867454353,13405.25,cutoff,-31.68,2021-01-20,-2518.84
2021-01-22,2021-01-22 09:46:00-05:00,2021-01-22 11:52:00-05:00,short,13373.571867454353,13373.571867454353,BE,0.0,2021-01-20,-2518.84
2021-01-25,2021-01-25 09:34:00-05:00,2021-01-25 10:19:00-05:00,short,13530.829602947819,13530.829602947819,BE,0.0,2021-01-21,-2518.84
2021-01-25,2021-01-25 11:00:00-05:00,2021-01-25 14:43:00-05:00,short,13373.571867454353,13448.571867454353,SL,-75.0,2021-01-20,-2593.84
2021-01-27,2021-01-27 09:32:00-05:00,2021-01-27 09:45:00-05:00,long,13281.87280141763,13206.87280141763,SL,-75.0,2021-01-26,-2668.84
2021-01-28,2021-01-28 09:33:00-05:00,2021-01-28 09:43:00-05:00,short,13161.060130644688,13236.060130644688,SL,-75.0,2021-01-11,-2743.84
2021-01-29,2021-01-29 09:32:00-05:00,2021-01-29 10:17:00-05:00,short,13106.257554902917,13106.257554902917,BE,0.0,2021-01-04,-2743.84
2021-01-29,2021-01-29 10:20:00-05:00,2021-01-29 12:40:00-05:00,short,13108.910184604236,12910.25,TP,198.66,2021-01-12,-2545.18
2021-02-01,2021-02-01 09:33:00-05:00,2021-02-01 10:28:00-05:00,short,13085.890264484906,13085.890264484906,BE,0.0,2021-01-13,-2545.18
2021-02-01,2021-02-01 10:41:00-05:00,2021-02-01 11:29:00-05:00,short,13081.986247428205,13156.986247428205,SL,-75.0,2021-01-19,-2620.18
2021-02-02,2021-02-02 09:32:00-05:00,2021-02-02 11:55:00-05:00,short,13373.571867454353,13448.571867454353,SL,-75.0,2021-01-20,-2695.18
2021-02-03,2021-02-03 09:33:00-05:00,2021-02-03 12:40:00-05:00,short,13481.905753848854,13481.905753848854,BE,0.0,2021-01-28,-2695.18
2021-02-05,2021-02-05 10:03:00-05:00,2021-02-05 12:37:00-05:00,short,13530.829602947819,13605.829602947819,SL,-75.0,2021-01-21,-2770.18
2021-02-08,2021-02-08 09:34:00-05:00,2021-02-08 15:00:00-05:00,short,13646.840190149836,13639.75,cutoff,7.09,2021-02-04,-2763.09
2021-02-09,2021-02-09 09:35:00-05:00,2021-02-09 15:00:00-05:00,short,13679.37719858237,13705.0,cutoff,-25.62,2021-01-26,-2788.71
2021-02-10,2021-02-10 10:21:00-05:00,2021-02-10 14:26:00-05:00,short,13646.840190149836,13646.840190149836,BE,0.0,2021-02-04,-2788.71
2021-02-11,2021-02-11 09:52:00-05:00,2021-02-11 15:00:00-05:00,short,13688.795702475387,13689.25,cutoff,-0.45,2021-01-25,-2789.16
2021-02-12,2021-02-12 09:33:00-05:00,2021-02-12 12:03:00-05:00,short,13679.37719858237,13754.37719858237,SL,-75.0,2021-01-26,-2864.16
2021-02-15,2021-02-15 09:31:00-05:00,2021-02-15 12:59:00-05:00,short,13852.90228910213,13872.0,cutoff,-19.1,2021-02-09,-2883.26
2021-02-16,2021-02-16 09:32:00-05:00,2021-02-16 10:22:00-05:00,short,13852.90228910213,13852.90228910213,BE,0.0,2021-02-09,-2883.26
2021-02-16,2021-02-16 10:29:00-05:00,2021-02-16 15:00:00-05:00,short,13863.442729351453,13773.75,cutoff,89.69,2021-02-12,-2793.57
2021-02-17,2021-02-17 09:31:00-05:00,2021-02-17 10:55:00-05:00,short,13646.840190149836,13646.840190149836,BE,0.0,2021-02-04,-2793.57
2021-02-18,2021-02-18 09:31:00-05:00,2021-02-18 15:00:00-05:00,long,13538.96792257611,13643.0,cutoff,104.03,2021-02-11,-2689.54
2021-02-19,2021-02-19 09:32:00-05:00,2021-02-19 10:58:00-05:00,short,13679.37719858237,13679.37719858237,BE,0.0,2021-01-26,-2689.54
2021-02-22,2021-02-22 09:33:00-05:00,2021-02-22 10:53:00-05:00,long,13388.678340404182,13313.678340404182,SL,-75.0,2021-02-05,-2764.54
2021-02-23,2021-02-23 09:39:00-05:00,2021-02-23 09:46:00-05:00,long,12876.969246151146,12801.969246151146,SL,-75.0,2021-01-28,-2839.54
2021-02-25,2021-02-25 09:34:00-05:00,2021-02-25 10:05:00-05:00,long,13244.01621934458,13169.01621934458,SL,-75.0,2021-02-03,-2914.54
2021-02-26,2021-02-26 09:31:00-05:00,2021-02-26 09:56:00-05:00,long,12933.843969004327,12858.843969004327,SL,-75.0,2021-02-25,-2989.54
2021-03-01,2021-03-01 10:22:00-05:00,2021-03-01 15:00:00-05:00,long,13138.126875704074,13272.25,cutoff,134.12,2021-02-02,-2855.42
2021-03-02,2021-03-02 09:31:00-05:00,2021-03-02 15:00:00-05:00,short,13294.905916763611,13166.75,cutoff,128.16,2021-02-23,-2727.26
2021-03-03,2021-03-03 09:35:00-05:00,2021-03-03 09:43:00-05:00,long,13016.401124013051,12941.401124013051,SL,-75.0,2021-03-02,-2802.26
2021-03-04,2021-03-04 09:47:00-05:00,2021-03-04 09:56:00-05:00,long,12664.61277273122,12589.61277273122,SL,-75.0,2021-03-03,-2877.26
2021-03-05,2021-03-05 09:32:00-05:00,2021-03-05 09:39:00-05:00,long,12543.721079432133,12468.721079432133,SL,-75.0,2021-02-26,-2952.26
2021-03-08,2021-03-08 09:31:00-05:00,2021-03-08 11:11:00-05:00,long,12599.719083236389,12599.719083236389,BE,0.0,2021-02-23,-2952.26
2021-03-09,2021-03-09 09:31:00-05:00,2021-03-09 13:02:00-05:00,long,12599.719083236389,12795.75,TP,196.03,2021-02-23,-2756.23
2021-03-10,2021-03-10 09:31:00-05:00,2021-03-10 10:21:00-05:00,long,12933.843969004327,12858.843969004327,SL,-75.0,2021-02-25,-2831.23
2021-03-11,2021-03-11 09:34:00-05:00,2021-03-11 10:40:00-05:00,short,12996.127816601733,12996.127816601733,BE,0.0,2021-03-04,-2831.23
2021-03-12,2021-03-12 09:31:00-05:00,2021-03-12 10:16:00-05:00,long,12855.840824947016,12855.840824947016,BE,0.0,2021-03-01,-2831.23
2021-03-12,2021-03-12 10:27:00-05:00,2021-03-12 15:00:00-05:00,long,12792.389509275923,12909.25,cutoff,116.86,2021-02-24,-2714.37
2021-03-15,2021-03-15 09:33:00-04:00,2021-03-15 10:13:00-04:00,short,12909.141971053332,12984.141971053332,SL,-75.0,2021-03-08,-2789.37
2021-03-16,2021-03-16 09:32:00-04:00,2021-03-16 10:10:00-04:00,short,13171.475961304095,13246.475961304095,SL,-75.0,2021-03-11,-2864.37
2021-03-17,2021-03-17 09:33:00-04:00,2021-03-17 10:25:00-04:00,short,12996.127816601733,13071.127816601733,SL,-75.0,2021-03-04,-2939.37
2021-03-18,2021-03-18 09:31:00-04:00,2021-03-18 12:09:00-04:00,short,12996.127816601733,12996.127816601733,BE,0.0,2021-03-04,-2939.37
2021-03-19,2021-03-19 09:39:00-04:00,2021-03-19 10:04:00-04:00,long,12792.389509275923,12717.389509275923,SL,-75.0,2021-02-24,-3014.37
2021-03-22,2021-03-22 09:52:00-04:00,2021-03-22 11:10:00-04:00,short,12996.127816601733,13071.127816601733,SL,-75.0,2021-03-04,-3089.37
2021-03-23,2021-03-23 09:33:00-04:00,2021-03-23 11:18:00-04:00,short,13090.352101714769,13165.352101714769,SL,-75.0,2021-03-12,-3164.37
2021-03-24,2021-03-24 09:38:00-04:00,2021-03-24 10:00:00-04:00,long,13016.401124013051,12941.401124013051,SL,-75.0,2021-03-02,-3239.37
2021-03-25,2021-03-25 09:32:00-04:00,2021-03-25 10:30:00-04:00,long,12727.008373529017,12727.008373529017,BE,0.0,2021-03-15,-3239.37
2021-03-25,2021-03-25 10:32:00-04:00,2021-03-25 10:51:00-04:00,long,12739.774038695905,12664.774038695905,SL,-75.0,2021-03-11,-3314.37
2021-03-26,2021-03-26 09:31:00-04:00,2021-03-26 11:24:00-04:00,long,12767.107598941599,12767.107598941599,BE,0.0,2021-03-17,-3314.37
2021-03-29,2021-03-29 09:31:00-04:00,2021-03-29 09:56:00-04:00,long,12945.071957511602,12870.071957511602,SL,-75.0,2021-03-16,-3389.37
2021-03-30,2021-03-30 09:31:00-04:00,2021-03-30 11:11:00-04:00,short,12884.42255597324,12884.42255597324,BE,0.0,2021-03-05,-3389.37
2021-03-31,2021-03-31 09:35:00-04:00,2021-03-31 09:59:00-04:00,short,12980.679089774212,13055.679089774212,SL,-75.0,2021-03-25,-3464.37
2021-04-01,2021-04-01 09:36:00-04:00,2021-04-01 15:00:00-04:00,short,13279.716633298362,13301.5,cutoff,-21.78,2021-03-24,-3486.15
2021-04-05,2021-04-05 09:33:00-04:00,2021-04-05 10:21:00-04:00,short,13438.997987515359,13513.997987515359,SL,-75.0,2021-04-01,-3561.15
2021-04-08,2021-04-08 09:33:00-04:00,2021-04-08 10:45:00-04:00,short,13739.329262634976,13739.329262634976,BE,0.0,2021-04-06,-3561.15
2021-04-09,2021-04-09 10:04:00-04:00,2021-04-09 11:33:00-04:00,short,13739.329262634976,13739.329262634976,BE,0.0,2021-04-06,-3561.15
2021-04-12,2021-04-12 09:52:00-04:00,2021-04-12 13:10:00-04:00,short,13752.062079921416,13827.062079921416,SL,-75.0,2021-04-07,-3636.15
2021-04-13,2021-04-13 09:31:00-04:00,2021-04-13 14:35:00-04:00,short,13883.3727833234,13958.3727833234,SL,-75.0,2021-04-08,-3711.15
2021-04-14,2021-04-14 10:24:00-04:00,2021-04-14 15:00:00-04:00,short,13940.822384174495,13806.25,cutoff,134.57,2021-04-12,-3576.58
2021-04-15,2021-04-15 09:31:00-04:00,2021-04-15 13:30:00-04:00,short,13940.822384174495,14015.822384174495,SL,-75.0,2021-04-12,-3651.58
2021-04-19,2021-04-19 10:34:00-04:00,2021-04-19 15:00:00-04:00,short,13940.822384174495,13885.5,cutoff,55.32,2021-04-12,-3596.26
2021-04-20,2021-04-20 09:36:00-04:00,2021-04-20 15:00:00-04:00,short,13883.3727833234,13744.0,cutoff,139.37,2021-04-08,-3456.89
2021-04-21,2021-04-21 09:34:00-04:00,2021-04-21 10:26:00-04:00,short,13739.329262634976,13814.329262634976,SL,-75.0,2021-04-06,-3531.89
2021-04-22,2021-04-22 09:33:00-04:00,2021-04-22 15:00:00-04:00,short,13883.3727833234,13761.75,cutoff,121.62,2021-04-08,-3410.27
2021-04-23,2021-04-23 09:32:00-04:00,2021-04-23 15:00:00-04:00,long,13807.528061776498,13961.25,cutoff,153.72,2021-04-14,-3256.55
2021-04-26,2021-04-26 09:31:00-04:00,2021-04-26 14:45:00-04:00,short,13940.822384174495,14015.822384174495,SL,-75.0,2021-04-12,-3331.55
2021-04-27,2021-04-27 09:54:00-04:00,2021-04-27 11:52:00-04:00,short,13960.89952263272,13960.89952263272,BE,0.0,2021-04-21,-3331.55
2021-04-28,2021-04-28 09:48:00-04:00,2021-04-28 15:00:00-04:00,short,13940.822384174495,13953.5,cutoff,-12.68,2021-04-12,-3344.23
2021-04-29,2021-04-29 09:56:00-04:00,2021-04-29 14:42:00-04:00,short,13960.89952263272,13960.89952263272,BE,0.0,2021-04-21,-3344.23
2021-04-30,2021-04-30 09:32:00-04:00,2021-04-30 10:31:00-04:00,short,13873.479850750839,13948.479850750839,SL,-75.0,2021-04-09,-3419.23
2021-05-03,2021-05-03 09:41:00-04:00,2021-05-03 15:00:00-04:00,short,13873.479850750839,13812.75,cutoff,60.73,2021-04-09,-3358.5
2021-05-04,2021-05-04 09:33:00-04:00,2021-05-04 09:57:00-04:00,long,13623.32431093971,13548.32431093971,SL,-75.0,2021-04-23,-3433.5
2021-05-05,2021-05-05 09:35:00-04:00,2021-05-05 10:04:00-04:00,long,13619.677615825505,13544.677615825505,SL,-75.0,2021-04-12,-3508.5
2021-05-06,2021-05-06 10:21:00-04:00,2021-05-06 12:35:00-04:00,long,13388.96846679183,13569.25,TP,180.28,2021-05-05,-3328.22
2021-05-07,2021-05-07 09:32:00-04:00,2021-05-07 09:49:00-04:00,short,13677.48205119757,13752.48205119757,SL,-75.0,2021-05-06,-3403.22
2021-05-10,2021-05-10 09:38:00-04:00,2021-05-10 10:49:00-04:00,long,13547.10047736728,13472.10047736728,SL,-75.0,2021-04-21,-3478.22
2021-05-11,2021-05-11 09:59:00-04:00,2021-05-11 10:25:00-04:00,long,13256.14294880243,13181.14294880243,SL,-75.0,2021-05-06,-3553.22
2021-05-14,2021-05-14 09:59:00-04:00,2021-05-14 15:00:00-04:00,long,13256.14294880243,13417.0,cutoff,160.86,2021-05-06,-3392.36
2021-05-17,2021-05-17 10:01:00-04:00,2021-05-17 11:10:00-04:00,long,13256.14294880243,13256.14294880243,BE,0.0,2021-05-06,-3392.36
2021-05-18,2021-05-18 10:29:00-04:00,2021-05-18 15:00:00-04:00,short,13378.42608889639,13269.25,cutoff,109.18,2021-05-12,-3283.18
2021-05-19,2021-05-19 09:47:00-04:00,2021-05-19 14:32:00-04:00,long,13034.817106139166,13216.75,TP,181.93,2021-05-14,-3101.25
2021-05-20,2021-05-20 09:41:00-04:00,2021-05-20 11:26:00-04:00,short,13378.42608889639,13453.42608889639,SL,-75.0,2021-05-12,-3176.25
2021-05-21,2021-05-21 09:31:00-04:00,2021-05-21 15:00:00-04:00,short,13556.392993626328,13442.5,cutoff,113.89,2021-05-20,-3062.36
2021-05-24,2021-05-24 09:31:00-04:00,2021-05-24 15:00:00-04:00,long,13495.178507508765,13678.75,cutoff,183.57,2021-05-07,-2878.79
2021-05-25,2021-05-25 09:32:00-04:00,2021-05-25 15:00:00-04:00,short,13721.457519968146,13644.0,cutoff,77.46,2021-05-21,-2801.33
2021-05-26,2021-05-26 09:34:00-04:00,2021-05-26 15:00:00-04:00,long,13686.343941088197,13702.5,cutoff,16.16,2021-04-30,-2785.17
2021-05-27,2021-05-27 09:31:00-04:00,2021-05-27 15:00:00-04:00,long,13686.343941088197,13665.0,cutoff,-21.34,2021-04-30,-2806.51
2021-05-28,2021-05-28 09:38:00-04:00,2021-05-28 10:23:00-04:00,short,13721.457519968146,13721.457519968146,BE,0.0,2021-05-21,-2806.51
2021-05-28,2021-05-28 10:44:00-04:00,2021-05-28 15:00:00-04:00,long,13725.04197896484,13732.25,cutoff,7.21,2021-05-03,-2799.3
2021-05-31,2021-05-31 09:31:00-04:00,2021-05-31 12:59:00-04:00,short,13677.48205119757,13654.75,cutoff,22.73,2021-05-06,-2776.57
2021-06-01,2021-06-01 09:40:00-04:00,2021-06-01 15:00:00-04:00,short,13760.993648234806,13689.25,cutoff,71.74,2021-05-24,-2704.83
2021-06-02,2021-06-02 09:33:00-04:00,2021-06-02 15:00:00-04:00,short,13677.48205119757,13636.75,cutoff,40.73,2021-05-06,-2664.1
2021-06-03,2021-06-03 09:33:00-04:00,2021-06-03 10:56:00-04:00,short,13556.392993626328,13556.392993626328,BE,0.0,2021-05-20,-2664.1
2021-06-04,2021-06-04 10:01:00-04:00,2021-06-04 15:00:00-04:00,short,13721.457519968146,13775.0,cutoff,-53.54,2021-05-21,-2717.64
2021-06-07,2021-06-07 09:35:00-04:00,2021-06-07 12:15:00-04:00,short,13760.993648234806,13760.993648234806,BE,0.0,2021-05-24,-2717.64
2021-06-08,2021-06-08 09:31:00-04:00,2021-06-08 15:00:00-04:00,short,13876.402438307223,13829.75,cutoff,46.65,2021-06-07,-2670.99
2021-06-09,2021-06-09 09:33:00-04:00,2021-06-09 15:00:00-04:00,short,13876.402438307223,13840.25,cutoff,36.15,2021-06-07,-2634.84
2021-06-10,2021-06-10 09:32:00-04:00,2021-06-10 09:38:00-04:00,short,13822.413257335193,13897.413257335193,SL,-75.0,2021-06-02,-2709.84
2021-06-14,2021-06-14 09:48:00-04:00,2021-06-14 11:27:00-04:00,short,14029.2275428399,14029.2275428399,BE,0.0,2021-06-09,-2709.84
2021-06-15,2021-06-15 09:35:00-04:00,2021-06-15 10:20:00-04:00,short,14078.729232540587,14078.729232540587,BE,0.0,2021-06-10,-2709.84
2021-06-15,2021-06-15 10:22:00-04:00,2021-06-15 15:00:00-04:00,short,14088.939740383306,14022.75,cutoff,66.19,2021-06-11,-2643.65
2021-06-16,2021-06-16 09:38:00-04:00,2021-06-16 14:43:00-04:00,short,14047.020903090288,13861.75,TP,185.27,2021-06-08,-2458.38
2021-06-17,2021-06-17 09:58:00-04:00,2021-06-17 10:30:00-04:00,short,14029.2275428399,14104.2275428399,SL,-75.0,2021-06-09,-2533.38
2021-06-18,2021-06-18 09:31:00-04:00,2021-06-18 15:00:00-04:00,short,14078.729232540587,14039.0,cutoff,39.73,2021-06-10,-2493.65
2021-06-21,2021-06-21 09:54:00-04:00,2021-06-21 10:53:00-04:00,short,14029.2275428399,14104.2275428399,SL,-75.0,2021-06-09,-2568.65
2021-06-22,2021-06-22 09:35:00-04:00,2021-06-22 12:27:00-04:00,short,14152.666148882203,14227.666148882203,SL,-75.0,2021-06-14,-2643.65
2021-06-23,2021-06-23 09:31:00-04:00,2021-06-23 15:00:00-04:00,short,14282.770750377364,14280.75,cutoff,2.02,2021-06-22,-2641.63
2021-06-29,2021-06-29 09:37:00-04:00,2021-06-29 10:33:00-04:00,short,14504.101715677834,14504.101715677834,BE,0.0,2021-06-24,-2641.63
2021-06-29,2021-06-29 10:46:00-04:00,2021-06-29 11:45:00-04:00,short,14518.83836334389,14518.83836334389,BE,0.0,2021-06-25,-2641.63
2021-07-01,2021-07-01 10:22:00-04:00,2021-07-01 15:00:00-04:00,short,14518.83836334389,14542.75,cutoff,-23.91,2021-06-25,-2665.54
2021-07-02,2021-07-02 09:32:00-04:00,2021-07-02 15:00:00-04:00,short,14643.198381504113,14690.0,cutoff,-46.8,2021-06-29,-2712.34
2021-07-06,2021-07-06 09:32:00-04:00,2021-07-06 15:00:00-04:00,short,14769.97071956765,14746.25,cutoff,23.72,2021-07-02,-2688.62
2021-07-07,2021-07-07 10:05:00-04:00,2021-07-07 11:46:00-04:00,short,14806.114928665245,14806.114928665245,BE,0.0,2021-07-05,-2688.62
2021-07-08,2021-07-08 09:31:00-04:00,2021-07-08 10:21:00-04:00,long,14596.385071334755,14596.385071334755,BE,0.0,2021-07-05,-2688.62
2021-07-08,2021-07-08 10:29:00-04:00,2021-07-08 11:24:00-04:00,short,14643.198381504113,14643.198381504113,BE,0.0,2021-06-29,-2688.62
2021-07-09,2021-07-09 09:31:00-04:00,2021-07-09 10:54:00-04:00,short,14691.405258742223,14766.405258742223,SL,-75.0,2021-06-30,-2763.62
2021-07-12,2021-07-12 09:32:00-04:00,2021-07-12 15:00:00-04:00,short,14887.391992382349,14851.25,cutoff,36.14,2021-07-06,-2727.48
2021-07-13,2021-07-13 09:31:00-04:00,2021-07-13 10:16:00-04:00,short,14868.276518067436,14943.276518067436,SL,-75.0,2021-07-09,-2802.48
2021-07-15,2021-07-15 09:32:00-04:00,2021-07-15 15:00:00-04:00,short,14868.276518067436,14777.75,cutoff,90.53,2021-07-09,-2711.95
2021-07-16,2021-07-16 09:34:00-04:00,2021-07-16 15:00:00-04:00,short,14868.276518067436,14706.5,cutoff,161.78,2021-07-09,-2550.17
2021-07-19,2021-07-19 09:32:00-04:00,2021-07-19 10:36:00-04:00,long,14526.598481932564,14451.598481932564,SL,-75.0,2021-07-09,-2625.17
2021-07-20,2021-07-20 09:38:00-04:00,2021-07-20 13:04:00-04:00,long,14526.598481932564,14723.5,TP,196.9,2021-07-09,-2428.27
2021-07-21,2021-07-21 09:31:00-04:00,2021-07-21 13:51:00-04:00,short,14714.46651690565,14789.46651690565,SL,-75.0,2021-07-19,-2503.27
2021-07-22,2021-07-22 09:31:00-04:00,2021-07-22 15:00:00-04:00,short,14868.276518067436,14923.0,cutoff,-54.72,2021-07-09,-2557.99
2021-07-23,2021-07-23 10:38:00-04:00,2021-07-23 13:08:00-04:00,short,15016.540561816731,15091.540561816731,SL,-75.0,2021-07-16,-2632.99
2021-07-26,2021-07-26 09:34:00-04:00,2021-07-26 12:00:00-04:00,short,15057.337714992897,15132.337714992897,SL,-75.0,2021-07-15,-2707.99
2021-07-27,2021-07-27 09:44:00-04:00,2021-07-27 11:29:00-04:00,short,15063.460081295536,14871.0,TP,192.46,2021-07-13,-2515.53
2021-07-28,2021-07-28 09:31:00-04:00,2021-07-28 10:16:00-04:00,short,15016.540561816731,15016.540561816731,BE,0.0,2021-07-16,-2515.53
2021-07-28,2021-07-28 10:17:00-04:00,2021-07-28 15:00:00-04:00,short,15034.330091202091,15008.75,cutoff,25.58,2021-07-07,-2489.95
2021-07-29,2021-07-29 09:32:00-04:00,2021-07-29 15:00:00-04:00,short,15016.540561816731,15054.0,cutoff,-37.46,2021-07-16,-2527.41
2021-07-30,2021-07-30 09:33:00-04:00,2021-07-30 10:00:00-04:00,short,14887.391992382349,14962.391992382349,SL,-75.0,2021-07-06,-2602.41
2021-08-02,2021-08-02 09:31:00-04:00,2021-08-02 11:06:00-04:00,short,15034.330091202091,15034.330091202091,BE,0.0,2021-07-07,-2602.41
2021-08-03,2021-08-03 09:55:00-04:00,2021-08-03 15:00:00-04:00,long,14921.995893743886,15025.25,cutoff,103.25,2021-07-26,-2499.16
2021-08-04,2021-08-04 09:31:00-04:00,2021-08-04 12:00:00-04:00,short,15057.337714992897,15057.337714992897,BE,0.0,2021-07-15,-2499.16
2021-08-05,2021-08-05 09:33:00-04:00,2021-08-05 11:02:00-04:00,short,15086.052130476923,15161.052130476923,SL,-75.0,2021-07-30,-2574.16
2021-08-06,2021-08-06 09:31:00-04:00,2021-08-06 10:31:00-04:00,short,15120.247136821468,15120.247136821468,BE,0.0,2021-07-14,-2574.16
2021-08-09,2021-08-09 09:31:00-04:00,2021-08-09 10:30:00-04:00,short,15131.453675077988,15131.453675077988,BE,0.0,2021-07-23,-2574.16
2021-08-09,2021-08-09 10:55:00-04:00,2021-08-09 11:59:00-04:00,short,15120.247136821468,15120.247136821468,BE,0.0,2021-07-14,-2574.16
2021-08-10,2021-08-10 09:34:00-04:00,2021-08-10 15:00:00-04:00,short,15131.453675077988,15052.5,cutoff,78.95,2021-07-23,-2495.21
2021-08-11,2021-08-11 09:39:00-04:00,2021-08-11 15:00:00-04:00,short,15086.052130476923,15013.75,cutoff,72.3,2021-07-30,-2422.91
2021-08-12,2021-08-12 09:35:00-04:00,2021-08-12 15:00:00-04:00,long,14970.770581591882,15075.5,cutoff,104.73,2021-08-06,-2318.18
2021-08-13,2021-08-13 09:35:00-04:00,2021-08-13 15:00:00-04:00,short,15086.052130476923,15107.75,cutoff,-21.7,2021-07-30,-2339.88
2021-08-16,2021-08-16 09:31:00-04:00,2021-08-16 14:08:00-04:00,short,15086.052130476923,15086.052130476923,BE,0.0,2021-07-30,-2339.88
2021-08-17,2021-08-17 09:36:00-04:00,2021-08-17 10:28:00-04:00,short,15012.191094334647,15012.191094334647,BE,0.0,2021-07-22,-2339.88
2021-08-18,2021-08-18 09:51:00-04:00,2021-08-18 15:00:00-04:00,short,15012.191094334647,14988.5,cutoff,23.69,2021-07-22,-2316.19
2021-08-19,2021-08-19 09:32:00-04:00,2021-08-19 15:00:00-04:00,long,14820.000132088157,14935.25,cutoff,115.25,2021-08-02,-2200.94
2021-08-20,2021-08-20 09:31:00-04:00,2021-08-20 15:00:00-04:00,long,14966.471670240944,15065.5,cutoff,99.03,2021-08-10,-2101.91
2021-08-23,2021-08-23 09:32:00-04:00,2021-08-23 10:06:00-04:00,short,15160.25267047382,15235.25267047382,SL,-75.0,2021-08-12,-2176.91
2021-08-24,2021-08-24 10:09:00-04:00,2021-08-24 11:18:00-04:00,short,15364.265950275054,15364.265950275054,BE,0.0,2021-08-23,-2176.91
2021-08-25,2021-08-25 10:08:00-04:00,2021-08-25 11:43:00-04:00,short,15364.265950275054,15364.265950275054,BE,0.0,2021-08-23,-2176.91
2021-08-26,2021-08-26 10:06:00-04:00,2021-08-26 15:00:00-04:00,short,15364.265950275054,15294.0,cutoff,70.27,2021-08-23,-2106.64
2021-08-27,2021-08-27 09:40:00-04:00,2021-08-27 10:03:00-04:00,short,15293.903329759056,15368.903329759056,SL,-75.0,2021-08-10,-2181.64
2021-08-30,2021-08-30 09:33:00-04:00,2021-08-30 10:22:00-04:00,short,15484.655610356942,15559.655610356942,SL,-75.0,2021-08-24,-2256.64
2021-08-31,2021-08-31 09:37:00-04:00,2021-08-31 10:24:00-04:00,short,15552.237212514417,15552.237212514417,BE,0.0,2021-08-27,-2256.64
2021-09-01,2021-09-01 09:44:00-04:00,2021-09-01 10:29:00-04:00,short,15671.691483257986,15671.691483257986,BE,0.0,2021-08-30,-2256.64
2021-09-02,2021-09-02 09:34:00-04:00,2021-09-02 15:00:00-04:00,short,15671.691483257986,15598.5,cutoff,73.19,2021-08-30,-2183.45
2021-09-07,2021-09-07 10:49:00-04:00,2021-09-07 11:55:00-04:00,short,15671.691483257986,15671.691483257986,BE,0.0,2021-08-30,-2183.45
2021-09-08,2021-09-08 10:38:00-04:00,2021-09-08 11:32:00-04:00,long,15570.883865846456,15570.883865846456,BE,0.0,2021-09-06,-2183.45
2021-09-09,2021-09-09 09:45:00-04:00,2021-09-09 15:00:00-04:00,short,15671.691483257986,15597.75,cutoff,73.94,2021-08-30,-2109.51
2021-09-10,2021-09-10 10:33:00-04:00,2021-09-10 11:18:00-04:00,long,15570.883865846456,15570.883865846456,BE,0.0,2021-09-06,-2109.51
2021-09-13,2021-09-13 09:32:00-04:00,2021-09-13 11:19:00-04:00,short,15552.237212514417,15366.25,TP,185.99,2021-08-27,-1923.52
2021-09-14,2021-09-14 09:32:00-04:00,2021-09-14 10:00:00-04:00,long,15501.736134071361,15426.736134071361,SL,-75.0,2021-09-02,-1998.52
2021-09-15,2021-09-15 09:31:00-04:00,2021-09-15 09:41:00-04:00,long,15415.380775283047,15340.380775283047,SL,-75.0,2021-08-31,-2073.52
2021-09-16,2021-09-16 09:34:00-04:00,2021-09-16 10:03:00-04:00,long,15461.689060791025,15386.689060791025,SL,-75.0,2021-09-10,-2148.52
2021-09-17,2021-09-17 09:36:00-04:00,2021-09-17 10:46:00-04:00,long,15415.380775283047,15340.380775283047,SL,-75.0,2021-08-31,-2223.52
2021-09-20,2021-09-20 09:32:00-04:00,2021-09-20 10:20:00-04:00,long,15103.137787485583,15028.137787485583,SL,-75.0,2021-08-27,-2298.52
2021-09-21,2021-09-21 09:56:00-04:00,2021-09-21 10:06:00-04:00,long,15103.137787485583,15028.137787485583,SL,-75.0,2021-08-27,-2373.52
2021-09-22,2021-09-22 10:08:00-04:00,2021-09-22 14:00:00-04:00,long,15103.137787485583,15103.137787485583,BE,0.0,2021-08-27,-2373.52
2021-09-23,2021-09-23 09:31:00-04:00,2021-09-23 15:00:00-04:00,long,15224.9403948474,15330.0,cutoff,105.06,2021-09-13,-2268.46
2021-09-24,2021-09-24 09:39:00-04:00,2021-09-24 10:33:00-04:00,long,15224.9403948474,15224.9403948474,BE,0.0,2021-09-13,-2268.46
2021-09-24,2021-09-24 10:39:00-04:00,2021-09-24 15:00:00-04:00,long,15241.178088679098,15302.5,cutoff,61.32,2021-09-16,-2207.14
2021-09-27,2021-09-27 09:32:00-04:00,2021-09-27 09:40:00-04:00,long,15177.757575355927,15102.757575355927,SL,-75.0,2021-09-15,-2282.14
2021-09-28,2021-09-28 09:33:00-04:00,2021-09-28 09:45:00-04:00,long,14996.315256417569,14921.315256417569,SL,-75.0,2021-09-23,-2357.14
2021-09-29,2021-09-29 09:32:00-04:00,2021-09-29 10:31:00-04:00,long,14832.556144648473,14832.556144648473,BE,0.0,2021-09-21,-2357.14
2021-09-29,2021-09-29 10:36:00-04:00,2021-09-29 11:39:00-04:00,long,14839.076622902856,14764.076622902856,SL,-75.0,2021-09-22,-2432.14
2021-09-30,2021-09-30 09:37:00-04:00,2021-09-30 10:55:00-04:00,long,14859.188804951025,14784.188804951025,SL,-75.0,2021-09-20,-2507.14
2021-10-01,2021-10-01 09:31:00-04:00,2021-10-01 09:45:00-04:00,long,14700.565788853175,14625.565788853175,SL,-75.0,2021-09-28,-2582.14
2021-10-04,2021-10-04 09:32:00-04:00,2021-10-04 09:41:00-04:00,long,14700.565788853175,14625.565788853175,SL,-75.0,2021-09-28,-2657.14
2021-10-05,2021-10-05 10:05:00-04:00,2021-10-05 15:00:00-04:00,long,14599.441719688431,14733.25,cutoff,133.81,2021-09-29,-2523.33
2021-10-06,2021-10-06 09:41:00-04:00,2021-10-06 10:00:00-04:00,long,14599.441719688431,14524.441719688431,SL,-75.0,2021-09-29,-2598.33
2021-10-07,2021-10-07 09:59:00-04:00,2021-10-07 15:00:00-04:00,short,14955.978758632344,14927.25,cutoff,28.73,2021-10-04,-2569.6
2021-10-08,2021-10-08 09:36:00-04:00,2021-10-08 10:39:00-04:00,long,14859.188804951025,14859.188804951025,BE,0.0,2021-09-20,-2569.6
2021-10-08,2021-10-08 10:40:00-04:00,2021-10-08 11:33:00-04:00,long,14839.076622902856,14839.076622902856,BE,0.0,2021-09-22,-2569.6
2021-10-11,2021-10-11 09:35:00-04:00,2021-10-11 10:00:00-04:00,short,14790.825392440318,14865.825392440318,SL,-75.0,2021-10-05,-2644.6
2021-10-12,2021-10-12 09:32:00-04:00,2021-10-12 10:52:00-04:00,long,14720.10499822078,14645.10499822078,SL,-75.0,2021-10-08,-2719.6
2021-10-13,2021-10-13 09:33:00-04:00,2021-10-13 15:00:00-04:00,long,14720.10499822078,14744.0,cutoff,23.9,2021-10-08,-2695.7
2021-10-14,2021-10-14 09:43:00-04:00,2021-10-14 11:47:00-04:00,short,14938.793156548334,15013.793156548334,SL,-75.0,2021-10-13,-2770.7
2021-10-15,2021-10-15 09:32:00-04:00,2021-10-15 10:19:00-04:00,short,15065.183280311569,15065.183280311569,BE,0.0,2021-09-29,-2770.7
2021-10-15,2021-10-15 10:29:00-04:00,2021-10-15 15:00:00-04:00,long,15050.330935754642,15115.25,cutoff,64.92,2021-09-24,-2705.78
2021-10-18,2021-10-18 09:35:00-04:00,2021-10-18 09:50:00-04:00,short,15065.183280311569,15140.183280311569,SL,-75.0,2021-09-29,-2780.78
2021-10-19,2021-10-19 10:58:00-04:00,2021-10-19 11:44:00-04:00,short,15374.50773238502,15374.50773238502,BE,0.0,2021-09-27,-2780.78
2021-10-21,2021-10-21 09:41:00-04:00,2021-10-21 15:00:00-04:00,short,15374.50773238502,15440.5,cutoff,-65.99,2021-09-27,-2846.77
2021-10-27,2021-10-27 09:35:00-04:00,2021-10-27 10:55:00-04:00,short,15579.37207458463,15654.37207458463,SL,-75.0,2021-10-22,-2921.77
2021-11-01,2021-11-01 09:39:00-04:00,2021-11-01 10:26:00-04:00,short,15820.419023836192,15820.419023836192,BE,0.0,2021-10-29,-2921.77
2021-11-01,2021-11-01 10:39:00-04:00,2021-11-01 15:00:00-04:00,short,15806.826487759488,15825.75,cutoff,-18.92,2021-10-26,-2940.69
2021-11-05,2021-11-05 09:33:00-04:00,2021-11-05 15:00:00-04:00,short,16425.401381401833,16368.25,cutoff,57.15,2021-11-04,-2883.54
2021-11-09,2021-11-09 09:58:00-05:00,2021-11-09 11:12:00-05:00,long,16240.353578456474,16240.353578456474,BE,0.0,2021-11-05,-2883.54
2021-11-10,2021-11-10 09:32:00-05:00,2021-11-10 13:06:00-05:00,long,16056.304931374681,16056.304931374681,BE,0.0,2021-11-09,-2883.54
2021-11-11,2021-11-11 09:38:00-05:00,2021-11-11 10:42:00-05:00,short,16076.619466408012,16076.619466408012,BE,0.0,2021-11-02,-2883.54
2021-11-12,2021-11-12 09:33:00-05:00,2021-11-12 10:45:00-05:00,short,16076.619466408012,16076.619466408012,BE,0.0,2021-11-02,-2883.54
2021-11-15,2021-11-15 09:32:00-05:00,2021-11-15 15:00:00-05:00,short,16237.909274838707,16175.0,cutoff,62.91,2021-11-12,-2820.63
2021-11-16,2021-11-16 09:36:00-05:00,2021-11-16 10:22:00-05:00,short,16237.909274838707,16237.909274838707,BE,0.0,2021-11-12,-2820.63
2021-11-18,2021-11-18 09:31:00-05:00,2021-11-18 11:18:00-05:00,short,16386.3542351281,16386.3542351281,BE,0.0,2021-11-16,-2820.63
2021-11-19,2021-11-19 09:32:00-05:00,2021-11-19 09:57:00-05:00,short,16533.348439223577,16608.348439223577,SL,-75.0,2021-11-08,-2895.63
2021-11-22,2021-11-22 10:04:00-05:00,2021-11-22 11:56:00-05:00,short,16756.992745632924,16502.75,TP,254.24,2021-11-19,-2641.39
2021-11-23,2021-11-23 09:44:00-05:00,2021-11-23 10:09:00-05:00,long,16358.632254367074,16283.632254367074,SL,-75.0,2021-11-19,-2716.39
2021-11-24,2021-11-24 09:31:00-05:00,2021-11-24 15:00:00-05:00,long,16172.026560776421,16324.5,cutoff,152.47,2021-11-08,-2563.92
2021-11-25,2021-11-25 09:35:00-05:00,2021-11-25 12:59:00-05:00,short,16386.3542351281,16404.5,cutoff,-18.15,2021-11-16,-2582.07
2021-11-26,2021-11-26 09:31:00-05:00,2021-11-26 11:25:00-05:00,short,16273.028589163645,16051.0,TP,222.03,2021-11-11,-2360.04
2021-11-29,2021-11-29 09:31:00-05:00,2021-11-29 11:48:00-05:00,short,16273.028589163645,16348.028589163645,SL,-75.0,2021-11-11,-2435.04
2021-11-30,2021-11-30 09:33:00-05:00,2021-11-30 10:36:00-05:00,long,16358.632254367074,16358.632254367074,BE,0.0,2021-11-19,-2435.04
2021-11-30,2021-11-30 10:51:00-05:00,2021-11-30 15:00:00-05:00,short,16273.028589163645,16150.75,cutoff,122.28,2021-11-11,-2312.76
2021-12-01,2021-12-01 10:03:00-05:00,2021-12-01 10:40:00-05:00,long,16358.632254367074,16283.632254367074,SL,-75.0,2021-11-19,-2387.76
2021-12-02,2021-12-02 09:33:00-05:00,2021-12-02 10:18:00-05:00,long,15853.909696935905,15853.909696935905,BE,0.0,2021-11-10,-2387.76
2021-12-02,2021-12-02 10:24:00-05:00,2021-12-02 10:39:00-05:00,long,15871.965725161293,15796.965725161293,SL,-75.0,2021-11-12,-2462.76
2021-12-03,2021-12-03 09:32:00-05:00,2021-12-03 09:39:00-05:00,long,16056.304931374681,15981.304931374681,SL,-75.0,2021-11-09,-2537.76
2021-12-07,2021-12-07 09:33:00-05:00,2021-12-07 14:01:00-05:00,long,16143.1823643428,16323.25,TP,180.07,2021-11-17,-2357.69
2021-12-08,2021-12-08 09:32:00-05:00,2021-12-08 09:50:00-05:00,short,16273.028589163645,16348.028589163645,SL,-75.0,2021-11-11,-2432.69
2021-12-09,2021-12-09 09:32:00-05:00,2021-12-09 10:29:00-05:00,long,16358.632254367074,16283.632254367074,SL,-75.0,2021-11-19,-2507.69
2021-12-10,2021-12-10 09:45:00-05:00,2021-12-10 10:35:00-05:00,long,16226.186692272446,16226.186692272446,BE,0.0,2021-11-25,-2507.69
2021-12-10,2021-12-10 10:36:00-05:00,2021-12-10 11:43:00-05:00,short,16221.309859915767,16221.309859915767,BE,0.0,2021-12-02,-2507.69
2021-12-13,2021-12-13 10:24:00-05:00,2021-12-13 11:27:00-05:00,long,16226.186692272446,16151.186692272446,SL,-75.0,2021-11-25,-2582.69
2021-12-14,2021-12-14 09:38:00-05:00,2021-12-14 10:16:00-05:00,long,15931.566400186064,15856.566400186064,SL,-75.0,2021-11-24,-2657.69
2021-12-15,2021-12-15 09:32:00-05:00,2021-12-15 11:31:00-05:00,long,15869.1494347324,15794.1494347324,SL,-75.0,2021-12-07,-2732.69
2021-12-16,2021-12-16 09:41:00-05:00,2021-12-16 10:01:00-05:00,long,16226.186692272446,16151.186692272446,SL,-75.0,2021-11-25,-2807.69
2021-12-17,2021-12-17 09:42:00-05:00,2021-12-17 10:50:00-05:00,long,15660.17671606175,15861.5,TP,201.32,2021-12-14,-2606.37
2021-12-17,2021-12-17 10:56:00-05:00,2021-12-17 11:43:00-05:00,long,15869.1494347324,15794.1494347324,SL,-75.0,2021-12-07,-2681.37
2021-12-20,2021-12-20 10:58:00-05:00,2021-12-20 15:00:00-05:00,long,15538.9746333709,15596.75,cutoff,57.78,2021-12-03,-2623.59
2021-12-21,2021-12-21 10:03:00-05:00,2021-12-21 14:39:00-05:00,long,15660.17671606175,15926.75,TP,266.57,2021-12-14,-2357.02
2021-12-22,2021-12-22 09:31:00-05:00,2021-12-22 15:00:00-05:00,long,15951.094167052801,16115.0,cutoff,163.91,2021-11-26,-2193.11
2021-12-23,2021-12-23 09:32:00-05:00,2021-12-23 10:49:00-05:00,short,16200.362242887906,16275.362242887906,SL,-75.0,2021-12-22,-2268.11
2021-12-27,2021-12-27 09:32:00-05:00,2021-12-27 10:15:00-05:00,short,16403.39085923301,16478.39085923301,SL,-75.0,2021-12-23,-2343.11
2021-12-28,2021-12-28 09:32:00-05:00,2021-12-28 10:35:00-05:00,short,16572.19648581951,16572.19648581951,BE,0.0,2021-12-01,-2343.11
2021-12-28,2021-12-28 10:43:00-05:00,2021-12-28 11:54:00-05:00,short,16546.317585297707,16546.317585297707,BE,0.0,2021-12-08,-2343.11
2021-12-29,2021-12-29 09:31:00-05:00,2021-12-29 15:00:00-05:00,short,16544.69953135999,16498.25,cutoff,46.45,2021-12-13,-2296.66
2021-12-30,2021-12-30 09:36:00-05:00,2021-12-30 15:00:00-05:00,short,16514.47586666108,16524.25,cutoff,-9.77,2021-12-10,-2306.43
2021-12-31,2021-12-31 09:31:00-05:00,2021-12-31 10:19:00-05:00,short,16420.0253666291,16420.0253666291,BE,0.0,2021-12-03,-2306.43
2021-12-31,2021-12-31 10:26:00-05:00,2021-12-31 11:28:00-05:00,short,16403.39085923301,16403.39085923301,BE,0.0,2021-12-23,-2306.43
2022-01-03,2022-01-03 09:34:00-05:00,2022-01-03 13:41:00-05:00,short,16444.1005652676,16444.1005652676,BE,0.0,2021-12-07,-2306.43
2022-01-04,2022-01-04 10:29:00-05:00,2022-01-04 11:00:00-05:00,short,16403.39085923301,16223.25,TP,180.14,2021-12-23,-2126.29
2022-01-05,2022-01-05 09:31:00-05:00,2022-01-05 10:25:00-05:00,short,16200.362242887906,16200.362242887906,BE,0.0,2021-12-22,-2126.29
2022-01-05,2022-01-05 10:28:00-05:00,2022-01-05 10:39:00-05:00,long,16203.634290688531,16128.634290688531,SL,-75.0,2021-12-31,-2201.29
2022-01-06,2022-01-06 09:36:00-05:00,2022-01-06 10:06:00-05:00,short,15823.338074885565,15641.5,TP,181.84,2021-12-20,-2019.45
2022-01-06,2022-01-06 10:09:00-05:00,2022-01-06 10:57:00-05:00,long,15654.603758391648,15846.5,TP,191.9,2021-12-15,-1827.55
2022-01-07,2022-01-07 09:31:00-05:00,2022-01-07 09:37:00-05:00,long,15750.887757112094,15675.887757112094,SL,-75.0,2021-12-22,-1902.55
2022-01-10,2022-01-10 09:31:00-05:00,2022-01-10 09:55:00-05:00,long,15355.536925114435,15280.536925114435,SL,-75.0,2021-12-20,-1977.55
2022-01-11,2022-01-11 10:12:00-05:00,2022-01-11 11:06:00-05:00,short,15645.538295963997,15645.538295963997,BE,0.0,2022-01-10,-1977.55
2022-01-12,2022-01-12 09:35:00-05:00,2022-01-12 10:31:00-05:00,long,15946.121477519668,15946.121477519668,BE,0.0,2021-12-16,-1977.55
2022-01-13,2022-01-13 09:31:00-05:00,2022-01-13 10:12:00-05:00,long,15946.121477519668,15871.121477519668,SL,-75.0,2021-12-16,-2052.55
2022-01-14,2022-01-14 09:33:00-05:00,2022-01-14 11:07:00-05:00,long,15446.47747178147,15446.47747178147,BE,0.0,2021-12-17,-2052.55
2022-01-18,2022-01-18 09:35:00-05:00,2022-01-18 11:08:00-05:00,long,15288.82998890561,15288.82998890561,BE,0.0,2022-01-11,-2052.55
2022-01-19,2022-01-19 09:33:00-05:00,2022-01-19 10:27:00-05:00,long,15288.82998890561,15288.82998890561,BE,0.0,2022-01-11,-2052.55
2022-01-20,2022-01-20 10:38:00-05:00,2022-01-20 13:03:00-05:00,long,15288.82998890561,15213.82998890561,SL,-75.0,2022-01-11,-2127.55
2022-01-26,2022-01-26 10:45:00-05:00,2022-01-26 12:46:00-05:00,long,14333.793796523118,14526.5,TP,192.71,2022-01-21,-1934.84
2022-01-27,2022-01-27 09:33:00-05:00,2022-01-27 09:36:00-05:00,long,14333.793796523118,14258.793796523118,SL,-75.0,2022-01-21,-2009.84
2022-01-28,2022-01-28 09:33:00-05:00,2022-01-28 09:36:00-05:00,long,13994.623343442407,13919.623343442407,SL,-75.0,2022-01-27,-2084.84
2022-01-31,2022-01-31 09:39:00-05:00,2022-01-31 09:55:00-05:00,short,14545.049395246057,14620.049395246057,SL,-75.0,2022-01-24,-2159.84
2022-02-01,2022-02-01 10:02:00-05:00,2022-02-01 10:25:00-05:00,short,14779.71291498388,14854.71291498388,SL,-75.0,2022-01-26,-2234.84
2022-02-02,2022-02-02 09:31:00-05:00,2022-02-02 09:48:00-05:00,long,15125.980470062965,15050.980470062965,SL,-75.0,2022-01-14,-2309.84
2022-02-03,2022-02-03 09:38:00-05:00,2022-02-03 14:55:00-05:00,short,14779.71291498388,14589.0,TP,190.71,2022-01-26,-2119.13
2022-02-04,2022-02-04 09:35:00-05:00,2022-02-04 10:16:00-05:00,long,14452.756770548807,14635.5,TP,182.74,2022-02-03,-1936.39
2022-02-04,2022-02-04 10:18:00-05:00,2022-02-04 11:16:00-05:00,short,14659.001656557593,14471.75,TP,187.25,2022-01-27,-1749.14
2022-02-07,2022-02-07 09:42:00-05:00,2022-02-07 11:50:00-05:00,short,14779.71291498388,14597.5,TP,182.21,2022-01-26,-1566.93
2022-02-08,2022-02-08 09:31:00-05:00,2022-02-08 10:17:00-05:00,short,14545.049395246057,14545.049395246057,BE,0.0,2022-01-24,-1566.93
2022-02-08,2022-02-08 10:45:00-05:00,2022-02-08 11:05:00-05:00,short,14579.523183272082,14654.523183272082,SL,-75.0,2022-01-25,-1641.93
2022-02-09,2022-02-09 09:33:00-05:00,2022-02-09 10:36:00-05:00,short,14934.757318438846,14934.757318438846,BE,0.0,2022-01-31,-1641.93
2022-02-10,2022-02-10 09:31:00-05:00,2022-02-10 09:40:00-05:00,short,14768.196394257095,14843.196394257095,SL,-75.0,2022-02-08,-1716.93
2022-02-11,2022-02-11 09:35:00-05:00,2022-02-11 10:14:00-05:00,long,14686.470129208425,14611.470129208425,SL,-75.0,2022-02-09,-1791.93
2022-02-14,2022-02-14 09:32:00-05:00,2022-02-14 13:53:00-05:00,long,14196.16912268458,14196.16912268458,BE,0.0,2022-02-04,-1791.93
2022-02-15,2022-02-15 09:31:00-05:00,2022-02-15 10:21:00-05:00,long,14461.172062692864,14461.172062692864,BE,0.0,2022-02-07,-1791.93
2022-02-15,2022-02-15 10:22:00-05:00,2022-02-15 12:47:00-05:00,long,14452.756770548807,14452.756770548807,BE,0.0,2022-02-03,-1791.93
2022-02-16,2022-02-16 09:32:00-05:00,2022-02-16 09:50:00-05:00,long,14470.41572822041,14395.41572822041,SL,-75.0,2022-02-10,-1866.93
2022-02-17,2022-02-17 09:32:00-05:00,2022-02-17 09:54:00-05:00,long,14452.756770548807,14377.756770548807,SL,-75.0,2022-02-03,-1941.93
2022-02-18,2022-02-18 09:31:00-05:00,2022-02-18 09:36:00-05:00,long,14196.16912268458,14121.16912268458,SL,-75.0,2022-02-04,-2016.93
2022-02-21,2022-02-21 09:46:00-05:00,2022-02-21 10:48:00-05:00,long,13810.601816727918,13810.601816727918,BE,0.0,2022-01-25,-2016.93
2022-02-22,2022-02-22 09:33:00-05:00,2022-02-22 10:29:00-05:00,long,13887.148206149974,14084.5,TP,197.35,2022-02-18,-1819.58
2022-02-22,2022-02-22 10:43:00-05:00,2022-02-22 11:10:00-05:00,long,13994.623343442407,13919.623343442407,SL,-75.0,2022-01-27,-1894.58
2022-02-23,2022-02-23 09:31:00-05:00,2022-02-23 09:50:00-05:00,long,13994.623343442407,13919.623343442407,SL,-75.0,2022-01-27,-1969.58
2022-02-25,2022-02-25 09:31:00-05:00,2022-02-25 09:59:00-05:00,long,13943.896446618513,13868.896446618513,SL,-75.0,2022-02-14,-2044.58
2022-02-28,2022-02-28 09:39:00-05:00,2022-02-28 10:00:00-05:00,short,14078.253565031777,14153.253565031777,SL,-75.0,2022-02-21,-2119.58
2022-03-01,2022-03-01 09:32:00-05:00,2022-03-01 10:43:00-05:00,long,14167.059511726718,14167.059511726718,BE,0.0,2022-02-17,-2119.58
2022-03-02,2022-03-02 09:43:00-05:00,2022-03-02 10:29:00-05:00,short,14078.253565031777,14078.253565031777,BE,0.0,2022-02-21,-2119.58
2022-03-03,2022-03-03 09:32:00-05:00,2022-03-03 10:44:00-05:00,short,14321.309474498965,14109.25,TP,212.06,2022-02-28,-1907.52
2022-03-04,2022-03-04 09:31:00-05:00,2022-03-04 09:46:00-05:00,long,13953.51822142953,13878.51822142953,SL,-75.0,2022-03-03,-1982.52
2022-03-07,2022-03-07 09:34:00-05:00,2022-03-07 09:47:00-05:00,long,13812.940525501035,13737.940525501035,SL,-75.0,2022-02-28,-2057.52
2022-03-08,2022-03-08 09:44:00-05:00,2022-03-08 09:50:00-05:00,long,13364.883448128021,13289.883448128021,SL,-75.0,2022-03-07,-2132.52
2022-03-09,2022-03-09 09:31:00-05:00,2022-03-09 09:53:00-05:00,long,13583.380709007208,13508.380709007208,SL,-75.0,2022-02-22,-2207.52
2022-03-10,2022-03-10 10:18:00-05:00,2022-03-10 10:32:00-05:00,long,13583.380709007208,13508.380709007208,SL,-75.0,2022-02-22,-2282.52
2022-03-11,2022-03-11 09:38:00-05:00,2022-03-11 09:56:00-05:00,long,13650.556040944171,13575.556040944171,SL,-75.0,2022-02-25,-2357.52
2022-03-14,2022-03-14 09:47:00-04:00,2022-03-14 11:20:00-04:00,long,13285.748383831722,13285.748383831722,BE,0.0,2022-03-09,-2357.52
2022-03-15,2022-03-15 10:32:00-04:00,2022-03-15 12:03:00-04:00,long,13285.748383831722,13285.748383831722,BE,0.0,2022-03-09,-2357.52
2022-03-16,2022-03-16 09:31:00-04:00,2022-03-16 09:46:00-04:00,short,13656.920458119774,13731.920458119774,SL,-75.0,2022-02-24,-2432.52
2022-03-17,2022-03-17 09:39:00-04:00,2022-03-17 09:57:00-04:00,short,13889.501616168278,13964.501616168278,SL,-75.0,2022-03-09,-2507.52
2022-03-18,2022-03-18 09:36:00-04:00,2022-03-18 10:00:00-04:00,short,14078.253565031777,14153.253565031777,SL,-75.0,2022-02-21,-2582.52
2022-03-21,2022-03-21 09:38:00-04:00,2022-03-21 11:25:00-04:00,short,14418.448845951578,14418.448845951578,BE,0.0,2022-03-18,-2582.52
2022-03-22,2022-03-22 09:31:00-04:00,2022-03-22 10:00:00-04:00,short,14418.448845951578,14493.448845951578,SL,-75.0,2022-03-18,-2657.52
2022-03-24,2022-03-24 10:19:00-04:00,2022-03-24 10:45:00-04:00,short,14453.856455113139,14528.856455113139,SL,-75.0,2022-03-01,-2732.52
2022-03-25,2022-03-25 09:31:00-04:00,2022-03-25 10:24:00-04:00,short,14773.78829240921,14773.78829240921,BE,0.0,2022-03-23,-2732.52
2022-03-25,2022-03-25 10:27:00-04:00,2022-03-25 15:00:00-04:00,short,14757.37972984562,14738.5,cutoff,18.88,2022-03-22,-2713.64
2022-03-28,2022-03-28 09:31:00-04:00,2022-03-28 09:36:00-04:00,short,14773.78829240921,14848.78829240921,SL,-75.0,2022-03-23,-2788.64
2022-03-29,2022-03-29 10:15:00-04:00,2022-03-29 10:56:00-04:00,short,15057.055654262684,15132.055654262684,SL,-75.0,2022-03-28,-2863.64
2022-03-31,2022-03-31 10:02:00-04:00,2022-03-31 13:13:00-04:00,long,14970.528899214507,14970.528899214507,BE,0.0,2022-03-30,-2863.64
2022-04-01,2022-04-01 09:50:00-04:00,2022-04-01 10:39:00-04:00,long,14854.153631311128,14854.153631311128,BE,0.0,2022-03-29,-2863.64
2022-04-04,2022-04-04 09:40:00-04:00,2022-04-04 09:55:00-04:00,short,14969.360156797778,15044.360156797778,SL,-75.0,2022-03-25,-2938.64
2022-04-05,2022-04-05 09:31:00-04:00,2022-04-05 10:46:00-04:00,short,15120.949102656632,14938.25,TP,182.7,2022-04-01,-2755.94
2022-04-05,2022-04-05 10:53:00-04:00,2022-04-05 15:00:00-04:00,short,14969.360156797778,14870.5,cutoff,98.86,2022-03-25,-2657.08
2022-04-06,2022-04-06 09:44:00-04:00,2022-04-06 10:08:00-04:00,long,14535.264843202222,14460.264843202222,SL,-75.0,2022-03-25,-2732.08
2022-04-07,2022-04-07 09:35:00-04:00,2022-04-07 10:40:00-04:00,long,14535.264843202222,14460.264843202222,SL,-75.0,2022-03-25,-2807.08
2022-04-08,2022-04-08 09:34:00-04:00,2022-04-08 10:31:00-04:00,short,14418.448845951578,14418.448845951578,BE,0.0,2022-03-18,-2807.08
2022-04-11,2022-04-11 09:31:00-04:00,2022-04-11 10:26:00-04:00,long,14161.646099407772,14086.646099407772,SL,-75.0,2022-04-08,-2882.08
2022-04-12,2022-04-12 09:31:00-04:00,2022-04-12 10:37:00-04:00,long,14161.646099407772,14161.646099407772,BE,0.0,2022-04-08,-2882.08
2022-04-12,2022-04-12 10:48:00-04:00,2022-04-12 12:07:00-04:00,long,14121.37027015438,14121.37027015438,BE,0.0,2022-03-22,-2882.08
2022-04-13,2022-04-13 09:47:00-04:00,2022-04-13 15:00:00-04:00,long,14039.052082115206,14204.5,cutoff,165.45,2022-03-21,-2716.63
2022-04-14,2022-04-14 09:40:00-04:00,2022-04-14 10:06:00-04:00,long,14161.646099407772,14086.646099407772,SL,-75.0,2022-04-08,-2791.63
2022-04-18,2022-04-18 09:31:00-04:00,2022-04-18 11:22:00-04:00,long,13887.260336477626,13887.260336477626,BE,0.0,2022-04-14,-2791.63
2022-04-19,2022-04-19 09:31:00-04:00,2022-04-19 10:17:00-04:00,long,13887.260336477626,14072.0,TP,184.74,2022-04-14,-2606.89
2022-04-19,2022-04-19 11:00:00-04:00,2022-04-19 14:11:00-04:00,long,14121.37027015438,14121.37027015438,BE,0.0,2022-03-22,-2606.89
2022-04-20,2022-04-20 09:31:00-04:00,2022-04-20 10:01:00-04:00,short,14264.07134928854,14083.75,TP,180.32,2022-04-19,-2426.57
2022-04-21,2022-04-21 09:34:00-04:00,2022-04-21 11:32:00-04:00,short,14264.07134928854,14077.5,TP,186.57,2022-04-19,-2240.0
2022-04-22,2022-04-22 09:39:00-04:00,2022-04-22 10:20:00-04:00,long,13687.236151831392,13612.236151831392,SL,-75.0,2022-04-13,-2315.0
2022-04-25,2022-04-25 10:40:00-04:00,2022-04-25 10:58:00-04:00,long,13403.10441149463,13328.10441149463,SL,-75.0,2022-04-22,-2390.0
2022-04-26,2022-04-26 09:31:00-04:00,2022-04-26 09:43:00-04:00,long,13403.10441149463,13328.10441149463,SL,-75.0,2022-04-22,-2465.0
2022-04-27,2022-04-27 10:14:00-04:00,2022-04-27 12:34:00-04:00,long,13003.087684320895,13194.75,TP,191.66,2022-04-25,-2273.34
2022-04-29,2022-04-29 09:57:00-04:00,2022-04-29 10:16:00-04:00,long,13403.10441149463,13328.10441149463,SL,-75.0,2022-04-22,-2348.34
2022-05-02,2022-05-02 09:31:00-04:00,2022-05-02 09:37:00-04:00,long,12850.993023867017,12775.993023867017,SL,-75.0,2022-04-28,-2423.34
2022-05-03,2022-05-03 09:31:00-04:00,2022-05-03 10:43:00-04:00,long,13003.087684320895,13003.087684320895,BE,0.0,2022-04-25,-2423.34
2022-05-03,2022-05-03 10:44:00-04:00,2022-05-03 14:42:00-04:00,long,13000.695168842729,13000.695168842729,BE,0.0,2022-04-26,-2423.34
2022-05-04,2022-05-04 10:00:00-04:00,2022-05-04 10:34:00-04:00,long,13003.087684320895,12928.087684320895,SL,-75.0,2022-04-25,-2498.34
2022-05-05,2022-05-05 09:46:00-04:00,2022-05-05 10:22:00-04:00,short,13243.875556755043,13052.75,TP,191.13,2022-05-02,-2307.21
2022-05-05,2022-05-05 10:31:00-04:00,2022-05-05 10:42:00-04:00,long,13003.087684320895,12928.087684320895,SL,-75.0,2022-04-25,-2382.21
2022-05-06,2022-05-06 09:32:00-04:00,2022-05-06 09:35:00-04:00,long,12750.137825006215,12675.137825006215,SL,-75.0,2022-05-03,-2457.21
2022-05-09,2022-05-09 09:31:00-04:00,2022-05-09 10:07:00-04:00,long,12476.874443244957,12401.874443244957,SL,-75.0,2022-05-02,-2532.21
2022-05-10,2022-05-10 09:34:00-04:00,2022-05-10 09:44:00-04:00,long,12476.874443244957,12401.874443244957,SL,-75.0,2022-05-02,-2607.21
2022-05-11,2022-05-11 09:46:00-04:00,2022-05-11 10:52:00-04:00,long,12307.665710997568,12307.665710997568,BE,0.0,2022-05-06,-2607.21
2022-05-12,2022-05-12 09:49:00-04:00,2022-05-12 09:55:00-04:00,long,11852.015796082807,11777.015796082807,SL,-75.0,2022-05-11,-2682.21
2022-05-13,2022-05-13 09:33:00-04:00,2022-05-13 10:30:00-04:00,long,12122.912972747228,12318.25,TP,195.34,2022-05-10,-2486.87
2022-05-13,2022-05-13 10:44:00-04:00,2022-05-13 13:55:00-04:00,long,12307.665710997568,12307.665710997568,BE,0.0,2022-05-06,-2486.87
2022-05-16,2022-05-16 09:31:00-04:00,2022-05-16 09:46:00-04:00,long,12307.665710997568,12232.665710997568,SL,-75.0,2022-05-06,-2561.87
2022-05-17,2022-05-17 09:31:00-04:00,2022-05-17 10:34:00-04:00,long,12476.874443244957,12401.874443244957,SL,-75.0,2022-05-02,-2636.87
2022-05-18,2022-05-18 09:42:00-04:00,2022-05-18 10:29:00-04:00,long,12307.665710997568,12307.665710997568,BE,0.0,2022-05-06,-2636.87
2022-05-18,2022-05-18 10:38:00-04:00,2022-05-18 12:28:00-04:00,short,12268.313117446343,12084.25,TP,184.06,2022-05-12,-2452.81
2022-05-19,2022-05-19 09:46:00-04:00,2022-05-19 11:40:00-04:00,long,11852.015796082807,12033.0,TP,180.98,2022-05-11,-2271.83
2022-05-20,2022-05-20 09:31:00-04:00,2022-05-20 10:07:00-04:00,long,12005.07189869616,11930.07189869616,SL,-75.0,2022-05-16,-2346.83
2022-05-23,2022-05-23 09:32:00-04:00,2022-05-23 15:00:00-04:00,long,11852.015796082807,11995.75,cutoff,143.73,2022-05-11,-2203.1
2022-05-24,2022-05-24 09:37:00-04:00,2022-05-24 09:56:00-04:00,long,11779.567880580866,11704.567880580866,SL,-75.0,2022-05-13,-2278.1
2022-05-25,2022-05-25 09:34:00-04:00,2022-05-25 14:07:00-04:00,long,11779.567880580866,11779.567880580866,BE,0.0,2022-05-13,-2278.1
2022-05-26,2022-05-26 09:43:00-04:00,2022-05-26 10:00:00-04:00,short,12058.985649560062,12133.985649560062,SL,-75.0,2022-05-25,-2353.1
2022-05-27,2022-05-27 09:42:00-04:00,2022-05-27 15:00:00-04:00,long,12476.874443244957,12615.5,cutoff,138.63,2022-05-02,-2214.47
2022-05-30,2022-05-30 09:37:00-04:00,2022-05-30 12:59:00-04:00,long,12750.137825006215,12810.0,cutoff,59.86,2022-05-03,-2154.61
2022-05-31,2022-05-31 09:34:00-04:00,2022-05-31 10:06:00-04:00,long,12581.52690726071,12506.52690726071,SL,-75.0,2022-05-30,-2229.61
2022-06-01,2022-06-01 09:31:00-04:00,2022-06-01 10:38:00-04:00,short,12783.688544628802,12586.75,TP,196.94,2022-05-09,-2032.67
2022-06-01,2022-06-01 10:39:00-04:00,2022-06-01 14:22:00-04:00,short,12595.80310130384,12595.80310130384,BE,0.0,2022-05-16,-2032.67
2022-06-02,2022-06-02 09:49:00-04:00,2022-06-02 10:14:00-04:00,short,12554.182119419134,12629.182119419134,SL,-75.0,2022-05-13,-2107.67
2022-06-03,2022-06-03 09:32:00-04:00,2022-06-03 15:00:00-04:00,short,12705.734203917193,12577.0,cutoff,128.73,2022-05-11,-1978.94
2022-06-06,2022-06-06 09:35:00-04:00,2022-06-06 12:32:00-04:00,short,12748.128693461784,12561.5,TP,186.63,2022-05-17,-1792.31
2022-06-07,2022-06-07 09:31:00-04:00,2022-06-07 10:36:00-04:00,long,12439.248149815852,12631.5,TP,192.25,2022-06-03,-1600.06
2022-06-07,2022-06-07 10:46:00-04:00,2022-06-07 15:00:00-04:00,short,12705.734203917193,12666.5,cutoff,39.23,2022-05-11,-1560.83
2022-06-08,2022-06-08 09:49:00-04:00,2022-06-08 10:34:00-04:00,short,12748.128693461784,12748.128693461784,BE,0.0,2022-05-17,-1560.83
2022-06-08,2022-06-08 10:36:00-04:00,2022-06-08 11:21:00-04:00,short,12764.47816450088,12764.47816450088,BE,0.0,2022-06-07,-1560.83
2022-06-09,2022-06-09 09:31:00-04:00,2022-06-09 09:51:00-04:00,short,12554.182119419134,12629.182119419134,SL,-75.0,2022-05-13,-1635.83
2022-06-10,2022-06-10 09:31:00-04:00,2022-06-10 11:04:00-04:00,short,12058.985649560062,11876.25,TP,182.74,2022-05-25,-1453.09
2022-06-13,2022-06-13 09:34:00-04:00,2022-06-13 10:11:00-04:00,long,11557.214238785939,11482.214238785939,SL,-75.0,2022-05-19,-1528.09
2022-06-14,2022-06-14 09:31:00-04:00,2022-06-14 09:41:00-04:00,long,11412.8317476103,11337.8317476103,SL,-75.0,2022-05-24,-1603.09
2022-06-15,2022-06-15 09:36:00-04:00,2022-06-15 14:04:00-04:00,long,11463.889350439938,11463.889350439938,BE,0.0,2022-05-25,-1603.09
2022-06-16,2022-06-16 09:54:00-04:00,2022-06-16 10:40:00-04:00,long,11257.956617134842,11182.956617134842,SL,-75.0,2022-06-15,-1678.09
2022-06-17,2022-06-17 09:31:00-04:00,2022-06-17 10:19:00-04:00,long,11219.639261064722,11219.639261064722,BE,0.0,2022-06-13,-1678.09
2022-06-21,2022-06-21 09:32:00-04:00,2022-06-21 09:40:00-04:00,short,11507.124027557198,11582.124027557198,SL,-75.0,2022-06-17,-1753.09
2022-06-22,2022-06-22 09:31:00-04:00,2022-06-22 09:54:00-04:00,short,11507.124027557198,11582.124027557198,SL,-75.0,2022-06-17,-1828.09
2022-06-23,2022-06-23 09:31:00-04:00,2022-06-23 10:21:00-04:00,short,11673.508306826196,11673.508306826196,BE,0.0,2022-06-14,-1828.09
2022-06-23,2022-06-23 10:51:00-04:00,2022-06-23 12:02:00-04:00,long,11689.07406564783,11614.07406564783,SL,-75.0,2022-06-10,-1903.09
2022-06-24,2022-06-24 09:32:00-04:00,2022-06-24 09:41:00-04:00,short,11874.846477759074,11949.846477759074,SL,-75.0,2022-06-22,-1978.09
2022-06-27,2022-06-27 09:31:00-04:00,2022-06-27 09:34:00-04:00,long,12198.89683549912,12123.89683549912,SL,-75.0,2022-06-07,-2053.09
2022-06-29,2022-06-29 09:45:00-04:00,2022-06-29 15:00:00-04:00,long,11573.314839174785,11660.25,cutoff,86.94,2022-06-24,-1966.15
2022-06-30,2022-06-30 09:33:00-04:00,2022-06-30 11:23:00-04:00,short,11554.674231574641,11554.674231574641,BE,0.0,2022-06-16,-1966.15
2022-07-01,2022-07-01 09:33:00-04:00,2022-07-01 09:53:00-04:00,short,11507.124027557198,11582.124027557198,SL,-75.0,2022-06-17,-2041.15
2022-07-04,2022-07-04 09:44:00-04:00,2022-07-04 11:01:00-04:00,short,11550.179976842752,11550.179976842752,BE,0.0,2022-06-20,-2041.15
2022-07-05,2022-07-05 10:14:00-04:00,2022-07-05 10:38:00-04:00,short,11507.124027557198,11582.124027557198,SL,-75.0,2022-06-17,-2116.15
2022-07-06,2022-07-06 09:31:00-04:00,2022-07-06 10:24:00-04:00,short,11818.83622306228,11818.83622306228,BE,0.0,2022-06-21,-2116.15
2022-07-06,2022-07-06 10:31:00-04:00,2022-07-06 11:21:00-04:00,short,11834.978672108253,11834.978672108253,BE,0.0,2022-06-30,-2116.15
2022-07-07,2022-07-07 09:33:00-04:00,2022-07-07 09:44:00-04:00,short,11946.652302507984,12021.652302507984,SL,-75.0,2022-06-29,-2191.15
2022-07-08,2022-07-08 09:39:00-04:00,2022-07-08 10:36:00-04:00,short,12064.931469469657,12139.931469469657,SL,-75.0,2022-07-06,-2266.15
2022-07-11,2022-07-11 09:37:00-04:00,2022-07-11 10:38:00-04:00,short,11946.652302507984,11946.652302507984,BE,0.0,2022-06-29,-2266.15
2022-07-12,2022-07-12 09:47:00-04:00,2022-07-12 15:00:00-04:00,short,11946.652302507984,11829.5,cutoff,117.15,2022-06-29,-2149.0
2022-07-13,2022-07-13 09:31:00-04:00,2022-07-13 10:43:00-04:00,long,11573.314839174785,11757.75,TP,184.44,2022-06-24,-1964.56
2022-07-13,2022-07-13 10:44:00-04:00,2022-07-13 12:52:00-04:00,short,11796.79142886207,11796.79142886207,BE,0.0,2022-07-01,-1964.56
2022-07-14,2022-07-14 09:31:00-04:00,2022-07-14 09:41:00-04:00,long,11624.902893102582,11549.902893102582,SL,-75.0,2022-07-12,-2039.56
2022-07-15,2022-07-15 09:32:00-04:00,2022-07-15 10:17:00-04:00,short,11946.652302507984,11946.652302507984,BE,0.0,2022-06-29,-2039.56
2022-07-18,2022-07-18 09:46:00-04:00,2022-07-18 11:40:00-04:00,short,12162.60462922617,12162.60462922617,BE,0.0,2022-07-15,-2039.56
2022-07-19,2022-07-19 09:31:00-04:00,2022-07-19 10:26:00-04:00,short,12064.931469469657,12064.931469469657,BE,0.0,2022-07-06,-2039.56
2022-07-20,2022-07-20 09:31:00-04:00,2022-07-20 09:46:00-04:00,short,12267.331807828947,12342.331807828947,SL,-75.0,2022-07-19,-2114.56
2022-07-21,2022-07-21 09:37:00-04:00,2022-07-21 09:55:00-04:00,short,12442.439464275212,12517.439464275212,SL,-75.0,2022-06-27,-2189.56
2022-07-25,2022-07-25 09:38:00-04:00,2022-07-25 10:27:00-04:00,long,12367.146538999308,12292.146538999308,SL,-75.0,2022-07-22,-2264.56
2022-07-26,2022-07-26 09:31:00-04:00,2022-07-26 14:53:00-04:00,short,12286.607287286239,12106.25,TP,180.36,2022-07-08,-2084.2
2022-07-27,2022-07-27 09:33:00-04:00,2022-07-27 09:44:00-04:00,short,12292.55352235163,12367.55352235163,SL,-75.0,2022-07-11,-2159.2
2022-07-28,2022-07-28 09:31:00-04:00,2022-07-28 11:24:00-04:00,short,12639.16047529935,12639.16047529935,BE,0.0,2022-07-25,-2159.2
2022-07-29,2022-07-29 09:42:00-04:00,2022-07-29 13:55:00-04:00,short,12860.228461000692,12935.228461000692,SL,-75.0,2022-07-22,-2234.2
2022-08-01,2022-08-01 09:33:00-04:00,2022-08-01 09:41:00-04:00,short,12860.228461000692,12935.228461000692,SL,-75.0,2022-07-22,-2309.2
2022-08-02,2022-08-02 10:11:00-04:00,2022-08-02 10:43:00-04:00,short,12860.228461000692,12935.228461000692,SL,-75.0,2022-07-22,-2384.2
2022-08-03,2022-08-03 09:38:00-04:00,2022-08-03 10:05:00-04:00,short,13088.189952220942,13163.189952220942,SL,-75.0,2022-07-29,-2459.2
2022-08-04,2022-08-04 09:35:00-04:00,2022-08-04 12:28:00-04:00,short,13312.843340278974,13312.843340278974,BE,0.0,2022-08-03,-2459.2
2022-08-05,2022-08-05 10:02:00-04:00,2022-08-05 10:15:00-04:00,short,13213.492773728021,13288.492773728021,SL,-75.0,2022-08-01,-2534.2
2022-08-08,2022-08-08 09:33:00-04:00,2022-08-08 09:50:00-04:00,short,13312.843340278974,13387.843340278974,SL,-75.0,2022-08-03,-2609.2
2022-08-09,2022-08-09 09:31:00-04:00,2022-08-09 10:00:00-04:00,long,13061.266921843504,12986.266921843504,SL,-75.0,2022-08-04,-2684.2
2022-08-10,2022-08-10 09:33:00-04:00,2022-08-10 10:40:00-04:00,short,13312.843340278974,13312.843340278974,BE,0.0,2022-08-03,-2684.2
2022-08-11,2022-08-11 09:32:00-04:00,2022-08-11 10:18:00-04:00,short,13494.733078156496,13569.733078156496,SL,-75.0,2022-08-04,-2759.2
2022-08-12,2022-08-12 10:10:00-04:00,2022-08-12 11:01:00-04:00,short,13439.758793471228,13439.758793471228,BE,0.0,2022-08-05,-2759.2
2022-08-15,2022-08-15 09:43:00-04:00,2022-08-15 10:28:00-04:00,short,13561.306199819333,13561.306199819333,BE,0.0,2022-08-08,-2759.2
2022-08-16,2022-08-16 09:54:00-04:00,2022-08-16 11:16:00-04:00,short,13606.256169569082,13606.256169569082,BE,0.0,2022-08-12,-2759.2
2022-08-17,2022-08-17 09:32:00-04:00,2022-08-17 14:03:00-04:00,short,13539.715846427483,13539.715846427483,BE,0.0,2022-08-10,-2759.2
2022-08-18,2022-08-18 09:44:00-04:00,2022-08-18 10:40:00-04:00,short,13494.733078156496,13494.733078156496,BE,0.0,2022-08-04,-2759.2
2022-08-19,2022-08-19 09:32:00-04:00,2022-08-19 09:44:00-04:00,long,13416.578272901235,13341.578272901235,SL,-75.0,2022-08-16,-2834.2
2022-08-22,2022-08-22 09:31:00-04:00,2022-08-22 15:00:00-04:00,short,13088.189952220942,12903.5,cutoff,184.69,2022-07-29,-2649.51
2022-08-23,2022-08-23 09:43:00-04:00,2022-08-23 11:01:00-04:00,long,12890.741206528772,12890.741206528772,BE,0.0,2022-08-05,-2649.51
2022-08-24,2022-08-24 09:31:00-04:00,2022-08-24 15:00:00-04:00,long,12890.741206528772,12939.75,cutoff,49.01,2022-08-05,-2600.5
2022-08-25,2022-08-25 10:17:00-04:00,2022-08-25 15:00:00-04:00,long,13061.266921843504,13065.5,cutoff,4.23,2022-08-04,-2596.27
2022-08-26,2022-08-26 09:35:00-04:00,2022-08-26 10:01:00-04:00,long,13148.997800446936,13073.997800446936,SL,-75.0,2022-08-19,-2671.27
2022-08-30,2022-08-30 10:46:00-04:00,2022-08-30 13:12:00-04:00,long,12284.974091751095,12284.974091751095,BE,0.0,2022-08-29,-2671.27
2022-09-02,2022-09-02 10:01:00-04:00,2022-09-02 12:33:00-04:00,long,12284.974091751095,12284.974091751095,BE,0.0,2022-08-29,-2671.27
2022-09-05,2022-09-05 09:36:00-04:00,2022-09-05 12:59:00-04:00,long,12122.82003138804,12136.0,cutoff,13.18,2022-09-02,-2658.09
2022-09-06,2022-09-06 09:32:00-04:00,2022-09-06 09:53:00-04:00,long,12122.82003138804,12047.82003138804,SL,-75.0,2022-09-02,-2733.09
2022-09-07,2022-09-07 09:49:00-04:00,2022-09-07 10:00:00-04:00,long,12122.82003138804,12047.82003138804,SL,-75.0,2022-09-02,-2808.09
2022-09-08,2022-09-08 09:34:00-04:00,2022-09-08 11:00:00-04:00,long,12122.82003138804,12343.25,TP,220.43,2022-09-02,-2587.66
2022-09-09,2022-09-09 09:32:00-04:00,2022-09-09 10:03:00-04:00,short,12452.290778087321,12527.290778087321,SL,-75.0,2022-09-08,-2662.66
2022-09-12,2022-09-12 09:34:00-04:00,2022-09-12 10:25:00-04:00,short,12763.025908248905,12838.025908248905,SL,-75.0,2022-08-29,-2737.66
2022-09-13,2022-09-13 09:42:00-04:00,2022-09-13 14:55:00-04:00,short,12452.290778087321,12226.5,TP,225.79,2022-09-08,-2511.87
2022-09-14,2022-09-14 09:33:00-04:00,2022-09-14 10:26:00-04:00,long,12122.82003138804,12122.82003138804,BE,0.0,2022-09-02,-2511.87
2022-09-14,2022-09-14 10:44:00-04:00,2022-09-14 11:29:00-04:00,long,12201.692910855389,12201.692910855389,BE,0.0,2022-09-13,-2511.87
2022-09-15,2022-09-15 09:31:00-04:00,2022-09-15 10:28:00-04:00,long,12122.82003138804,12122.82003138804,BE,0.0,2022-09-02,-2511.87
2022-09-16,2022-09-16 09:40:00-04:00,2022-09-16 10:29:00-04:00,long,11841.776479599794,11841.776479599794,BE,0.0,2022-09-07,-2511.87
2022-09-19,2022-09-19 09:46:00-04:00,2022-09-19 15:00:00-04:00,long,11913.313166161024,11946.25,cutoff,32.94,2022-09-15,-2478.93
2022-09-20,2022-09-20 09:31:00-04:00,2022-09-20 13:56:00-04:00,long,11913.313166161024,11838.313166161024,SL,-75.0,2022-09-15,-2553.93
2022-09-21,2022-09-21 09:34:00-04:00,2022-09-21 10:48:00-04:00,long,11943.492632717136,11943.492632717136,BE,0.0,2022-09-05,-2553.93
2022-09-22,2022-09-22 09:37:00-04:00,2022-09-22 10:51:00-04:00,long,11635.459348674045,11560.459348674045,SL,-75.0,2022-09-16,-2628.93
2022-09-23,2022-09-23 09:39:00-04:00,2022-09-23 12:07:00-04:00,long,11406.62824728022,11331.62824728022,SL,-75.0,2022-09-22,-2703.93
2022-09-27,2022-09-27 10:09:00-04:00,2022-09-27 11:23:00-04:00,long,11406.62824728022,11406.62824728022,BE,0.0,2022-09-22,-2703.93
2022-09-28,2022-09-28 10:30:00-04:00,2022-09-28 11:15:00-04:00,long,11406.62824728022,11406.62824728022,BE,0.0,2022-09-22,-2703.93
2022-09-29,2022-09-29 10:03:00-04:00,2022-09-29 13:57:00-04:00,long,11205.345983893674,11130.345983893674,SL,-75.0,2022-09-27,-2778.93
2022-09-30,2022-09-30 09:31:00-04:00,2022-09-30 10:17:00-04:00,long,11200.453623716281,11200.453623716281,BE,0.0,2022-09-23,-2778.93
2022-10-03,2022-10-03 09:31:00-04:00,2022-10-03 15:00:00-04:00,long,11109.481280546639,11343.0,cutoff,233.52,2022-09-26,-2545.41
2022-10-04,2022-10-04 09:49:00-04:00,2022-10-04 10:42:00-04:00,short,11592.732172153286,11667.732172153286,SL,-75.0,2022-09-28,-2620.41
2022-10-05,2022-10-05 10:03:00-04:00,2022-10-05 11:36:00-04:00,short,11443.811619535041,11443.811619535041,BE,0.0,2022-09-30,-2620.41
2022-10-06,2022-10-06 09:32:00-04:00,2022-10-06 10:09:00-04:00,long,11620.722659826417,11545.722659826417,SL,-75.0,2022-09-19,-2695.41
2022-10-07,2022-10-07 09:31:00-04:00,2022-10-07 09:51:00-04:00,long,11320.090857567091,11245.090857567091,SL,-75.0,2022-10-06,-2770.41
2022-10-10,2022-10-10 09:31:00-04:00,2022-10-10 09:36:00-04:00,long,11109.481280546639,11034.481280546639,SL,-75.0,2022-09-26,-2845.41
2022-10-11,2022-10-11 09:56:00-04:00,2022-10-11 14:55:00-04:00,long,10839.30938560433,10839.30938560433,BE,0.0,2022-10-03,-2845.41
2022-10-12,2022-10-12 09:31:00-04:00,2022-10-12 10:16:00-04:00,long,10839.30938560433,10839.30938560433,BE,0.0,2022-10-03,-2845.41
2022-10-12,2022-10-12 10:17:00-04:00,2022-10-12 15:00:00-04:00,long,10828.911918928978,10857.0,cutoff,28.09,2022-10-10,-2817.32
2022-10-13,2022-10-13 09:53:00-04:00,2022-10-13 11:16:00-04:00,long,10612.661745419522,10800.0,TP,187.34,2022-10-12,-2629.98
2022-10-14,2022-10-14 09:34:00-04:00,2022-10-14 09:52:00-04:00,long,11109.481280546639,11034.481280546639,SL,-75.0,2022-09-26,-2704.98
2022-10-17,2022-10-17 09:37:00-04:00,2022-10-17 10:34:00-04:00,long,11076.392827846714,11076.392827846714,BE,0.0,2022-09-28,-2704.98
2022-10-17,2022-10-17 10:51:00-04:00,2022-10-17 15:00:00-04:00,long,11058.028823651668,11113.75,cutoff,55.72,2022-10-07,-2649.26
2022-10-18,2022-10-18 09:31:00-04:00,2022-10-18 09:53:00-04:00,long,11406.62824728022,11331.62824728022,SL,-75.0,2022-09-22,-2724.26
2022-10-19,2022-10-19 09:32:00-04:00,2022-10-19 10:15:00-04:00,short,11160.575769298055,11235.575769298055,SL,-75.0,2022-10-11,-2799.26
2022-10-20,2022-10-20 09:31:00-04:00,2022-10-20 10:02:00-04:00,short,11160.575769298055,11235.575769298055,SL,-75.0,2022-10-11,-2874.26
2022-10-21,2022-10-21 09:31:00-04:00,2022-10-21 12:06:00-04:00,long,11007.926225819625,11221.75,TP,213.82,2022-09-29,-2660.44
2022-10-24,2022-10-24 09:32:00-04:00,2022-10-24 10:09:00-04:00,long,11320.090857567091,11245.090857567091,SL,-75.0,2022-10-06,-2735.44
2022-10-25,2022-10-25 09:31:00-04:00,2022-10-25 09:50:00-04:00,short,11564.971176348332,11639.971176348332,SL,-75.0,2022-10-07,-2810.44
2022-10-26,2022-10-26 09:32:00-04:00,2022-10-26 10:01:00-04:00,short,11482.102199235662,11557.102199235662,SL,-75.0,2022-10-20,-2885.44
2022-10-27,2022-10-27 09:32:00-04:00,2022-10-27 10:25:00-04:00,short,11443.811619535041,11443.811619535041,BE,0.0,2022-09-30,-2885.44
2022-10-27,2022-10-27 10:31:00-04:00,2022-10-27 14:24:00-04:00,short,11436.856393169684,11252.75,TP,184.11,2022-10-19,-2701.33
2022-10-28,2022-10-28 09:33:00-04:00,2022-10-28 09:41:00-04:00,short,11282.132898557971,11357.132898557971,SL,-75.0,2022-10-17,-2776.33
2022-10-31,2022-10-31 09:31:00-04:00,2022-10-31 15:00:00-04:00,short,11520.847326126568,11468.5,cutoff,52.35,2022-10-14,-2723.98
2022-11-01,2022-11-01 09:46:00-04:00,2022-11-01 10:58:00-04:00,short,11548.815267270762,11365.0,TP,183.82,2022-10-28,-2540.16
2022-11-02,2022-11-02 09:31:00-04:00,2022-11-02 11:13:00-04:00,long,11320.090857567091,11245.090857567091,SL,-75.0,2022-10-06,-2615.16
2022-11-03,2022-11-03 09:34:00-04:00,2022-11-03 09:51:00-04:00,long,10828.911918928978,10753.911918928978,SL,-75.0,2022-10-10,-2690.16
2022-11-04,2022-11-04 09:32:00-04:00,2022-11-04 09:38:00-04:00,long,10890.143606830316,10815.143606830316,SL,-75.0,2022-10-19,-2765.16
2022-11-07,2022-11-07 09:36:00-05:00,2022-11-07 10:24:00-05:00,long,10890.143606830316,10890.143606830316,BE,0.0,2022-10-19,-2765.16
2022-11-08,2022-11-08 09:33:00-05:00,2022-11-08 13:58:00-05:00,long,11032.598508387524,11032.598508387524,BE,0.0,2022-10-24,-2765.16
2022-11-09,2022-11-09 09:32:00-05:00,2022-11-09 10:33:00-05:00,long,10973.809732729238,10973.809732729238,BE,0.0,2022-10-28,-2765.16
2022-11-10,2022-11-10 09:41:00-05:00,2022-11-10 12:05:00-05:00,long,11295.296535945847,11476.75,TP,181.45,2022-10-25,-2583.71
2022-11-11,2022-11-11 09:45:00-05:00,2022-11-11 10:17:00-05:00,short,11657.433404218707,11732.433404218707,SL,-75.0,2022-10-18,-2658.71
2022-11-14,2022-11-14 09:35:00-05:00,2022-11-14 11:46:00-05:00,short,11747.73290059356,11822.73290059356,SL,-75.0,2022-10-26,-2733.71
2022-11-16,2022-11-16 09:31:00-05:00,2022-11-16 10:16:00-05:00,long,11815.542669975848,11740.542669975848,SL,-75.0,2022-11-15,-2808.71
2022-11-17,2022-11-17 09:36:00-05:00,2022-11-17 15:00:00-05:00,long,11592.448534422849,11683.75,cutoff,91.3,2022-11-16,-2717.41
2022-11-18,2022-11-18 09:49:00-05:00,2022-11-18 15:00:00-05:00,short,11747.73290059356,11668.0,cutoff,79.73,2022-10-26,-2637.68
2022-11-21,2022-11-21 09:35:00-05:00,2022-11-21 15:00:00-05:00,short,11642.144347547288,11588.75,cutoff,53.39,2022-11-10,-2584.29
2022-11-22,2022-11-22 09:31:00-05:00,2022-11-22 10:32:00-05:00,long,11592.448534422849,11592.448534422849,BE,0.0,2022-11-16,-2584.29
2022-11-22,2022-11-22 10:49:00-05:00,2022-11-22 11:41:00-05:00,short,11642.144347547288,11642.144347547288,BE,0.0,2022-11-10,-2584.29
2022-11-23,2022-11-23 09:37:00-05:00,2022-11-23 10:25:00-05:00,short,11790.142005674923,11865.142005674923,SL,-75.0,2022-11-22,-2659.29
2022-11-24,2022-11-24 09:42:00-05:00,2022-11-24 12:59:00-05:00,short,11911.900365803349,11910.75,cutoff,1.15,2022-11-11,-2658.14
2022-11-25,2022-11-25 09:31:00-05:00,2022-11-25 11:28:00-05:00,long,11787.196029486602,11787.196029486602,BE,0.0,2022-11-24,-2658.14
2022-11-29,2022-11-29 09:35:00-05:00,2022-11-29 10:55:00-05:00,long,11592.448534422849,11592.448534422849,BE,0.0,2022-11-16,-2658.14
2022-11-30,2022-11-30 09:31:00-05:00,2022-11-30 10:45:00-05:00,long,11531.556497706162,11531.556497706162,BE,0.0,2022-11-28,-2658.14
2022-12-01,2022-12-01 09:31:00-05:00,2022-12-01 09:50:00-05:00,short,12047.663495039484,12122.663495039484,SL,-75.0,2022-11-18,-2733.14
2022-12-02,2022-12-02 09:33:00-05:00,2022-12-02 14:57:00-05:00,short,11911.900365803349,11986.900365803349,SL,-75.0,2022-11-11,-2808.14
2022-12-05,2022-12-05 09:35:00-05:00,2022-12-05 15:00:00-05:00,short,11951.589013564688,11768.0,cutoff,183.59,2022-11-25,-2624.55
2022-12-06,2022-12-06 09:31:00-05:00,2022-12-06 09:45:00-05:00,long,11787.196029486602,11712.196029486602,SL,-75.0,2022-11-24,-2699.55
2022-12-07,2022-12-07 09:35:00-05:00,2022-12-07 09:49:00-05:00,long,11549.211504960516,11474.211504960516,SL,-75.0,2022-11-18,-2774.55
2022-12-08,2022-12-08 09:31:00-05:00,2022-12-08 09:45:00-05:00,long,11555.739174620234,11480.739174620234,SL,-75.0,2022-11-14,-2849.55
2022-12-09,2022-12-09 09:31:00-05:00,2022-12-09 15:00:00-05:00,long,11592.448534422849,11658.0,cutoff,65.55,2022-11-16,-2784.0
2022-12-12,2022-12-12 09:32:00-05:00,2022-12-12 10:28:00-05:00,short,11702.160192032788,11702.160192032788,BE,0.0,2022-11-30,-2784.0
2022-12-12,2022-12-12 10:30:00-05:00,2022-12-12 15:00:00-05:00,long,11677.698355199149,11761.75,cutoff,84.05,2022-12-02,-2699.95
2022-12-13,2022-12-13 10:32:00-05:00,2022-12-13 12:19:00-05:00,short,12101.919002100312,11899.0,TP,202.92,2022-12-05,-2497.03
2022-12-14,2022-12-14 09:31:00-05:00,2022-12-14 10:05:00-05:00,short,11951.589013564688,12026.589013564688,SL,-75.0,2022-11-25,-2572.03
2022-12-15,2022-12-15 09:31:00-05:00,2022-12-15 11:18:00-05:00,short,11702.160192032788,11485.75,TP,216.41,2022-11-30,-2355.62
2022-12-16,2022-12-16 09:33:00-05:00,2022-12-16 10:14:00-05:00,long,11443.71813437147,11368.71813437147,SL,-75.0,2022-11-21,-2430.62
2022-12-19,2022-12-19 09:32:00-05:00,2022-12-19 10:05:00-05:00,long,11315.876460299049,11240.876460299049,SL,-75.0,2022-12-08,-2505.62
2022-12-20,2022-12-20 09:32:00-05:00,2022-12-20 11:17:00-05:00,long,11121.328961004048,11121.328961004048,BE,0.0,2022-12-19,-2505.62
2022-12-21,2022-12-21 09:32:00-05:00,2022-12-21 15:00:00-05:00,long,11199.22694931163,11340.75,cutoff,141.52,2022-12-16,-2364.1
2022-12-22,2022-12-22 09:39:00-05:00,2022-12-22 10:11:00-05:00,long,11121.328961004048,11046.328961004048,SL,-75.0,2022-12-19,-2439.1
2022-12-23,2022-12-23 09:33:00-05:00,2022-12-23 09:35:00-05:00,long,11036.300929721321,10961.300929721321,SL,-75.0,2022-12-21,-2514.1
2022-12-27,2022-12-27 09:45:00-05:00,2022-12-27 13:56:00-05:00,long,10915.475907871558,10915.475907871558,BE,0.0,2022-12-20,-2514.1
2022-12-28,2022-12-28 10:26:00-05:00,2022-12-28 10:58:00-05:00,long,10915.475907871558,10840.475907871558,SL,-75.0,2022-12-20,-2589.1
2022-12-29,2022-12-29 09:36:00-05:00,2022-12-29 15:00:00-05:00,long,10906.194220248482,11030.25,cutoff,124.06,2022-12-22,-2465.04
2022-12-30,2022-12-30 09:31:00-05:00,2022-12-30 15:00:00-05:00,long,10915.475907871558,10904.75,cutoff,-10.73,2022-12-20,-2475.77
2023-01-03,2023-01-03 09:33:00-05:00,2023-01-03 10:30:00-05:00,short,11119.219818904501,10936.0,TP,183.22,2022-12-28,-2292.55
2023-01-03,2023-01-03 10:31:00-05:00,2023-01-03 15:00:00-05:00,long,10915.475907871558,10938.0,cutoff,22.52,2022-12-20,-2270.03
2023-01-04,2023-01-04 09:42:00-05:00,2023-01-04 09:46:00-05:00,long,11036.300929721321,10961.300929721321,SL,-75.0,2022-12-21,-2345.03
2023-01-05,2023-01-05 09:31:00-05:00,2023-01-05 09:40:00-05:00,long,10906.194220248482,10831.194220248482,SL,-75.0,2022-12-22,-2420.03
2023-01-06,2023-01-06 09:36:00-05:00,2023-01-06 09:38:00-05:00,long,10915.475907871558,10840.475907871558,SL,-75.0,2022-12-20,-2495.03
2023-01-09,2023-01-09 09:31:00-05:00,2023-01-09 09:53:00-05:00,short,11232.564966598495,11307.564966598495,SL,-75.0,2022-12-27,-2570.03
2023-01-10,2023-01-10 09:33:00-05:00,2023-01-10 10:29:00-05:00,long,11199.22694931163,11199.22694931163,BE,0.0,2022-12-16,-2570.03
2023-01-10,2023-01-10 10:45:00-05:00,2023-01-10 15:00:00-05:00,long,11121.328961004048,11249.25,cutoff,127.92,2022-12-19,-2442.11
2023-01-11,2023-01-11 10:10:00-05:00,2023-01-11 11:15:00-05:00,short,11365.024092128442,11365.024092128442,BE,0.0,2022-12-20,-2442.11
2023-01-12,2023-01-12 09:37:00-05:00,2023-01-12 10:15:00-05:00,short,11423.199070278679,11498.199070278679,SL,-75.0,2022-12-21,-2517.11
2023-01-13,2023-01-13 09:33:00-05:00,2023-01-13 10:06:00-05:00,short,11430.629767914592,11505.629767914592,SL,-75.0,2023-01-09,-2592.11
2023-01-17,2023-01-17 10:00:00-05:00,2023-01-17 12:05:00-05:00,short,11631.48996521479,11631.48996521479,BE,0.0,2023-01-13,-2592.11
2023-01-18,2023-01-18 09:31:00-05:00,2023-01-18 13:26:00-05:00,short,11716.054661598511,11505.25,TP,210.8,2023-01-12,-2381.31
2023-01-19,2023-01-19 09:31:00-05:00,2023-01-19 10:55:00-05:00,long,11413.349099754087,11338.349099754087,SL,-75.0,2023-01-17,-2456.31
2023-01-20,2023-01-20 09:33:00-05:00,2023-01-20 10:06:00-05:00,short,11402.930779751518,11477.930779751518,SL,-75.0,2022-12-22,-2531.31
2023-01-23,2023-01-23 09:35:00-05:00,2023-01-23 09:50:00-05:00,short,11716.054661598511,11791.054661598511,SL,-75.0,2023-01-12,-2606.31
2023-01-24,2023-01-24 09:32:00-05:00,2023-01-24 09:54:00-05:00,short,11869.08571788345,11944.08571788345,SL,-75.0,2023-01-18,-2681.31
2023-01-25,2023-01-25 09:32:00-05:00,2023-01-25 10:00:00-05:00,long,11693.33517488565,11618.33517488565,SL,-75.0,2023-01-24,-2756.31
2023-01-26,2023-01-26 09:32:00-05:00,2023-01-26 14:42:00-05:00,short,12061.53982511435,12061.53982511435,BE,0.0,2023-01-24,-2756.31
2023-01-30,2023-01-30 10:25:00-05:00,2023-01-30 11:16:00-05:00,short,12061.53982511435,12061.53982511435,BE,0.0,2023-01-24,-2756.31
2023-01-31,2023-01-31 10:30:00-05:00,2023-01-31 15:00:00-05:00,short,12061.53982511435,12111.5,cutoff,-49.96,2023-01-24,-2806.27
2023-02-06,2023-02-06 10:20:00-05:00,2023-02-06 15:00:00-05:00,long,12500.098735179718,12530.5,cutoff,30.4,2023-02-02,-2775.87
2023-02-07,2023-02-07 09:31:00-05:00,2023-02-07 12:52:00-05:00,long,12500.098735179718,12694.75,TP,194.65,2023-02-02,-2581.22
2023-02-08,2023-02-08 09:36:00-05:00,2023-02-08 15:00:00-05:00,short,12719.843876099361,12566.75,cutoff,153.09,2023-02-06,-2428.13
2023-02-09,2023-02-09 09:36:00-05:00,2023-02-09 14:42:00-05:00,short,12679.456137181118,12477.25,TP,202.21,2023-02-07,-2225.92
2023-02-10,2023-02-10 09:40:00-05:00,2023-02-10 10:45:00-05:00,long,12340.168862818882,12340.168862818882,BE,0.0,2023-02-07,-2225.92
2023-02-10,2023-02-10 10:52:00-05:00,2023-02-10 11:37:00-05:00,long,12320.31182394092,12320.31182394092,BE,0.0,2023-02-03,-2225.92
2023-02-13,2023-02-13 10:53:00-05:00,2023-02-13 14:47:00-05:00,long,12492.511587784786,12492.511587784786,BE,0.0,2023-02-09,-2225.92
2023-02-14,2023-02-14 09:42:00-05:00,2023-02-14 10:38:00-05:00,long,12500.098735179718,12500.098735179718,BE,0.0,2023-02-02,-2225.92
2023-02-14,2023-02-14 10:39:00-05:00,2023-02-14 11:26:00-05:00,long,12492.511587784786,12492.511587784786,BE,0.0,2023-02-09,-2225.92
2023-02-15,2023-02-15 09:42:00-05:00,2023-02-15 11:06:00-05:00,short,12614.653492198106,12614.653492198106,BE,0.0,2023-02-13,-2225.92
2023-02-16,2023-02-16 09:37:00-05:00,2023-02-16 15:00:00-05:00,long,12500.098735179718,12652.25,cutoff,152.15,2023-02-02,-2073.77
2023-02-17,2023-02-17 09:37:00-05:00,2023-02-17 09:54:00-05:00,long,12377.141552724202,12302.141552724202,SL,-75.0,2023-02-15,-2148.77
2023-02-20,2023-02-20 10:10:00-05:00,2023-02-20 12:59:00-05:00,long,12377.141552724202,12366.75,cutoff,-10.39,2023-02-15,-2159.16
2023-02-21,2023-02-21 09:39:00-05:00,2023-02-21 10:14:00-05:00,long,12259.764318305486,12184.764318305486,SL,-75.0,2023-02-20,-2234.16
2023-02-22,2023-02-22 09:31:00-05:00,2023-02-22 10:16:00-05:00,long,12122.640010897961,12047.640010897961,SL,-75.0,2023-02-10,-2309.16
2023-02-23,2023-02-23 09:38:00-05:00,2023-02-23 10:49:00-05:00,long,12200.096507801894,12125.096507801894,SL,-75.0,2023-02-13,-2384.16
2023-02-24,2023-02-24 09:44:00-05:00,2023-02-24 15:00:00-05:00,long,11986.569081537058,12006.0,cutoff,19.43,2023-02-01,-2364.73
2023-02-27,2023-02-27 09:31:00-05:00,2023-02-27 10:36:00-05:00,long,12122.640010897961,12122.640010897961,BE,0.0,2023-02-10,-2364.73
2023-02-28,2023-02-28 09:34:00-05:00,2023-02-28 15:00:00-05:00,long,12041.934029496524,12124.5,cutoff,82.57,2023-02-21,-2282.16
2023-03-01,2023-03-01 09:32:00-05:00,2023-03-01 10:11:00-05:00,long,12041.934029496524,11966.934029496524,SL,-75.0,2023-02-21,-2357.16
2023-03-02,2023-03-02 09:55:00-05:00,2023-03-02 10:42:00-05:00,long,11896.630632581931,11896.630632581931,BE,0.0,2023-02-28,-2357.16
2023-03-03,2023-03-03 09:35:00-05:00,2023-03-03 15:00:00-05:00,long,12122.640010897961,12304.75,cutoff,182.11,2023-02-10,-2175.05
2023-03-06,2023-03-06 09:34:00-05:00,2023-03-06 13:09:00-05:00,long,12377.141552724202,12377.141552724202,BE,0.0,2023-02-15,-2175.05
2023-03-07,2023-03-07 09:33:00-05:00,2023-03-07 15:00:00-05:00,short,12335.463802876478,12146.5,cutoff,188.96,2023-02-22,-1986.09
2023-03-08,2023-03-08 09:31:00-05:00,2023-03-08 10:01:00-05:00,long,12200.096507801894,12125.096507801894,SL,-75.0,2023-02-13,-2061.09
2023-03-09,2023-03-09 09:47:00-05:00,2023-03-09 10:32:00-05:00,short,12315.940277770056,12315.940277770056,BE,0.0,2023-02-27,-2061.09
2023-03-09,2023-03-09 10:33:00-05:00,2023-03-09 13:43:00-05:00,short,12335.463802876478,12153.75,TP,181.71,2023-02-22,-1879.38
2023-03-10,2023-03-10 09:31:00-05:00,2023-03-10 09:41:00-05:00,long,11990.36684265277,11915.36684265277,SL,-75.0,2023-03-08,-1954.38
2023-03-13,2023-03-13 09:31:00-04:00,2023-03-13 11:02:00-04:00,long,11892.536197123522,12087.5,TP,194.96,2023-02-22,-1759.42
2023-03-14,2023-03-14 09:35:00-04:00,2023-03-14 09:48:00-04:00,short,12213.8751113092,12288.8751113092,SL,-75.0,2023-03-10,-1834.42
2023-03-15,2023-03-15 09:31:00-04:00,2023-03-15 10:59:00-04:00,short,12238.518763479362,12238.518763479362,BE,0.0,2023-03-01,-1834.42
2023-03-16,2023-03-16 09:31:00-04:00,2023-03-16 10:00:00-04:00,short,12344.409548221498,12419.409548221498,SL,-75.0,2023-03-03,-1909.42
2023-03-20,2023-03-20 09:38:00-04:00,2023-03-20 10:58:00-04:00,short,12574.322326522724,12649.322326522724,SL,-75.0,2023-03-16,-1984.42
2023-03-21,2023-03-21 09:32:00-04:00,2023-03-21 13:28:00-04:00,short,12804.894940581522,12804.894940581522,BE,0.0,2023-03-20,-1984.42
2023-03-23,2023-03-23 10:27:00-04:00,2023-03-23 11:08:00-04:00,short,12950.11013849888,13025.11013849888,SL,-75.0,2023-03-17,-2059.42
2023-03-24,2023-03-24 09:34:00-04:00,2023-03-24 10:26:00-04:00,short,12804.894940581522,12804.894940581522,BE,0.0,2023-03-20,-2059.42
2023-03-27,2023-03-27 09:46:00-04:00,2023-03-27 15:00:00-04:00,short,12950.11013849888,12856.25,cutoff,93.86,2023-03-17,-1965.56
2023-03-28,2023-03-28 09:33:00-04:00,2023-03-28 10:33:00-04:00,long,12736.870630244797,12661.870630244797,SL,-75.0,2023-03-27,-2040.56
2023-03-30,2023-03-30 09:32:00-04:00,2023-03-30 10:21:00-04:00,short,13064.150579592297,13064.150579592297,BE,0.0,2023-03-22,-2040.56
2023-03-30,2023-03-30 10:24:00-04:00,2023-03-30 15:00:00-04:00,short,13081.252403799639,13066.25,cutoff,15.0,2023-03-23,-2025.56
2023-03-31,2023-03-31 09:31:00-04:00,2023-03-31 10:35:00-04:00,short,13102.629369755203,13177.629369755203,SL,-75.0,2023-03-27,-2100.56
2023-04-03,2023-04-03 09:33:00-04:00,2023-04-03 15:00:00-04:00,short,13229.398844923153,13225.25,cutoff,4.15,2023-03-30,-2096.41
2023-04-04,2023-04-04 09:36:00-04:00,2023-04-04 10:21:00-04:00,short,13276.531225931143,13276.531225931143,BE,0.0,2023-03-31,-2096.41
2023-04-05,2023-04-05 10:19:00-04:00,2023-04-05 11:00:00-04:00,long,13100.946936245124,13025.946936245124,SL,-75.0,2023-04-04,-2171.41
2023-04-06,2023-04-06 09:31:00-04:00,2023-04-06 11:32:00-04:00,short,13008.379541218379,13083.379541218379,SL,-75.0,2023-03-24,-2246.41
2023-04-10,2023-04-10 09:37:00-04:00,2023-04-10 10:22:00-04:00,short,13008.379541218379,13008.379541218379,BE,0.0,2023-03-24,-2246.41
2023-04-11,2023-04-11 09:42:00-04:00,2023-04-11 15:00:00-04:00,long,13100.946936245124,13127.25,cutoff,26.3,2023-04-04,-2220.11
2023-04-12,2023-04-12 09:41:00-04:00,2023-04-12 10:55:00-04:00,long,13100.946936245124,13025.946936245124,SL,-75.0,2023-04-04,-2295.11
2023-04-13,2023-04-13 09:31:00-04:00,2023-04-13 10:14:00-04:00,short,13044.435005252406,13119.435005252406,SL,-75.0,2023-03-29,-2370.11
2023-04-14,2023-04-14 09:38:00-04:00,2023-04-14 15:00:00-04:00,short,13194.007949922367,13167.5,cutoff,26.51,2023-04-06,-2343.6
2023-04-17,2023-04-17 09:36:00-04:00,2023-04-17 15:00:00-04:00,short,13194.007949922367,13143.25,cutoff,50.76,2023-04-06,-2292.84
2023-04-18,2023-04-18 09:31:00-04:00,2023-04-18 15:00:00-04:00,short,13276.531225931143,13159.25,cutoff,117.28,2023-03-31,-2175.56
2023-04-19,2023-04-19 09:33:00-04:00,2023-04-19 11:57:00-04:00,short,13102.629369755203,13177.629369755203,SL,-75.0,2023-03-27,-2250.56
2023-04-20,2023-04-20 09:32:00-04:00,2023-04-20 10:33:00-04:00,short,13081.252403799639,13156.252403799639,SL,-75.0,2023-03-23,-2325.56
2023-04-21,2023-04-21 09:34:00-04:00,2023-04-21 10:02:00-04:00,long,13062.13261025822,12987.13261025822,SL,-75.0,2023-04-03,-2400.56
2023-04-24,2023-04-24 09:31:00-04:00,2023-04-24 10:35:00-04:00,long,13062.13261025822,13062.13261025822,BE,0.0,2023-04-03,-2400.56
2023-04-24,2023-04-24 10:36:00-04:00,2023-04-24 11:53:00-04:00,long,13049.068378614229,12974.068378614229,SL,-75.0,2023-04-18,-2475.56
2023-04-25,2023-04-25 09:46:00-04:00,2023-04-25 12:33:00-04:00,long,12969.69249010037,12894.69249010037,SL,-75.0,2023-04-05,-2550.56
2023-04-26,2023-04-26 09:31:00-04:00,2023-04-26 15:00:00-04:00,long,12931.882433696444,12887.75,cutoff,-44.13,2023-04-24,-2594.69
2023-04-27,2023-04-27 09:33:00-04:00,2023-04-27 15:00:00-04:00,long,13017.100469293404,13236.25,cutoff,219.15,2023-04-17,-2375.54
2023-04-28,2023-04-28 09:31:00-04:00,2023-04-28 15:00:00-04:00,short,13239.617566303556,13285.25,cutoff,-45.63,2023-04-24,-2421.17
2023-05-01,2023-05-01 09:50:00-04:00,2023-05-01 10:56:00-04:00,short,13317.369563930908,13317.369563930908,BE,0.0,2023-04-11,-2421.17
2023-05-01,2023-05-01 10:58:00-04:00,2023-05-01 12:28:00-04:00,short,13317.524530706596,13317.524530706596,BE,0.0,2023-04-17,-2421.17
2023-05-02,2023-05-02 10:12:00-04:00,2023-05-02 15:00:00-04:00,short,13239.617566303556,13205.75,cutoff,33.87,2023-04-24,-2387.3
2023-05-03,2023-05-03 09:34:00-04:00,2023-05-03 14:00:00-04:00,short,13195.157886365982,13270.157886365982,SL,-75.0,2023-04-10,-2462.3
2023-05-04,2023-05-04 09:32:00-04:00,2023-05-04 15:00:00-04:00,long,13049.068378614229,13060.5,cutoff,11.43,2023-04-18,-2450.87
2023-05-05,2023-05-05 09:31:00-04:00,2023-05-05 10:05:00-04:00,short,13135.420594916273,13210.420594916273,SL,-75.0,2023-04-25,-2525.87
2023-05-10,2023-05-10 09:32:00-04:00,2023-05-10 15:00:00-04:00,short,13410.064913270078,13394.25,cutoff,15.81,2023-04-28,-2510.06
2023-05-11,2023-05-11 09:45:00-04:00,2023-05-11 10:48:00-04:00,short,13410.064913270078,13410.064913270078,BE,0.0,2023-04-28,-2510.06
2023-05-11,2023-05-11 10:55:00-04:00,2023-05-11 15:00:00-04:00,short,13411.199002032656,13464.25,cutoff,-53.05,2023-05-09,-2563.11
2023-05-12,2023-05-12 09:51:00-04:00,2023-05-12 15:00:00-04:00,short,13458.181621385771,13343.5,cutoff,114.68,2023-04-18,-2448.43
2023-05-15,2023-05-15 09:31:00-04:00,2023-05-15 11:12:00-04:00,short,13410.064913270078,13410.064913270078,BE,0.0,2023-04-28,-2448.43
2023-05-16,2023-05-16 09:31:00-04:00,2023-05-16 10:57:00-04:00,short,13454.855520657635,13529.855520657635,SL,-75.0,2023-05-02,-2523.43
2023-05-19,2023-05-19 10:09:00-04:00,2023-05-19 10:54:00-04:00,short,13876.997621295763,13876.997621295763,BE,0.0,2023-05-18,-2523.43
2023-05-22,2023-05-22 09:34:00-04:00,2023-05-22 15:00:00-04:00,short,13876.997621295763,13922.25,cutoff,-45.25,2023-05-18,-2568.68
2023-05-23,2023-05-23 09:56:00-04:00,2023-05-23 15:00:00-04:00,short,13876.997621295763,13742.0,cutoff,135.0,2023-05-18,-2433.68
2023-05-24,2023-05-24 09:34:00-04:00,2023-05-24 15:00:00-04:00,short,13654.647370426488,13613.5,cutoff,41.15,2023-05-17,-2392.53
2023-05-25,2023-05-25 09:38:00-04:00,2023-05-25 10:28:00-04:00,short,13876.997621295763,13876.997621295763,BE,0.0,2023-05-18,-2392.53
2023-05-26,2023-05-26 09:33:00-04:00,2023-05-26 09:52:00-04:00,short,14037.217523662237,14112.217523662237,SL,-75.0,2023-05-19,-2467.53
2023-05-30,2023-05-30 09:33:00-04:00,2023-05-30 15:00:00-04:00,short,14500.603669049202,14423.75,cutoff,76.85,2023-05-29,-2390.68
2023-05-31,2023-05-31 10:50:00-04:00,2023-05-31 13:30:00-04:00,short,14320.83787356036,14320.83787356036,BE,0.0,2023-05-26,-2390.68
2023-06-01,2023-06-01 09:35:00-04:00,2023-06-01 13:24:00-04:00,long,14264.119260834668,14451.75,TP,187.63,2023-05-30,-2203.05
2023-06-02,2023-06-02 09:48:00-04:00,2023-06-02 10:43:00-04:00,short,14550.866559532675,14550.866559532675,BE,0.0,2023-05-31,-2203.05
2023-06-06,2023-06-06 09:48:00-04:00,2023-06-06 15:00:00-04:00,short,14550.866559532675,14585.5,cutoff,-34.63,2023-05-31,-2237.68
2023-06-07,2023-06-07 10:29:00-04:00,2023-06-07 13:44:00-04:00,short,14550.866559532675,14363.25,TP,187.62,2023-05-31,-2050.06
2023-06-08,2023-06-08 10:07:00-04:00,2023-06-08 15:00:00-04:00,long,14398.542957657737,14484.0,cutoff,85.46,2023-06-06,-1964.6
2023-06-12,2023-06-12 09:33:00-04:00,2023-06-12 10:23:00-04:00,short,14796.265242329355,14796.265242329355,BE,0.0,2023-06-07,-1964.6
2023-06-16,2023-06-16 09:38:00-04:00,2023-06-16 15:00:00-04:00,short,15385.305026003243,15313.75,cutoff,71.56,2023-06-15,-1893.04
2023-06-20,2023-06-20 09:48:00-04:00,2023-06-20 15:00:00-04:00,short,15302.861882702957,15248.75,cutoff,54.11,2023-06-13,-1838.93
2023-06-21,2023-06-21 09:56:00-04:00,2023-06-21 10:49:00-04:00,long,15127.861700125628,15052.861700125628,SL,-75.0,2023-06-19,-1913.93
2023-06-22,2023-06-22 10:15:00-04:00,2023-06-22 15:00:00-04:00,long,15127.861700125628,15189.5,cutoff,61.64,2023-06-19,-1852.29
2023-06-26,2023-06-26 10:00:00-04:00,2023-06-26 10:40:00-04:00,long,15127.861700125628,15052.861700125628,SL,-75.0,2023-06-19,-1927.29
2023-06-27,2023-06-27 09:31:00-04:00,2023-06-27 10:24:00-04:00,short,14933.600874196422,14933.600874196422,BE,0.0,2023-06-12,-1927.29
2023-06-27,2023-06-27 10:29:00-04:00,2023-06-27 15:00:00-04:00,long,14948.069973996757,15106.0,cutoff,157.93,2023-06-15,-1769.36
2023-06-28,2023-06-28 09:42:00-04:00,2023-06-28 10:35:00-04:00,short,15097.764370310375,15172.764370310375,SL,-75.0,2023-06-27,-1844.36
2023-06-29,2023-06-29 09:32:00-04:00,2023-06-29 10:22:00-04:00,short,15097.764370310375,15097.764370310375,BE,0.0,2023-06-27,-1844.36
2023-06-30,2023-06-30 09:31:00-04:00,2023-06-30 10:04:00-04:00,short,15255.780357455948,15330.780357455948,SL,-75.0,2023-06-22,-1919.36
2023-07-03,2023-07-03 09:31:00-04:00,2023-07-03 10:23:00-04:00,short,15364.888299874372,15364.888299874372,BE,0.0,2023-06-19,-1919.36
2023-07-04,2023-07-04 09:34:00-04:00,2023-07-04 12:59:00-04:00,short,15364.888299874372,15344.5,cutoff,20.39,2023-06-19,-1898.97
2023-07-05,2023-07-05 09:41:00-04:00,2023-07-05 15:00:00-04:00,short,15364.888299874372,15375.0,cutoff,-10.11,2023-06-19,-1909.08
2023-07-06,2023-07-06 09:31:00-04:00,2023-07-06 12:34:00-04:00,short,15212.592497052523,15212.592497052523,BE,0.0,2023-06-23,-1909.08
2023-07-07,2023-07-07 09:32:00-04:00,2023-07-07 10:17:00-04:00,long,15217.434278627898,15217.434278627898,BE,0.0,2023-07-03,-1909.08
2023-07-07,2023-07-07 10:25:00-04:00,2023-07-07 15:00:00-04:00,long,15222.97180417187,15301.25,cutoff,78.28,2023-06-16,-1830.8
2023-07-10,2023-07-10 09:32:00-04:00,2023-07-10 15:00:00-04:00,short,15212.592497052523,15188.5,cutoff,24.09,2023-06-23,-1806.71
2023-07-11,2023-07-11 09:34:00-04:00,2023-07-11 11:03:00-04:00,short,15212.592497052523,15212.592497052523,BE,0.0,2023-06-23,-1806.71
2023-07-12,2023-07-12 09:48:00-04:00,2023-07-12 15:00:00-04:00,short,15454.584264870435,15452.0,cutoff,2.58,2023-06-20,-1804.13
2023-07-17,2023-07-17 09:59:00-04:00,2023-07-17 13:47:00-04:00,short,15737.212499807722,15812.212499807722,SL,-75.0,2023-07-13,-1879.13
2023-07-20,2023-07-20 10:00:00-04:00,2023-07-20 10:20:00-04:00,long,15853.012583429381,15778.012583429381,SL,-75.0,2023-07-19,-1954.13
2023-07-21,2023-07-21 09:52:00-04:00,2023-07-21 10:29:00-04:00,long,15627.390811500729,15552.390811500729,SL,-75.0,2023-07-18,-2029.13
2023-07-24,2023-07-24 09:32:00-04:00,2023-07-24 09:51:00-04:00,long,15602.940801120098,15527.940801120098,SL,-75.0,2023-07-20,-2104.13
2023-07-25,2023-07-25 09:35:00-04:00,2023-07-25 13:21:00-04:00,short,15629.844376715555,15704.844376715555,SL,-75.0,2023-07-12,-2179.13
2023-07-26,2023-07-26 09:31:00-04:00,2023-07-26 10:57:00-04:00,long,15627.390811500729,15552.390811500729,SL,-75.0,2023-07-18,-2254.13
2023-07-27,2023-07-27 09:35:00-04:00,2023-07-27 10:29:00-04:00,long,15853.012583429381,15778.012583429381,SL,-75.0,2023-07-19,-2329.13
2023-07-28,2023-07-28 09:31:00-04:00,2023-07-28 09:51:00-04:00,short,15737.212499807722,15812.212499807722,SL,-75.0,2023-07-13,-2404.13
2023-07-31,2023-07-31 09:34:00-04:00,2023-07-31 15:00:00-04:00,long,15853.012583429381,15850.75,cutoff,-2.26,2023-07-19,-2406.39
2023-08-01,2023-08-01 09:32:00-04:00,2023-08-01 10:28:00-04:00,short,15778.833445787948,15778.833445787948,BE,0.0,2023-07-25,-2406.39
2023-08-02,2023-08-02 09:34:00-04:00,2023-08-02 10:09:00-04:00,long,15627.390811500729,15552.390811500729,SL,-75.0,2023-07-18,-2481.39
2023-08-03,2023-08-03 09:32:00-04:00,2023-08-03 10:02:00-04:00,short,15390.16854075785,15465.16854075785,SL,-75.0,2023-07-11,-2556.39
2023-08-04,2023-08-04 09:34:00-04:00,2023-08-04 09:51:00-04:00,long,15547.187672567197,15472.187672567197,SL,-75.0,2023-07-14,-2631.39
2023-08-07,2023-08-07 09:31:00-04:00,2023-08-07 10:01:00-04:00,long,15440.166554212052,15365.166554212052,SL,-75.0,2023-07-25,-2706.39
2023-08-08,2023-08-08 09:31:00-04:00,2023-08-08 09:49:00-04:00,long,15359.097887679556,15284.097887679556,SL,-75.0,2023-07-24,-2781.39
2023-08-09,2023-08-09 10:52:00-04:00,2023-08-09 11:17:00-04:00,long,15237.655694235033,15162.655694235033,SL,-75.0,2023-08-04,-2856.39
2023-08-10,2023-08-10 10:07:00-04:00,2023-08-10 10:42:00-04:00,long,15424.48130455583,15349.48130455583,SL,-75.0,2023-07-21,-2931.39
2023-08-11,2023-08-11 09:40:00-04:00,2023-08-11 11:07:00-04:00,long,15088.731762423424,15088.731762423424,BE,0.0,2023-08-10,-2931.39
2023-08-14,2023-08-14 09:43:00-04:00,2023-08-14 15:00:00-04:00,long,15088.731762423424,15214.75,cutoff,126.02,2023-08-10,-2805.37
2023-08-15,2023-08-15 09:31:00-04:00,2023-08-15 10:05:00-04:00,long,15219.073341420524,15144.073341420524,SL,-75.0,2023-08-07,-2880.37
2023-08-16,2023-08-16 09:40:00-04:00,2023-08-16 11:31:00-04:00,long,15088.731762423424,15088.731762423424,BE,0.0,2023-08-10,-2880.37
2023-08-17,2023-08-17 09:31:00-04:00,2023-08-17 09:54:00-04:00,long,14990.540533081286,14915.540533081286,SL,-75.0,2023-08-15,-2955.37
2023-08-21,2023-08-21 09:33:00-04:00,2023-08-21 09:57:00-04:00,short,14823.580191280835,14898.580191280835,SL,-75.0,2023-08-18,-3030.37
2023-08-22,2023-08-22 09:37:00-04:00,2023-08-22 15:00:00-04:00,short,15046.702045487342,14974.5,cutoff,72.2,2023-08-21,-2958.17
2023-08-23,2023-08-23 09:45:00-04:00,2023-08-23 10:12:00-04:00,short,15046.702045487342,15121.702045487342,SL,-75.0,2023-08-21,-3033.17
2023-08-24,2023-08-24 09:32:00-04:00,2023-08-24 10:33:00-04:00,short,15295.195975187766,15079.75,TP,215.45,2023-08-14,-2817.72
2023-08-24,2023-08-24 10:44:00-04:00,2023-08-24 15:00:00-04:00,short,15046.702045487342,14960.25,cutoff,86.45,2023-08-21,-2731.27
2023-08-25,2023-08-25 09:31:00-04:00,2023-08-25 10:24:00-04:00,long,14907.749306880967,14907.749306880967,BE,0.0,2023-08-16,-2731.27
2023-08-25,2023-08-25 10:25:00-04:00,2023-08-25 10:44:00-04:00,long,14901.54356216347,14826.54356216347,SL,-75.0,2023-08-11,-2806.27
2023-08-28,2023-08-28 09:37:00-04:00,2023-08-28 09:52:00-04:00,long,15088.731762423424,15013.731762423424,SL,-75.0,2023-08-10,-2881.27
2023-08-29,2023-08-29 09:33:00-04:00,2023-08-29 10:37:00-04:00,long,15088.731762423424,15305.75,TP,217.02,2023-08-10,-2664.25
2023-08-29,2023-08-29 10:38:00-04:00,2023-08-29 11:39:00-04:00,short,15303.33143783653,15378.33143783653,SL,-75.0,2023-08-11,-2739.25
2023-08-30,2023-08-30 09:39:00-04:00,2023-08-30 10:12:00-04:00,short,15420.584466918714,15495.584466918714,SL,-75.0,2023-08-15,-2814.25
2023-08-31,2023-08-31 09:31:00-04:00,2023-08-31 15:00:00-04:00,short,15532.052676827978,15553.75,cutoff,-21.7,2023-08-09,-2835.95
2023-09-01,2023-09-01 09:33:00-04:00,2023-09-01 15:00:00-04:00,short,15629.551658579476,15491.0,cutoff,138.55,2023-08-07,-2697.4
2023-09-04,2023-09-04 09:35:00-04:00,2023-09-04 12:59:00-04:00,short,15569.768237576576,15523.75,cutoff,46.02,2023-08-10,-2651.38
2023-09-05,2023-09-05 10:52:00-04:00,2023-09-05 12:00:00-04:00,short,15532.052676827978,15532.052676827978,BE,0.0,2023-08-09,-2651.38
2023-09-06,2023-09-06 10:01:00-04:00,2023-09-06 11:06:00-04:00,long,15439.378375806675,15364.378375806675,SL,-75.0,2023-09-04,-2726.38
2023-09-07,2023-09-07 09:33:00-04:00,2023-09-07 10:40:00-04:00,short,15178.222756936233,15253.222756936233,SL,-75.0,2023-08-17,-2801.38
2023-09-08,2023-09-08 09:31:00-04:00,2023-09-08 09:52:00-04:00,short,15295.195975187766,15370.195975187766,SL,-75.0,2023-08-14,-2876.38
2023-09-11,2023-09-11 09:32:00-04:00,2023-09-11 13:26:00-04:00,short,15629.449940807615,15629.449940807615,BE,0.0,2023-08-30,-2876.38
2023-09-12,2023-09-12 09:31:00-04:00,2023-09-12 15:00:00-04:00,short,15589.592104097457,15503.25,cutoff,86.34,2023-08-24,-2790.04
2023-09-13,2023-09-13 10:10:00-04:00,2023-09-13 10:42:00-04:00,short,15496.462916416425,15571.462916416425,SL,-75.0,2023-09-08,-2865.04
2023-09-14,2023-09-14 09:50:00-04:00,2023-09-14 10:51:00-04:00,short,15589.592104097457,15664.592104097457,SL,-75.0,2023-08-24,-2940.04
2023-09-15,2023-09-15 09:33:00-04:00,2023-09-15 13:34:00-04:00,short,15589.592104097457,15386.75,TP,202.84,2023-08-24,-2737.2
2023-09-18,2023-09-18 09:32:00-04:00,2023-09-18 10:38:00-04:00,long,15370.480522393795,15370.480522393795,BE,0.0,2023-09-15,-2737.2
2023-09-19,2023-09-19 09:31:00-04:00,2023-09-19 10:39:00-04:00,long,15336.432534736363,15261.432534736363,SL,-75.0,2023-08-31,-2812.2
2023-09-20,2023-09-20 09:31:00-04:00,2023-09-20 14:00:00-04:00,long,15389.281890276656,15314.281890276656,SL,-75.0,2023-09-01,-2887.2
2023-09-25,2023-09-25 09:32:00-04:00,2023-09-25 15:00:00-04:00,long,14797.891152351334,14874.75,cutoff,76.86,2023-09-21,-2810.34
2023-09-26,2023-09-26 09:50:00-04:00,2023-09-26 12:05:00-04:00,long,14797.891152351334,14722.891152351334,SL,-75.0,2023-09-21,-2885.34
2023-09-27,2023-09-27 09:35:00-04:00,2023-09-27 11:46:00-04:00,long,14756.293148302426,14681.293148302426,SL,-75.0,2023-09-22,-2960.34
2023-09-28,2023-09-28 10:01:00-04:00,2023-09-28 10:32:00-04:00,long,14756.293148302426,14681.293148302426,SL,-75.0,2023-09-22,-3035.34
2023-09-29,2023-09-29 09:34:00-04:00,2023-09-29 15:00:00-04:00,short,15007.11661205743,14902.75,cutoff,104.37,2023-09-26,-2930.97
2023-10-02,2023-10-02 09:34:00-04:00,2023-10-02 10:02:00-04:00,short,14905.250582524115,14980.250582524115,SL,-75.0,2023-09-28,-3005.97
2023-10-03,2023-10-03 09:33:00-04:00,2023-10-03 14:25:00-04:00,short,14905.250582524115,14692.25,TP,213.0,2023-09-28,-2792.97
2023-10-04,2023-10-04 09:43:00-04:00,2023-10-04 15:00:00-04:00,long,14797.891152351334,14870.75,cutoff,72.86,2023-09-21,-2720.11
2023-10-05,2023-10-05 09:31:00-04:00,2023-10-05 14:40:00-04:00,short,14905.250582524115,14905.250582524115,BE,0.0,2023-09-28,-2720.11
2023-10-06,2023-10-06 09:35:00-04:00,2023-10-06 10:20:00-04:00,long,14756.293148302426,14756.293148302426,BE,0.0,2023-09-22,-2720.11
2023-10-06,2023-10-06 10:27:00-04:00,2023-10-06 12:10:00-04:00,long,14828.962669985114,15043.75,TP,214.79,2023-09-29,-2505.32
2023-10-09,2023-10-09 09:31:00-04:00,2023-10-09 12:21:00-04:00,short,15007.11661205743,15082.11661205743,SL,-75.0,2023-09-26,-2580.32
2023-10-10,2023-10-10 09:32:00-04:00,2023-10-10 15:00:00-04:00,long,15203.87977436983,15277.25,cutoff,73.37,2023-09-18,-2506.95
2023-10-11,2023-10-11 09:38:00-04:00,2023-10-11 11:43:00-04:00,long,15370.480522393795,15295.480522393795,SL,-75.0,2023-09-15,-2581.95
2023-10-12,2023-10-12 09:42:00-04:00,2023-10-12 13:08:00-04:00,long,15370.480522393795,15370.480522393795,BE,0.0,2023-09-15,-2581.95
2023-10-13,2023-10-13 10:48:00-04:00,2023-10-13 11:07:00-04:00,long,15252.130723958366,15177.130723958366,SL,-75.0,2023-09-20,-2656.95
2023-10-16,2023-10-16 09:31:00-04:00,2023-10-16 10:12:00-04:00,short,15187.912330014886,15262.912330014886,SL,-75.0,2023-09-29,-2731.95
2023-10-17,2023-10-17 09:36:00-04:00,2023-10-17 10:23:00-04:00,short,15114.11544197032,15189.11544197032,SL,-75.0,2023-10-02,-2806.95
2023-10-18,2023-10-18 09:31:00-04:00,2023-10-18 10:20:00-04:00,short,15142.142363656174,15217.142363656174,SL,-75.0,2023-10-03,-2881.95
2023-10-19,2023-10-19 09:49:00-04:00,2023-10-19 10:13:00-04:00,short,15030.213529050536,15105.213529050536,SL,-75.0,2023-09-25,-2956.95
2023-10-20,2023-10-20 09:31:00-04:00,2023-10-20 10:30:00-04:00,long,14828.962669985114,14753.962669985114,SL,-75.0,2023-09-29,-3031.95
2023-10-23,2023-10-23 09:31:00-04:00,2023-10-23 09:41:00-04:00,long,14603.25838794257,14528.25838794257,SL,-75.0,2023-09-26,-3106.95
2023-10-24,2023-10-24 09:35:00-04:00,2023-10-24 12:28:00-04:00,long,14811.455813199624,14736.455813199624,SL,-75.0,2023-10-09,-3181.95
2023-10-25,2023-10-25 09:34:00-04:00,2023-10-25 10:26:00-04:00,long,14679.63455802968,14604.63455802968,SL,-75.0,2023-10-02,-3256.95
2023-10-26,2023-10-26 09:51:00-04:00,2023-10-26 11:23:00-04:00,long,14341.862903533696,14266.862903533696,SL,-75.0,2023-10-23,-3331.95
2023-10-27,2023-10-27 09:45:00-04:00,2023-10-27 13:06:00-04:00,long,14341.862903533696,14266.862903533696,SL,-75.0,2023-10-23,-3406.95
2023-10-30,2023-10-30 09:31:00-04:00,2023-10-30 10:21:00-04:00,long,14341.862903533696,14341.862903533696,BE,0.0,2023-10-23,-3406.95
2023-10-31,2023-10-31 09:37:00-04:00,2023-10-31 15:00:00-04:00,long,14341.862903533696,14484.25,cutoff,142.39,2023-10-23,-3264.56
2023-11-01,2023-11-01 09:31:00-04:00,2023-11-01 15:00:00-04:00,long,14524.195341913888,14659.0,cutoff,134.8,2023-10-06,-3129.76
2023-11-02,2023-11-02 09:32:00-04:00,2023-11-02 15:00:00-04:00,long,14905.635809277657,14998.75,cutoff,93.11,2023-10-17,-3036.65
2023-11-03,2023-11-03 09:31:00-04:00,2023-11-03 10:00:00-04:00,short,15070.892577085335,15145.892577085335,SL,-75.0,2023-10-20,-3111.65
2023-11-06,2023-11-06 09:32:00-05:00,2023-11-06 13:20:00-05:00,long,15225.448835444564,15150.448835444564,SL,-75.0,2023-10-12,-3186.65
2023-11-07,2023-11-07 09:37:00-05:00,2023-11-07 15:00:00-05:00,long,15225.448835444564,15387.0,cutoff,161.55,2023-10-12,-3025.1
2023-11-08,2023-11-08 10:03:00-05:00,2023-11-08 11:16:00-05:00,short,15362.709554818362,15362.709554818362,BE,0.0,2023-11-06,-3025.1
2023-11-09,2023-11-09 10:08:00-05:00,2023-11-09 11:50:00-05:00,short,15360.114190722343,15435.114190722343,SL,-75.0,2023-10-17,-3100.1
2023-11-10,2023-11-10 09:38:00-05:00,2023-11-10 11:05:00-05:00,short,15343.319510651938,15418.319510651938,SL,-75.0,2023-10-18,-3175.1
2023-11-13,2023-11-13 09:32:00-05:00,2023-11-13 10:46:00-05:00,short,15537.907141189105,15537.907141189105,BE,0.0,2023-11-08,-3175.1
2023-11-20,2023-11-20 09:58:00-05:00,2023-11-20 10:57:00-05:00,short,15994.229960445984,15994.229960445984,BE,0.0,2023-11-17,-3175.1
2023-11-20,2023-11-20 10:59:00-05:00,2023-11-20 13:25:00-05:00,short,15999.786834905073,16074.786834905073,SL,-75.0,2023-11-14,-3250.1
2023-11-21,2023-11-21 09:32:00-05:00,2023-11-21 15:00:00-05:00,short,15994.229960445984,15986.0,cutoff,8.23,2023-11-17,-3241.87
2023-11-22,2023-11-22 09:36:00-05:00,2023-11-22 15:00:00-05:00,short,16158.55957440403,16055.5,cutoff,103.06,2023-11-21,-3138.81
2023-11-24,2023-11-24 09:31:00-05:00,2023-11-24 11:36:00-05:00,short,16015.643291059818,16015.643291059818,BE,0.0,2023-11-16,-3138.81
2023-11-27,2023-11-27 09:33:00-05:00,2023-11-27 12:58:00-05:00,short,15999.786834905073,16074.786834905073,SL,-75.0,2023-11-14,-3213.81
2023-11-28,2023-11-28 09:32:00-05:00,2023-11-28 10:39:00-05:00,short,15999.786834905073,15999.786834905073,BE,0.0,2023-11-14,-3213.81
2023-11-28,2023-11-28 10:40:00-05:00,2023-11-28 15:00:00-05:00,short,16015.643291059818,16021.5,cutoff,-5.86,2023-11-16,-3219.67
2023-11-29,2023-11-29 09:31:00-05:00,2023-11-29 15:00:00-05:00,short,16164.611367656795,16064.5,cutoff,100.11,2023-11-23,-3119.56
2023-11-30,2023-11-30 09:41:00-05:00,2023-11-30 15:00:00-05:00,short,15994.229960445984,15925.0,cutoff,69.23,2023-11-17,-3050.33
2023-12-01,2023-12-01 09:34:00-05:00,2023-12-01 10:25:00-05:00,long,15888.614926757957,15888.614926757957,BE,0.0,2023-11-24,-3050.33
2023-12-04,2023-12-04 09:31:00-05:00,2023-12-04 10:23:00-05:00,long,15858.33844747602,15783.33844747602,SL,-75.0,2023-11-22,-3125.33
2023-12-05,2023-12-05 09:31:00-05:00,2023-12-05 15:00:00-05:00,long,15801.229707511544,15898.75,cutoff,97.52,2023-11-15,-3027.81
2023-12-06,2023-12-06 09:32:00-05:00,2023-12-06 15:00:00-05:00,short,15999.786834905073,15867.25,cutoff,132.54,2023-11-14,-2895.27
2023-12-07,2023-12-07 09:35:00-05:00,2023-12-07 11:15:00-05:00,long,15958.763632343205,15958.763632343205,BE,0.0,2023-11-23,-2895.27
2023-12-08,2023-12-08 09:31:00-05:00,2023-12-08 10:07:00-05:00,short,15994.229960445984,16069.229960445984,SL,-75.0,2023-11-17,-2970.27
2023-12-11,2023-12-11 09:31:00-05:00,2023-12-11 09:53:00-05:00,short,16300.91155252398,16375.91155252398,SL,-75.0,2023-11-22,-3045.27
2023-12-12,2023-12-12 10:06:00-05:00,2023-12-12 10:51:00-05:00,short,16478.359105597912,16478.359105597912,BE,0.0,2023-12-11,-3045.27
2023-12-13,2023-12-13 09:57:00-05:00,2023-12-13 14:05:00-05:00,short,16603.712106069477,16678.712106069477,SL,-75.0,2023-12-12,-3120.27
2023-12-19,2023-12-19 09:31:00-05:00,2023-12-19 15:00:00-05:00,short,16980.404600724352,17000.25,cutoff,-19.85,2023-12-14,-3140.12
2023-12-20,2023-12-20 09:36:00-05:00,2023-12-20 15:00:00-05:00,short,16999.357653136416,16842.25,cutoff,157.11,2023-12-18,-2983.01
2023-12-21,2023-12-21 09:31:00-05:00,2023-12-21 15:00:00-05:00,short,16957.667825366458,16885.0,cutoff,72.67,2023-12-15,-2910.34
2023-12-22,2023-12-22 09:35:00-05:00,2023-12-22 15:00:00-05:00,short,16999.357653136416,16987.0,cutoff,12.36,2023-12-18,-2897.98
2023-12-27,2023-12-27 10:12:00-05:00,2023-12-27 11:42:00-05:00,short,17091.796474788527,17091.796474788527,BE,0.0,2023-12-19,-2897.98
2023-12-28,2023-12-28 09:31:00-05:00,2023-12-28 15:00:00-05:00,short,17154.551837927178,17115.5,cutoff,39.05,2023-12-26,-2858.93
2023-12-29,2023-12-29 09:31:00-05:00,2023-12-29 15:00:00-05:00,short,17095.629411503687,17041.75,cutoff,53.88,2023-12-21,-2805.05
2024-01-02,2024-01-02 09:31:00-05:00,2024-01-02 09:40:00-05:00,long,16868.892254296217,16793.892254296217,SL,-75.0,2023-12-22,-2880.05
2024-01-03,2024-01-03 09:31:00-05:00,2024-01-03 14:06:00-05:00,long,16606.828216044698,16531.828216044698,SL,-75.0,2024-01-02,-2955.05
2024-01-04,2024-01-04 09:32:00-05:00,2024-01-04 11:10:00-05:00,short,16478.359105597912,16553.359105597912,SL,-75.0,2023-12-11,-3030.05
2024-01-05,2024-01-05 09:34:00-05:00,2024-01-05 10:06:00-05:00,short,16478.359105597912,16553.359105597912,SL,-75.0,2023-12-11,-3105.05
2024-01-08,2024-01-08 09:57:00-05:00,2024-01-08 11:59:00-05:00,short,16603.712106069477,16678.712106069477,SL,-75.0,2023-12-12,-3180.05
2024-01-09,2024-01-09 09:44:00-05:00,2024-01-09 15:00:00-05:00,long,16671.720399275648,16828.25,cutoff,156.53,2023-12-14,-3023.52
2024-01-10,2024-01-10 09:38:00-05:00,2024-01-10 15:00:00-05:00,long,16868.892254296217,16980.5,cutoff,111.61,2023-12-22,-2911.91
2024-01-11,2024-01-11 09:32:00-05:00,2024-01-11 11:14:00-05:00,short,16999.357653136416,16807.5,TP,191.86,2023-12-18,-2720.05
2024-01-12,2024-01-12 09:31:00-05:00,2024-01-12 10:50:00-05:00,long,17003.61585585585,16928.61585585585,SL,-75.0,2023-12-28,-2795.05
2024-01-15,2024-01-15 09:36:00-05:00,2024-01-15 10:30:00-05:00,short,16957.667825366458,16957.667825366458,BE,0.0,2023-12-15,-2795.05
2024-01-16,2024-01-16 09:41:00-05:00,2024-01-16 14:12:00-05:00,long,16886.198162072822,16886.198162072822,BE,0.0,2023-12-26,-2795.05
2024-01-17,2024-01-17 09:33:00-05:00,2024-01-17 10:41:00-05:00,short,16779.531086708965,16779.531086708965,BE,0.0,2024-01-03,-2795.05
2024-01-18,2024-01-18 09:31:00-05:00,2024-01-18 10:30:00-05:00,short,17043.921783955302,17043.921783955302,BE,0.0,2024-01-02,-2795.05
2024-01-18,2024-01-18 10:33:00-05:00,2024-01-18 11:29:00-05:00,short,17013.626595573453,17088.626595573453,SL,-75.0,2024-01-17,-2870.05
2024-01-19,2024-01-19 09:54:00-05:00,2024-01-19 12:27:00-05:00,short,17209.447723507175,17284.447723507175,SL,-75.0,2023-12-29,-2945.05
2024-01-24,2024-01-24 10:29:00-05:00,2024-01-24 11:22:00-05:00,short,17717.829133271625,17717.829133271625,BE,0.0,2024-01-22,-2945.05
2024-01-25,2024-01-25 10:20:00-05:00,2024-01-25 11:13:00-05:00,short,17717.829133271625,17717.829133271625,BE,0.0,2024-01-22,-2945.05
2024-01-26,2024-01-26 09:32:00-05:00,2024-01-26 15:00:00-05:00,long,17539.538613486155,17562.5,cutoff,22.96,2024-01-25,-2922.09
2024-01-29,2024-01-29 09:32:00-05:00,2024-01-29 10:22:00-05:00,long,17539.538613486155,17539.538613486155,BE,0.0,2024-01-25,-2922.09
2024-01-29,2024-01-29 11:00:00-05:00,2024-01-29 15:00:00-05:00,long,17524.716559417848,17626.25,cutoff,101.53,2024-01-24,-2820.56
2024-01-30,2024-01-30 10:02:00-05:00,2024-01-30 15:00:00-05:00,short,17629.672967767547,17590.25,cutoff,39.42,2024-01-23,-2781.14
2024-01-31,2024-01-31 09:31:00-05:00,2024-01-31 10:32:00-05:00,long,17386.561549636164,17311.561549636164,SL,-75.0,2024-01-26,-2856.14
2024-02-01,2024-02-01 09:31:00-05:00,2024-02-01 10:53:00-05:00,long,17306.577032232453,17306.577032232453,BE,0.0,2024-01-23,-2856.14
2024-02-02,2024-02-02 09:31:00-05:00,2024-02-02 12:14:00-05:00,long,17499.8258490337,17694.25,TP,194.42,2024-01-30,-2661.72
2024-02-05,2024-02-05 09:31:00-05:00,2024-02-05 12:38:00-05:00,short,17717.829133271625,17717.829133271625,BE,0.0,2024-01-22,-2661.72
2024-02-06,2024-02-06 09:36:00-05:00,2024-02-06 15:00:00-05:00,short,17717.829133271625,17635.75,cutoff,82.08,2024-01-22,-2579.64
2024-02-07,2024-02-07 09:48:00-05:00,2024-02-07 10:18:00-05:00,short,17748.83118594841,17823.83118594841,SL,-75.0,2024-02-02,-2654.64
2024-02-08,2024-02-08 09:35:00-05:00,2024-02-08 15:00:00-05:00,short,17846.033440582152,17863.25,cutoff,-17.22,2024-01-24,-2671.86
2024-02-09,2024-02-09 09:31:00-05:00,2024-02-09 10:34:00-05:00,short,17902.655592144743,17977.655592144743,SL,-75.0,2024-02-05,-2746.86
2024-02-13,2024-02-13 09:32:00-05:00,2024-02-13 10:24:00-05:00,short,17629.672967767547,17704.672967767547,SL,-75.0,2024-01-23,-2821.86
2024-02-14,2024-02-14 09:31:00-05:00,2024-02-14 10:19:00-05:00,short,17812.5491509663,17812.5491509663,BE,0.0,2024-01-30,-2821.86
2024-02-14,2024-02-14 10:28:00-05:00,2024-02-14 15:00:00-05:00,short,17846.033440582152,17796.75,cutoff,49.28,2024-01-24,-2772.58
2024-02-15,2024-02-15 09:31:00-05:00,2024-02-15 13:17:00-05:00,short,17902.655592144743,17902.655592144743,BE,0.0,2024-02-05,-2772.58
2024-02-16,2024-02-16 09:32:00-05:00,2024-02-16 09:52:00-05:00,long,17892.693496105894,17817.693496105894,SL,-75.0,2024-02-12,-2847.58
2024-02-20,2024-02-20 09:31:00-05:00,2024-02-20 10:30:00-05:00,short,17696.40815614748,17504.5,TP,191.91,2024-01-29,-2655.67
2024-02-20,2024-02-20 10:32:00-05:00,2024-02-20 12:04:00-05:00,long,17489.094407855257,17489.094407855257,BE,0.0,2024-02-05,-2655.67
2024-02-21,2024-02-21 09:31:00-05:00,2024-02-21 15:00:00-05:00,short,17498.85533146069,17406.0,cutoff,92.86,2024-02-01,-2562.81
2024-02-22,2024-02-22 09:31:00-05:00,2024-02-22 11:35:00-05:00,short,17902.655592144743,17977.655592144743,SL,-75.0,2024-02-05,-2637.81
2024-02-23,2024-02-23 09:52:00-05:00,2024-02-23 15:00:00-05:00,short,18108.59940195433,18014.5,cutoff,94.1,2024-02-22,-2543.71
2024-02-26,2024-02-26 09:45:00-05:00,2024-02-26 15:00:00-05:00,short,18002.50445409766,18016.5,cutoff,-14.0,2024-02-07,-2557.71
2024-02-27,2024-02-27 09:38:00-05:00,2024-02-27 15:00:00-05:00,short,18002.50445409766,18027.0,cutoff,-24.5,2024-02-07,-2582.21
2024-02-28,2024-02-28 09:32:00-05:00,2024-02-28 10:58:00-05:00,short,17928.521777387923,17928.521777387923,BE,0.0,2024-02-19,-2582.21
2024-02-28,2024-02-28 11:00:00-05:00,2024-02-28 15:00:00-05:00,short,17946.099026789314,17914.5,cutoff,31.6,2024-02-06,-2550.61
2024-02-29,2024-02-29 09:31:00-05:00,2024-02-29 15:00:00-05:00,short,18061.60039774282,18037.25,cutoff,24.35,2024-02-15,-2526.26
2024-03-01,2024-03-01 10:00:00-05:00,2024-03-01 11:20:00-05:00,short,18166.181503894106,18241.181503894106,SL,-75.0,2024-02-12,-2601.26
2024-03-04,2024-03-04 09:33:00-05:00,2024-03-04 10:25:00-05:00,short,18304.993269119543,18304.993269119543,BE,0.0,2024-03-01,-2601.26
2024-03-04,2024-03-04 10:30:00-05:00,2024-03-04 15:00:00-05:00,short,18294.340730792937,18331.25,cutoff,-36.91,2024-02-23,-2638.17
2024-03-05,2024-03-05 09:33:00-05:00,2024-03-05 13:53:00-05:00,short,18095.335055077107,17899.75,TP,195.59,2024-02-09,-2442.58
2024-03-06,2024-03-06 09:33:00-05:00,2024-03-06 11:50:00-05:00,short,18108.59940195433,18108.59940195433,BE,0.0,2024-02-22,-2442.58
2024-03-07,2024-03-07 09:31:00-05:00,2024-03-07 10:40:00-05:00,short,18181.861360565214,18256.861360565214,SL,-75.0,2024-02-27,-2517.58
2024-03-08,2024-03-08 09:31:00-05:00,2024-03-08 09:57:00-05:00,short,18312.70562963195,18387.70562963195,SL,-75.0,2024-03-06,-2592.58
2024-03-11,2024-03-11 09:32:00-04:00,2024-03-11 10:19:00-04:00,short,18186.182175311445,18186.182175311445,BE,0.0,2024-02-26,-2592.58
2024-03-11,2024-03-11 10:20:00-04:00,2024-03-11 11:30:00-04:00,long,18169.62004403596,18169.62004403596,BE,0.0,2024-03-04,-2592.58
2024-03-12,2024-03-12 09:45:00-04:00,2024-03-12 09:59:00-04:00,short,18208.031808653133,18283.031808653133,SL,-75.0,2024-02-29,-2667.58
2024-03-13,2024-03-13 09:40:00-04:00,2024-03-13 13:10:00-04:00,short,18390.720229220504,18390.720229220504,BE,0.0,2024-03-07,-2667.58
2024-03-14,2024-03-14 09:37:00-04:00,2024-03-14 15:00:00-04:00,short,18390.720229220504,18252.25,cutoff,138.47,2024-03-07,-2529.11
2024-03-15,2024-03-15 09:38:00-04:00,2024-03-15 10:06:00-04:00,long,18110.28403168082,18035.28403168082,SL,-75.0,2024-03-08,-2604.11
2024-03-18,2024-03-18 09:31:00-04:00,2024-03-18 10:29:00-04:00,short,18304.993269119543,18379.993269119543,SL,-75.0,2024-03-01,-2679.11
2024-03-19,2024-03-19 09:31:00-04:00,2024-03-19 15:00:00-04:00,long,18110.28403168082,18266.0,cutoff,155.72,2024-03-08,-2523.39
2024-03-20,2024-03-20 09:35:00-04:00,2024-03-20 14:00:00-04:00,short,18304.993269119543,18304.993269119543,BE,0.0,2024-03-01,-2523.39
2024-03-22,2024-03-22 09:47:00-04:00,2024-03-22 15:00:00-04:00,long,18500.875677885975,18595.0,cutoff,94.12,2024-03-21,-2429.27
2024-03-25,2024-03-25 09:32:00-04:00,2024-03-25 11:40:00-04:00,short,18468.12995596404,18543.12995596404,SL,-75.0,2024-03-04,-2504.27
2024-03-26,2024-03-26 09:31:00-04:00,2024-03-26 15:00:00-04:00,short,18569.96596831918,18554.5,cutoff,15.47,2024-03-08,-2488.8
2024-03-27,2024-03-27 09:36:00-04:00,2024-03-27 10:01:00-04:00,long,18500.875677885975,18425.875677885975,SL,-75.0,2024-03-21,-2563.8
2024-03-28,2024-03-28 09:31:00-04:00,2024-03-28 15:00:00-04:00,short,18490.317014751516,18498.75,cutoff,-8.43,2024-03-20,-2572.23
2024-04-01,2024-04-01 09:31:00-04:00,2024-04-01 09:35:00-04:00,short,18490.317014751516,18565.317014751516,SL,-75.0,2024-03-20,-2647.23
2024-04-02,2024-04-02 09:33:00-04:00,2024-04-02 15:00:00-04:00,long,18265.28429594975,18278.0,cutoff,12.72,2024-03-25,-2634.51
2024-04-03,2024-04-03 09:33:00-04:00,2024-04-03 15:00:00-04:00,long,18265.28429594975,18397.75,cutoff,132.47,2024-03-25,-2502.04
2024-04-04,2024-04-04 09:32:00-04:00,2024-04-04 12:04:00-04:00,short,18542.060069309577,18542.060069309577,BE,0.0,2024-04-03,-2502.04
2024-04-05,2024-04-05 09:37:00-04:00,2024-04-05 11:05:00-04:00,long,18110.28403168082,18295.0,TP,184.72,2024-03-08,-2317.32
2024-04-08,2024-04-08 09:31:00-04:00,2024-04-08 10:22:00-04:00,short,18320.328722424594,18320.328722424594,BE,0.0,2024-03-19,-2317.32
2024-04-08,2024-04-08 10:27:00-04:00,2024-04-08 11:27:00-04:00,long,18332.642898587055,18332.642898587055,BE,0.0,2024-03-28,-2317.32
2024-04-09,2024-04-09 09:31:00-04:00,2024-04-09 10:42:00-04:00,short,18396.966272373546,18211.5,TP,185.47,2024-04-05,-2131.85
2024-04-09,2024-04-09 10:43:00-04:00,2024-04-09 15:00:00-04:00,long,18186.20885245448,18251.5,cutoff,65.29,2024-03-13,-2066.56
2024-04-10,2024-04-10 09:45:00-04:00,2024-04-10 09:46:00-04:00,long,18186.20885245448,18111.20885245448,SL,-75.0,2024-03-13,-2141.56
2024-04-11,2024-04-11 09:35:00-04:00,2024-04-11 10:15:00-04:00,long,18265.28429594975,18190.28429594975,SL,-75.0,2024-03-25,-2216.56
2024-04-12,2024-04-12 09:32:00-04:00,2024-04-12 15:00:00-04:00,short,18320.328722424594,18134.5,cutoff,185.83,2024-03-19,-2030.73
2024-04-15,2024-04-15 09:35:00-04:00,2024-04-15 10:39:00-04:00,long,18265.28429594975,18190.28429594975,SL,-75.0,2024-03-25,-2105.73
2024-04-16,2024-04-16 10:16:00-04:00,2024-04-16 10:37:00-04:00,long,17925.796277575406,17850.796277575406,SL,-75.0,2024-03-19,-2180.73
2024-04-17,2024-04-17 09:35:00-04:00,2024-04-17 10:04:00-04:00,long,17918.533727626454,17843.533727626454,SL,-75.0,2024-04-05,-2255.73
2024-04-18,2024-04-18 09:31:00-04:00,2024-04-18 09:38:00-04:00,long,17645.446462686647,17570.446462686647,SL,-75.0,2024-04-16,-2330.73
2024-04-19,2024-04-19 10:14:00-04:00,2024-04-19 11:20:00-04:00,long,17410.581461499758,17335.581461499758,SL,-75.0,2024-04-18,-2405.73
2024-04-22,2024-04-22 10:26:00-04:00,2024-04-22 13:56:00-04:00,long,17196.693493607636,17388.5,TP,191.81,2024-04-19,-2213.92
2024-04-23,2024-04-23 09:56:00-04:00,2024-04-23 11:00:00-04:00,short,17525.21619148364,17600.21619148364,SL,-75.0,2024-04-22,-2288.92
2024-04-24,2024-04-24 09:33:00-04:00,2024-04-24 10:18:00-04:00,short,17727.306506392364,17727.306506392364,BE,0.0,2024-04-19,-2288.92
2024-04-24,2024-04-24 10:36:00-04:00,2024-04-24 15:00:00-04:00,short,17720.605247732077,17612.75,cutoff,107.86,2024-04-23,-2181.06
2024-04-25,2024-04-25 10:15:00-04:00,2024-04-25 15:00:00-04:00,long,17410.581461499758,17527.0,cutoff,116.42,2024-04-18,-2064.64
2024-04-26,2024-04-26 09:34:00-04:00,2024-04-26 09:57:00-04:00,short,17727.306506392364,17802.306506392364,SL,-75.0,2024-04-19,-2139.64
2024-04-29,2024-04-29 09:31:00-04:00,2024-04-29 13:38:00-04:00,short,17928.001554531023,17928.001554531023,BE,0.0,2024-04-24,-2139.64
2024-04-30,2024-04-30 09:44:00-04:00,2024-04-30 10:47:00-04:00,short,17878.293538500242,17878.293538500242,BE,0.0,2024-04-18,-2139.64
2024-05-01,2024-05-01 09:33:00-04:00,2024-05-01 14:41:00-04:00,long,17470.19823312563,17650.25,TP,180.05,2024-04-26,-1959.59
2024-05-02,2024-05-02 09:31:00-04:00,2024-05-02 10:00:00-04:00,long,17556.498445468977,17481.498445468977,SL,-75.0,2024-04-24,-2034.59
2024-05-03,2024-05-03 09:45:00-04:00,2024-05-03 10:44:00-04:00,short,17980.92676687437,17980.92676687437,BE,0.0,2024-04-26,-2034.59
2024-05-03,2024-05-03 10:50:00-04:00,2024-05-03 15:00:00-04:00,long,17956.945343366726,18009.0,cutoff,52.05,2024-04-10,-1982.54
2024-05-06,2024-05-06 09:32:00-04:00,2024-05-06 15:00:00-04:00,long,18044.312855743767,18145.5,cutoff,101.19,2024-04-11,-1881.35
2024-05-07,2024-05-07 10:00:00-04:00,2024-05-07 15:00:00-04:00,short,18198.797989743463,18194.5,cutoff,4.3,2024-05-03,-1877.05
2024-05-08,2024-05-08 09:31:00-04:00,2024-05-08 09:56:00-04:00,short,18099.553537313353,18174.553537313353,SL,-75.0,2024-04-16,-1952.05
2024-05-09,2024-05-09 09:45:00-04:00,2024-05-09 15:00:00-04:00,long,18118.82569679723,18231.75,cutoff,112.92,2024-04-12,-1839.13
2024-05-10,2024-05-10 09:35:00-04:00,2024-05-10 15:00:00-04:00,short,18318.397605320453,18256.25,cutoff,62.15,2024-05-08,-1776.98
2024-05-14,2024-05-14 09:45:00-04:00,2024-05-14 14:33:00-04:00,short,18318.397605320453,18393.397605320453,SL,-75.0,2024-05-08,-1851.98
2024-05-15,2024-05-15 09:59:00-04:00,2024-05-15 10:36:00-04:00,short,18479.93747753404,18554.93747753404,SL,-75.0,2024-05-10,-1926.98
2024-05-16,2024-05-16 09:33:00-04:00,2024-05-16 11:08:00-04:00,short,18684.124682415186,18759.124682415186,SL,-75.0,2024-05-15,-2001.98
2024-05-20,2024-05-20 09:34:00-04:00,2024-05-20 10:41:00-04:00,short,18684.124682415186,18759.124682415186,SL,-75.0,2024-05-15,-2076.98
2024-05-21,2024-05-21 09:31:00-04:00,2024-05-21 11:01:00-04:00,short,18684.124682415186,18759.124682415186,SL,-75.0,2024-05-15,-2151.98
2024-05-22,2024-05-22 10:00:00-04:00,2024-05-22 11:05:00-04:00,short,18830.790448757154,18830.790448757154,BE,0.0,2024-05-16,-2151.98
2024-05-23,2024-05-23 09:34:00-04:00,2024-05-23 13:56:00-04:00,short,18941.475837723636,18736.0,TP,205.48,2024-05-22,-1946.5
2024-05-24,2024-05-24 09:46:00-04:00,2024-05-24 10:56:00-04:00,short,18786.526075226036,18861.526075226036,SL,-75.0,2024-05-17,-2021.5
2024-05-28,2024-05-28 09:53:00-04:00,2024-05-28 11:32:00-04:00,short,18863.21698544889,18938.21698544889,SL,-75.0,2024-05-20,-2096.5
2024-05-29,2024-05-29 09:43:00-04:00,2024-05-29 10:25:00-04:00,short,18786.526075226036,18861.526075226036,SL,-75.0,2024-05-17,-2171.5
2024-05-30,2024-05-30 09:34:00-04:00,2024-05-30 10:41:00-04:00,long,18730.6884868419,18655.6884868419,SL,-75.0,2024-05-23,-2246.5
2024-05-31,2024-05-31 09:31:00-04:00,2024-05-31 10:00:00-04:00,long,18603.078808509206,18528.078808509206,SL,-75.0,2024-05-29,-2321.5
2024-06-03,2024-06-03 09:41:00-04:00,2024-06-03 09:56:00-04:00,long,18730.6884868419,18655.6884868419,SL,-75.0,2024-05-23,-2396.5
2024-06-04,2024-06-04 09:34:00-04:00,2024-06-04 10:22:00-04:00,long,18588.785948066085,18588.785948066085,BE,0.0,2024-05-24,-2396.5
2024-06-04,2024-06-04 10:37:00-04:00,2024-06-04 11:27:00-04:00,long,18603.078808509206,18603.078808509206,BE,0.0,2024-05-29,-2396.5
2024-06-05,2024-06-05 09:31:00-04:00,2024-06-05 10:30:00-04:00,short,18830.790448757154,18905.790448757154,SL,-75.0,2024-05-16,-2471.5
2024-06-06,2024-06-06 09:47:00-04:00,2024-06-06 15:00:00-04:00,short,19078.028660465738,19066.0,cutoff,12.03,2024-05-28,-2459.47
2024-06-07,2024-06-07 09:31:00-04:00,2024-06-07 10:40:00-04:00,short,19013.149331717745,19088.149331717745,SL,-75.0,2024-05-27,-2534.47
2024-06-10,2024-06-10 09:34:00-04:00,2024-06-10 10:20:00-04:00,short,19013.149331717745,19013.149331717745,BE,0.0,2024-05-27,-2534.47
2024-06-10,2024-06-10 10:30:00-04:00,2024-06-10 12:16:00-04:00,short,19039.743026956778,19114.743026956778,SL,-75.0,2024-06-05,-2609.47
2024-06-11,2024-06-11 09:34:00-04:00,2024-06-11 10:24:00-04:00,short,19078.028660465738,19078.028660465738,BE,0.0,2024-05-28,-2609.47
2024-06-21,2024-06-21 09:31:00-04:00,2024-06-21 09:52:00-04:00,long,19992.384046385865,19917.384046385865,SL,-75.0,2024-06-20,-2684.47
2024-06-25,2024-06-25 09:38:00-04:00,2024-06-25 10:05:00-04:00,short,19803.81760183625,19878.81760183625,SL,-75.0,2024-06-13,-2759.47
2024-06-26,2024-06-26 09:53:00-04:00,2024-06-26 11:11:00-04:00,long,19992.384046385865,19917.384046385865,SL,-75.0,2024-06-20,-2834.47
2024-06-27,2024-06-27 09:33:00-04:00,2024-06-27 10:14:00-04:00,short,20035.72334406313,20110.72334406313,SL,-75.0,2024-06-25,-2909.47
2024-06-28,2024-06-28 09:47:00-04:00,2024-06-28 10:02:00-04:00,short,20121.3664627391,20196.3664627391,SL,-75.0,2024-06-17,-2984.47
2024-07-01,2024-07-01 10:14:00-04:00,2024-07-01 14:23:00-04:00,long,19824.90114202006,20028.0,TP,203.1,2024-06-28,-2781.37
2024-07-02,2024-07-02 09:33:00-04:00,2024-07-02 10:54:00-04:00,short,20035.72334406313,20110.72334406313,SL,-75.0,2024-06-25,-2856.37
2024-07-04,2024-07-04 10:17:00-04:00,2024-07-04 12:59:00-04:00,short,20374.096228592298,20381.25,cutoff,-7.15,2024-06-19,-2863.52
2024-07-05,2024-07-05 09:47:00-04:00,2024-07-05 10:00:00-04:00,short,20444.240953614135,20519.240953614135,SL,-75.0,2024-06-20,-2938.52
2024-07-10,2024-07-10 10:10:00-04:00,2024-07-10 12:22:00-04:00,short,20791.771230340233,20791.771230340233,BE,0.0,2024-07-08,-2938.52
2024-07-11,2024-07-11 10:22:00-04:00,2024-07-11 12:07:00-04:00,short,20666.147815335862,20485.25,TP,180.9,2024-07-05,-2757.62
2024-07-12,2024-07-12 09:33:00-04:00,2024-07-12 09:53:00-04:00,short,20444.240953614135,20519.240953614135,SL,-75.0,2024-06-20,-2832.62
2024-07-15,2024-07-15 09:41:00-04:00,2024-07-15 11:00:00-04:00,short,20666.147815335862,20741.147815335862,SL,-75.0,2024-07-05,-2907.62
2024-07-16,2024-07-16 09:34:00-04:00,2024-07-16 15:00:00-04:00,short,20666.147815335862,20590.0,cutoff,76.15,2024-07-05,-2831.47
2024-07-17,2024-07-17 09:32:00-04:00,2024-07-17 10:00:00-04:00,long,20256.45953439659,20181.45953439659,SL,-75.0,2024-07-04,-2906.47
2024-07-18,2024-07-18 09:42:00-04:00,2024-07-18 10:27:00-04:00,long,20061.96743978424,20061.96743978424,BE,0.0,2024-07-03,-2906.47
2024-07-18,2024-07-18 10:35:00-04:00,2024-07-18 11:13:00-04:00,long,19956.62531162463,19881.62531162463,SL,-75.0,2024-07-17,-2981.47
2024-07-19,2024-07-19 09:37:00-04:00,2024-07-19 10:32:00-04:00,long,19869.377816091834,19794.377816091834,SL,-75.0,2024-07-18,-3056.47
2024-07-22,2024-07-22 09:39:00-04:00,2024-07-22 11:16:00-04:00,long,19956.62531162463,19881.62531162463,SL,-75.0,2024-07-17,-3131.47
2024-07-23,2024-07-23 09:31:00-04:00,2024-07-23 10:45:00-04:00,long,19956.62531162463,19956.62531162463,BE,0.0,2024-07-17,-3131.47
2024-07-24,2024-07-24 09:34:00-04:00,2024-07-24 09:56:00-04:00,long,19594.193933182516,19519.193933182516,SL,-75.0,2024-07-19,-3206.47
2024-07-29,2024-07-29 09:49:00-04:00,2024-07-29 10:14:00-04:00,long,19320.565941390036,19245.565941390036,SL,-75.0,2024-07-24,-3281.47
2024-07-31,2024-07-31 09:34:00-04:00,2024-07-31 14:41:00-04:00,long,19320.565941390036,19505.25,TP,184.68,2024-07-24,-3096.79
2024-08-01,2024-08-01 09:31:00-04:00,2024-08-01 09:43:00-04:00,short,19544.119562947533,19619.119562947533,SL,-75.0,2024-07-30,-3171.79
2024-08-02,2024-08-02 09:41:00-04:00,2024-08-02 09:46:00-04:00,long,18719.653445721407,18644.653445721407,SL,-75.0,2024-07-25,-3246.79
2024-08-06,2024-08-06 10:03:00-04:00,2024-08-06 12:15:00-04:00,long,18164.805856265015,18351.0,TP,186.19,2024-08-02,-3060.6
2024-08-07,2024-08-07 09:32:00-04:00,2024-08-07 10:45:00-04:00,short,18519.82576537015,18519.82576537015,BE,0.0,2024-08-06,-3060.6
2024-08-08,2024-08-08 09:37:00-04:00,2024-08-08 09:47:00-04:00,long,18164.805856265015,18089.805856265015,SL,-75.0,2024-08-02,-3135.6
2024-08-09,2024-08-09 09:39:00-04:00,2024-08-09 10:49:00-04:00,short,18519.82576537015,18519.82576537015,BE,0.0,2024-08-06,-3135.6
2024-08-12,2024-08-12 09:31:00-04:00,2024-08-12 10:16:00-04:00,short,18663.84995837113,18663.84995837113,BE,0.0,2024-08-08,-3135.6
2024-08-12,2024-08-12 10:27:00-04:00,2024-08-12 11:22:00-04:00,long,18719.653445721407,18719.653445721407,BE,0.0,2024-07-25,-3135.6
2024-08-13,2024-08-13 09:34:00-04:00,2024-08-13 10:33:00-04:00,long,18864.471746059433,18864.471746059433,BE,0.0,2024-07-26,-3135.6
2024-08-14,2024-08-14 09:35:00-04:00,2024-08-14 09:56:00-04:00,long,19093.91177850638,19018.91177850638,SL,-75.0,2024-07-31,-3210.6
2024-08-15,2024-08-15 09:51:00-04:00,2024-08-15 10:35:00-04:00,short,19417.278253940567,19492.278253940567,SL,-75.0,2024-07-26,-3285.6
2024-08-16,2024-08-16 10:05:00-04:00,2024-08-16 10:51:00-04:00,short,19544.119562947533,19544.119562947533,BE,0.0,2024-07-30,-3285.6
2024-08-16,2024-08-16 10:52:00-04:00,2024-08-16 11:37:00-04:00,short,19552.346554278593,19552.346554278593,BE,0.0,2024-07-25,-3285.6
2024-08-19,2024-08-19 09:38:00-04:00,2024-08-19 10:51:00-04:00,short,19563.28084561538,19638.28084561538,SL,-75.0,2024-07-29,-3360.6
2024-08-20,2024-08-20 09:48:00-04:00,2024-08-20 15:00:00-04:00,short,19879.934058609964,19851.75,cutoff,28.18,2024-07-24,-3332.42
2024-08-21,2024-08-21 09:57:00-04:00,2024-08-21 10:41:00-04:00,short,19881.348724452895,19956.348724452895,SL,-75.0,2024-08-01,-3407.42
2024-08-22,2024-08-22 10:34:00-04:00,2024-08-22 11:46:00-04:00,short,19881.348724452895,19700.25,TP,181.1,2024-08-01,-3226.32
2024-08-23,2024-08-23 09:31:00-04:00,2024-08-23 10:48:00-04:00,long,19718.054097770917,19718.054097770917,BE,0.0,2024-08-22,-3226.32
2024-08-23,2024-08-23 10:49:00-04:00,2024-08-23 11:14:00-04:00,short,19669.08822149362,19744.08822149362,SL,-75.0,2024-07-31,-3301.32
2024-08-26,2024-08-26 09:34:00-04:00,2024-08-26 10:31:00-04:00,short,19801.40781865498,19597.75,TP,203.66,2024-08-19,-3097.66
2024-08-26,2024-08-26 10:41:00-04:00,2024-08-26 11:23:00-04:00,short,19544.119562947533,19619.119562947533,SL,-75.0,2024-07-30,-3172.66
2024-08-27,2024-08-27 09:38:00-04:00,2024-08-27 11:14:00-04:00,long,19470.180575569306,19666.75,TP,196.57,2024-08-23,-2976.09
2024-08-28,2024-08-28 09:33:00-04:00,2024-08-28 11:07:00-04:00,short,19643.32445003435,19437.75,TP,205.57,2024-08-15,-2770.52
2024-08-29,2024-08-29 09:50:00-04:00,2024-08-29 10:18:00-04:00,long,19609.87105978644,19534.87105978644,SL,-75.0,2024-08-20,-2845.52
2024-08-30,2024-08-30 10:01:00-04:00,2024-08-30 10:25:00-04:00,long,19609.87105978644,19534.87105978644,SL,-75.0,2024-08-20,-2920.52
2024-09-02,2024-09-02 09:41:00-04:00,2024-09-02 12:59:00-04:00,long,19629.212552148034,19647.0,cutoff,17.79,2024-08-21,-2902.73
2024-09-03,2024-09-03 09:31:00-04:00,2024-09-03 09:42:00-04:00,long,19436.24414338785,19361.24414338785,SL,-75.0,2024-08-26,-2977.73
2024-09-04,2024-09-04 09:42:00-04:00,2024-09-04 10:33:00-04:00,short,18954.167203917663,19029.167203917663,SL,-75.0,2024-08-12,-3052.73
2024-09-05,2024-09-05 09:35:00-04:00,2024-09-05 09:39:00-04:00,short,18954.167203917663,19029.167203917663,SL,-75.0,2024-08-12,-3127.73
2024-09-06,2024-09-06 09:40:00-04:00,2024-09-06 10:00:00-04:00,long,18787.370575135792,18712.370575135792,SL,-75.0,2024-08-14,-3202.73
2024-09-09,2024-09-09 09:31:00-04:00,2024-09-09 10:30:00-04:00,long,18605.78967459617,18605.78967459617,BE,0.0,2024-09-04,-3202.73
2024-09-09,2024-09-09 10:32:00-04:00,2024-09-09 11:00:00-04:00,long,18588.802171752275,18513.802171752275,SL,-75.0,2024-09-05,-3277.73
2024-09-10,2024-09-10 09:34:00-04:00,2024-09-10 10:13:00-04:00,long,18787.370575135792,18712.370575135792,SL,-75.0,2024-08-14,-3352.73
2024-09-11,2024-09-11 10:39:00-04:00,2024-09-11 11:46:00-04:00,long,18605.78967459617,18797.0,TP,191.21,2024-09-04,-3161.52
2024-09-12,2024-09-12 09:31:00-04:00,2024-09-12 13:57:00-04:00,long,19227.07384076628,19446.25,TP,219.18,2024-08-27,-2942.34
2024-09-13,2024-09-13 09:34:00-04:00,2024-09-13 10:30:00-04:00,long,19436.24414338785,19436.24414338785,BE,0.0,2024-08-26,-2942.34
2024-09-13,2024-09-13 10:32:00-04:00,2024-09-13 15:00:00-04:00,long,19440.876008721498,19513.25,cutoff,72.37,2024-09-02,-2869.97
2024-09-16,2024-09-16 09:32:00-04:00,2024-09-16 10:26:00-04:00,long,19629.212552148034,19629.212552148034,BE,0.0,2024-08-21,-2869.97
2024-09-16,2024-09-16 10:27:00-04:00,2024-09-16 10:34:00-04:00,long,19609.87105978644,19534.87105978644,SL,-75.0,2024-08-20,-2944.97
2024-09-17,2024-09-17 09:34:00-04:00,2024-09-17 13:45:00-04:00,short,19794.373991278502,19608.5,TP,185.87,2024-09-02,-2759.1
2024-09-18,2024-09-18 09:31:00-04:00,2024-09-18 11:22:00-04:00,long,19718.054097770917,19643.054097770917,SL,-75.0,2024-08-22,-2834.1
2024-09-19,2024-09-19 09:38:00-04:00,2024-09-19 10:27:00-04:00,short,20029.50585661215,20104.50585661215,SL,-75.0,2024-08-26,-2909.1
2024-09-20,2024-09-20 09:57:00-04:00,2024-09-20 12:50:00-04:00,short,20029.50585661215,20029.50585661215,BE,0.0,2024-08-26,-2909.1
2024-09-24,2024-09-24 10:10:00-04:00,2024-09-24 11:11:00-04:00,short,20031.687214054655,20106.687214054655,SL,-75.0,2024-09-17,-2984.1
2024-09-25,2024-09-25 10:15:00-04:00,2024-09-25 15:00:00-04:00,short,20264.48376077762,20190.25,cutoff,74.23,2024-09-20,-2909.87
2024-09-26,2024-09-26 10:06:00-04:00,2024-09-26 11:02:00-04:00,short,20409.398137686894,20216.75,TP,192.65,2024-09-25,-2717.22
2024-09-27,2024-09-27 09:32:00-04:00,2024-09-27 15:00:00-04:00,short,20354.416612917434,20248.25,cutoff,106.17,2024-09-19,-2611.05
2024-09-30,2024-09-30 10:04:00-04:00,2024-09-30 14:19:00-04:00,long,20192.811289334968,20117.811289334968,SL,-75.0,2024-09-26,-2686.05
2024-10-01,2024-10-01 09:32:00-04:00,2024-10-01 09:37:00-04:00,long,20192.811289334968,20117.811289334968,SL,-75.0,2024-09-26,-2761.05
2024-10-02,2024-10-02 09:31:00-04:00,2024-10-02 10:20:00-04:00,short,19938.759423010662,20013.759423010662,SL,-75.0,2024-09-18,-2836.05
2024-10-03,2024-10-03 09:32:00-04:00,2024-10-03 09:54:00-04:00,short,19938.759423010662,20013.759423010662,SL,-75.0,2024-09-18,-2911.05
2024-10-04,2024-10-04 09:32:00-04:00,2024-10-04 09:56:00-04:00,long,20192.811289334968,20117.811289334968,SL,-75.0,2024-09-26,-2986.05
2024-10-07,2024-10-07 09:32:00-04:00,2024-10-07 10:44:00-04:00,long,20143.4885118941,20143.4885118941,BE,0.0,2024-09-27,-2986.05
2024-10-08,2024-10-08 09:56:00-04:00,2024-10-08 15:00:00-04:00,long,20143.4885118941,20273.75,cutoff,130.26,2024-09-27,-2855.79
2024-10-09,2024-10-09 09:33:00-04:00,2024-10-09 10:27:00-04:00,short,20264.48376077762,20339.48376077762,SL,-75.0,2024-09-20,-2930.79
2024-10-10,2024-10-10 09:31:00-04:00,2024-10-10 11:15:00-04:00,short,20354.416612917434,20429.416612917434,SL,-75.0,2024-09-19,-3005.79
2024-10-11,2024-10-11 09:45:00-04:00,2024-10-11 10:11:00-04:00,short,20354.416612917434,20429.416612917434,SL,-75.0,2024-09-19,-3080.79
2024-10-14,2024-10-14 09:32:00-04:00,2024-10-14 09:50:00-04:00,short,20568.1364881059,20643.1364881059,SL,-75.0,2024-09-27,-3155.79
2024-10-15,2024-10-15 09:51:00-04:00,2024-10-15 10:36:00-04:00,short,20616.47541862654,20423.5,TP,192.98,2024-10-10,-2962.81
2024-10-15,2024-10-15 10:37:00-04:00,2024-10-15 15:00:00-04:00,short,20409.398137686894,20330.25,cutoff,79.15,2024-09-25,-2883.66
2024-10-16,2024-10-16 09:31:00-04:00,2024-10-16 09:46:00-04:00,long,20303.56062921643,20228.56062921643,SL,-75.0,2024-10-14,-2958.66
2024-10-17,2024-10-17 09:31:00-04:00,2024-10-17 15:00:00-04:00,short,20549.36248371189,20431.75,cutoff,117.61,2024-10-09,-2841.05
2024-10-18,2024-10-18 09:45:00-04:00,2024-10-18 11:28:00-04:00,short,20509.27467220082,20509.27467220082,BE,0.0,2024-10-04,-2841.05
2024-10-21,2024-10-21 10:03:00-04:00,2024-10-21 15:00:00-04:00,short,20509.27467220082,20458.25,cutoff,51.02,2024-10-04,-2790.03
2024-10-22,2024-10-22 09:33:00-04:00,2024-10-22 10:06:00-04:00,short,20409.398137686894,20484.398137686894,SL,-75.0,2024-09-25,-2865.03
2024-10-23,2024-10-23 09:33:00-04:00,2024-10-23 10:32:00-04:00,short,20431.966431258297,20431.966431258297,BE,0.0,2024-09-30,-2865.03
2024-10-23,2024-10-23 11:00:00-04:00,2024-10-23 13:12:00-04:00,short,20396.14892815338,20210.5,TP,185.65,2024-10-08,-2679.38
2024-10-24,2024-10-24 09:48:00-04:00,2024-10-24 11:47:00-04:00,long,20303.56062921643,20303.56062921643,BE,0.0,2024-10-14,-2679.38
2024-10-25,2024-10-25 09:35:00-04:00,2024-10-25 09:48:00-04:00,short,20549.36248371189,20624.36248371189,SL,-75.0,2024-10-09,-2754.38
2024-10-28,2024-10-28 09:32:00-04:00,2024-10-28 10:21:00-04:00,short,20596.23447517919,20596.23447517919,BE,0.0,2024-10-01,-2754.38
2024-10-28,2024-10-28 10:25:00-04:00,2024-10-28 15:00:00-04:00,short,20584.71443989178,20523.5,cutoff,61.21,2024-10-24,-2693.17
2024-10-29,2024-10-29 09:45:00-04:00,2024-10-29 10:24:00-04:00,short,20509.27467220082,20584.27467220082,SL,-75.0,2024-10-04,-2768.17
2024-10-30,2024-10-30 09:31:00-04:00,2024-10-30 15:00:00-04:00,short,20667.24401157799,20604.75,cutoff,62.49,2024-10-11,-2705.68
2024-10-31,2024-10-31 09:31:00-04:00,2024-10-31 09:45:00-04:00,long,20303.56062921643,20228.56062921643,SL,-75.0,2024-10-14,-2780.68
2024-11-01,2024-11-01 09:35:00-04:00,2024-11-01 15:00:00-04:00,long,20101.14958137346,20166.25,cutoff,65.1,2024-10-10,-2715.58
2024-11-04,2024-11-04 09:31:00-05:00,2024-11-04 09:36:00-05:00,long,20101.14958137346,20026.14958137346,SL,-75.0,2024-10-10,-2790.58
2024-11-05,2024-11-05 09:32:00-05:00,2024-11-05 15:00:00-05:00,long,20189.39204918327,20294.0,cutoff,104.61,2024-10-17,-2685.97
2024-11-06,2024-11-06 09:32:00-05:00,2024-11-06 09:38:00-05:00,short,20707.991886978132,20782.991886978132,SL,-75.0,2024-10-18,-2760.97
2024-11-11,2024-11-11 09:33:00-05:00,2024-11-11 15:00:00-05:00,short,21270.8590945764,21175.25,cutoff,95.61,2024-11-07,-2665.36
2024-11-15,2024-11-15 09:36:00-05:00,2024-11-15 12:15:00-05:00,short,20716.25851381381,20500.5,TP,215.76,2024-10-21,-2449.6
2024-11-18,2024-11-18 10:04:00-05:00,2024-11-18 10:30:00-05:00,short,20584.71443989178,20659.71443989178,SL,-75.0,2024-10-24,-2524.6
2024-11-19,2024-11-19 09:41:00-05:00,2024-11-19 10:29:00-05:00,short,20584.71443989178,20584.71443989178,BE,0.0,2024-10-24,-2524.6
2024-11-20,2024-11-20 09:44:00-05:00,2024-11-20 11:47:00-05:00,short,20662.143906139332,20662.143906139332,BE,0.0,2024-10-31,-2524.6
2024-11-21,2024-11-21 09:31:00-05:00,2024-11-21 09:38:00-05:00,short,20873.28056996522,20677.75,TP,195.53,2024-10-25,-2329.07
2024-11-21,2024-11-21 09:40:00-05:00,2024-11-21 09:47:00-05:00,short,20662.143906139332,20737.143906139332,SL,-75.0,2024-10-31,-2404.07
2024-11-22,2024-11-22 09:32:00-05:00,2024-11-22 10:39:00-05:00,short,20811.795006614546,20811.795006614546,BE,0.0,2024-10-29,-2404.07
2024-11-22,2024-11-22 10:45:00-05:00,2024-11-22 12:50:00-05:00,short,20848.093765848396,20848.093765848396,BE,0.0,2024-10-28,-2404.07
2024-11-25,2024-11-25 09:32:00-05:00,2024-11-25 09:41:00-05:00,short,20993.111733587757,21068.111733587757,SL,-75.0,2024-11-06,-2479.07
2024-11-26,2024-11-26 09:34:00-05:00,2024-11-26 10:45:00-05:00,short,20993.111733587757,20993.111733587757,BE,0.0,2024-11-06,-2479.07
2024-11-27,2024-11-27 09:31:00-05:00,2024-11-27 10:12:00-05:00,long,20892.111380793085,20817.111380793085,SL,-75.0,2024-11-14,-2554.07
2024-11-28,2024-11-28 09:57:00-05:00,2024-11-28 11:27:00-05:00,long,20892.111380793085,20892.111380793085,BE,0.0,2024-11-14,-2554.07
2024-11-29,2024-11-29 09:31:00-05:00,2024-11-29 09:59:00-05:00,short,20842.995254350048,20917.995254350048,SL,-75.0,2024-11-18,-2629.07
2024-12-02,2024-12-02 09:32:00-05:00,2024-12-02 10:06:00-05:00,short,21107.046660596272,21182.046660596272,SL,-75.0,2024-11-29,-2704.07
2024-12-03,2024-12-03 09:31:00-05:00,2024-12-03 10:02:00-05:00,short,21147.605270926877,21222.605270926877,SL,-75.0,2024-11-27,-2779.07
2024-12-04,2024-12-04 09:32:00-05:00,2024-12-04 10:35:00-05:00,short,21406.807232979983,21481.807232979983,SL,-75.0,2024-11-12,-2854.07
2024-12-06,2024-12-06 09:49:00-05:00,2024-12-06 15:00:00-05:00,short,21596.018806749427,21635.5,cutoff,-39.48,2024-12-04,-2893.55
2024-12-09,2024-12-09 09:31:00-05:00,2024-12-09 15:00:00-05:00,short,21596.018806749427,21476.25,cutoff,119.77,2024-12-04,-2773.78
2024-12-10,2024-12-10 10:08:00-05:00,2024-12-10 15:00:00-05:00,short,21596.018806749427,21411.25,cutoff,184.77,2024-12-04,-2589.01
2024-12-11,2024-12-11 09:33:00-05:00,2024-12-11 09:47:00-05:00,short,21596.018806749427,21671.018806749427,SL,-75.0,2024-12-04,-2664.01
2024-12-12,2024-12-12 09:38:00-05:00,2024-12-12 10:23:00-05:00,short,21687.530920669866,21687.530920669866,BE,0.0,2024-12-05,-2664.01
2024-12-13,2024-12-13 09:43:00-05:00,2024-12-13 15:00:00-05:00,short,21869.341110276982,21801.25,cutoff,68.09,2024-12-11,-2595.92
2024-12-19,2024-12-19 09:31:00-05:00,2024-12-19 10:35:00-05:00,short,21687.530920669866,21500.25,TP,187.28,2024-12-05,-2408.64
2024-12-19,2024-12-19 10:40:00-05:00,2024-12-19 12:21:00-05:00,long,21492.24058955785,21492.24058955785,BE,0.0,2024-12-12,-2408.64
2024-12-20,2024-12-20 09:39:00-05:00,2024-12-20 10:23:00-05:00,short,21292.531888874582,21367.531888874582,SL,-75.0,2024-11-25,-2483.64
2024-12-23,2024-12-23 09:44:00-05:00,2024-12-23 10:08:00-05:00,long,21608.988638772324,21533.988638772324,SL,-75.0,2024-12-13,-2558.64
2024-12-24,2024-12-24 09:41:00-05:00,2024-12-24 10:36:00-05:00,short,21869.341110276982,21944.341110276982,SL,-75.0,2024-12-11,-2633.64
2024-12-26,2024-12-26 09:38:00-05:00,2024-12-26 10:38:00-05:00,short,22007.808684924697,22007.808684924697,BE,0.0,2024-12-19,-2633.64
2024-12-27,2024-12-27 09:37:00-05:00,2024-12-27 10:15:00-05:00,short,21764.75757263631,21577.75,TP,187.01,2024-12-06,-2446.63
2024-12-27,2024-12-27 10:23:00-05:00,2024-12-27 11:25:00-05:00,short,21596.018806749427,21596.018806749427,BE,0.0,2024-12-04,-2446.63
2024-12-30,2024-12-30 09:31:00-05:00,2024-12-30 09:46:00-05:00,long,21372.344079330134,21297.344079330134,SL,-75.0,2024-12-05,-2521.63
2025-01-02,2025-01-02 09:32:00-05:00,2025-01-02 10:05:00-05:00,short,21364.40750052978,21439.40750052978,SL,-75.0,2024-12-03,-2596.63
2025-01-03,2025-01-03 09:34:00-05:00,2025-01-03 10:21:00-05:00,long,21343.94368347066,21268.94368347066,SL,-75.0,2024-12-10,-2671.63
2025-01-06,2025-01-06 09:31:00-05:00,2025-01-06 09:53:00-05:00,short,21764.75757263631,21839.75757263631,SL,-75.0,2024-12-06,-2746.63
2025-01-07,2025-01-07 09:31:00-05:00,2025-01-07 10:07:00-05:00,short,21796.928107768268,21608.75,TP,188.18,2024-12-09,-2558.45
2025-01-07,2025-01-07 10:09:00-05:00,2025-01-07 10:31:00-05:00,long,21593.969909814354,21518.969909814354,SL,-75.0,2024-12-24,-2633.45
2025-01-08,2025-01-08 09:32:00-05:00,2025-01-08 10:13:00-05:00,long,21343.94368347066,21268.94368347066,SL,-75.0,2024-12-10,-2708.45
2025-01-10,2025-01-10 09:37:00-05:00,2025-01-10 09:48:00-05:00,long,21108.976305194254,21033.976305194254,SL,-75.0,2024-12-30,-2783.45
2025-01-13,2025-01-13 09:37:00-05:00,2025-01-13 10:29:00-05:00,long,20715.49254738771,20715.49254738771,BE,0.0,2025-01-10,-2783.45
2025-01-13,2025-01-13 10:41:00-05:00,2025-01-13 11:58:00-05:00,long,20812.622135091402,20737.622135091402,SL,-75.0,2024-12-20,-2858.45
2025-01-14,2025-01-14 09:31:00-05:00,2025-01-14 10:27:00-05:00,long,21031.8856662069,21031.8856662069,BE,0.0,2025-01-03,-2858.45
2025-01-14,2025-01-14 10:38:00-05:00,2025-01-14 11:03:00-05:00,long,20966.699659476093,20891.699659476093,SL,-75.0,2025-01-02,-2933.45
2025-01-15,2025-01-15 09:34:00-05:00,2025-01-15 09:38:00-05:00,long,21266.566315075303,21191.566315075303,SL,-75.0,2024-12-19,-3008.45
2025-01-16,2025-01-16 09:48:00-05:00,2025-01-16 10:34:00-05:00,long,21370.860792927837,21370.860792927837,BE,0.0,2025-01-07,-3008.45
2025-01-16,2025-01-16 10:36:00-05:00,2025-01-16 11:39:00-05:00,long,21369.223516791924,21369.223516791924,BE,0.0,2024-12-27,-3008.45
2025-01-17,2025-01-17 09:31:00-05:00,2025-01-17 09:39:00-05:00,long,21593.969909814354,21518.969909814354,SL,-75.0,2024-12-24,-3083.45
2025-01-20,2025-01-20 09:31:00-05:00,2025-01-20 11:52:00-05:00,short,21727.127864908598,21727.127864908598,BE,0.0,2024-12-20,-3083.45
2025-01-21,2025-01-21 09:39:00-05:00,2025-01-21 10:29:00-05:00,short,21634.523694805746,21634.523694805746,BE,0.0,2024-12-30,-3083.45
2025-01-21,2025-01-21 10:32:00-05:00,2025-01-21 12:29:00-05:00,short,21627.173587494122,21702.173587494122,SL,-75.0,2025-01-08,-3158.45
2025-01-22,2025-01-22 09:31:00-05:00,2025-01-22 09:50:00-05:00,short,21913.918142038703,21988.918142038703,SL,-75.0,2024-12-23,-3233.45
2025-01-23,2025-01-23 09:33:00-05:00,2025-01-23 11:45:00-05:00,short,21888.13218343735,21963.13218343735,SL,-75.0,2025-01-17,-3308.45
2025-01-24,2025-01-24 09:31:00-05:00,2025-01-24 15:00:00-05:00,short,22039.2246379133,21868.0,cutoff,171.22,2025-01-06,-3137.23
2025-01-27,2025-01-27 09:59:00-05:00,2025-01-27 10:17:00-05:00,long,21326.61781656265,21251.61781656265,SL,-75.0,2025-01-17,-3212.23
2025-01-28,2025-01-28 09:42:00-05:00,2025-01-28 10:23:00-05:00,long,21187.005205197285,21413.25,TP,226.24,2025-01-16,-2985.99
2025-01-29,2025-01-29 09:42:00-05:00,2025-01-29 13:01:00-05:00,long,21503.086594849883,21428.086594849883,SL,-75.0,2025-01-20,-3060.99
2025-01-30,2025-01-30 09:36:00-05:00,2025-01-30 09:47:00-05:00,short,21612.9893337931,21687.9893337931,SL,-75.0,2025-01-03,-3135.99
2025-01-31,2025-01-31 09:31:00-05:00,2025-01-31 10:02:00-05:00,short,21822.843311433993,21897.843311433993,SL,-75.0,2025-01-29,-3210.99
2025-02-03,2025-02-03 09:40:00-05:00,2025-02-03 09:46:00-05:00,long,21298.78293912612,21223.78293912612,SL,-75.0,2025-01-30,-3285.99
2025-02-04,2025-02-04 09:39:00-05:00,2025-02-04 10:00:00-05:00,short,21513.00745261229,21588.00745261229,SL,-75.0,2025-01-10,-3360.99
2025-02-05,2025-02-05 09:31:00-05:00,2025-02-05 10:16:00-05:00,long,21536.260413812335,21536.260413812335,BE,0.0,2025-01-31,-3360.99
2025-02-05,2025-02-05 10:17:00-05:00,2025-02-05 10:42:00-05:00,short,21522.02838072801,21597.02838072801,SL,-75.0,2025-01-27,-3435.99
2025-02-06,2025-02-06 09:45:00-05:00,2025-02-06 10:30:00-05:00,short,21792.952727208594,21792.952727208594,BE,0.0,2025-02-05,-3435.99
2025-02-06,2025-02-06 10:37:00-05:00,2025-02-06 12:53:00-05:00,short,21822.843311433993,21822.843311433993,BE,0.0,2025-01-29,-3435.99
2025-02-07,2025-02-07 09:33:00-05:00,2025-02-07 10:11:00-05:00,short,21948.538405150117,21760.5,TP,188.04,2025-01-20,-3247.95
2025-02-07,2025-02-07 10:12:00-05:00,2025-02-07 10:54:00-05:00,long,21695.804153590565,21620.804153590565,SL,-75.0,2025-01-22,-3322.95
2025-02-10,2025-02-10 09:43:00-05:00,2025-02-10 10:24:00-05:00,short,21792.952727208594,21867.952727208594,SL,-75.0,2025-02-05,-3397.95
2025-02-11,2025-02-11 09:36:00-05:00,2025-02-11 10:21:00-05:00,short,21792.952727208594,21792.952727208594,BE,0.0,2025-02-05,-3397.95
2025-02-11,2025-02-11 10:25:00-05:00,2025-02-11 15:00:00-05:00,short,21822.843311433993,21826.75,cutoff,-3.91,2025-01-29,-3401.86
2025-02-12,2025-02-12 09:31:00-05:00,2025-02-12 10:38:00-05:00,long,21536.260413812335,21733.75,TP,197.49,2025-01-31,-3204.37
2025-02-12,2025-02-12 10:44:00-05:00,2025-02-12 11:43:00-05:00,short,21724.619794802715,21724.619794802715,BE,0.0,2025-01-16,-3204.37
2025-02-13,2025-02-13 09:31:00-05:00,2025-02-13 10:02:00-05:00,short,21888.13218343735,21963.13218343735,SL,-75.0,2025-01-17,-3279.37
2025-02-14,2025-02-14 10:10:00-05:00,2025-02-14 10:56:00-05:00,short,22159.305308485862,22159.305308485862,BE,0.0,2025-02-13,-3279.37
2025-02-17,2025-02-17 09:46:00-05:00,2025-02-17 12:59:00-05:00,short,22212.350190881843,22235.25,cutoff,-22.9,2025-02-07,-3302.27
2025-02-18,2025-02-18 09:33:00-05:00,2025-02-18 15:00:00-05:00,short,22250.5219911343,22178.5,cutoff,72.02,2025-01-24,-3230.25
2025-02-19,2025-02-19 09:35:00-05:00,2025-02-19 11:11:00-05:00,short,22212.350190881843,22212.350190881843,BE,0.0,2025-02-07,-3230.25
2025-02-20,2025-02-20 09:31:00-05:00,2025-02-20 09:59:00-05:00,short,22212.350190881843,22030.75,TP,181.6,2025-02-07,-3048.65
2025-02-20,2025-02-20 10:00:00-05:00,2025-02-20 10:59:00-05:00,long,21982.87512247588,21982.87512247588,BE,0.0,2025-02-18,-3048.65
2025-02-20,2025-02-20 11:00:00-05:00,2025-02-20 12:36:00-05:00,short,22016.822171434134,22091.822171434134,SL,-75.0,2025-02-06,-3123.65
2025-02-21,2025-02-21 09:32:00-05:00,2025-02-21 10:44:00-05:00,short,22159.305308485862,21962.0,TP,197.31,2025-02-13,-2926.34
2025-02-21,2025-02-21 10:46:00-05:00,2025-02-21 13:31:00-05:00,short,21979.59206087388,21797.0,TP,182.59,2025-01-30,-2743.75
2025-02-24,2025-02-24 09:32:00-05:00,2025-02-24 09:55:00-05:00,short,21792.952727208594,21608.0,TP,184.95,2025-02-05,-2558.8
2025-02-24,2025-02-24 10:01:00-05:00,2025-02-24 10:06:00-05:00,long,21536.260413812335,21461.260413812335,SL,-75.0,2025-01-31,-2633.8
2025-02-25,2025-02-25 09:43:00-05:00,2025-02-25 09:52:00-05:00,long,21320.281688566007,21245.281688566007,SL,-75.0,2025-01-29,-2708.8
2025-02-26,2025-02-26 09:39:00-05:00,2025-02-26 12:57:00-05:00,long,21247.86849815972,21247.86849815972,BE,0.0,2025-02-24,-2708.8
2025-02-27,2025-02-27 09:39:00-05:00,2025-02-27 09:42:00-05:00,long,21315.422272791406,21240.422272791406,SL,-75.0,2025-02-05,-2783.8
2025-02-28,2025-02-28 10:25:00-05:00,2025-02-28 11:12:00-05:00,long,20707.532251260138,20707.532251260138,BE,0.0,2025-02-27,-2783.8
2025-03-03,2025-03-03 09:43:00-05:00,2025-03-03 09:55:00-05:00,long,20953.828863134346,20878.828863134346,SL,-75.0,2025-02-26,-2858.8
2025-03-04,2025-03-04 10:00:00-05:00,2025-03-04 10:18:00-05:00,long,20196.21082559822,20121.21082559822,SL,-75.0,2025-02-28,-2933.8
2025-03-07,2025-03-07 09:36:00-05:00,2025-03-07 10:28:00-05:00,long,20045.353394687612,20045.353394687612,BE,0.0,2025-03-05,-2933.8
2025-03-07,2025-03-07 10:32:00-05:00,2025-03-07 10:41:00-05:00,long,19963.50233256204,19888.50233256204,SL,-75.0,2025-03-06,-3008.8
2025-03-10,2025-03-10 09:32:00-04:00,2025-03-10 09:54:00-04:00,long,19847.34270773561,19772.34270773561,SL,-75.0,2025-03-04,-3083.8
2025-03-11,2025-03-11 10:03:00-04:00,2025-03-11 10:04:00-04:00,long,19447.50973136168,19372.50973136168,SL,-75.0,2025-03-10,-3158.8
2025-03-12,2025-03-12 09:34:00-04:00,2025-03-12 09:48:00-04:00,long,19729.831228780633,19654.831228780633,SL,-75.0,2025-03-07,-3233.8
2025-03-13,2025-03-13 09:51:00-04:00,2025-03-13 09:56:00-04:00,long,19447.50973136168,19372.50973136168,SL,-75.0,2025-03-10,-3308.8
2025-03-14,2025-03-14 10:00:00-04:00,2025-03-14 11:26:00-04:00,long,19447.50973136168,19639.0,TP,191.49,2025-03-10,-3117.31
2025-03-17,2025-03-17 09:40:00-04:00,2025-03-17 13:50:00-04:00,short,19830.48773287708,19830.48773287708,BE,0.0,2025-03-14,-3117.31
2025-03-18,2025-03-18 09:31:00-04:00,2025-03-18 09:57:00-04:00,short,19872.263616735974,19686.75,TP,185.51,2025-03-11,-2931.8
2025-03-19,2025-03-19 09:42:00-04:00,2025-03-19 12:10:00-04:00,long,19729.831228780633,19910.5,TP,180.67,2025-03-07,-2751.13
2025-03-20,2025-03-20 09:32:00-04:00,2025-03-20 09:43:00-04:00,short,19830.48773287708,19905.48773287708,SL,-75.0,2025-03-14,-2826.13
2025-03-21,2025-03-21 09:58:00-04:00,2025-03-21 15:00:00-04:00,long,19729.831228780633,19859.75,cutoff,129.92,2025-03-07,-2696.21
2025-03-24,2025-03-24 09:33:00-04:00,2025-03-24 10:21:00-04:00,short,20270.254580858167,20345.254580858167,SL,-75.0,2025-03-20,-2771.21
2025-03-25,2025-03-25 10:00:00-04:00,2025-03-25 15:00:00-04:00,short,20439.543771219367,20427.5,cutoff,12.04,2025-03-07,-2759.17
2025-03-26,2025-03-26 09:35:00-04:00,2025-03-26 10:24:00-04:00,short,20439.543771219367,20258.0,TP,181.54,2025-03-07,-2577.63
2025-03-26,2025-03-26 10:27:00-04:00,2025-03-26 14:47:00-04:00,short,20270.254580858167,20078.5,TP,191.75,2025-03-20,-2385.88
2025-03-27,2025-03-27 09:32:00-04:00,2025-03-27 09:36:00-04:00,long,20045.353394687612,19970.353394687612,SL,-75.0,2025-03-05,-2460.88
2025-03-28,2025-03-28 09:32:00-04:00,2025-03-28 10:26:00-04:00,short,19872.263616735974,19671.5,TP,200.76,2025-03-11,-2260.12
2025-03-31,2025-03-31 09:31:00-04:00,2025-03-31 09:33:00-04:00,long,19132.060649987903,19057.060649987903,SL,-75.0,2025-03-13,-2335.12
2025-04-01,2025-04-01 09:33:00-04:00,2025-04-01 10:11:00-04:00,long,19384.17982819876,19309.17982819876,SL,-75.0,2025-03-21,-2410.12
2025-04-02,2025-04-02 09:36:00-04:00,2025-04-02 11:20:00-04:00,long,19437.620419141833,19629.75,TP,192.13,2025-03-20,-2217.99
2025-04-03,2025-04-03 09:32:00-04:00,2025-04-03 10:00:00-04:00,long,18997.15482466907,18922.15482466907,SL,-75.0,2025-04-02,-2292.99
2025-04-04,2025-04-04 10:50:00-04:00,2025-04-04 10:57:00-04:00,long,17658.120958752366,17850.25,TP,192.13,2025-04-04,-2100.86
2025-04-07,2025-04-07 10:12:00-04:00,2025-04-07 10:13:00-04:00,long,17658.120958752366,18067.25,TP,409.13,2025-04-04,-1691.73
2025-04-10,2025-04-10 09:31:00-04:00,2025-04-10 09:42:00-04:00,long,18790.769736152346,18715.769736152346,SL,-75.0,2025-03-31,-1766.73
2025-04-11,2025-04-11 09:46:00-04:00,2025-04-11 10:22:00-04:00,short,18574.754041247634,18344.5,TP,230.25,2025-04-04,-1536.48
2025-04-11,2025-04-11 10:23:00-04:00,2025-04-11 10:44:00-04:00,long,18286.418953500917,18475.75,TP,189.33,2025-04-10,-1347.15
2025-04-14,2025-04-14 09:32:00-04:00,2025-04-14 09:43:00-04:00,short,19224.331046499083,19024.0,TP,200.33,2025-04-10,-1146.82
2025-04-14,2025-04-14 09:44:00-04:00,2025-04-14 11:26:00-04:00,long,18997.15482466907,18997.15482466907,BE,0.0,2025-04-02,-1146.82
2025-04-15,2025-04-15 09:32:00-04:00,2025-04-15 09:48:00-04:00,short,19018.330734952433,19093.330734952433,SL,-75.0,2025-04-11,-1221.82
2025-04-16,2025-04-16 09:31:00-04:00,2025-04-16 09:59:00-04:00,long,18604.621901765408,18529.621901765408,SL,-75.0,2025-04-15,-1296.82
2025-04-17,2025-04-17 10:31:00-04:00,2025-04-17 14:04:00-04:00,long,18286.418953500917,18468.0,TP,181.58,2025-04-10,-1115.24
2025-04-21,2025-04-21 09:56:00-04:00,2025-04-21 10:00:00-04:00,long,18043.702403837182,17968.702403837182,SL,-75.0,2025-04-17,-1190.24
2025-04-22,2025-04-22 09:46:00-04:00,2025-04-22 12:11:00-04:00,long,18238.0404936951,18427.0,TP,188.96,2025-04-16,-1001.28
2025-04-23,2025-04-23 09:34:00-04:00,2025-04-23 09:36:00-04:00,long,18997.15482466907,18922.15482466907,SL,-75.0,2025-04-02,-1076.28
2025-04-24,2025-04-24 09:42:00-04:00,2025-04-24 09:56:00-04:00,short,18940.5845063049,19015.5845063049,SL,-75.0,2025-04-16,-1151.28
2025-04-25,2025-04-25 09:33:00-04:00,2025-04-25 09:35:00-04:00,short,19268.709598530542,19343.709598530542,SL,-75.0,2025-04-03,-1226.28
2025-04-28,2025-04-28 10:02:00-04:00,2025-04-28 10:24:00-04:00,short,19459.980263847654,19534.980263847654,SL,-75.0,2025-03-31,-1301.28
2025-04-29,2025-04-29 09:39:00-04:00,2025-04-29 09:45:00-04:00,short,19416.753098234592,19491.753098234592,SL,-75.0,2025-04-15,-1376.28
2025-04-30,2025-04-30 09:32:00-04:00,2025-04-30 10:19:00-04:00,short,19268.709598530542,19268.709598530542,BE,0.0,2025-04-03,-1376.28
2025-05-01,2025-05-01 10:00:00-04:00,2025-05-01 10:18:00-04:00,short,19883.0968747399,19958.0968747399,SL,-75.0,2025-04-28,-1451.28
2025-05-06,2025-05-06 09:31:00-04:00,2025-05-06 10:20:00-04:00,short,19815.290020174296,19890.290020174296,SL,-75.0,2025-04-29,-1526.28
2025-05-07,2025-05-07 09:31:00-04:00,2025-05-07 10:23:00-04:00,short,19883.0968747399,19958.0968747399,SL,-75.0,2025-04-28,-1601.28
2025-05-08,2025-05-08 09:33:00-04:00,2025-05-08 11:20:00-04:00,short,20128.846013962007,20128.846013962007,BE,0.0,2025-05-06,-1601.28
2025-05-09,2025-05-09 09:35:00-04:00,2025-05-09 10:40:00-04:00,short,20263.837006537575,20083.25,TP,180.59,2025-05-01,-1420.69
2025-05-09,2025-05-09 10:49:00-04:00,2025-05-09 11:34:00-04:00,short,20128.846013962007,20128.846013962007,BE,0.0,2025-05-06,-1420.69
2025-05-13,2025-05-13 10:17:00-04:00,2025-05-13 11:36:00-04:00,short,21222.895093414,21297.895093414,SL,-75.0,2025-05-12,-1495.69
2025-05-16,2025-05-16 09:32:00-04:00,2025-05-16 15:00:00-04:00,short,21430.874914375905,21477.0,cutoff,-46.13,2025-05-13,-1541.82
2025-05-19,2025-05-19 10:07:00-04:00,2025-05-19 11:18:00-04:00,short,21430.874914375905,21430.874914375905,BE,0.0,2025-05-13,-1541.82
2025-05-20,2025-05-20 09:33:00-04:00,2025-05-20 10:39:00-04:00,short,21430.874914375905,21430.874914375905,BE,0.0,2025-05-13,-1541.82
2025-05-21,2025-05-21 10:01:00-04:00,2025-05-21 10:56:00-04:00,short,21430.874914375905,21430.874914375905,BE,0.0,2025-05-13,-1541.82
2025-05-22,2025-05-22 09:33:00-04:00,2025-05-22 10:56:00-04:00,long,21172.07384349611,21172.07384349611,BE,0.0,2025-05-20,-1541.82
2025-05-22,2025-05-22 10:59:00-04:00,2025-05-22 12:14:00-04:00,short,21222.895093414,21297.895093414,SL,-75.0,2025-05-12,-1616.82
2025-05-23,2025-05-23 09:31:00-04:00,2025-05-23 13:32:00-04:00,long,20848.158405671267,21049.75,TP,201.59,2025-05-22,-1415.23
2025-05-27,2025-05-27 09:35:00-04:00,2025-05-27 12:39:00-04:00,long,21217.734988096745,21429.75,TP,212.02,2025-05-16,-1203.21
2025-05-28,2025-05-28 09:32:00-04:00,2025-05-28 15:00:00-04:00,short,21513.310861378166,21468.25,cutoff,45.06,2025-05-26,-1158.15
2025-05-29,2025-05-29 09:32:00-04:00,2025-05-29 10:14:00-04:00,short,21612.80588287719,21423.5,TP,189.31,2025-05-27,-968.84
2025-05-29,2025-05-29 10:25:00-04:00,2025-05-29 10:54:00-04:00,short,21430.874914375905,21505.874914375905,SL,-75.0,2025-05-13,-1043.84
2025-06-02,2025-06-02 09:38:00-04:00,2025-06-02 11:51:00-04:00,short,21430.874914375905,21430.874914375905,BE,0.0,2025-05-13,-1043.84
2025-06-03,2025-06-03 09:33:00-04:00,2025-06-03 10:00:00-04:00,short,21548.17602820053,21623.17602820053,SL,-75.0,2025-05-15,-1118.84
2025-06-04,2025-06-04 09:36:00-04:00,2025-06-04 11:06:00-04:00,short,21774.231123650083,21774.231123650083,BE,0.0,2025-05-28,-1118.84
2025-06-05,2025-06-05 09:33:00-04:00,2025-06-05 10:38:00-04:00,short,21806.20617937395,21806.20617937395,BE,0.0,2025-06-03,-1118.84
2025-06-05,2025-06-05 10:41:00-04:00,2025-06-05 10:42:00-04:00,short,21774.231123650083,21849.231123650083,SL,-75.0,2025-05-28,-1193.84
2025-06-06,2025-06-06 09:31:00-04:00,2025-06-06 15:00:00-04:00,short,21806.20617937395,21834.5,cutoff,-28.29,2025-06-03,-1222.13
2025-06-09,2025-06-09 09:36:00-04:00,2025-06-09 10:14:00-04:00,short,21774.231123650083,21849.231123650083,SL,-75.0,2025-05-28,-1297.13
2025-06-11,2025-06-11 09:32:00-04:00,2025-06-11 10:52:00-04:00,short,21980.171524408106,22055.171524408106,SL,-75.0,2025-06-04,-1372.13
2025-06-13,2025-06-13 09:32:00-04:00,2025-06-13 11:15:00-04:00,short,21774.231123650083,21774.231123650083,BE,0.0,2025-05-28,-1372.13
2025-06-16,2025-06-16 09:32:00-04:00,2025-06-16 09:57:00-04:00,short,22095.40708023221,22170.40708023221,SL,-75.0,2025-06-12,-1447.13
2025-06-17,2025-06-17 09:45:00-04:00,2025-06-17 10:12:00-04:00,short,22048.378437910666,22123.378437910666,SL,-75.0,2025-06-05,-1522.13
2025-06-18,2025-06-18 09:31:00-04:00,2025-06-18 10:18:00-04:00,short,21986.976553121214,22061.976553121214,SL,-75.0,2025-06-13,-1597.13
2025-06-19,2025-06-19 09:31:00-04:00,2025-06-19 12:59:00-04:00,short,21774.231123650083,21703.0,cutoff,71.23,2025-05-28,-1525.9
2025-06-20,2025-06-20 09:31:00-04:00,2025-06-20 10:41:00-04:00,short,22095.40708023221,21909.25,TP,186.16,2025-06-12,-1339.74
2025-06-20,2025-06-20 10:50:00-04:00,2025-06-20 13:27:00-04:00,long,21823.793626264163,21823.793626264163,BE,0.0,2025-06-17,-1339.74
2025-06-23,2025-06-23 09:31:00-04:00,2025-06-23 12:33:00-04:00,long,21823.793626264163,21823.793626264163,BE,0.0,2025-06-17,-1339.74
2025-06-24,2025-06-24 09:31:00-04:00,2025-06-24 11:37:00-04:00,short,22302.46465015223,22377.46465015223,SL,-75.0,2025-06-18,-1414.74
2025-06-25,2025-06-25 09:33:00-04:00,2025-06-25 10:45:00-04:00,short,22516.453264443597,22516.453264443597,BE,0.0,2025-06-24,-1414.74
2025-06-26,2025-06-26 09:38:00-04:00,2025-06-26 10:31:00-04:00,short,22516.453264443597,22591.453264443597,SL,-75.0,2025-06-24,-1489.74
2025-06-27,2025-06-27 09:31:00-04:00,2025-06-27 10:03:00-04:00,short,22722.758394924076,22797.758394924076,SL,-75.0,2025-06-25,-1564.74
2025-07-01,2025-07-01 10:31:00-04:00,2025-07-01 15:00:00-04:00,short,22773.328162960443,22702.25,cutoff,71.08,2025-06-26,-1493.66
2025-07-02,2025-07-02 09:45:00-04:00,2025-07-02 10:29:00-04:00,short,22722.758394924076,22797.758394924076,SL,-75.0,2025-06-25,-1568.66
2025-07-03,2025-07-03 09:39:00-04:00,2025-07-03 10:04:00-04:00,short,22963.565131112424,23038.565131112424,SL,-75.0,2025-07-02,-1643.66
2025-07-07,2025-07-07 09:32:00-04:00,2025-07-07 15:00:00-04:00,short,22963.565131112424,22877.25,cutoff,86.32,2025-07-02,-1557.34
2025-07-09,2025-07-09 09:35:00-04:00,2025-07-09 10:00:00-04:00,short,23034.85071845072,23109.85071845072,SL,-75.0,2025-07-01,-1632.34
2025-07-10,2025-07-10 09:35:00-04:00,2025-07-10 13:53:00-04:00,short,23034.85071845072,23034.85071845072,BE,0.0,2025-07-01,-1632.34
2025-07-11,2025-07-11 09:57:00-04:00,2025-07-11 15:00:00-04:00,short,22963.565131112424,22976.75,cutoff,-13.18,2025-07-02,-1645.52
2025-07-14,2025-07-14 09:31:00-04:00,2025-07-14 10:17:00-04:00,short,22963.565131112424,22963.565131112424,BE,0.0,2025-07-02,-1645.52
2025-07-14,2025-07-14 10:58:00-04:00,2025-07-14 13:36:00-04:00,short,22990.650113436634,23065.650113436634,SL,-75.0,2025-06-27,-1720.52
2025-07-15,2025-07-15 09:36:00-04:00,2025-07-15 15:00:00-04:00,short,23184.128315938666,23094.25,cutoff,89.88,2025-07-11,-1630.64
2025-07-16,2025-07-16 09:36:00-04:00,2025-07-16 11:12:00-04:00,short,23034.85071845072,23034.85071845072,BE,0.0,2025-07-01,-1630.64
2025-07-17,2025-07-17 09:42:00-04:00,2025-07-17 10:50:00-04:00,short,23120.43003053195,23195.43003053195,SL,-75.0,2025-07-04,-1705.64
2025-07-18,2025-07-18 09:38:00-04:00,2025-07-18 15:00:00-04:00,short,23273.31354959769,23203.5,cutoff,69.81,2025-07-09,-1635.83
2025-07-21,2025-07-21 09:36:00-04:00,2025-07-21 09:56:00-04:00,short,23315.830634039354,23390.830634039354,SL,-75.0,2025-07-16,-1710.83
2025-07-22,2025-07-22 09:44:00-04:00,2025-07-22 15:00:00-04:00,short,23273.31354959769,23251.5,cutoff,21.81,2025-07-09,-1689.02
2025-07-23,2025-07-23 09:35:00-04:00,2025-07-23 11:53:00-04:00,short,23231.100082062927,23231.100082062927,BE,0.0,2025-07-03,-1689.02
2025-07-24,2025-07-24 09:37:00-04:00,2025-07-24 10:37:00-04:00,short,23354.46373998964,23354.46373998964,BE,0.0,2025-07-17,-1689.02
2025-07-25,2025-07-25 09:40:00-04:00,2025-07-25 12:08:00-04:00,short,23354.46373998964,23429.46373998964,SL,-75.0,2025-07-17,-1764.02
2025-07-28,2025-07-28 09:33:00-04:00,2025-07-28 15:00:00-04:00,short,23478.925830070326,23462.5,cutoff,16.43,2025-07-23,-1747.59
2025-07-29,2025-07-29 09:31:00-04:00,2025-07-29 15:00:00-04:00,short,23624.97526779357,23478.25,cutoff,146.73,2025-07-22,-1600.86
2025-07-30,2025-07-30 09:31:00-04:00,2025-07-30 14:00:00-04:00,short,23478.925830070326,23553.925830070326,SL,-75.0,2025-07-23,-1675.86
2025-07-31,2025-07-31 09:32:00-04:00,2025-07-31 10:17:00-04:00,short,23675.83459590077,23675.83459590077,BE,0.0,2025-07-28,-1675.86
2025-07-31,2025-07-31 10:27:00-04:00,2025-07-31 13:32:00-04:00,short,23624.97526779357,23442.5,TP,182.48,2025-07-22,-1493.38
2025-08-01,2025-08-01 09:32:00-04:00,2025-08-01 09:42:00-04:00,long,23026.723166003285,22951.723166003285,SL,-75.0,2025-07-18,-1568.38
2025-08-04,2025-08-04 09:36:00-04:00,2025-08-04 09:55:00-04:00,short,23157.740492599638,23232.740492599638,SL,-75.0,2025-07-08,-1643.38
2025-08-05,2025-08-05 09:31:00-04:00,2025-08-05 09:48:00-04:00,short,23315.830634039354,23390.830634039354,SL,-75.0,2025-07-16,-1718.38
2025-08-06,2025-08-06 09:31:00-04:00,2025-08-06 10:04:00-04:00,short,23184.128315938666,23259.128315938666,SL,-75.0,2025-07-11,-1793.38
2025-08-07,2025-08-07 09:31:00-04:00,2025-08-07 10:16:00-04:00,short,23601.613878410044,23601.613878410044,BE,0.0,2025-08-05,-1793.38
2025-08-07,2025-08-07 10:24:00-04:00,2025-08-07 13:38:00-04:00,short,23588.220500917443,23405.25,TP,182.97,2025-07-24,-1610.41
2025-08-08,2025-08-08 09:31:00-04:00,2025-08-08 10:01:00-04:00,short,23574.398521302704,23649.398521302704,SL,-75.0,2025-07-21,-1685.41
2025-08-11,2025-08-11 09:32:00-04:00,2025-08-11 12:07:00-04:00,short,23697.015357395983,23772.015357395983,SL,-75.0,2025-07-30,-1760.41
2025-08-12,2025-08-12 09:51:00-04:00,2025-08-12 10:21:00-04:00,short,23675.83459590077,23750.83459590077,SL,-75.0,2025-07-28,-1835.41
2025-08-13,2025-08-13 09:56:00-04:00,2025-08-13 15:00:00-04:00,short,24017.78030730159,23934.0,cutoff,83.78,2025-08-12,-1751.63
2025-08-14,2025-08-14 09:31:00-04:00,2025-08-14 09:47:00-04:00,short,23858.911226056676,23933.911226056676,SL,-75.0,2025-08-07,-1826.63
2025-08-15,2025-08-15 09:32:00-04:00,2025-08-15 15:00:00-04:00,short,23858.911226056676,23811.0,cutoff,47.91,2025-08-07,-1778.72
2025-08-18,2025-08-18 09:31:00-04:00,2025-08-18 15:00:00-04:00,long,23791.33191477614,23795.5,cutoff,4.17,2025-08-13,-1774.55
2025-08-19,2025-08-19 09:35:00-04:00,2025-08-19 13:01:00-04:00,short,23675.83459590077,23486.75,TP,189.08,2025-07-28,-1585.47
2025-08-20,2025-08-20 09:31:00-04:00,2025-08-20 09:53:00-04:00,short,23398.54778671259,23207.0,TP,191.55,2025-08-01,-1393.92
2025-08-20,2025-08-20 09:56:00-04:00,2025-08-20 10:16:00-04:00,long,23155.5267650799,23080.5267650799,SL,-75.0,2025-07-25,-1468.92
2025-08-21,2025-08-21 09:38:00-04:00,2025-08-21 09:45:00-04:00,long,23278.484642604017,23203.484642604017,SL,-75.0,2025-07-30,-1543.92
2025-08-22,2025-08-22 09:38:00-04:00,2025-08-22 10:01:00-04:00,long,23278.484642604017,23461.0,TP,182.52,2025-07-30,-1361.4
2025-08-22,2025-08-22 10:04:00-04:00,2025-08-22 12:57:00-04:00,long,23509.184822348634,23509.184822348634,BE,0.0,2025-08-11,-1361.4
2025-08-25,2025-08-25 09:31:00-04:00,2025-08-25 15:00:00-04:00,long,23460.68991584859,23552.25,cutoff,91.56,2025-07-31,-1269.84
2025-08-26,2025-08-26 09:38:00-04:00,2025-08-26 15:00:00-04:00,long,23468.68801143708,23549.75,cutoff,81.06,2025-08-19,-1188.78
2025-08-27,2025-08-27 09:45:00-04:00,2025-08-27 15:00:00-04:00,long,23509.184822348634,23626.5,cutoff,117.32,2025-08-11,-1071.46
2025-08-28,2025-08-28 09:31:00-04:00,2025-08-28 10:55:00-04:00,short,23724.339417208048,23724.339417208048,BE,0.0,2025-08-26,-1071.46
2025-08-29,2025-08-29 09:31:00-04:00,2025-08-29 09:45:00-04:00,long,23646.978338376586,23571.978338376586,SL,-75.0,2025-08-14,-1146.46
2025-09-01,2025-09-01 09:31:00-04:00,2025-09-01 12:59:00-04:00,short,23460.87983826777,23502.25,cutoff,-41.37,2025-08-06,-1187.83
2025-09-02,2025-09-02 09:52:00-04:00,2025-09-02 10:38:00-04:00,long,23233.910582791952,23233.910582791952,BE,0.0,2025-08-26,-1187.83
2025-09-03,2025-09-03 10:05:00-04:00,2025-09-03 11:28:00-04:00,long,23430.34469269841,23430.34469269841,BE,0.0,2025-08-12,-1187.83
2025-09-04,2025-09-04 09:31:00-04:00,2025-09-04 15:00:00-04:00,long,23468.68801143708,23620.0,cutoff,151.31,2025-08-19,-1036.52
2025-09-05,2025-09-05 09:39:00-04:00,2025-09-05 10:28:00-04:00,short,23834.97845614906,23653.5,TP,181.48,2025-08-22,-855.04
2025-09-05,2025-09-05 10:30:00-04:00,2025-09-05 10:47:00-04:00,long,23646.978338376586,23571.978338376586,SL,-75.0,2025-08-14,-930.04
2025-09-08,2025-09-08 09:32:00-04:00,2025-09-08 12:37:00-04:00,long,23791.33191477614,23791.33191477614,BE,0.0,2025-08-13,-930.04
2025-09-09,2025-09-09 09:31:00-04:00,2025-09-09 13:02:00-04:00,short,23834.97845614906,23834.97845614906,BE,0.0,2025-08-22,-930.04
2025-09-10,2025-09-10 09:41:00-04:00,2025-09-10 15:00:00-04:00,short,23934.331686108046,23862.5,cutoff,71.83,2025-08-28,-858.21
2025-09-11,2025-09-11 09:31:00-04:00,2025-09-11 10:33:00-04:00,short,23988.887704685447,23988.887704685447,BE,0.0,2025-08-18,-858.21
2025-09-11,2025-09-11 10:34:00-04:00,2025-09-11 15:00:00-04:00,short,23990.56198856292,24033.75,cutoff,-43.19,2025-08-19,-901.4
2025-09-12,2025-09-12 09:33:00-04:00,2025-09-12 10:55:00-04:00,short,24039.42526747664,24114.42526747664,SL,-75.0,2025-09-08,-976.4
2025-09-18,2025-09-18 09:31:00-04:00,2025-09-18 10:07:00-04:00,short,24669.905354290502,24744.905354290502,SL,-75.0,2025-09-15,-1051.4
2025-09-19,2025-09-19 09:34:00-04:00,2025-09-19 12:48:00-04:00,short,24757.18340133589,24832.18340133589,SL,-75.0,2025-09-17,-1126.4
2025-09-23,2025-09-23 09:32:00-04:00,2025-09-23 13:41:00-04:00,short,25000.786126587627,24804.25,TP,196.54,2025-09-19,-929.86
2025-09-24,2025-09-24 09:51:00-04:00,2025-09-24 15:00:00-04:00,short,24803.595250114304,24739.75,cutoff,63.85,2025-09-16,-866.01
2025-09-25,2025-09-25 09:34:00-04:00,2025-09-25 09:40:00-04:00,long,24544.463873412373,24469.463873412373,SL,-75.0,2025-09-19,-941.01
2025-09-26,2025-09-26 09:31:00-04:00,2025-09-26 10:27:00-04:00,long,24601.656739631573,24526.656739631573,SL,-75.0,2025-09-22,-1016.01
2025-09-29,2025-09-29 09:43:00-04:00,2025-09-29 10:09:00-04:00,short,24895.717462472956,24970.717462472956,SL,-75.0,2025-09-25,-1091.01
2025-09-30,2025-09-30 09:37:00-04:00,2025-09-30 13:21:00-04:00,long,24749.71969537814,24749.71969537814,BE,0.0,2025-09-23,-1091.01
2025-10-01,2025-10-01 09:31:00-04:00,2025-10-01 10:21:00-04:00,short,24803.595250114304,24878.595250114304,SL,-75.0,2025-09-16,-1166.01
2025-10-02,2025-10-02 09:31:00-04:00,2025-10-02 15:00:00-04:00,short,25150.12594001621,25111.75,cutoff,38.38,2025-09-29,-1127.63
2025-10-03,2025-10-03 09:31:00-04:00,2025-10-03 11:17:00-04:00,short,25131.101610830938,25131.101610830938,BE,0.0,2025-09-24,-1127.63
2025-10-06,2025-10-06 09:44:00-04:00,2025-10-06 11:50:00-04:00,short,25131.101610830938,25206.101610830938,SL,-75.0,2025-09-24,-1202.63
2025-10-07,2025-10-07 10:05:00-04:00,2025-10-07 11:47:00-04:00,short,25220.90530462186,25019.5,TP,201.41,2025-09-23,-1001.22
2025-10-08,2025-10-08 09:33:00-04:00,2025-10-08 10:01:00-04:00,short,25131.101610830938,25206.101610830938,SL,-75.0,2025-09-24,-1076.22
2025-10-09,2025-10-09 10:37:00-04:00,2025-10-09 15:00:00-04:00,short,25220.90530462186,25235.25,cutoff,-14.34,2025-09-23,-1090.56
2025-10-10,2025-10-10 11:00:00-04:00,2025-10-10 11:04:00-04:00,long,25072.03020890303,24997.03020890303,SL,-75.0,2025-10-10,-1165.56
2025-10-13,2025-10-13 09:32:00-04:00,2025-10-13 09:35:00-04:00,long,24831.005299050765,24756.005299050765,SL,-75.0,2025-10-02,-1240.56
2025-10-14,2025-10-14 09:31:00-04:00,2025-10-14 09:36:00-04:00,long,24601.656739631573,24526.656739631573,SL,-75.0,2025-09-22,-1315.56
2025-10-15,2025-10-15 09:31:00-04:00,2025-10-15 10:06:00-04:00,short,24984.000597118462,25059.000597118462,SL,-75.0,2025-09-26,-1390.56
2025-10-16,2025-10-16 09:31:00-04:00,2025-10-16 10:16:00-04:00,short,25073.968260368427,25073.968260368427,BE,0.0,2025-09-22,-1390.56
2025-10-16,2025-10-16 10:17:00-04:00,2025-10-16 11:25:00-04:00,long,25072.03020890303,25072.03020890303,BE,0.0,2025-10-10,-1390.56
2025-10-17,2025-10-17 09:32:00-04:00,2025-10-17 09:44:00-04:00,long,24749.71969537814,24674.71969537814,SL,-75.0,2025-09-23,-1465.56
2025-10-20,2025-10-20 09:32:00-04:00,2025-10-20 10:27:00-04:00,short,25194.468641046944,25269.468641046944,SL,-75.0,2025-10-13,-1540.56
2025-10-21,2025-10-21 09:42:00-04:00,2025-10-21 10:37:00-04:00,short,25252.09866226461,25252.09866226461,BE,0.0,2025-10-17,-1540.56
2025-10-22,2025-10-22 09:36:00-04:00,2025-10-22 09:51:00-04:00,short,25194.468641046944,25269.468641046944,SL,-75.0,2025-10-13,-1615.56
2025-10-23,2025-10-23 09:31:00-04:00,2025-10-23 11:59:00-04:00,long,25006.67785392699,25192.5,TP,185.82,2025-10-07,-1429.74
2025-10-24,2025-10-24 09:31:00-04:00,2025-10-24 09:37:00-04:00,short,25454.087730001516,25529.087730001516,SL,-75.0,2025-10-06,-1504.74
2025-10-28,2025-10-28 09:31:00-04:00,2025-10-28 12:02:00-04:00,short,26079.10496771575,26079.10496771575,BE,0.0,2025-10-27,-1504.74
2025-10-29,2025-10-29 09:55:00-04:00,2025-10-29 14:39:00-04:00,short,26300.264687610725,26101.5,TP,198.76,2025-10-28,-1305.98
2025-10-30,2025-10-30 09:36:00-04:00,2025-10-30 09:40:00-04:00,long,26019.877638426828,25944.877638426828,SL,-75.0,2025-10-29,-1380.98
2025-10-31,2025-10-31 10:05:00-04:00,2025-10-31 10:41:00-04:00,short,26079.10496771575,26154.10496771575,SL,-75.0,2025-10-27,-1455.98
2025-11-03,2025-11-03 10:31:00-05:00,2025-11-03 15:00:00-05:00,long,26019.877638426828,26116.5,cutoff,96.62,2025-10-29,-1359.36
2025-11-04,2025-11-04 09:33:00-05:00,2025-11-04 12:07:00-05:00,long,25705.554893746776,25705.554893746776,BE,0.0,2025-10-30,-1359.36
2025-11-05,2025-11-05 09:36:00-05:00,2025-11-05 09:47:00-05:00,short,25518.070219511428,25593.070219511428,SL,-75.0,2025-10-20,-1434.36
2025-11-06,2025-11-06 09:51:00-05:00,2025-11-06 10:00:00-05:00,long,25572.77003228425,25497.77003228425,SL,-75.0,2025-10-27,-1509.36
2025-11-07,2025-11-07 09:37:00-05:00,2025-11-07 09:40:00-05:00,long,24993.60266830834,24918.60266830834,SL,-75.0,2025-10-21,-1584.36
2025-11-10,2025-11-10 09:31:00-05:00,2025-11-10 09:59:00-05:00,short,25579.835764917516,25654.835764917516,SL,-75.0,2025-10-22,-1659.36
2025-11-11,2025-11-11 09:50:00-05:00,2025-11-11 10:51:00-05:00,long,25572.77003228425,25497.77003228425,SL,-75.0,2025-10-27,-1734.36
2025-11-12,2025-11-12 09:31:00-05:00,2025-11-12 09:46:00-05:00,long,25705.554893746776,25630.554893746776,SL,-75.0,2025-10-30,-1809.36
2025-11-13,2025-11-13 09:33:00-05:00,2025-11-13 10:58:00-05:00,short,25453.09916771965,25232.25,TP,220.85,2025-11-07,-1588.51
2025-11-13,2025-11-13 10:59:00-05:00,2025-11-13 12:30:00-05:00,short,25252.09866226461,25252.09866226461,BE,0.0,2025-10-17,-1588.51
2025-11-14,2025-11-14 09:32:00-05:00,2025-11-14 09:46:00-05:00,long,24653.90083228035,24847.75,TP,193.85,2025-11-07,-1394.66
2025-11-14,2025-11-14 09:48:00-05:00,2025-11-14 10:43:00-05:00,long,24881.414235082484,25072.0,TP,190.59,2025-10-22,-1204.07
2025-11-17,2025-11-17 09:44:00-05:00,2025-11-17 10:04:00-05:00,long,25186.599602185648,25111.599602185648,SL,-75.0,2025-10-24,-1279.07
2025-11-18,2025-11-18 09:31:00-05:00,2025-11-18 09:47:00-05:00,long,24703.513119674288,24628.513119674288,SL,-75.0,2025-10-23,-1354.07
2025-11-19,2025-11-19 09:31:00-05:00,2025-11-19 09:51:00-05:00,long,24585.258299853253,24766.5,TP,181.24,2025-11-17,-1172.83
2025-11-20,2025-11-20 09:32:00-05:00,2025-11-20 11:01:00-05:00,long,25186.599602185648,25111.599602185648,SL,-75.0,2025-10-24,-1247.83
2025-11-21,2025-11-21 09:31:00-05:00,2025-11-21 09:33:00-05:00,long,24237.335041188107,24162.335041188107,SL,-75.0,2025-11-14,-1322.83
2025-11-24,2025-11-24 09:35:00-05:00,2025-11-24 10:05:00-05:00,short,24685.046496390183,24760.046496390183,SL,-75.0,2025-11-21,-1397.83
2025-11-25,2025-11-25 09:31:00-05:00,2025-11-25 09:43:00-05:00,long,24826.79042067689,24751.79042067689,SL,-75.0,2025-11-20,-1472.83
2025-11-26,2025-11-26 09:31:00-05:00,2025-11-26 10:00:00-05:00,long,25229.97463227871,25154.97463227871,SL,-75.0,2025-11-10,-1547.83
2025-11-27,2025-11-27 09:31:00-05:00,2025-11-27 12:59:00-05:00,short,25313.414958811893,25301.75,cutoff,11.66,2025-11-14,-1536.17
2025-11-28,2025-11-28 09:34:00-05:00,2025-11-28 10:21:00-05:00,long,25382.76732691323,25382.76732691323,BE,0.0,2025-11-04,-1536.17
2025-12-01,2025-12-01 09:31:00-05:00,2025-12-01 09:55:00-05:00,short,25287.387854159508,25362.387854159508,SL,-75.0,2025-11-19,-1611.17
2025-12-02,2025-12-02 09:33:00-05:00,2025-12-02 09:37:00-05:00,short,25516.991700146747,25591.991700146747,SL,-75.0,2025-11-17,-1686.17
2025-12-03,2025-12-03 09:31:00-05:00,2025-12-03 10:35:00-05:00,short,25516.991700146747,25591.991700146747,SL,-75.0,2025-11-17,-1761.17
2025-12-04,2025-12-04 09:35:00-05:00,2025-12-04 10:37:00-05:00,short,25607.58457932311,25607.58457932311,BE,0.0,2025-11-20,-1761.17
2025-12-04,2025-12-04 10:48:00-05:00,2025-12-04 11:48:00-05:00,short,25606.62300268882,25606.62300268882,BE,0.0,2025-12-01,-1761.17
2025-12-05,2025-12-05 10:00:00-05:00,2025-12-05 15:00:00-05:00,short,25804.97962875158,25737.75,cutoff,67.23,2025-12-03,-1693.94
2025-12-08,2025-12-08 09:37:00-05:00,2025-12-08 12:05:00-05:00,short,25816.058498009275,25627.5,TP,188.56,2025-11-13,-1505.38
2025-12-09,2025-12-09 09:31:00-05:00,2025-12-09 10:45:00-05:00,short,25607.58457932311,25682.58457932311,SL,-75.0,2025-11-20,-1580.38
2025-12-10,2025-12-10 09:37:00-05:00,2025-12-10 14:00:00-05:00,short,25607.58457932311,25682.58457932311,SL,-75.0,2025-11-20,-1655.38
2025-12-11,2025-12-11 09:31:00-05:00,2025-12-11 10:02:00-05:00,short,25606.62300268882,25425.75,TP,180.87,2025-12-01,-1474.51
2025-12-11,2025-12-11 10:08:00-05:00,2025-12-11 10:21:00-05:00,short,25516.991700146747,25591.991700146747,SL,-75.0,2025-11-17,-1549.51
2025-12-12,2025-12-12 09:37:00-05:00,2025-12-12 10:24:00-05:00,short,25607.58457932311,25399.75,TP,207.83,2025-11-20,-1341.68
2025-12-12,2025-12-12 10:26:00-05:00,2025-12-12 10:58:00-05:00,long,25360.622668419237,25285.622668419237,SL,-75.0,2025-12-10,-1416.68
2025-12-15,2025-12-15 09:31:00-05:00,2025-12-15 10:03:00-05:00,short,25641.988813068652,25459.0,TP,182.99,2025-11-28,-1233.69
2025-12-15,2025-12-15 10:04:00-05:00,2025-12-15 10:24:00-05:00,long,25438.648571256614,25363.648571256614,SL,-75.0,2025-12-08,-1308.69
2025-12-16,2025-12-16 09:33:00-05:00,2025-12-16 09:50:00-05:00,short,25287.387854159508,25362.387854159508,SL,-75.0,2025-11-19,-1383.69
2025-12-17,2025-12-17 09:35:00-05:00,2025-12-17 09:40:00-05:00,long,25391.117997106376,25316.117997106376,SL,-75.0,2025-12-05,-1458.69
2025-12-18,2025-12-18 09:39:00-05:00,2025-12-18 10:40:00-05:00,long,25192.52037124842,25381.5,TP,188.98,2025-12-03,-1269.71
2025-12-18,2025-12-18 10:42:00-05:00,2025-12-18 12:06:00-05:00,long,25391.117997106376,25316.117997106376,SL,-75.0,2025-12-05,-1344.71
2025-12-19,2025-12-19 09:31:00-05:00,2025-12-19 13:00:00-05:00,long,25391.117997106376,25575.75,TP,184.63,2025-12-05,-1160.08
2025-12-22,2025-12-22 09:31:00-05:00,2025-12-22 15:00:00-05:00,short,25793.515304493496,25690.75,cutoff,102.77,2025-12-19,-1057.31
2025-12-23,2025-12-23 09:31:00-05:00,2025-12-23 10:52:00-05:00,short,25722.585118518815,25722.585118518815,BE,0.0,2025-12-17,-1057.31
2025-12-24,2025-12-24 09:31:00-05:00,2025-12-24 11:37:00-05:00,short,25804.97962875158,25879.97962875158,SL,-75.0,2025-12-03,-1132.31
2025-12-26,2025-12-26 09:32:00-05:00,2025-12-26 10:31:00-05:00,short,25892.79147830685,25892.79147830685,BE,0.0,2025-12-09,-1132.31
2025-12-29,2025-12-29 09:34:00-05:00,2025-12-29 09:36:00-05:00,short,25722.585118518815,25797.585118518815,SL,-75.0,2025-12-17,-1207.31
2025-12-30,2025-12-30 09:31:00-05:00,2025-12-30 10:24:00-05:00,short,25722.585118518815,25722.585118518815,BE,0.0,2025-12-17,-1207.31
2025-12-31,2025-12-31 09:33:00-05:00,2025-12-31 10:18:00-05:00,long,25656.490500087966,25581.490500087966,SL,-75.0,2025-12-26,-1282.31
2026-01-02,2026-01-02 09:31:00-05:00,2026-01-02 09:50:00-05:00,short,25722.585118518815,25797.585118518815,SL,-75.0,2025-12-17,-1357.31
2026-01-05,2026-01-05 09:31:00-05:00,2026-01-05 09:35:00-05:00,long,25656.490500087966,25581.490500087966,SL,-75.0,2025-12-26,-1432.31
2026-01-06,2026-01-06 09:31:00-05:00,2026-01-06 11:06:00-05:00,long,25656.490500087966,25656.490500087966,BE,0.0,2025-12-26,-1432.31
2026-01-07,2026-01-07 09:32:00-05:00,2026-01-07 09:46:00-05:00,short,25793.515304493496,25868.515304493496,SL,-75.0,2025-12-19,-1507.31
2026-01-08,2026-01-08 09:35:00-05:00,2026-01-08 15:00:00-05:00,short,25722.585118518815,25633.5,cutoff,89.09,2025-12-17,-1418.22
2026-01-09,2026-01-09 09:31:00-05:00,2026-01-09 10:37:00-05:00,long,25656.490500087966,25850.0,TP,193.51,2025-12-26,-1224.71
2026-01-09,2026-01-09 10:47:00-05:00,2026-01-09 11:08:00-05:00,short,25793.515304493496,25868.515304493496,SL,-75.0,2025-12-19,-1299.71
2026-01-12,2026-01-12 09:31:00-05:00,2026-01-12 09:35:00-05:00,short,25793.515304493496,25868.515304493496,SL,-75.0,2025-12-19,-1374.71
2026-01-13,2026-01-13 09:32:00-05:00,2026-01-13 09:40:00-05:00,short,25954.275316814244,26029.275316814244,SL,-75.0,2025-12-30,-1449.71
2026-01-14,2026-01-14 09:33:00-05:00,2026-01-14 10:47:00-05:00,short,25722.585118518815,25531.0,TP,191.59,2025-12-17,-1258.12
2026-01-14,2026-01-14 10:48:00-05:00,2026-01-14 11:46:00-05:00,long,25493.017990644115,25493.017990644115,BE,0.0,2025-12-22,-1258.12
2026-01-15,2026-01-15 09:31:00-05:00,2026-01-15 10:35:00-05:00,short,25923.7220721326,25923.7220721326,BE,0.0,2025-12-23,-1258.12
2026-01-15,2026-01-15 10:36:00-05:00,2026-01-15 11:21:00-05:00,short,25919.391761961455,25919.391761961455,BE,0.0,2026-01-05,-1258.12
2026-01-16,2026-01-16 10:33:00-05:00,2026-01-16 13:00:00-05:00,long,25656.490500087966,25656.490500087966,BE,0.0,2025-12-26,-1258.12
2026-01-19,2026-01-19 10:01:00-05:00,2026-01-19 10:52:00-05:00,long,25317.811823945234,25317.811823945234,BE,0.0,2026-01-14,-1258.12
2026-01-20,2026-01-20 09:35:00-05:00,2026-01-20 09:40:00-05:00,long,25334.233238038545,25259.233238038545,SL,-75.0,2026-01-05,-1333.12
2026-01-21,2026-01-21 09:48:00-05:00,2026-01-21 10:35:00-05:00,long,25216.808747005507,25418.25,TP,201.44,2026-01-02,-1131.68
2026-01-21,2026-01-21 10:43:00-05:00,2026-01-21 11:30:00-05:00,long,25445.470612448855,25445.470612448855,BE,0.0,2025-12-29,-1131.68
2026-01-22,2026-01-22 09:35:00-05:00,2026-01-22 09:48:00-05:00,long,25656.490500087966,25581.490500087966,SL,-75.0,2025-12-26,-1206.68
2026-01-23,2026-01-23 09:31:00-05:00,2026-01-23 10:21:00-05:00,short,25651.66379762444,25726.66379762444,SL,-75.0,2026-01-21,-1281.68
2026-01-27,2026-01-27 09:34:00-05:00,2026-01-27 09:55:00-05:00,short,25979.215460199313,26054.215460199313,SL,-75.0,2026-01-06,-1356.68
2026-01-28,2026-01-28 09:44:00-05:00,2026-01-28 15:00:00-05:00,short,26295.788974327792,26161.0,cutoff,134.79,2026-01-13,-1221.89
2026-01-29,2026-01-29 09:34:00-05:00,2026-01-29 09:53:00-05:00,short,26112.3292222113,25931.0,TP,181.33,2026-01-12,-1040.56
2026-01-29,2026-01-29 09:54:00-05:00,2026-01-29 10:31:00-05:00,short,25919.391761961455,25734.25,TP,185.14,2026-01-05,-855.42
2026-01-29,2026-01-29 10:36:00-05:00,2026-01-29 10:49:00-05:00,long,25678.006280754824,25603.006280754824,SL,-75.0,2026-01-27,-930.42
2026-01-30,2026-01-30 09:39:00-05:00,2026-01-30 10:46:00-05:00,short,25919.391761961455,25919.391761961455,BE,0.0,2026-01-05,-930.42
2026-02-02,2026-02-02 09:32:00-05:00,2026-02-02 09:42:00-05:00,short,25651.66379762444,25726.66379762444,SL,-75.0,2026-01-21,-1005.42
2026-02-03,2026-02-03 09:56:00-05:00,2026-02-03 10:00:00-05:00,long,25678.006280754824,25603.006280754824,SL,-75.0,2026-01-27,-1080.42
2026-02-04,2026-02-04 09:31:00-05:00,2026-02-04 09:58:00-05:00,long,25298.049378233387,25223.049378233387,SL,-75.0,2026-01-23,-1155.42
2026-02-05,2026-02-05 09:35:00-05:00,2026-02-05 10:00:00-05:00,long,24804.71120237556,24729.71120237556,SL,-75.0,2026-01-21,-1230.42
2026-02-06,2026-02-06 09:40:00-05:00,2026-02-06 10:01:00-05:00,long,24887.126594782483,24812.126594782483,SL,-75.0,2026-02-04,-1305.42
2026-02-09,2026-02-09 09:31:00-05:00,2026-02-09 10:06:00-05:00,long,24985.343891027158,25178.5,TP,193.16,2026-01-20,-1112.26
2026-02-09,2026-02-09 10:38:00-05:00,2026-02-09 15:00:00-05:00,long,25260.473700829716,25399.25,cutoff,138.78,2026-02-03,-973.48
2026-02-10,2026-02-10 09:36:00-05:00,2026-02-10 09:48:00-05:00,long,25336.47365130561,25261.47365130561,SL,-75.0,2026-01-22,-1048.48
2026-02-11,2026-02-11 09:31:00-05:00,2026-02-11 09:34:00-05:00,long,25456.02172477811,25381.02172477811,SL,-75.0,2026-01-16,-1123.48
2026-02-12,2026-02-12 09:31:00-05:00,2026-02-12 09:46:00-05:00,long,25336.47365130561,25261.47365130561,SL,-75.0,2026-01-22,-1198.48
2026-02-13,2026-02-13 09:40:00-05:00,2026-02-13 10:27:00-05:00,long,24633.391857165167,24820.75,TP,187.36,2026-02-09,-1011.12
2026-02-13,2026-02-13 10:31:00-05:00,2026-02-13 10:40:00-05:00,long,24887.126594782483,24812.126594782483,SL,-75.0,2026-02-04,-1086.12
2026-02-17,2026-02-17 09:47:00-05:00,2026-02-17 09:51:00-05:00,long,24633.391857165167,24558.391857165167,SL,-75.0,2026-02-09,-1161.12
2026-02-18,2026-02-18 09:39:00-05:00,2026-02-18 10:04:00-05:00,long,24815.846860833517,24996.5,TP,180.65,2026-02-11,-980.47
2026-02-18,2026-02-18 10:09:00-05:00,2026-02-18 13:52:00-05:00,long,25002.134426505407,25002.134426505407,BE,0.0,2026-02-10,-980.47
2026-02-19,2026-02-19 09:35:00-05:00,2026-02-19 11:50:00-05:00,long,24815.846860833517,24815.846860833517,BE,0.0,2026-02-11,-980.47
2026-02-20,2026-02-20 09:43:00-05:00,2026-02-20 09:51:00-05:00,long,24930.26001659254,24855.26001659254,SL,-75.0,2026-02-12,-1055.47
2026-02-23,2026-02-23 09:31:00-05:00,2026-02-23 09:40:00-05:00,long,25002.134426505407,24927.134426505407,SL,-75.0,2026-02-10,-1130.47
2026-02-24,2026-02-24 09:48:00-05:00,2026-02-24 10:00:00-05:00,long,24930.26001659254,24855.26001659254,SL,-75.0,2026-02-12,-1205.47
2026-02-25,2026-02-25 09:31:00-05:00,2026-02-25 09:45:00-05:00,short,25224.132890528406,25299.132890528406,SL,-75.0,2026-02-13,-1280.47
2026-02-26,2026-02-26 09:31:00-05:00,2026-02-26 10:12:00-05:00,short,25308.784126629384,25113.0,TP,195.78,2026-02-05,-1084.69
2026-02-26,2026-02-26 10:16:00-05:00,2026-02-26 10:21:00-05:00,long,25002.134426505407,24927.134426505407,SL,-75.0,2026-02-10,-1159.69
2026-02-27,2026-02-27 09:31:00-05:00,2026-02-27 12:10:00-05:00,long,24815.846860833517,25011.25,TP,195.4,2026-02-11,-964.29
2026-03-02,2026-03-02 09:35:00-05:00,2026-03-02 11:47:00-05:00,long,24825.88513501576,25014.0,TP,188.11,2026-02-25,-776.18
2026-03-03,2026-03-03 09:31:00-05:00,2026-03-03 09:35:00-05:00,long,24588.439612813825,24513.439612813825,SL,-75.0,2026-02-23,-851.18
2026-03-04,2026-03-04 09:31:00-05:00,2026-03-04 09:40:00-05:00,long,24930.26001659254,24855.26001659254,SL,-75.0,2026-02-12,-926.18
2026-03-05,2026-03-05 09:33:00-05:00,2026-03-05 09:55:00-05:00,short,25073.84211892498,25148.84211892498,SL,-75.0,2026-02-16,-1001.18
2026-03-06,2026-03-06 09:31:00-05:00,2026-03-06 10:40:00-05:00,long,24671.8667259376,24869.25,TP,197.38,2026-02-26,-803.8
2026-03-06,2026-03-06 10:43:00-05:00,2026-03-06 15:00:00-05:00,long,24815.846860833517,24808.0,cutoff,-7.85,2026-02-11,-811.65
2026-03-09,2026-03-09 09:33:00-04:00,2026-03-09 09:39:00-04:00,long,24473.331852930034,24398.331852930034,SL,-75.0,2026-02-19,-886.65
2026-03-10,2026-03-10 09:32:00-04:00,2026-03-10 10:37:00-04:00,short,25073.84211892498,25073.84211892498,BE,0.0,2026-02-16,-886.65
2026-03-10,2026-03-10 10:50:00-04:00,2026-03-10 11:35:00-04:00,short,25119.94149499076,25119.94149499076,BE,0.0,2026-03-06,-886.65
2026-03-11,2026-03-11 09:32:00-04:00,2026-03-11 10:00:00-04:00,short,25073.84211892498,25148.84211892498,SL,-75.0,2026-02-16,-961.65
2026-03-12,2026-03-12 09:53:00-04:00,2026-03-12 10:33:00-04:00,long,24671.8667259376,24596.8667259376,SL,-75.0,2026-02-26,-1036.65
2026-03-13,2026-03-13 09:31:00-04:00,2026-03-13 10:17:00-04:00,long,24652.496682358294,24652.496682358294,BE,0.0,2026-03-11,-1036.65
2026-03-13,2026-03-13 10:22:00-04:00,2026-03-13 10:44:00-04:00,long,24671.8667259376,24596.8667259376,SL,-75.0,2026-02-26,-1111.65
2026-03-16,2026-03-16 09:31:00-04:00,2026-03-16 09:47:00-04:00,short,24871.55561687077,24946.55561687077,SL,-75.0,2026-03-09,-1186.65
2026-03-17,2026-03-17 09:46:00-04:00,2026-03-17 15:00:00-04:00,short,25096.19805301506,25003.5,cutoff,92.7,2026-03-13,-1093.95
2026-03-18,2026-03-18 09:40:00-04:00,2026-03-18 14:52:00-04:00,short,24982.357602534,24784.5,TP,197.86,2026-03-03,-896.09
2026-03-19,2026-03-19 09:31:00-04:00,2026-03-19 11:05:00-04:00,long,24344.81689536332,24542.25,TP,197.43,2026-02-24,-698.66
2026-03-20,2026-03-20 09:42:00-04:00,2026-03-20 09:51:00-04:00,long,24425.060635027538,24350.060635027538,SL,-75.0,2026-03-04,-773.66
2026-03-23,2026-03-23 09:32:00-04:00,2026-03-23 10:23:00-04:00,long,24475.95325548935,24664.5,TP,188.55,2026-02-27,-585.11
2026-03-23,2026-03-23 10:24:00-04:00,2026-03-23 10:43:00-04:00,long,24671.8667259376,24596.8667259376,SL,-75.0,2026-02-26,-660.11
2026-03-24,2026-03-24 09:31:00-04:00,2026-03-24 09:40:00-04:00,long,24257.42694698494,24182.42694698494,SL,-75.0,2026-03-13,-735.11
2026-03-25,2026-03-25 09:36:00-04:00,2026-03-25 09:50:00-04:00,long,24475.95325548935,24400.95325548935,SL,-75.0,2026-02-27,-810.11
2026-03-26,2026-03-26 09:39:00-04:00,2026-03-26 10:54:00-04:00,long,24069.165318483185,24069.165318483185,BE,0.0,2026-03-23,-810.11
2026-03-26,2026-03-26 10:55:00-04:00,2026-03-26 12:11:00-04:00,long,24059.267397466,24059.267397466,BE,0.0,2026-03-03,-810.11
2026-04-01,2026-04-01 09:31:00-04:00,2026-04-01 11:14:00-04:00,long,24069.165318483185,24262.5,TP,193.33,2026-03-23,-616.78
2026-04-02,2026-04-02 09:32:00-04:00,2026-04-02 09:39:00-04:00,long,23773.656098496536,23698.656098496536,SL,-75.0,2026-03-26,-691.78
2026-04-06,2026-04-06 09:32:00-04:00,2026-04-06 09:36:00-04:00,long,24338.008382877175,24263.008382877175,SL,-75.0,2026-03-12,-766.78
2026-04-07,2026-04-07 10:05:00-04:00,2026-04-07 10:08:00-04:00,long,24069.165318483185,23994.165318483185,SL,-75.0,2026-03-23,-841.78
2026-04-08,2026-04-08 09:34:00-04:00,2026-04-08 10:56:00-04:00,short,25161.616617122825,24960.25,TP,201.37,2026-03-12,-640.41
2026-04-08,2026-04-08 10:58:00-04:00,2026-04-08 11:38:00-04:00,short,24984.459681516815,25059.459681516815,SL,-75.0,2026-03-23,-715.41
2026-04-09,2026-04-09 09:43:00-04:00,2026-04-09 11:19:00-04:00,short,25096.19805301506,25096.19805301506,BE,0.0,2026-03-13,-715.41
2026-04-10,2026-04-10 10:11:00-04:00,2026-04-10 10:25:00-04:00,short,25273.09253845201,25348.09253845201,SL,-75.0,2026-03-16,-790.41
2026-04-13,2026-04-13 09:49:00-04:00,2026-04-13 10:58:00-04:00,short,25273.09253845201,25348.09253845201,SL,-75.0,2026-03-16,-865.41
2026-04-15,2026-04-15 09:32:00-04:00,2026-04-15 10:14:00-04:00,short,26016.020610526048,26091.020610526048,SL,-75.0,2026-04-14,-940.41
2026-04-16,2026-04-16 09:37:00-04:00,2026-04-16 10:30:00-04:00,short,26366.73321562178,26366.73321562178,BE,0.0,2026-04-15,-940.41
2026-04-17,2026-04-17 10:01:00-04:00,2026-04-17 10:40:00-04:00,short,26750.85865637195,26825.85865637195,SL,-75.0,2026-04-16,-1015.41
2026-04-20,2026-04-20 09:40:00-04:00,2026-04-20 15:00:00-04:00,short,26750.85865637195,26732.75,cutoff,18.11,2026-04-16,-997.3
2026-04-21,2026-04-21 09:32:00-04:00,2026-04-21 09:58:00-04:00,short,26750.85865637195,26825.85865637195,SL,-75.0,2026-04-16,-1072.3
2026-04-23,2026-04-23 09:35:00-04:00,2026-04-23 09:48:00-04:00,short,27024.84370561633,27099.84370561633,SL,-75.0,2026-04-17,-1147.3
2026-04-24,2026-04-24 10:13:00-04:00,2026-04-24 11:31:00-04:00,short,27267.134887108085,27342.134887108085,SL,-75.0,2026-04-22,-1222.3
2026-04-27,2026-04-27 09:46:00-04:00,2026-04-27 10:35:00-04:00,short,27362.418606603605,27362.418606603605,BE,0.0,2026-04-23,-1222.3
2026-04-28,2026-04-28 09:35:00-04:00,2026-04-28 09:42:00-04:00,short,27152.14330906941,27227.14330906941,SL,-75.0,2026-04-21,-1297.3
2026-04-29,2026-04-29 09:34:00-04:00,2026-04-29 09:54:00-04:00,short,27152.14330906941,27227.14330906941,SL,-75.0,2026-04-21,-1372.3
2026-04-30,2026-04-30 09:34:00-04:00,2026-04-30 10:57:00-04:00,short,27362.418606603605,27362.418606603605,BE,0.0,2026-04-23,-1372.3
2026-05-01,2026-05-01 09:33:00-04:00,2026-05-01 09:50:00-04:00,short,27727.691212489073,27802.691212489073,SL,-75.0,2026-04-27,-1447.3
2026-05-04,2026-05-04 09:59:00-04:00,2026-05-04 12:07:00-04:00,short,27896.92021898806,27676.0,TP,220.92,2026-04-30,-1226.38
2026-05-05,2026-05-05 10:36:00-04:00,2026-05-05 11:37:00-04:00,short,28138.06154108305,28138.06154108305,BE,0.0,2026-05-01,-1226.38
2026-05-06,2026-05-06 09:31:00-04:00,2026-05-06 09:35:00-04:00,short,28380.887817756244,28455.887817756244,SL,-75.0,2026-05-05,-1301.38
2026-05-07,2026-05-07 09:33:00-04:00,2026-05-07 10:11:00-04:00,short,28768.042484818827,28843.042484818827,SL,-75.0,2026-05-06,-1376.38
2026-05-08,2026-05-08 10:58:00-04:00,2026-05-08 13:00:00-04:00,short,29174.65787972472,29249.65787972472,SL,-75.0,2026-05-07,-1451.38
2026-05-11,2026-05-11 09:32:00-04:00,2026-05-11 11:28:00-04:00,short,29422.9618069465,29422.9618069465,BE,0.0,2026-05-08,-1451.38
2026-05-12,2026-05-12 09:31:00-04:00,2026-05-12 09:41:00-04:00,short,29174.65787972472,29249.65787972472,SL,-75.0,2026-05-07,-1526.38
2026-05-13,2026-05-13 09:52:00-04:00,2026-05-13 10:25:00-04:00,short,29174.65787972472,29249.65787972472,SL,-75.0,2026-05-07,-1601.38
2026-05-14,2026-05-14 09:45:00-04:00,2026-05-14 10:36:00-04:00,short,29646.42303898361,29646.42303898361,BE,0.0,2026-05-12,-1601.38
2026-05-14,2026-05-14 10:37:00-04:00,2026-05-14 11:14:00-04:00,short,29656.73036561582,29731.73036561582,SL,-75.0,2026-05-13,-1676.38
2026-05-15,2026-05-15 09:38:00-04:00,2026-05-15 09:54:00-04:00,short,29174.65787972472,29249.65787972472,SL,-75.0,2026-05-07,-1751.38
2026-05-18,2026-05-18 09:45:00-04:00,2026-05-18 09:51:00-04:00,short,29174.65787972472,29249.65787972472,SL,-75.0,2026-05-07,-1826.38
2026-05-19,2026-05-19 09:35:00-04:00,2026-05-19 09:46:00-04:00,long,28951.360498886017,28876.360498886017,SL,-75.0,2026-05-11,-1901.38
2026-05-20,2026-05-20 09:35:00-04:00,2026-05-20 10:13:00-04:00,long,29084.62855805579,29009.62855805579,SL,-75.0,2026-05-14,-1976.38
2026-05-21,2026-05-21 10:23:00-04:00,2026-05-21 10:37:00-04:00,short,29174.65787972472,29249.65787972472,SL,-75.0,2026-05-07,-2051.38
2026-05-22,2026-05-22 09:31:00-04:00,2026-05-22 10:56:00-04:00,short,29642.116120772633,29642.116120772633,BE,0.0,2026-05-21,-2051.38
2026-05-22,2026-05-22 10:57:00-04:00,2026-05-22 13:28:00-04:00,short,29646.42303898361,29721.42303898361,SL,-75.0,2026-05-12,-2126.38
2026-05-25,2026-05-25 09:37:00-04:00,2026-05-25 11:10:00-04:00,short,29963.24644194421,29963.24644194421,BE,0.0,2026-05-14,-2126.38
2026-05-26,2026-05-26 09:45:00-04:00,2026-05-26 10:18:00-04:00,short,29963.24644194421,30038.24644194421,SL,-75.0,2026-05-14,-2201.38
2026-05-27,2026-05-27 09:45:00-04:00,2026-05-27 10:01:00-04:00,short,30009.455726915767,30084.455726915767,SL,-75.0,2026-05-22,-2276.38
2026-05-28,2026-05-28 09:37:00-04:00,2026-05-28 10:12:00-04:00,short,30009.455726915767,30084.455726915767,SL,-75.0,2026-05-22,-2351.38
2026-05-29,2026-05-29 09:57:00-04:00,2026-05-29 10:43:00-04:00,short,30514.38147395403,30328.0,TP,186.38,2026-05-28,-2165.0
2026-05-29,2026-05-29 10:51:00-04:00,2026-05-29 15:00:00-04:00,short,30374.530427233534,30324.0,cutoff,50.53,2026-05-26,-2114.47
2026-06-01,2026-06-01 09:31:00-04:00,2026-06-01 09:38:00-04:00,short,30374.530427233534,30449.530427233534,SL,-75.0,2026-05-26,-2189.47
2026-06-02,2026-06-02 09:31:00-04:00,2026-06-02 09:58:00-04:00,short,30514.38147395403,30589.38147395403,SL,-75.0,2026-05-28,-2264.47
2026-06-03,2026-06-03 09:49:00-04:00,2026-06-03 09:52:00-04:00,short,30514.38147395403,30589.38147395403,SL,-75.0,2026-05-28,-2339.47
2026-06-04,2026-06-04 09:31:00-04:00,2026-06-04 09:33:00-04:00,short,30248.501331652922,30323.501331652922,SL,-75.0,2026-05-25,-2414.47
2026-06-05,2026-06-05 09:36:00-04:00,2026-06-05 09:44:00-04:00,long,30011.076790907744,29936.076790907744,SL,-75.0,2026-05-29,-2489.47
