session_date,entry_time,exit_time,side,entry_price,exit_price,exit_reason,pnl,level_date,cum_pnl
2018-01-03,2018-01-03 09:31:00-05:00,2018-01-03 15:00:00-05:00,short,6529.134910517963,6581.0,cutoff,-51.87,2018-01-02,-51.87
2018-01-04,2018-01-04 09:44:00-05:00,2018-01-04 15:00:00-05:00,short,6591.363648739487,6598.25,cutoff,-6.89,2018-01-03,-58.76
2018-01-08,2018-01-08 09:32:00-05:00,2018-01-08 15:00:00-05:00,short,6660.819130484404,6682.25,cutoff,-21.43,2018-01-05,-80.19
2018-01-09,2018-01-09 09:32:00-05:00,2018-01-09 11:19:00-05:00,short,6700.852925468027,6700.852925468027,BE,0.0,2018-01-08,-80.19
2018-01-10,2018-01-10 09:31:00-05:00,2018-01-10 11:04:00-05:00,short,6660.819130484404,6660.819130484404,BE,0.0,2018-01-05,-80.19
2018-01-12,2018-01-12 09:39:00-05:00,2018-01-12 15:00:00-05:00,short,6723.20900170372,6763.25,cutoff,-40.04,2018-01-11,-120.23
2018-01-16,2018-01-16 10:38:00-05:00,2018-01-16 11:31:00-05:00,short,6809.770647884909,6809.770647884909,BE,0.0,2018-01-15,-120.23
2018-01-17,2018-01-17 09:34:00-05:00,2018-01-17 10:25:00-05:00,long,6767.812996567763,6767.812996567763,BE,0.0,2018-01-16,-120.23
2018-01-17,2018-01-17 10:31:00-05:00,2018-01-17 15:00:00-05:00,short,6767.641689094185,6823.75,cutoff,-56.11,2018-01-12,-176.34
2018-01-18,2018-01-18 09:38:00-05:00,2018-01-18 11:19:00-05:00,short,6825.380439588893,6825.380439588893,BE,0.0,2018-01-17,-176.34
2018-01-19,2018-01-19 10:09:00-05:00,2018-01-19 11:20:00-05:00,short,6825.380439588893,6825.380439588893,BE,0.0,2018-01-17,-176.34
2018-01-22,2018-01-22 10:09:00-05:00,2018-01-22 15:00:00-05:00,short,6862.577746742863,6893.75,cutoff,-31.17,2018-01-18,-207.51
2018-01-24,2018-01-24 10:14:00-05:00,2018-01-24 15:00:00-05:00,short,6998.255469793344,6947.75,cutoff,50.51,2018-01-23,-157.0
2018-01-25,2018-01-25 09:56:00-05:00,2018-01-25 10:47:00-05:00,long,6929.169585261671,6929.169585261671,BE,0.0,2018-01-24,-157.0
2018-01-29,2018-01-29 09:36:00-05:00,2018-01-29 15:00:00-05:00,short,6998.255469793344,7008.5,cutoff,-10.24,2018-01-23,-167.24
2018-01-30,2018-01-30 09:46:00-05:00,2018-01-30 10:46:00-05:00,long,6929.169585261671,6929.169585261671,BE,0.0,2018-01-24,-167.24
2018-02-01,2018-02-01 09:33:00-05:00,2018-02-01 14:20:00-05:00,long,6929.169585261671,6929.169585261671,BE,0.0,2018-01-24,-167.24
2018-02-02,2018-02-02 09:31:00-05:00,2018-02-02 14:58:00-05:00,long,6880.975997086674,6790.975997086674,SL,-90.0,2018-01-25,-257.24
2018-02-05,2018-02-05 09:31:00-05:00,2018-02-05 10:22:00-05:00,short,6705.969460652561,6795.969460652561,SL,-90.0,2018-01-10,-347.24
2018-02-06,2018-02-06 09:55:00-05:00,2018-02-06 10:16:00-05:00,long,6590.6904546967335,6500.6904546967335,SL,-90.0,2018-02-05,-437.24
2018-02-07,2018-02-07 09:31:00-05:00,2018-02-07 12:47:00-05:00,long,6646.54099829628,6646.54099829628,BE,0.0,2018-01-11,-437.24
2018-02-08,2018-02-08 09:33:00-05:00,2018-02-08 10:52:00-05:00,long,6590.6904546967335,6500.6904546967335,SL,-90.0,2018-02-05,-527.24
2018-02-12,2018-02-12 09:36:00-05:00,2018-02-12 15:00:00-05:00,long,6489.755992857791,6539.5,cutoff,49.74,2018-02-08,-477.5
2018-02-13,2018-02-13 09:35:00-05:00,2018-02-13 15:00:00-05:00,long,6489.755992857791,6559.25,cutoff,69.49,2018-02-08,-408.01
2018-02-14,2018-02-14 09:36:00-05:00,2018-02-14 15:00:00-05:00,long,6547.2665921978705,6664.25,cutoff,116.98,2018-02-07,-291.03
2018-02-16,2018-02-16 09:33:00-05:00,2018-02-16 13:30:00-05:00,long,6786.128332725204,6786.128332725204,BE,0.0,2018-01-22,-291.03
2018-02-19,2018-02-19 11:00:00-05:00,2018-02-19 12:59:00-05:00,long,6759.618102312154,6779.75,cutoff,20.13,2018-02-02,-270.9
2018-02-20,2018-02-20 09:31:00-05:00,2018-02-20 15:00:00-05:00,short,6754.8584078021295,6790.25,cutoff,-35.39,2018-02-07,-306.29
2018-02-22,2018-02-22 09:32:00-05:00,2018-02-22 10:26:00-05:00,short,6811.866788508734,6811.866788508734,BE,0.0,2018-02-15,-306.29
2018-02-23,2018-02-23 09:32:00-05:00,2018-02-23 10:41:00-05:00,short,6811.866788508734,6811.866788508734,BE,0.0,2018-02-15,-306.29
2018-02-27,2018-02-27 09:59:00-05:00,2018-02-27 15:00:00-05:00,short,6971.006897687846,6940.25,cutoff,30.76,2018-02-02,-275.53
2018-02-28,2018-02-28 09:46:00-05:00,2018-02-28 10:55:00-05:00,long,6926.71319448983,6926.71319448983,BE,0.0,2018-02-27,-275.53
2018-03-01,2018-03-01 09:31:00-05:00,2018-03-01 10:32:00-05:00,short,6871.912614461429,6871.912614461429,BE,0.0,2018-02-22,-275.53
2018-03-01,2018-03-01 10:33:00-05:00,2018-03-01 15:00:00-05:00,short,6878.623273891219,6741.25,cutoff,137.37,2018-02-23,-138.16
2018-03-02,2018-03-02 09:31:00-05:00,2018-03-02 12:51:00-05:00,short,6684.944584107352,6774.944584107352,SL,-90.0,2018-02-06,-228.16
2018-03-05,2018-03-05 09:51:00-05:00,2018-03-05 11:40:00-05:00,short,6766.743215011062,6856.743215011062,SL,-90.0,2018-03-02,-318.16
2018-03-06,2018-03-06 10:02:00-05:00,2018-03-06 10:47:00-05:00,long,6926.71319448983,6926.71319448983,BE,0.0,2018-02-27,-318.16
2018-03-07,2018-03-07 09:31:00-05:00,2018-03-07 15:00:00-05:00,short,6871.912614461429,6906.25,cutoff,-34.34,2018-02-22,-352.5
2018-03-08,2018-03-08 09:35:00-05:00,2018-03-08 11:14:00-05:00,short,6967.241668711537,6967.241668711537,BE,0.0,2018-03-01,-352.5
2018-03-09,2018-03-09 10:07:00-05:00,2018-03-09 15:00:00-05:00,short,7057.28680551017,7110.5,cutoff,-53.21,2018-02-27,-405.71
2018-03-13,2018-03-13 09:42:00-04:00,2018-03-13 15:00:00-04:00,short,7211.202029295153,7089.0,cutoff,122.2,2018-03-12,-283.51
2018-03-14,2018-03-14 09:33:00-04:00,2018-03-14 15:00:00-04:00,long,7096.922970704847,7073.75,cutoff,-23.17,2018-03-12,-306.68
2018-03-15,2018-03-15 09:36:00-04:00,2018-03-15 15:00:00-04:00,short,7057.28680551017,7057.0,cutoff,0.29,2018-02-27,-306.39
2018-03-19,2018-03-19 09:52:00-04:00,2018-03-19 15:00:00-04:00,short,6967.241668711537,6852.5,cutoff,114.74,2018-03-01,-191.65
2018-03-20,2018-03-20 09:34:00-04:00,2018-03-20 10:19:00-04:00,short,6887.536011889101,6887.536011889101,BE,0.0,2018-02-21,-191.65
2018-03-20,2018-03-20 10:43:00-04:00,2018-03-20 15:00:00-04:00,long,6901.578784055946,6909.5,cutoff,7.92,2018-03-19,-183.73
2018-03-21,2018-03-21 09:36:00-04:00,2018-03-21 14:41:00-04:00,long,6879.299880883785,6879.299880883785,BE,0.0,2018-02-26,-183.73
2018-03-22,2018-03-22 09:39:00-04:00,2018-03-22 10:30:00-04:00,long,6796.46474984932,6796.46474984932,BE,0.0,2018-03-07,-183.73
2018-03-22,2018-03-22 10:53:00-04:00,2018-03-22 12:26:00-04:00,short,6766.743215011062,6766.743215011062,BE,0.0,2018-03-02,-183.73
2018-03-23,2018-03-23 09:36:00-04:00,2018-03-23 14:51:00-04:00,long,6701.390659034367,6611.390659034367,SL,-90.0,2018-03-05,-273.73
2018-03-27,2018-03-27 09:33:00-04:00,2018-03-27 13:39:00-04:00,long,6796.46474984932,6706.46474984932,SL,-90.0,2018-03-07,-363.73
2018-03-28,2018-03-28 10:06:00-04:00,2018-03-28 10:40:00-04:00,long,6555.590673508264,6465.590673508264,SL,-90.0,2018-03-26,-453.73
2018-04-02,2018-04-02 09:40:00-04:00,2018-04-02 10:30:00-04:00,long,6555.590673508264,6465.590673508264,SL,-90.0,2018-03-26,-543.73
2018-04-03,2018-04-03 10:05:00-04:00,2018-04-03 11:59:00-04:00,long,6394.937625773999,6394.937625773999,BE,0.0,2018-04-02,-543.73
2018-04-04,2018-04-04 09:33:00-04:00,2018-04-04 10:34:00-04:00,long,6372.049355432237,6372.049355432237,BE,0.0,2018-03-29,-543.73
2018-04-05,2018-04-05 09:42:00-04:00,2018-04-05 11:02:00-04:00,short,6618.200644567763,6618.200644567763,BE,0.0,2018-03-29,-543.73
2018-04-06,2018-04-06 09:38:00-04:00,2018-04-06 10:23:00-04:00,short,6580.309822656636,6580.309822656636,BE,0.0,2018-04-03,-543.73
2018-04-06,2018-04-06 10:34:00-04:00,2018-04-06 14:00:00-04:00,long,6555.590673508264,6465.590673508264,SL,-90.0,2018-03-26,-633.73
2018-04-09,2018-04-09 09:56:00-04:00,2018-04-09 15:00:00-04:00,long,6533.187655664731,6569.25,cutoff,36.06,2018-04-05,-597.67
2018-04-10,2018-04-10 09:32:00-04:00,2018-04-10 15:00:00-04:00,long,6582.5845918092255,6624.5,cutoff,41.92,2018-03-23,-555.75
2018-04-11,2018-04-11 09:59:00-04:00,2018-04-11 15:00:00-04:00,short,6618.200644567763,6618.5,cutoff,-0.3,2018-03-29,-556.05
2018-04-12,2018-04-12 09:42:00-04:00,2018-04-12 15:00:00-04:00,short,6652.002550425705,6675.75,cutoff,-23.75,2018-03-28,-579.8
2018-04-13,2018-04-13 09:35:00-04:00,2018-04-13 15:00:00-04:00,long,6700.740780313456,6647.25,cutoff,-53.49,2018-03-22,-633.29
2018-04-16,2018-04-16 09:43:00-04:00,2018-04-16 15:00:00-04:00,short,6660.937374226001,6690.25,cutoff,-29.31,2018-04-02,-662.6
2018-04-17,2018-04-17 09:33:00-04:00,2018-04-17 15:00:00-04:00,short,6747.283059462454,6831.0,cutoff,-83.72,2018-04-16,-746.32
2018-04-18,2018-04-18 09:41:00-04:00,2018-04-18 10:36:00-04:00,short,6825.9822235486145,6825.9822235486145,BE,0.0,2018-04-17,-746.32
2018-04-19,2018-04-19 09:46:00-04:00,2018-04-19 15:00:00-04:00,short,6796.0404081907745,6775.25,cutoff,20.79,2018-03-23,-725.53
2018-04-20,2018-04-20 09:31:00-04:00,2018-04-20 12:30:00-04:00,long,6754.992006121582,6664.992006121582,SL,-90.0,2018-04-18,-815.53
2018-04-23,2018-04-23 09:36:00-04:00,2018-04-23 10:24:00-04:00,short,6690.253399853834,6690.253399853834,BE,0.0,2018-04-11,-815.53
2018-04-23,2018-04-23 10:31:00-04:00,2018-04-23 12:24:00-04:00,long,6686.1427764513855,6686.1427764513855,BE,0.0,2018-04-17,-815.53
2018-04-24,2018-04-24 09:31:00-04:00,2018-04-24 11:01:00-04:00,long,6686.1427764513855,6596.1427764513855,SL,-90.0,2018-04-17,-905.53
2018-04-25,2018-04-25 09:34:00-04:00,2018-04-25 15:00:00-04:00,long,6512.496600146166,6541.0,cutoff,28.5,2018-04-11,-877.03
2018-04-26,2018-04-26 09:31:00-04:00,2018-04-26 15:00:00-04:00,long,6600.091940537546,6673.0,cutoff,72.91,2018-04-16,-804.12
2018-04-27,2018-04-27 09:31:00-04:00,2018-04-27 10:30:00-04:00,long,6744.784812561076,6654.784812561076,SL,-90.0,2018-04-19,-894.12
2018-04-30,2018-04-30 09:31:00-04:00,2018-04-30 11:33:00-04:00,long,6672.83622656385,6672.83622656385,BE,0.0,2018-04-20,-894.12
2018-05-01,2018-05-01 09:33:00-04:00,2018-05-01 11:01:00-04:00,long,6600.091940537546,6600.091940537546,BE,0.0,2018-04-16,-894.12
2018-05-02,2018-05-02 09:31:00-04:00,2018-05-02 15:00:00-04:00,short,6690.253399853834,6682.0,cutoff,8.25,2018-04-11,-885.87
2018-05-03,2018-05-03 09:31:00-04:00,2018-05-03 15:00:00-04:00,long,6612.5646574806215,6639.75,cutoff,27.19,2018-04-30,-858.68
2018-05-04,2018-05-04 09:31:00-04:00,2018-05-04 10:31:00-04:00,short,6618.015361193202,6708.015361193202,SL,-90.0,2018-04-09,-948.68
2018-05-07,2018-05-07 09:38:00-04:00,2018-05-07 15:00:00-04:00,short,6825.9822235486145,6828.75,cutoff,-2.77,2018-04-17,-951.45
2018-05-08,2018-05-08 09:52:00-04:00,2018-05-08 15:00:00-04:00,short,6791.429923534902,6788.25,cutoff,3.18,2018-04-13,-948.27
2018-05-09,2018-05-09 09:32:00-04:00,2018-05-09 15:00:00-04:00,short,6825.9822235486145,6897.5,cutoff,-71.52,2018-04-17,-1019.79
2018-05-11,2018-05-11 10:10:00-04:00,2018-05-11 15:00:00-04:00,short,6969.484773303996,6942.0,cutoff,27.48,2018-05-10,-992.31
2018-05-14,2018-05-14 10:30:00-04:00,2018-05-14 11:20:00-04:00,short,7007.349699090812,7007.349699090812,BE,0.0,2018-05-11,-992.31
2018-05-15,2018-05-15 09:32:00-04:00,2018-05-15 15:00:00-04:00,long,6900.775300909188,6874.5,cutoff,-26.28,2018-05-11,-1018.59
2018-05-16,2018-05-16 09:33:00-04:00,2018-05-16 15:00:00-04:00,long,6900.775300909188,6950.25,cutoff,49.47,2018-05-11,-969.12
2018-05-17,2018-05-17 10:12:00-04:00,2018-05-17 12:40:00-04:00,long,6928.543047509258,6928.543047509258,BE,0.0,2018-05-14,-969.12
2018-05-18,2018-05-18 09:31:00-04:00,2018-05-18 10:20:00-04:00,short,6887.469288124856,6887.469288124856,BE,0.0,2018-05-09,-969.12
2018-05-18,2018-05-18 10:32:00-04:00,2018-05-18 15:00:00-04:00,short,6878.313510620334,6884.5,cutoff,-6.19,2018-05-07,-975.31
2018-05-21,2018-05-21 09:31:00-04:00,2018-05-21 15:00:00-04:00,short,6935.473866313412,6899.5,cutoff,35.97,2018-05-18,-939.34
2018-05-22,2018-05-22 09:58:00-04:00,2018-05-22 15:00:00-04:00,short,6935.473866313412,6915.75,cutoff,19.72,2018-05-18,-919.62
2018-05-23,2018-05-23 09:41:00-04:00,2018-05-23 15:00:00-04:00,short,6872.813918585391,6937.5,cutoff,-64.69,2018-05-08,-984.31
2018-05-24,2018-05-24 09:34:00-04:00,2018-05-24 14:21:00-04:00,short,6960.568010688974,6960.568010688974,BE,0.0,2018-05-16,-984.31
2018-05-25,2018-05-25 09:46:00-04:00,2018-05-25 15:00:00-04:00,short,6960.568010688974,6959.25,cutoff,1.32,2018-05-16,-982.99
2018-05-28,2018-05-28 09:35:00-04:00,2018-05-28 12:59:00-04:00,short,6973.725303921158,6992.5,cutoff,-18.77,2018-05-17,-1001.76
2018-05-29,2018-05-29 09:31:00-04:00,2018-05-29 15:00:00-04:00,short,6935.473866313412,6900.25,cutoff,35.22,2018-05-18,-966.54
2018-05-30,2018-05-30 09:35:00-04:00,2018-05-30 10:31:00-04:00,short,6960.568010688974,6960.568010688974,BE,0.0,2018-05-16,-966.54
2018-05-30,2018-05-30 10:42:00-04:00,2018-05-30 15:00:00-04:00,short,6969.484773303996,6988.5,cutoff,-19.02,2018-05-10,-985.56
2018-05-31,2018-05-31 09:36:00-04:00,2018-05-31 15:00:00-04:00,short,6988.503726657311,6978.25,cutoff,10.25,2018-05-21,-975.31
2018-06-01,2018-06-01 09:31:00-04:00,2018-06-01 15:00:00-04:00,short,7015.475265757081,7080.25,cutoff,-64.77,2018-05-30,-1040.08
2018-06-06,2018-06-06 10:05:00-04:00,2018-06-06 10:56:00-04:00,short,7156.635231374005,7156.635231374005,BE,0.0,2018-06-04,-1040.08
2018-06-07,2018-06-07 10:33:00-04:00,2018-06-07 15:00:00-04:00,short,7156.635231374005,7151.0,cutoff,5.64,2018-06-04,-1034.44
2018-06-08,2018-06-08 09:53:00-04:00,2018-06-08 11:07:00-04:00,short,7156.635231374005,7156.635231374005,BE,0.0,2018-06-04,-1034.44
2018-06-11,2018-06-11 09:46:00-04:00,2018-06-11 11:40:00-04:00,short,7194.487916844135,7194.487916844135,BE,0.0,2018-06-08,-1034.44
2018-06-12,2018-06-12 09:32:00-04:00,2018-06-12 10:45:00-04:00,short,7215.5639472394705,7215.5639472394705,BE,0.0,2018-06-05,-1034.44
2018-06-13,2018-06-13 09:58:00-04:00,2018-06-13 15:00:00-04:00,short,7254.301705073458,7258.5,cutoff,-4.2,2018-06-12,-1038.64
2018-06-14,2018-06-14 09:32:00-04:00,2018-06-14 15:00:00-04:00,short,7269.677208812118,7291.0,cutoff,-21.32,2018-06-07,-1059.96
2018-06-15,2018-06-15 09:32:00-04:00,2018-06-15 15:00:00-04:00,short,7269.677208812118,7287.0,cutoff,-17.32,2018-06-07,-1077.28
2018-06-18,2018-06-18 09:34:00-04:00,2018-06-18 15:00:00-04:00,long,7214.541889345101,7268.5,cutoff,53.96,2018-06-15,-1023.32
2018-06-19,2018-06-19 09:31:00-04:00,2018-06-19 10:48:00-04:00,short,7194.487916844135,7194.487916844135,BE,0.0,2018-06-08,-1023.32
2018-06-19,2018-06-19 10:57:00-04:00,2018-06-19 15:00:00-04:00,long,7199.085344323959,7248.75,cutoff,49.66,2018-06-13,-973.66
2018-06-20,2018-06-20 09:42:00-04:00,2018-06-20 10:58:00-04:00,short,7303.289655676041,7303.289655676041,BE,0.0,2018-06-13,-973.66
2018-06-21,2018-06-21 09:46:00-04:00,2018-06-21 15:00:00-04:00,short,7303.289655676041,7244.25,cutoff,59.04,2018-06-13,-914.62
2018-06-22,2018-06-22 09:36:00-04:00,2018-06-22 15:00:00-04:00,long,7237.780430387864,7242.5,cutoff,4.72,2018-06-20,-909.9
2018-06-25,2018-06-25 09:31:00-04:00,2018-06-25 15:00:00-04:00,short,7156.635231374005,7010.25,cutoff,146.39,2018-06-04,-763.51
2018-06-26,2018-06-26 09:31:00-04:00,2018-06-26 15:00:00-04:00,short,7092.43659505992,7107.25,cutoff,-14.81,2018-06-01,-778.32
2018-06-27,2018-06-27 09:31:00-04:00,2018-06-27 11:05:00-04:00,long,7117.6860527605295,7117.6860527605295,BE,0.0,2018-06-05,-778.32
2018-06-28,2018-06-28 09:39:00-04:00,2018-06-28 15:00:00-04:00,long,7002.0493217285275,7067.5,cutoff,65.45,2018-06-26,-712.87
2018-06-29,2018-06-29 09:31:00-04:00,2018-06-29 15:00:00-04:00,long,7092.637083155865,7102.75,cutoff,10.11,2018-06-08,-702.76
2018-07-02,2018-07-02 09:51:00-04:00,2018-07-02 15:00:00-04:00,long,7021.939275551633,7078.75,cutoff,56.81,2018-06-29,-645.95
2018-07-03,2018-07-03 09:31:00-04:00,2018-07-03 12:50:00-04:00,long,7133.197791187882,7043.197791187882,SL,-90.0,2018-06-07,-735.95
2018-07-04,2018-07-04 09:36:00-04:00,2018-07-04 13:00:00-04:00,long,7039.190675775948,7042.5,cutoff,3.31,2018-06-25,-732.64
2018-07-05,2018-07-05 09:39:00-04:00,2018-07-05 15:00:00-04:00,long,7092.637083155865,7114.0,cutoff,21.36,2018-06-08,-711.28
2018-07-06,2018-07-06 09:32:00-04:00,2018-07-06 15:00:00-04:00,long,7127.38217917601,7223.5,cutoff,96.12,2018-06-11,-615.16
2018-07-09,2018-07-09 09:55:00-04:00,2018-07-09 11:04:00-04:00,short,7262.911183414944,7262.911183414944,BE,0.0,2018-06-19,-615.16
2018-07-10,2018-07-10 09:36:00-04:00,2018-07-10 10:31:00-04:00,short,7303.289655676041,7303.289655676041,BE,0.0,2018-06-13,-615.16
2018-07-11,2018-07-11 09:32:00-04:00,2018-07-11 15:00:00-04:00,short,7262.911183414944,7268.75,cutoff,-5.84,2018-06-19,-621.0
2018-07-12,2018-07-12 10:07:00-04:00,2018-07-12 15:00:00-04:00,short,7328.303579632185,7373.75,cutoff,-45.45,2018-07-11,-666.45
2018-07-13,2018-07-13 09:46:00-04:00,2018-07-13 15:00:00-04:00,short,7382.841738048102,7388.5,cutoff,-5.66,2018-07-12,-672.11
2018-07-16,2018-07-16 09:37:00-04:00,2018-07-16 15:00:00-04:00,short,7406.569912336632,7368.25,cutoff,38.32,2018-06-21,-633.79
2018-07-17,2018-07-17 09:42:00-04:00,2018-07-17 12:28:00-04:00,short,7328.303579632185,7418.303579632185,SL,-90.0,2018-07-11,-723.79
2018-07-18,2018-07-18 09:42:00-04:00,2018-07-18 11:15:00-04:00,short,7406.569912336632,7406.569912336632,BE,0.0,2018-06-21,-723.79
2018-07-19,2018-07-19 09:33:00-04:00,2018-07-19 11:25:00-04:00,short,7392.15471783367,7392.15471783367,BE,0.0,2018-07-17,-723.79
2018-07-20,2018-07-20 09:32:00-04:00,2018-07-20 10:28:00-04:00,short,7392.15471783367,7392.15471783367,BE,0.0,2018-07-17,-723.79
2018-07-23,2018-07-23 09:31:00-04:00,2018-07-23 10:39:00-04:00,short,7353.262237216476,7353.262237216476,BE,0.0,2018-07-10,-723.79
2018-07-24,2018-07-24 09:36:00-04:00,2018-07-24 15:00:00-04:00,short,7478.0641178731985,7411.5,cutoff,66.56,2018-07-18,-657.23
2018-07-25,2018-07-25 09:40:00-04:00,2018-07-25 10:33:00-04:00,short,7438.102087580435,7438.102087580435,BE,0.0,2018-07-20,-657.23
2018-07-26,2018-07-26 09:42:00-04:00,2018-07-26 11:21:00-04:00,short,7438.102087580435,7438.102087580435,BE,0.0,2018-07-20,-657.23
2018-07-27,2018-07-27 09:33:00-04:00,2018-07-27 15:00:00-04:00,short,7446.894584057618,7286.75,cutoff,160.14,2018-07-16,-497.09
2018-07-30,2018-07-30 09:35:00-04:00,2018-07-30 12:43:00-04:00,long,7271.051238919736,7181.051238919736,SL,-90.0,2018-07-23,-587.09
2018-07-31,2018-07-31 09:43:00-04:00,2018-07-31 15:00:00-04:00,long,7250.612762783524,7259.5,cutoff,8.89,2018-07-10,-578.2
2018-08-01,2018-08-01 09:31:00-04:00,2018-08-01 11:33:00-04:00,long,7271.051238919736,7271.051238919736,BE,0.0,2018-07-23,-578.2
2018-08-02,2018-08-02 09:32:00-04:00,2018-08-02 15:00:00-04:00,long,7226.908261951898,7375.5,cutoff,148.59,2018-07-12,-429.61
2018-08-03,2018-08-03 09:31:00-04:00,2018-08-03 10:16:00-04:00,short,7392.15471783367,7392.15471783367,BE,0.0,2018-07-17,-429.61
2018-08-03,2018-08-03 10:18:00-04:00,2018-08-03 11:10:00-04:00,short,7382.841738048102,7382.841738048102,BE,0.0,2018-07-12,-429.61
2018-08-06,2018-08-06 09:32:00-04:00,2018-08-06 15:00:00-04:00,short,7392.15471783367,7441.0,cutoff,-48.85,2018-07-17,-478.46
2018-08-07,2018-08-07 09:34:00-04:00,2018-08-07 10:29:00-04:00,short,7478.0641178731985,7478.0641178731985,BE,0.0,2018-07-18,-478.46
2018-08-07,2018-08-07 10:30:00-04:00,2018-08-07 12:56:00-04:00,short,7481.544416078332,7481.544416078332,BE,0.0,2018-07-25,-478.46
2018-08-08,2018-08-08 09:32:00-04:00,2018-08-08 15:00:00-04:00,short,7459.432390640652,7484.25,cutoff,-24.82,2018-08-06,-503.28
2018-08-09,2018-08-09 09:31:00-04:00,2018-08-09 15:00:00-04:00,short,7478.0641178731985,7496.0,cutoff,-17.94,2018-07-18,-521.22
2018-08-10,2018-08-10 09:36:00-04:00,2018-08-10 10:21:00-04:00,short,7438.102087580435,7438.102087580435,BE,0.0,2018-07-20,-521.22
2018-08-10,2018-08-10 10:33:00-04:00,2018-08-10 15:00:00-04:00,short,7443.276347136951,7400.25,cutoff,43.03,2018-07-19,-478.19
2018-08-13,2018-08-13 09:33:00-04:00,2018-08-13 15:00:00-04:00,short,7438.102087580435,7422.5,cutoff,15.6,2018-07-20,-462.59
2018-08-14,2018-08-14 09:31:00-04:00,2018-08-14 10:36:00-04:00,short,7438.102087580435,7438.102087580435,BE,0.0,2018-07-20,-462.59
2018-08-14,2018-08-14 10:46:00-04:00,2018-08-14 15:00:00-04:00,short,7443.276347136951,7458.25,cutoff,-14.97,2018-07-19,-477.56
2018-08-15,2018-08-15 09:35:00-04:00,2018-08-15 15:00:00-04:00,short,7402.198761080264,7352.75,cutoff,49.45,2018-07-23,-428.11
2018-08-16,2018-08-16 09:31:00-04:00,2018-08-16 15:00:00-04:00,long,7414.922762406374,7399.5,cutoff,-15.42,2018-07-24,-443.53
2018-08-17,2018-08-17 09:31:00-04:00,2018-08-17 15:00:00-04:00,long,7360.173904777643,7401.5,cutoff,41.33,2018-08-16,-402.2
2018-08-20,2018-08-20 09:33:00-04:00,2018-08-20 14:02:00-04:00,short,7394.472462601092,7394.472462601092,BE,0.0,2018-07-30,-402.2
2018-08-21,2018-08-21 09:35:00-04:00,2018-08-21 11:21:00-04:00,long,7408.879532772222,7408.879532772222,BE,0.0,2018-08-08,-402.2
2018-08-22,2018-08-22 09:31:00-04:00,2018-08-22 15:00:00-04:00,short,7394.472462601092,7432.75,cutoff,-38.28,2018-07-30,-440.48
2018-08-23,2018-08-23 09:34:00-04:00,2018-08-23 15:00:00-04:00,short,7436.526712365974,7443.75,cutoff,-7.22,2018-08-17,-447.7
2018-08-24,2018-08-24 09:31:00-04:00,2018-08-24 15:00:00-04:00,short,7459.432390640652,7490.75,cutoff,-31.32,2018-08-06,-479.02
2018-08-27,2018-08-27 09:35:00-04:00,2018-08-27 15:00:00-04:00,short,7534.904976134861,7564.75,cutoff,-29.85,2018-08-09,-508.87
2018-08-29,2018-08-29 09:35:00-04:00,2018-08-29 15:00:00-04:00,short,7599.9516883498845,7658.75,cutoff,-58.8,2018-08-27,-567.67
2018-08-30,2018-08-30 09:31:00-04:00,2018-08-30 15:00:00-04:00,short,7655.839927072273,7643.0,cutoff,12.84,2018-08-29,-554.83
2018-08-31,2018-08-31 09:32:00-04:00,2018-08-31 15:00:00-04:00,short,7655.839927072273,7644.75,cutoff,11.09,2018-08-29,-543.74
2018-09-04,2018-09-04 09:34:00-04:00,2018-09-04 15:00:00-04:00,long,7633.061168833607,7631.75,cutoff,-1.31,2018-09-03,-545.05
2018-09-05,2018-09-05 09:33:00-04:00,2018-09-05 10:23:00-04:00,long,7604.500703523443,7514.500703523443,SL,-90.0,2018-08-30,-635.05
2018-09-06,2018-09-06 09:40:00-04:00,2018-09-06 15:00:00-04:00,short,7506.425637004666,7443.5,cutoff,62.93,2018-08-24,-572.12
2018-09-07,2018-09-07 09:37:00-04:00,2018-09-07 15:00:00-04:00,long,7418.08594954187,7459.75,cutoff,41.66,2018-09-06,-530.46
2018-09-10,2018-09-10 09:31:00-04:00,2018-09-10 15:00:00-04:00,long,7472.1733116501155,7453.5,cutoff,-18.67,2018-08-27,-549.13
2018-09-11,2018-09-11 09:32:00-04:00,2018-09-11 15:00:00-04:00,long,7418.08594954187,7509.25,cutoff,91.16,2018-09-06,-457.97
2018-09-12,2018-09-12 09:32:00-04:00,2018-09-12 15:00:00-04:00,short,7505.206854948481,7468.25,cutoff,36.96,2018-08-23,-421.01
2018-09-13,2018-09-13 09:32:00-04:00,2018-09-13 15:00:00-04:00,short,7547.622652900693,7565.75,cutoff,-18.13,2018-09-10,-439.14
2018-09-14,2018-09-14 09:32:00-04:00,2018-09-14 11:21:00-04:00,long,7588.051325303866,7588.051325303866,BE,0.0,2018-08-31,-439.14
2018-09-17,2018-09-17 09:35:00-04:00,2018-09-17 15:00:00-04:00,long,7549.8898326392355,7497.5,cutoff,-52.39,2018-09-04,-491.53
2018-09-18,2018-09-18 09:31:00-04:00,2018-09-18 15:00:00-04:00,long,7472.6850581467515,7539.5,cutoff,66.81,2018-09-13,-424.72
2018-09-19,2018-09-19 09:33:00-04:00,2018-09-19 15:00:00-04:00,long,7542.660072927727,7503.5,cutoff,-39.16,2018-08-29,-463.88
2018-09-20,2018-09-20 09:37:00-04:00,2018-09-20 15:00:00-04:00,short,7571.28304460421,7605.0,cutoff,-33.72,2018-09-12,-497.6
2018-09-21,2018-09-21 09:39:00-04:00,2018-09-21 15:00:00-04:00,short,7631.354115860666,7567.75,cutoff,63.6,2018-09-17,-434.0
2018-09-24,2018-09-24 09:31:00-04:00,2018-09-24 15:00:00-04:00,long,7499.12113621541,7568.0,cutoff,68.88,2018-09-20,-365.12
2018-09-25,2018-09-25 09:36:00-04:00,2018-09-25 10:21:00-04:00,short,7571.28304460421,7571.28304460421,BE,0.0,2018-09-12,-365.12
2018-09-26,2018-09-26 09:32:00-04:00,2018-09-26 10:24:00-04:00,short,7612.28905045813,7612.28905045813,BE,0.0,2018-09-06,-365.12
2018-09-26,2018-09-26 10:31:00-04:00,2018-09-26 15:00:00-04:00,short,7616.4399418532485,7644.75,cutoff,-28.31,2018-09-13,-393.43
2018-09-27,2018-09-27 09:32:00-04:00,2018-09-27 15:00:00-04:00,short,7631.354115860666,7665.5,cutoff,-34.15,2018-09-17,-427.58
2018-09-28,2018-09-28 09:45:00-04:00,2018-09-28 15:00:00-04:00,long,7633.061168833607,7646.25,cutoff,13.19,2018-09-03,-414.39
2018-10-01,2018-10-01 09:32:00-04:00,2018-10-01 15:00:00-04:00,short,7702.894612183031,7679.5,cutoff,23.39,2018-09-05,-391.0
2018-10-02,2018-10-02 09:36:00-04:00,2018-10-02 15:00:00-04:00,short,7655.73495379054,7668.5,cutoff,-12.77,2018-09-14,-403.77
2018-10-03,2018-10-03 09:34:00-04:00,2018-10-03 15:00:00-04:00,short,7688.758399715875,7668.25,cutoff,20.51,2018-09-21,-383.26
2018-10-04,2018-10-04 09:31:00-04:00,2018-10-04 15:00:00-04:00,short,7629.202776166338,7504.25,cutoff,124.95,2018-09-25,-258.31
2018-10-05,2018-10-05 09:32:00-04:00,2018-10-05 11:43:00-04:00,long,7499.12113621541,7409.12113621541,SL,-90.0,2018-09-20,-348.31
2018-10-08,2018-10-08 09:46:00-04:00,2018-10-08 10:35:00-04:00,long,7405.59195539579,7405.59195539579,BE,0.0,2018-09-12,-348.31
2018-10-08,2018-10-08 10:37:00-04:00,2018-10-08 11:40:00-04:00,long,7408.134491863295,7318.134491863295,SL,-90.0,2018-10-05,-438.31
2018-10-09,2018-10-09 09:35:00-04:00,2018-10-09 12:44:00-04:00,long,7392.329907435796,7392.329907435796,BE,0.0,2018-09-18,-438.31
2018-10-10,2018-10-10 09:50:00-04:00,2018-10-10 14:07:00-04:00,long,7286.224538054712,7196.224538054712,SL,-90.0,2018-10-08,-528.31
2018-10-16,2018-10-16 09:58:00-04:00,2018-10-16 15:00:00-04:00,long,7182.158582793097,7259.25,cutoff,77.09,2018-10-10,-451.22
2018-10-17,2018-10-17 09:37:00-04:00,2018-10-17 15:00:00-04:00,long,7286.224538054712,7300.25,cutoff,14.03,2018-10-08,-437.19
2018-10-18,2018-10-18 09:31:00-04:00,2018-10-18 15:00:00-04:00,short,7262.201987091439,7141.0,cutoff,121.2,2018-10-16,-315.99
2018-10-19,2018-10-19 09:31:00-04:00,2018-10-19 11:32:00-04:00,long,7182.158582793097,7182.158582793097,BE,0.0,2018-10-10,-315.99
2018-10-22,2018-10-22 09:36:00-04:00,2018-10-22 15:00:00-04:00,long,7158.521950633014,7170.5,cutoff,11.98,2018-10-18,-304.01
2018-10-23,2018-10-23 09:33:00-04:00,2018-10-23 15:00:00-04:00,long,7032.3496815496055,7146.0,cutoff,113.65,2018-10-22,-190.36
2018-10-24,2018-10-24 09:51:00-04:00,2018-10-24 10:37:00-04:00,long,7078.70185016617,7078.70185016617,BE,0.0,2018-10-19,-190.36
2018-10-24,2018-10-24 10:38:00-04:00,2018-10-24 13:07:00-04:00,long,7072.798012908561,6982.798012908561,SL,-90.0,2018-10-16,-280.36
2018-10-25,2018-10-25 09:34:00-04:00,2018-10-25 15:00:00-04:00,long,6892.688591063061,7058.0,cutoff,165.31,2018-10-11,-115.05
2018-10-26,2018-10-26 09:46:00-04:00,2018-10-26 10:07:00-04:00,long,6878.649240398583,6788.649240398583,SL,-90.0,2018-10-23,-205.05
2018-10-29,2018-10-29 10:01:00-04:00,2018-10-29 14:41:00-04:00,short,6963.112061325928,6769.5,TP,193.61,2018-10-26,-11.44
2018-10-30,2018-10-30 10:09:00-04:00,2018-10-30 15:00:00-04:00,long,6762.610909414232,6774.75,cutoff,12.14,2018-10-25,0.7
2018-10-31,2018-10-31 09:42:00-04:00,2018-10-31 15:00:00-04:00,short,6963.112061325928,7021.5,cutoff,-58.39,2018-10-26,-57.69
2018-11-01,2018-11-01 09:31:00-04:00,2018-11-01 15:00:00-04:00,long,6997.43029997219,7062.5,cutoff,65.07,2018-10-24,7.38
2018-11-02,2018-11-02 09:31:00-04:00,2018-11-02 12:37:00-04:00,long,7032.3496815496055,6942.3496815496055,SL,-90.0,2018-10-22,-82.62
2018-11-05,2018-11-05 09:44:00-05:00,2018-11-05 15:00:00-05:00,long,6903.866612075746,6947.25,cutoff,43.38,2018-11-02,-39.24
2018-11-06,2018-11-06 09:31:00-05:00,2018-11-06 15:00:00-05:00,short,6963.112061325928,6955.25,cutoff,7.86,2018-10-26,-31.38
2018-11-07,2018-11-07 09:33:00-05:00,2018-11-07 11:56:00-05:00,short,7078.264090585768,7168.264090585768,SL,-90.0,2018-10-25,-121.38
2018-11-08,2018-11-08 09:31:00-05:00,2018-11-08 10:33:00-05:00,short,7183.883387924254,7183.883387924254,BE,0.0,2018-11-02,-121.38
2018-11-09,2018-11-09 09:34:00-05:00,2018-11-09 15:00:00-05:00,short,7104.642675752431,7035.0,cutoff,69.64,2018-11-01,-51.74
2018-11-12,2018-11-12 09:31:00-05:00,2018-11-12 10:36:00-05:00,long,6997.43029997219,6907.43029997219,SL,-90.0,2018-10-24,-141.74
2018-11-13,2018-11-13 09:31:00-05:00,2018-11-13 15:00:00-05:00,short,6889.683844244571,6843.0,cutoff,46.68,2018-10-30,-95.06
2018-11-14,2018-11-14 09:32:00-05:00,2018-11-14 11:04:00-05:00,long,6903.866612075746,6813.866612075746,SL,-90.0,2018-11-02,-185.06
2018-11-15,2018-11-15 09:31:00-05:00,2018-11-15 10:29:00-05:00,long,6746.40094134174,6746.40094134174,BE,0.0,2018-11-13,-185.06
2018-11-15,2018-11-15 10:51:00-05:00,2018-11-15 15:00:00-05:00,long,6758.138099856673,6898.5,cutoff,140.36,2018-11-14,-44.7
2018-11-16,2018-11-16 09:32:00-05:00,2018-11-16 11:46:00-05:00,long,6833.879910458791,6833.879910458791,BE,0.0,2018-11-06,-44.7
2018-11-19,2018-11-19 09:31:00-05:00,2018-11-19 10:21:00-05:00,long,6839.862157892273,6749.862157892273,SL,-90.0,2018-10-29,-134.7
2018-11-20,2018-11-20 09:38:00-05:00,2018-11-20 15:00:00-05:00,long,6537.816155755429,6526.0,cutoff,-11.82,2018-10-30,-146.52
2018-11-21,2018-11-21 09:31:00-05:00,2018-11-21 11:12:00-05:00,short,6638.488855974993,6638.488855974993,BE,0.0,2018-11-20,-146.52
2018-11-22,2018-11-22 10:23:00-05:00,2018-11-22 12:59:00-05:00,long,6537.816155755429,6521.0,cutoff,-16.82,2018-10-30,-163.34
2018-11-26,2018-11-26 09:33:00-05:00,2018-11-26 15:00:00-05:00,short,6623.8814122187305,6674.75,cutoff,-50.87,2018-11-22,-214.21
2018-11-27,2018-11-27 09:31:00-05:00,2018-11-27 15:00:00-05:00,short,6655.437697558632,6696.25,cutoff,-40.81,2018-11-23,-255.02
2018-11-28,2018-11-28 09:31:00-05:00,2018-11-28 15:00:00-05:00,long,6746.40094134174,6870.5,cutoff,124.1,2018-11-13,-130.92
2018-11-29,2018-11-29 09:33:00-05:00,2018-11-29 15:00:00-05:00,long,6903.866612075746,6941.5,cutoff,37.63,2018-11-02,-93.29
2018-11-30,2018-11-30 09:36:00-05:00,2018-11-30 15:00:00-05:00,short,6886.098901945612,6916.5,cutoff,-30.4,2018-11-15,-123.69
2018-12-03,2018-12-03 09:31:00-05:00,2018-12-03 15:00:00-05:00,long,7094.461029890275,7045.25,cutoff,-49.21,2018-11-08,-172.9
2018-12-04,2018-12-04 09:48:00-05:00,2018-12-04 13:43:00-05:00,short,7025.611900143327,6837.75,TP,187.86,2018-11-14,14.96
2018-12-06,2018-12-06 09:32:00-05:00,2018-12-06 10:58:00-05:00,long,6672.739529536092,6672.739529536092,BE,0.0,2018-11-28,14.96
2018-12-07,2018-12-07 09:31:00-05:00,2018-12-07 11:11:00-05:00,long,6803.071118634929,6713.071118634929,SL,-90.0,2018-11-29,-75.04
2018-12-10,2018-12-10 09:31:00-05:00,2018-12-10 15:00:00-05:00,short,6623.8814122187305,6663.75,cutoff,-39.87,2018-11-22,-114.91
2018-12-11,2018-12-11 09:33:00-05:00,2018-12-11 10:24:00-05:00,short,6780.964486024599,6780.964486024599,BE,0.0,2018-11-27,-114.91
2018-12-11,2018-12-11 10:25:00-05:00,2018-12-11 15:00:00-05:00,short,6790.939608582068,6723.0,cutoff,67.94,2018-12-06,-46.97
2018-12-12,2018-12-12 09:33:00-05:00,2018-12-12 14:28:00-05:00,long,6803.071118634929,6803.071118634929,BE,0.0,2018-11-29,-46.97
2018-12-13,2018-12-13 09:31:00-05:00,2018-12-13 10:29:00-05:00,long,6803.071118634929,6803.071118634929,BE,0.0,2018-11-29,-46.97
2018-12-13,2018-12-13 10:35:00-05:00,2018-12-13 11:44:00-05:00,short,6790.939608582068,6790.939608582068,BE,0.0,2018-12-06,-46.97
2018-12-14,2018-12-14 09:36:00-05:00,2018-12-14 11:50:00-05:00,long,6684.0145147739295,6684.0145147739295,BE,0.0,2018-12-11,-46.97
2018-12-17,2018-12-17 09:41:00-05:00,2018-12-17 13:00:00-05:00,long,6558.060391417932,6558.060391417932,BE,0.0,2018-12-06,-46.97
2018-12-18,2018-12-18 09:31:00-05:00,2018-12-18 10:21:00-05:00,long,6520.782070758194,6520.782070758194,BE,0.0,2018-11-26,-46.97
2018-12-18,2018-12-18 10:42:00-05:00,2018-12-18 15:00:00-05:00,long,6528.160513975401,6477.0,cutoff,-51.16,2018-11-27,-98.13
2018-12-19,2018-12-19 09:33:00-05:00,2018-12-19 14:00:00-05:00,long,6520.782070758194,6520.782070758194,BE,0.0,2018-11-26,-98.13
2018-12-20,2018-12-20 10:10:00-05:00,2018-12-20 11:20:00-05:00,long,6389.047532193428,6299.047532193428,SL,-90.0,2018-12-19,-188.13
2018-12-21,2018-12-21 10:08:00-05:00,2018-12-21 11:06:00-05:00,long,6225.741800107466,6225.741800107466,BE,0.0,2018-12-20,-188.13
2018-12-27,2018-12-27 09:59:00-05:00,2018-12-27 11:28:00-05:00,short,6171.807056911759,6171.807056911759,BE,0.0,2018-12-24,-188.13
2018-12-28,2018-12-28 09:46:00-05:00,2018-12-28 12:40:00-05:00,short,6340.354224240451,6340.354224240451,BE,0.0,2018-12-27,-188.13
2018-12-31,2018-12-31 09:57:00-05:00,2018-12-31 12:37:00-05:00,short,6340.354224240451,6340.354224240451,BE,0.0,2018-12-27,-188.13
2019-01-02,2019-01-02 09:35:00-05:00,2019-01-02 15:00:00-05:00,long,6225.741800107466,6372.0,cutoff,146.26,2018-12-20,-41.87
2019-01-03,2019-01-03 09:53:00-05:00,2019-01-03 15:00:00-05:00,long,6238.169923802291,6179.25,cutoff,-58.92,2018-12-31,-100.79
2019-01-04,2019-01-04 10:24:00-05:00,2019-01-04 12:18:00-05:00,short,6340.354224240451,6430.354224240451,SL,-90.0,2018-12-27,-190.79
2019-01-07,2019-01-07 09:31:00-05:00,2019-01-07 15:00:00-05:00,long,6434.122894312635,6486.0,cutoff,51.88,2018-12-18,-138.91
2019-01-08,2019-01-08 10:45:00-05:00,2019-01-08 11:33:00-05:00,long,6491.230944167768,6491.230944167768,BE,0.0,2018-12-10,-138.91
2019-01-10,2019-01-10 09:54:00-05:00,2019-01-10 12:49:00-05:00,short,6534.203628201894,6624.203628201894,SL,-90.0,2019-01-07,-228.91
2019-01-14,2019-01-14 09:37:00-05:00,2019-01-14 15:00:00-05:00,short,6534.203628201894,6571.25,cutoff,-37.05,2019-01-07,-265.96
2019-01-15,2019-01-15 09:36:00-05:00,2019-01-15 15:00:00-05:00,short,6619.752105687365,6659.25,cutoff,-39.5,2018-12-18,-305.46
2019-01-16,2019-01-16 09:46:00-05:00,2019-01-16 15:00:00-05:00,short,6720.912585668611,6693.5,cutoff,27.41,2019-01-15,-278.05
2019-01-17,2019-01-17 09:31:00-05:00,2019-01-17 14:45:00-05:00,short,6658.400453387424,6748.400453387424,SL,-90.0,2019-01-10,-368.05
2019-01-18,2019-01-18 09:52:00-05:00,2019-01-18 15:00:00-05:00,short,6748.819618762862,6786.5,cutoff,-37.68,2019-01-17,-405.73
2019-01-21,2019-01-21 09:45:00-05:00,2019-01-21 12:59:00-05:00,short,6748.819618762862,6761.5,cutoff,-12.68,2019-01-17,-418.41
2019-01-22,2019-01-22 09:51:00-05:00,2019-01-22 15:00:00-05:00,short,6720.912585668611,6629.0,cutoff,91.91,2019-01-15,-326.5
2019-01-23,2019-01-23 09:31:00-05:00,2019-01-23 10:18:00-05:00,long,6698.293668717168,6698.293668717168,BE,0.0,2019-01-21,-326.5
2019-01-23,2019-01-23 10:26:00-05:00,2019-01-23 12:16:00-05:00,long,6686.080997578746,6596.080997578746,SL,-90.0,2019-01-18,-416.5
2019-01-24,2019-01-24 09:33:00-05:00,2019-01-24 15:00:00-05:00,short,6678.58359465701,6694.0,cutoff,-15.42,2019-01-09,-431.92
2019-01-25,2019-01-25 09:36:00-05:00,2019-01-25 15:00:00-05:00,short,6748.819618762862,6791.5,cutoff,-42.68,2019-01-17,-474.6
2019-01-28,2019-01-28 09:32:00-05:00,2019-01-28 15:00:00-05:00,long,6698.293668717168,6695.5,cutoff,-2.79,2019-01-21,-477.39
2019-01-29,2019-01-29 09:35:00-05:00,2019-01-29 15:00:00-05:00,long,6698.293668717168,6629.25,cutoff,-69.04,2019-01-21,-546.43
2019-01-30,2019-01-30 09:32:00-05:00,2019-01-30 10:44:00-05:00,short,6720.912585668611,6720.912585668611,BE,0.0,2019-01-15,-546.43
2019-01-31,2019-01-31 09:36:00-05:00,2019-01-31 15:00:00-05:00,short,6854.169002421254,6910.0,cutoff,-55.83,2019-01-18,-602.26
2019-02-07,2019-02-07 09:32:00-05:00,2019-02-07 10:20:00-05:00,long,6927.889636332791,6927.889636332791,BE,0.0,2019-02-06,-602.26
2019-02-07,2019-02-07 10:28:00-05:00,2019-02-07 15:00:00-05:00,short,6950.4835546835775,6888.0,cutoff,62.48,2019-01-31,-539.78
2019-02-08,2019-02-08 09:31:00-05:00,2019-02-08 15:00:00-05:00,short,6854.169002421254,6903.25,cutoff,-49.08,2019-01-18,-588.86
2019-02-11,2019-02-11 09:32:00-05:00,2019-02-11 15:00:00-05:00,short,6950.4835546835775,6906.5,cutoff,43.98,2019-01-31,-544.88
2019-02-12,2019-02-12 09:34:00-05:00,2019-02-12 15:00:00-05:00,short,6966.140952170355,7014.25,cutoff,-48.11,2019-02-04,-592.99
2019-02-13,2019-02-13 09:32:00-05:00,2019-02-13 10:21:00-05:00,short,7043.27827199871,7043.27827199871,BE,0.0,2019-02-12,-592.99
2019-02-14,2019-02-14 09:31:00-05:00,2019-02-14 15:00:00-05:00,long,6981.2659991287555,7034.5,cutoff,53.23,2019-02-13,-539.76
2019-02-15,2019-02-15 09:37:00-05:00,2019-02-15 10:22:00-05:00,short,7058.524825242923,7058.524825242923,BE,0.0,2019-02-05,-539.76
2019-02-15,2019-02-15 10:41:00-05:00,2019-02-15 15:00:00-05:00,short,7071.945814887033,7051.0,cutoff,20.95,2019-02-14,-518.81
2019-02-18,2019-02-18 09:54:00-05:00,2019-02-18 12:59:00-05:00,short,7071.945814887033,7080.75,cutoff,-8.8,2019-02-14,-527.61
2019-02-19,2019-02-19 09:35:00-05:00,2019-02-19 15:00:00-05:00,short,7058.524825242923,7093.25,cutoff,-34.73,2019-02-05,-562.34
2019-02-20,2019-02-20 10:40:00-05:00,2019-02-20 15:00:00-05:00,short,7103.860363667209,7066.25,cutoff,37.61,2019-02-06,-524.73
2019-02-21,2019-02-21 09:31:00-05:00,2019-02-21 12:01:00-05:00,short,7058.524825242923,7058.524825242923,BE,0.0,2019-02-05,-524.73
2019-02-22,2019-02-22 09:33:00-05:00,2019-02-22 15:00:00-05:00,short,7058.524825242923,7065.25,cutoff,-6.73,2019-02-05,-531.46
2019-02-26,2019-02-26 09:31:00-05:00,2019-02-26 15:00:00-05:00,long,7101.039941058964,7138.25,cutoff,37.21,2019-02-25,-494.25
2019-02-27,2019-02-27 09:31:00-05:00,2019-02-27 11:50:00-05:00,short,7103.860363667209,7103.860363667209,BE,0.0,2019-02-06,-494.25
2019-02-28,2019-02-28 09:33:00-05:00,2019-02-28 11:20:00-05:00,short,7110.376430518732,7110.376430518732,BE,0.0,2019-02-18,-494.25
2019-03-01,2019-03-01 10:02:00-05:00,2019-03-01 10:55:00-05:00,short,7137.312499692195,7137.312499692195,BE,0.0,2019-02-20,-494.25
2019-03-04,2019-03-04 09:32:00-05:00,2019-03-04 15:00:00-05:00,short,7203.210058941036,7131.75,cutoff,71.46,2019-02-25,-422.79
2019-03-05,2019-03-05 09:32:00-05:00,2019-03-05 15:00:00-05:00,long,7144.842172756819,7179.0,cutoff,34.16,2019-03-04,-388.63
2019-03-06,2019-03-06 09:33:00-05:00,2019-03-06 15:00:00-05:00,short,7162.944911961969,7125.25,cutoff,37.69,2019-02-28,-350.94
2019-03-07,2019-03-07 09:32:00-05:00,2019-03-07 14:48:00-05:00,long,7101.039941058964,7011.039941058964,SL,-90.0,2019-02-25,-440.94
2019-03-08,2019-03-08 09:32:00-05:00,2019-03-08 15:00:00-05:00,long,6981.2659991287555,7026.75,cutoff,45.48,2019-02-13,-395.46
2019-03-11,2019-03-11 09:32:00-04:00,2019-03-11 15:00:00-04:00,long,7083.1318271171385,7185.0,cutoff,101.87,2019-03-01,-293.59
2019-03-12,2019-03-12 09:35:00-04:00,2019-03-12 15:00:00-04:00,short,7203.210058941036,7241.0,cutoff,-37.79,2019-02-25,-331.38
2019-03-13,2019-03-13 09:33:00-04:00,2019-03-13 15:00:00-04:00,short,7262.804382013026,7303.5,cutoff,-40.7,2019-03-12,-372.08
2019-03-15,2019-03-15 09:48:00-04:00,2019-03-15 15:00:00-04:00,short,7317.8442332462455,7350.25,cutoff,-32.41,2019-03-13,-404.49
2019-03-18,2019-03-18 09:58:00-04:00,2019-03-18 15:00:00-04:00,short,7364.223578148492,7357.75,cutoff,6.47,2019-03-15,-398.02
2019-03-20,2019-03-20 09:39:00-04:00,2019-03-20 14:32:00-04:00,short,7364.223578148492,7454.223578148492,SL,-90.0,2019-03-15,-488.02
2019-03-21,2019-03-21 09:35:00-04:00,2019-03-21 13:31:00-04:00,short,7404.166306104591,7494.166306104591,SL,-90.0,2019-03-18,-578.02
2019-03-25,2019-03-25 09:31:00-04:00,2019-03-25 10:50:00-04:00,short,7332.254555376385,7332.254555376385,BE,0.0,2019-03-14,-578.02
2019-03-25,2019-03-25 11:00:00-04:00,2019-03-25 11:49:00-04:00,long,7337.82254636648,7337.82254636648,BE,0.0,2019-03-19,-578.02
2019-03-26,2019-03-26 09:57:00-04:00,2019-03-26 10:55:00-04:00,short,7433.002185272495,7433.002185272495,BE,0.0,2019-03-20,-578.02
2019-03-27,2019-03-27 09:31:00-04:00,2019-03-27 11:29:00-04:00,long,7397.189514019376,7307.189514019376,SL,-90.0,2019-03-22,-668.02
2019-03-28,2019-03-28 09:34:00-04:00,2019-03-28 11:00:00-04:00,long,7337.82254636648,7337.82254636648,BE,0.0,2019-03-19,-668.02
2019-03-29,2019-03-29 09:31:00-04:00,2019-03-29 15:00:00-04:00,long,7397.189514019376,7400.0,cutoff,2.81,2019-03-22,-665.21
2019-04-01,2019-04-01 10:13:00-04:00,2019-04-01 15:00:00-04:00,short,7453.638645063456,7499.0,cutoff,-45.36,2019-03-29,-710.57
2019-04-02,2019-04-02 09:59:00-04:00,2019-04-02 15:00:00-04:00,short,7490.028262531559,7524.0,cutoff,-33.97,2019-03-21,-744.54
2019-04-03,2019-04-03 09:33:00-04:00,2019-04-03 15:00:00-04:00,short,7556.688231456711,7564.25,cutoff,-7.56,2019-04-02,-752.1
2019-04-04,2019-04-04 09:31:00-04:00,2019-04-04 15:00:00-04:00,short,7571.935485980624,7571.5,cutoff,0.44,2019-03-22,-751.66
2019-04-08,2019-04-08 09:39:00-04:00,2019-04-08 15:00:00-04:00,short,7571.935485980624,7616.0,cutoff,-44.06,2019-03-22,-795.72
2019-04-10,2019-04-10 10:49:00-04:00,2019-04-10 15:00:00-04:00,short,7622.528978544867,7620.5,cutoff,2.03,2019-04-03,-793.69
2019-04-11,2019-04-11 09:34:00-04:00,2019-04-11 15:00:00-04:00,short,7642.527829229008,7606.5,cutoff,36.03,2019-04-04,-757.66
2019-04-12,2019-04-12 09:31:00-04:00,2019-04-12 10:25:00-04:00,short,7647.411682774517,7647.411682774517,BE,0.0,2019-04-05,-757.66
2019-04-12,2019-04-12 10:39:00-04:00,2019-04-12 13:05:00-04:00,short,7642.527829229008,7642.527829229008,BE,0.0,2019-04-04,-757.66
2019-04-15,2019-04-15 09:34:00-04:00,2019-04-15 15:00:00-04:00,short,7658.0460071098805,7650.0,cutoff,8.05,2019-04-09,-749.61
2019-04-17,2019-04-17 09:31:00-04:00,2019-04-17 15:00:00-04:00,short,7730.394273932708,7694.5,cutoff,35.89,2019-04-16,-713.72
2019-04-18,2019-04-18 09:34:00-04:00,2019-04-18 12:48:00-04:00,short,7708.943373859822,7708.943373859822,BE,0.0,2019-04-15,-713.72
2019-04-22,2019-04-22 09:53:00-04:00,2019-04-22 15:00:00-04:00,short,7694.1717674909305,7725.25,cutoff,-31.08,2019-04-12,-744.8
2019-04-23,2019-04-23 09:44:00-04:00,2019-04-23 15:00:00-04:00,short,7772.171559230863,7833.75,cutoff,-61.58,2019-04-18,-806.38
2019-04-24,2019-04-24 10:10:00-04:00,2019-04-24 15:00:00-04:00,short,7831.777078718316,7825.25,cutoff,6.53,2019-04-23,-799.85
2019-04-25,2019-04-25 10:56:00-04:00,2019-04-25 15:00:00-04:00,short,7831.777078718316,7851.75,cutoff,-19.97,2019-04-23,-819.82
2019-04-26,2019-04-26 09:42:00-04:00,2019-04-26 15:00:00-04:00,short,7789.432332547307,7822.0,cutoff,-32.57,2019-04-17,-852.39
2019-04-29,2019-04-29 09:52:00-04:00,2019-04-29 15:00:00-04:00,short,7831.777078718316,7864.75,cutoff,-32.97,2019-04-23,-885.36
2019-04-30,2019-04-30 09:32:00-04:00,2019-04-30 15:00:00-04:00,short,7789.432332547307,7790.0,cutoff,-0.57,2019-04-17,-885.93
2019-05-01,2019-05-01 10:08:00-04:00,2019-05-01 11:13:00-04:00,short,7849.304970506435,7849.304970506435,BE,0.0,2019-04-30,-885.93
2019-05-02,2019-05-02 09:32:00-04:00,2019-05-02 15:00:00-04:00,short,7772.171559230863,7722.75,cutoff,49.42,2019-04-18,-836.51
2019-05-03,2019-05-03 09:31:00-04:00,2019-05-03 15:00:00-04:00,long,7787.768622292595,7848.0,cutoff,60.23,2019-04-29,-776.28
2019-05-06,2019-05-06 09:31:00-04:00,2019-05-06 14:35:00-04:00,short,7699.333072790703,7789.333072790703,SL,-90.0,2019-04-11,-866.28
2019-05-07,2019-05-07 09:31:00-04:00,2019-05-07 15:00:00-04:00,short,7730.394273932708,7613.5,cutoff,116.89,2019-04-16,-749.39
2019-05-08,2019-05-08 09:31:00-04:00,2019-05-08 10:22:00-04:00,long,7635.328440769137,7635.328440769137,BE,0.0,2019-04-18,-749.39
2019-05-08,2019-05-08 10:25:00-04:00,2019-05-08 11:37:00-04:00,long,7643.692667452693,7643.692667452693,BE,0.0,2019-04-17,-749.39
2019-05-09,2019-05-09 09:43:00-04:00,2019-05-09 15:00:00-04:00,long,7531.209619502675,7572.75,cutoff,41.54,2019-05-08,-707.85
2019-05-10,2019-05-10 09:40:00-04:00,2019-05-10 10:36:00-04:00,long,7575.056626140178,7485.056626140178,SL,-90.0,2019-04-15,-797.85
2019-05-13,2019-05-13 09:32:00-04:00,2019-05-13 13:00:00-04:00,long,7422.426903526839,7332.426903526839,SL,-90.0,2019-05-09,-887.85
2019-05-15,2019-05-15 10:16:00-04:00,2019-05-15 15:00:00-04:00,long,7439.527338408123,7523.0,cutoff,83.47,2019-05-10,-804.38
2019-05-16,2019-05-16 09:33:00-04:00,2019-05-16 10:42:00-04:00,short,7528.727749486024,7618.727749486024,SL,-90.0,2019-05-15,-894.38
2019-05-17,2019-05-17 09:31:00-04:00,2019-05-17 11:08:00-04:00,short,7528.727749486024,7618.727749486024,SL,-90.0,2019-05-15,-984.38
2019-05-20,2019-05-20 10:27:00-04:00,2019-05-20 15:00:00-04:00,long,7422.426903526839,7380.75,cutoff,-41.68,2019-05-09,-1026.06
2019-05-21,2019-05-21 09:33:00-04:00,2019-05-21 15:00:00-04:00,long,7446.417643630048,7467.25,cutoff,20.83,2019-05-17,-1005.23
2019-05-22,2019-05-22 09:37:00-04:00,2019-05-22 10:34:00-04:00,long,7439.527338408123,7439.527338408123,BE,0.0,2019-05-10,-1005.23
2019-05-22,2019-05-22 10:52:00-04:00,2019-05-22 15:00:00-04:00,long,7446.417643630048,7455.25,cutoff,8.83,2019-05-17,-996.4
2019-05-23,2019-05-23 09:45:00-04:00,2019-05-23 11:11:00-04:00,long,7312.929449834561,7312.929449834561,BE,0.0,2019-05-20,-996.4
2019-05-24,2019-05-24 09:36:00-04:00,2019-05-24 15:00:00-04:00,long,7371.647120555797,7322.5,cutoff,-49.15,2019-05-21,-1045.55
2019-05-27,2019-05-27 09:33:00-04:00,2019-05-27 10:18:00-04:00,long,7312.929449834561,7312.929449834561,BE,0.0,2019-05-20,-1045.55
2019-05-28,2019-05-28 09:39:00-04:00,2019-05-28 15:00:00-04:00,short,7364.662584484247,7311.0,cutoff,53.66,2019-05-27,-991.89
2019-05-29,2019-05-29 10:30:00-04:00,2019-05-29 15:00:00-04:00,long,7258.772250513976,7206.25,cutoff,-52.52,2019-05-15,-1044.41
2019-05-30,2019-05-30 09:37:00-04:00,2019-05-30 15:00:00-04:00,long,7258.772250513976,7237.75,cutoff,-21.02,2019-05-15,-1065.43
2019-05-31,2019-05-31 09:34:00-04:00,2019-05-31 15:00:00-04:00,long,7155.648976688797,7153.75,cutoff,-1.9,2019-05-29,-1067.33
2019-06-03,2019-06-03 09:47:00-04:00,2019-06-03 10:32:00-04:00,long,7085.460323473335,7085.460323473335,BE,0.0,2019-05-31,-1067.33
2019-06-04,2019-06-04 10:28:00-04:00,2019-06-04 15:00:00-04:00,long,7085.460323473335,7139.75,cutoff,54.29,2019-05-31,-1013.04
2019-06-05,2019-06-05 09:32:00-04:00,2019-06-05 15:00:00-04:00,short,7232.539676526665,7206.0,cutoff,26.54,2019-05-31,-986.5
2019-06-06,2019-06-06 09:33:00-04:00,2019-06-06 10:38:00-04:00,short,7224.946166549782,7224.946166549782,BE,0.0,2019-06-03,-986.5
2019-06-06,2019-06-06 10:41:00-04:00,2019-06-06 15:00:00-04:00,short,7232.539676526665,7259.0,cutoff,-26.46,2019-05-31,-1012.96
2019-06-07,2019-06-07 09:31:00-04:00,2019-06-07 15:00:00-04:00,long,7312.929449834561,7419.75,cutoff,106.82,2019-05-20,-906.14
2019-06-10,2019-06-10 09:31:00-04:00,2019-06-10 11:43:00-04:00,short,7481.289402916763,7571.289402916763,SL,-90.0,2019-05-14,-996.14
2019-06-11,2019-06-11 10:04:00-04:00,2019-06-11 15:00:00-04:00,short,7584.364849485702,7513.0,cutoff,71.36,2019-06-10,-924.78
2019-06-12,2019-06-12 09:31:00-04:00,2019-06-12 15:00:00-04:00,long,7501.81183407282,7479.0,cutoff,-22.81,2019-06-11,-947.59
2019-06-13,2019-06-13 09:32:00-04:00,2019-06-13 11:06:00-04:00,long,7501.81183407282,7501.81183407282,BE,0.0,2019-06-11,-947.59
2019-06-14,2019-06-14 09:31:00-04:00,2019-06-14 15:00:00-04:00,long,7501.81183407282,7513.0,cutoff,11.19,2019-06-11,-936.4
2019-06-17,2019-06-17 09:34:00-04:00,2019-06-17 15:00:00-04:00,short,7524.477879444203,7560.25,cutoff,-35.77,2019-05-21,-972.17
2019-06-18,2019-06-18 09:40:00-04:00,2019-06-18 15:00:00-04:00,short,7662.43816592718,7679.25,cutoff,-16.81,2019-06-11,-988.98
2019-06-19,2019-06-19 09:36:00-04:00,2019-06-19 11:29:00-04:00,short,7662.43816592718,7662.43816592718,BE,0.0,2019-06-11,-988.98
2019-06-20,2019-06-20 10:23:00-04:00,2019-06-20 11:08:00-04:00,short,7765.55530926014,7765.55530926014,BE,0.0,2019-06-18,-988.98
2019-06-21,2019-06-21 09:31:00-04:00,2019-06-21 15:00:00-04:00,short,7748.238854969065,7765.5,cutoff,-17.26,2019-06-19,-1006.24
2019-06-24,2019-06-24 09:36:00-04:00,2019-06-24 15:00:00-04:00,short,7765.55530926014,7759.75,cutoff,5.81,2019-06-18,-1000.43
2019-06-25,2019-06-25 09:31:00-04:00,2019-06-25 15:00:00-04:00,short,7748.238854969065,7626.0,cutoff,122.24,2019-06-19,-878.19
2019-06-26,2019-06-26 09:33:00-04:00,2019-06-26 15:00:00-04:00,long,7687.89774341991,7653.0,cutoff,-34.9,2019-06-21,-913.09
2019-06-27,2019-06-27 09:35:00-04:00,2019-06-27 15:00:00-04:00,long,7687.89774341991,7688.25,cutoff,0.35,2019-06-21,-912.74
2019-06-28,2019-06-28 09:33:00-04:00,2019-06-28 15:00:00-04:00,long,7702.584942229007,7675.5,cutoff,-27.08,2019-06-24,-939.82
2019-07-01,2019-07-01 09:48:00-04:00,2019-07-01 15:00:00-04:00,short,7829.290057770993,7762.75,cutoff,66.54,2019-06-24,-873.28
2019-07-03,2019-07-03 09:31:00-04:00,2019-07-03 13:14:00-04:00,short,7845.729041524407,7888.25,cutoff,-42.52,2019-07-02,-915.8
2019-07-04,2019-07-04 09:35:00-04:00,2019-07-04 10:53:00-04:00,short,7899.048540455279,7899.048540455279,BE,0.0,2019-07-03,-915.8
2019-07-05,2019-07-05 09:37:00-04:00,2019-07-05 11:31:00-04:00,short,7829.290057770993,7829.290057770993,BE,0.0,2019-06-24,-915.8
2019-07-08,2019-07-08 09:37:00-04:00,2019-07-08 10:30:00-04:00,long,7791.326459544721,7791.326459544721,BE,0.0,2019-07-03,-915.8
2019-07-09,2019-07-09 09:31:00-04:00,2019-07-09 15:00:00-04:00,short,7773.978888531025,7845.25,cutoff,-71.27,2019-06-28,-987.07
2019-07-10,2019-07-10 09:32:00-04:00,2019-07-10 15:00:00-04:00,short,7913.106717944328,7915.25,cutoff,-2.14,2019-07-01,-989.21
2019-07-11,2019-07-11 09:32:00-04:00,2019-07-11 10:19:00-04:00,short,7937.219154060057,7937.219154060057,BE,0.0,2019-07-04,-989.21
2019-07-12,2019-07-12 09:32:00-04:00,2019-07-12 11:14:00-04:00,short,7937.219154060057,7937.219154060057,BE,0.0,2019-07-04,-989.21
2019-07-17,2019-07-17 10:46:00-04:00,2019-07-17 15:00:00-04:00,long,7927.303893272141,7938.25,cutoff,10.95,2019-07-16,-978.26
2019-07-18,2019-07-18 09:35:00-04:00,2019-07-18 15:00:00-04:00,short,7888.532009613155,7921.5,cutoff,-32.97,2019-07-05,-1011.23
2019-07-19,2019-07-19 09:52:00-04:00,2019-07-19 15:00:00-04:00,short,7948.525154256891,7885.75,cutoff,62.78,2019-07-18,-948.45
2019-07-22,2019-07-22 09:32:00-04:00,2019-07-22 15:00:00-04:00,short,7888.532009613155,7919.75,cutoff,-31.22,2019-07-05,-979.67
2019-07-23,2019-07-23 09:38:00-04:00,2019-07-23 13:42:00-04:00,short,7948.525154256891,7948.525154256891,BE,0.0,2019-07-18,-979.67
2019-07-24,2019-07-24 09:31:00-04:00,2019-07-24 15:00:00-04:00,short,7948.525154256891,8010.5,cutoff,-61.97,2019-07-18,-1041.64
2019-07-25,2019-07-25 09:31:00-04:00,2019-07-25 15:00:00-04:00,short,7991.520987847251,7947.25,cutoff,44.27,2019-07-10,-997.37
2019-07-26,2019-07-26 09:31:00-04:00,2019-07-26 15:00:00-04:00,short,8005.144464454312,8036.0,cutoff,-30.86,2019-07-17,-1028.23
2019-07-29,2019-07-29 09:39:00-04:00,2019-07-29 14:55:00-04:00,short,8005.144464454312,8005.144464454312,BE,0.0,2019-07-17,-1028.23
2019-07-30,2019-07-30 09:31:00-04:00,2019-07-30 15:00:00-04:00,short,7948.525154256891,7977.0,cutoff,-28.47,2019-07-18,-1056.7
2019-07-31,2019-07-31 10:05:00-04:00,2019-07-31 11:12:00-04:00,short,7987.432820639214,7987.432820639214,BE,0.0,2019-07-12,-1056.7
2019-08-01,2019-08-01 09:31:00-04:00,2019-08-01 10:45:00-04:00,short,7888.532009613155,7978.532009613155,SL,-90.0,2019-07-05,-1146.7
2019-08-02,2019-08-02 09:31:00-04:00,2019-08-02 13:37:00-04:00,long,7742.182790863563,7652.182790863563,SL,-90.0,2019-07-08,-1236.7
2019-08-07,2019-08-07 09:31:00-04:00,2019-08-07 15:00:00-04:00,long,7433.190308558103,7561.0,cutoff,127.81,2019-08-05,-1108.89
2019-08-08,2019-08-08 09:56:00-04:00,2019-08-08 14:42:00-04:00,short,7617.434691441897,7707.434691441897,SL,-90.0,2019-08-05,-1198.89
2019-08-09,2019-08-09 09:34:00-04:00,2019-08-09 15:00:00-04:00,short,7709.4912325479945,7666.0,cutoff,43.49,2019-08-08,-1155.4
2019-08-12,2019-08-12 09:32:00-04:00,2019-08-12 10:23:00-04:00,short,7617.434691441897,7617.434691441897,BE,0.0,2019-08-05,-1155.4
2019-08-12,2019-08-12 10:54:00-04:00,2019-08-12 11:45:00-04:00,short,7614.288242813922,7614.288242813922,BE,0.0,2019-08-06,-1155.4
2019-08-13,2019-08-13 09:35:00-04:00,2019-08-13 09:46:00-04:00,short,7582.281783028347,7672.281783028347,SL,-90.0,2019-08-07,-1245.4
2019-08-14,2019-08-14 09:31:00-04:00,2019-08-14 15:00:00-04:00,short,7617.434691441897,7511.75,cutoff,105.68,2019-08-05,-1139.72
2019-08-15,2019-08-15 09:31:00-04:00,2019-08-15 15:00:00-04:00,long,7521.640114106753,7481.25,cutoff,-40.39,2019-08-12,-1180.11
2019-08-16,2019-08-16 09:35:00-04:00,2019-08-16 10:20:00-04:00,short,7582.281783028347,7582.281783028347,BE,0.0,2019-08-07,-1180.11
2019-08-16,2019-08-16 10:22:00-04:00,2019-08-16 15:00:00-04:00,long,7579.728773061101,7612.0,cutoff,32.27,2019-08-09,-1147.84
2019-08-19,2019-08-19 10:10:00-04:00,2019-08-19 15:00:00-04:00,short,7709.4912325479945,7732.0,cutoff,-22.51,2019-08-08,-1170.35
2019-08-20,2019-08-20 09:36:00-04:00,2019-08-20 15:00:00-04:00,short,7694.484885893247,7694.5,cutoff,-0.02,2019-08-12,-1170.37
2019-08-22,2019-08-22 10:29:00-04:00,2019-08-22 12:54:00-04:00,short,7709.4912325479945,7709.4912325479945,BE,0.0,2019-08-08,-1170.37
2019-08-23,2019-08-23 09:33:00-04:00,2019-08-23 15:00:00-04:00,short,7664.75497912878,7493.0,cutoff,171.75,2019-08-16,-998.62
2019-08-26,2019-08-26 10:12:00-04:00,2019-08-26 15:00:00-04:00,long,7521.640114106753,7555.25,cutoff,33.61,2019-08-12,-965.01
2019-08-27,2019-08-27 09:31:00-04:00,2019-08-27 12:54:00-04:00,long,7631.648645621291,7541.648645621291,SL,-90.0,2019-08-19,-1055.01
2019-08-28,2019-08-28 09:32:00-04:00,2019-08-28 15:00:00-04:00,long,7521.640114106753,7597.0,cutoff,75.36,2019-08-12,-979.65
2019-08-29,2019-08-29 09:31:00-04:00,2019-08-29 15:00:00-04:00,short,7694.484885893247,7710.75,cutoff,-16.27,2019-08-12,-995.92
2019-08-30,2019-08-30 10:15:00-04:00,2019-08-30 15:00:00-04:00,short,7713.9752591962115,7670.5,cutoff,43.48,2019-08-27,-952.44
2019-09-02,2019-09-02 09:35:00-04:00,2019-09-02 11:10:00-04:00,long,7648.5269320504385,7648.5269320504385,BE,0.0,2019-08-22,-952.44
2019-09-03,2019-09-03 09:32:00-04:00,2019-09-03 15:00:00-04:00,long,7631.648645621291,7597.75,cutoff,-33.9,2019-08-19,-986.34
2019-09-04,2019-09-04 09:35:00-04:00,2019-09-04 11:31:00-04:00,short,7694.484885893247,7694.484885893247,BE,0.0,2019-08-12,-986.34
2019-09-05,2019-09-05 09:33:00-04:00,2019-09-05 15:00:00-04:00,short,7820.460734763472,7862.5,cutoff,-42.04,2019-08-21,-1028.38
2019-09-06,2019-09-06 09:35:00-04:00,2019-09-06 10:21:00-04:00,short,7854.386960178828,7854.386960178828,BE,0.0,2019-08-13,-1028.38
2019-09-09,2019-09-09 09:59:00-04:00,2019-09-09 15:00:00-04:00,short,7854.386960178828,7808.25,cutoff,46.14,2019-08-13,-982.24
2019-09-10,2019-09-10 09:31:00-04:00,2019-09-10 15:00:00-04:00,long,7792.904046735641,7772.5,cutoff,-20.4,2019-09-06,-1002.64
2019-09-11,2019-09-11 09:31:00-04:00,2019-09-11 15:00:00-04:00,short,7820.460734763472,7868.0,cutoff,-47.54,2019-08-21,-1050.18
2019-09-12,2019-09-12 09:31:00-04:00,2019-09-12 15:00:00-04:00,short,7938.40261158739,7954.25,cutoff,-15.85,2019-09-05,-1066.03
2019-09-13,2019-09-13 09:36:00-04:00,2019-09-13 15:00:00-04:00,short,7921.3221564805135,7922.5,cutoff,-1.18,2019-09-11,-1067.21
2019-09-16,2019-09-16 09:31:00-04:00,2019-09-16 11:58:00-04:00,long,7860.802827220514,7860.802827220514,BE,0.0,2019-09-13,-1067.21
2019-09-17,2019-09-17 09:38:00-04:00,2019-09-17 15:00:00-04:00,short,7870.113220323607,7889.75,cutoff,-19.64,2019-09-10,-1086.85
2019-09-19,2019-09-19 09:32:00-04:00,2019-09-19 15:00:00-04:00,short,7938.40261158739,7930.25,cutoff,8.15,2019-09-05,-1078.7
2019-09-20,2019-09-20 09:38:00-04:00,2019-09-20 15:00:00-04:00,short,7938.40261158739,7860.25,cutoff,78.15,2019-09-05,-1000.55
2019-09-23,2019-09-23 09:31:00-04:00,2019-09-23 15:00:00-04:00,long,7839.575875755956,7853.25,cutoff,13.67,2019-09-18,-986.88
2019-09-24,2019-09-24 09:46:00-04:00,2019-09-24 11:40:00-04:00,long,7880.673553718032,7790.673553718032,SL,-90.0,2019-09-20,-1076.88
2019-09-25,2019-09-25 09:33:00-04:00,2019-09-25 10:54:00-04:00,short,7734.292320353883,7734.292320353883,BE,0.0,2019-09-02,-1076.88
2019-09-25,2019-09-25 10:56:00-04:00,2019-09-25 15:00:00-04:00,short,7749.207958554301,7813.25,cutoff,-64.04,2019-09-03,-1140.92
2019-09-26,2019-09-26 09:33:00-04:00,2019-09-26 15:00:00-04:00,long,7799.365439025137,7783.0,cutoff,-16.37,2019-09-09,-1157.29
2019-09-27,2019-09-27 09:31:00-04:00,2019-09-27 11:39:00-04:00,long,7799.365439025137,7709.365439025137,SL,-90.0,2019-09-09,-1247.29
2019-09-30,2019-09-30 09:35:00-04:00,2019-09-30 15:00:00-04:00,long,7714.34738841261,7763.0,cutoff,48.65,2019-09-05,-1198.64
2019-10-01,2019-10-01 09:33:00-04:00,2019-10-01 12:01:00-04:00,long,7812.309811776386,7722.309811776386,SL,-90.0,2019-09-17,-1288.64
2019-10-02,2019-10-02 09:38:00-04:00,2019-10-02 15:00:00-04:00,long,7610.409579793959,7574.25,cutoff,-36.16,2019-09-25,-1324.8
2019-10-03,2019-10-03 10:00:00-04:00,2019-10-03 10:48:00-04:00,long,7530.9942517462805,7530.9942517462805,BE,0.0,2019-10-02,-1324.8
2019-10-04,2019-10-04 09:32:00-04:00,2019-10-04 10:31:00-04:00,long,7698.761779676393,7698.761779676393,BE,0.0,2019-09-10,-1324.8
2019-10-04,2019-10-04 10:35:00-04:00,2019-10-04 15:00:00-04:00,long,7696.477520459155,7754.5,cutoff,58.02,2019-09-27,-1266.78
2019-10-07,2019-10-07 09:32:00-04:00,2019-10-07 14:50:00-04:00,long,7747.4278435194865,7747.4278435194865,BE,0.0,2019-09-11,-1266.78
2019-10-08,2019-10-08 09:33:00-04:00,2019-10-08 12:45:00-04:00,short,7686.64445205237,7686.64445205237,BE,0.0,2019-10-03,-1266.78
2019-10-09,2019-10-09 09:31:00-04:00,2019-10-09 10:20:00-04:00,short,7686.64445205237,7686.64445205237,BE,0.0,2019-10-03,-1266.78
2019-10-09,2019-10-09 10:33:00-04:00,2019-10-09 15:00:00-04:00,long,7689.38138584795,7722.0,cutoff,32.62,2019-10-01,-1234.16
2019-10-10,2019-10-10 09:32:00-04:00,2019-10-10 15:00:00-04:00,long,7696.477520459155,7738.75,cutoff,42.27,2019-09-27,-1191.89
2019-10-11,2019-10-11 09:38:00-04:00,2019-10-11 12:32:00-04:00,long,7861.212031713488,7861.212031713488,BE,0.0,2019-09-19,-1191.89
2019-10-14,2019-10-14 09:32:00-04:00,2019-10-14 15:00:00-04:00,long,7861.212031713488,7864.5,cutoff,3.29,2019-09-19,-1188.6
2019-10-15,2019-10-15 09:31:00-04:00,2019-10-15 15:00:00-04:00,short,7884.881813648036,7962.0,cutoff,-77.12,2019-09-26,-1265.72
2019-10-16,2019-10-16 09:31:00-04:00,2019-10-16 15:00:00-04:00,short,7922.282429616186,7932.25,cutoff,-9.97,2019-10-14,-1275.69
2019-10-17,2019-10-17 09:31:00-04:00,2019-10-17 10:16:00-04:00,short,7985.241452461576,7985.241452461576,BE,0.0,2019-10-16,-1275.69
2019-10-17,2019-10-17 10:50:00-04:00,2019-10-17 11:37:00-04:00,short,7943.843644046412,7943.843644046412,BE,0.0,2019-10-11,-1275.69
2019-10-18,2019-10-18 09:34:00-04:00,2019-10-18 15:00:00-04:00,short,7950.682805928566,7895.75,cutoff,54.93,2019-09-24,-1220.76
2019-10-21,2019-10-21 09:32:00-04:00,2019-10-21 10:26:00-04:00,short,7922.282429616186,7922.282429616186,BE,0.0,2019-10-14,-1220.76
2019-10-22,2019-10-22 09:34:00-04:00,2019-10-22 15:00:00-04:00,short,7985.241452461576,7904.0,cutoff,81.24,2019-10-16,-1139.52
2019-10-23,2019-10-23 09:32:00-04:00,2019-10-23 15:00:00-04:00,long,7864.133547538424,7874.25,cutoff,10.12,2019-10-16,-1129.4
2019-10-24,2019-10-24 09:59:00-04:00,2019-10-24 15:00:00-04:00,short,7934.28716641723,7960.0,cutoff,-25.71,2019-10-23,-1155.11
2019-10-25,2019-10-25 09:31:00-04:00,2019-10-25 11:25:00-04:00,short,7943.843644046412,8033.843644046412,SL,-90.0,2019-10-11,-1245.11
2019-10-30,2019-10-30 09:41:00-04:00,2019-10-30 15:00:00-04:00,short,8042.103174462123,8078.75,cutoff,-36.65,2019-10-17,-1281.76
2019-11-01,2019-11-01 09:48:00-04:00,2019-11-01 15:00:00-04:00,short,8131.993040967976,8146.25,cutoff,-14.26,2019-10-30,-1296.02
2019-11-05,2019-11-05 10:11:00-05:00,2019-11-05 15:00:00-05:00,short,8206.423598005367,8228.25,cutoff,-21.83,2019-11-01,-1317.85
2019-11-06,2019-11-06 10:33:00-05:00,2019-11-06 15:00:00-05:00,short,8184.4999706264025,8195.5,cutoff,-11.0,2019-10-31,-1328.85
2019-11-07,2019-11-07 10:16:00-05:00,2019-11-07 15:00:00-05:00,short,8264.95911284065,8234.75,cutoff,30.21,2019-11-06,-1298.64
2019-11-08,2019-11-08 10:00:00-05:00,2019-11-08 15:00:00-05:00,short,8206.423598005367,8234.5,cutoff,-28.08,2019-11-01,-1326.72
2019-11-12,2019-11-12 09:36:00-05:00,2019-11-12 15:00:00-05:00,short,8264.95911284065,8252.5,cutoff,12.46,2019-11-06,-1314.26
2019-11-13,2019-11-13 10:19:00-05:00,2019-11-13 15:00:00-05:00,short,8264.95911284065,8264.75,cutoff,0.21,2019-11-06,-1314.05
2019-11-15,2019-11-15 09:40:00-05:00,2019-11-15 15:00:00-05:00,short,8303.323514829619,8310.0,cutoff,-6.68,2019-11-14,-1320.73
2019-11-18,2019-11-18 09:31:00-05:00,2019-11-18 10:44:00-05:00,short,8306.876726080602,8306.876726080602,BE,0.0,2019-11-07,-1320.73
2019-11-18,2019-11-18 10:45:00-05:00,2019-11-18 15:00:00-05:00,short,8308.599787545481,8340.0,cutoff,-31.4,2019-11-13,-1352.13
2019-11-19,2019-11-19 10:51:00-05:00,2019-11-19 15:00:00-05:00,short,8325.258197873129,8350.5,cutoff,-25.24,2019-11-12,-1377.37
2019-11-20,2019-11-20 09:33:00-05:00,2019-11-20 15:00:00-05:00,short,8325.258197873129,8275.75,cutoff,49.51,2019-11-12,-1327.86
2019-11-21,2019-11-21 09:32:00-05:00,2019-11-21 11:04:00-05:00,short,8277.901738044486,8277.901738044486,BE,0.0,2019-11-04,-1327.86
2019-11-22,2019-11-22 09:33:00-05:00,2019-11-22 15:00:00-05:00,short,8282.358070710947,8270.25,cutoff,12.11,2019-11-08,-1315.75
2019-11-25,2019-11-25 09:31:00-05:00,2019-11-25 15:00:00-05:00,short,8325.258197873129,8364.75,cutoff,-39.49,2019-11-12,-1355.24
2019-11-26,2019-11-26 09:33:00-05:00,2019-11-26 15:00:00-05:00,short,8376.35031894704,8393.5,cutoff,-17.15,2019-11-20,-1372.39
2019-11-27,2019-11-27 09:35:00-05:00,2019-11-27 15:00:00-05:00,short,8414.82412027431,8441.25,cutoff,-26.43,2019-11-19,-1398.82
2019-11-29,2019-11-29 09:39:00-05:00,2019-11-29 13:14:00-05:00,short,8430.878668123245,8422.5,cutoff,8.38,2019-11-26,-1390.44
2019-12-02,2019-12-02 09:31:00-05:00,2019-12-02 10:02:00-05:00,long,8403.609446385071,8313.609446385071,SL,-90.0,2019-11-28,-1480.44
2019-12-03,2019-12-03 09:31:00-05:00,2019-12-03 10:48:00-05:00,long,8199.616802126871,8199.616802126871,BE,0.0,2019-11-12,-1480.44
2019-12-03,2019-12-03 10:50:00-05:00,2019-12-03 15:00:00-05:00,long,8188.025212454519,8229.75,cutoff,41.72,2019-11-13,-1438.72
2019-12-04,2019-12-04 09:31:00-05:00,2019-12-04 12:16:00-05:00,long,8296.92587972569,8296.92587972569,BE,0.0,2019-11-19,-1438.72
2019-12-05,2019-12-05 10:01:00-05:00,2019-12-05 14:11:00-05:00,short,8303.323514829619,8303.323514829619,BE,0.0,2019-11-14,-1438.72
2019-12-06,2019-12-06 09:33:00-05:00,2019-12-06 15:00:00-05:00,short,8376.35031894704,8400.5,cutoff,-24.15,2019-11-20,-1462.87
2019-12-09,2019-12-09 09:33:00-05:00,2019-12-09 15:00:00-05:00,short,8398.595757435996,8381.75,cutoff,16.85,2019-12-05,-1446.02
2019-12-10,2019-12-10 09:31:00-05:00,2019-12-10 15:00:00-05:00,short,8363.69098040014,8371.25,cutoff,-7.56,2019-11-18,-1453.58
2019-12-11,2019-12-11 09:34:00-05:00,2019-12-11 15:00:00-05:00,short,8372.8689328482,8407.5,cutoff,-34.63,2019-12-04,-1488.21
2019-12-12,2019-12-12 09:32:00-05:00,2019-12-12 10:05:00-05:00,short,8400.926662617732,8490.926662617732,SL,-90.0,2019-11-25,-1578.21
2019-12-13,2019-12-13 09:33:00-05:00,2019-12-13 15:00:00-05:00,short,8478.390553614929,8522.5,cutoff,-44.11,2019-11-28,-1622.32
2019-12-16,2019-12-16 09:45:00-05:00,2019-12-16 15:00:00-05:00,short,8594.903059526845,8607.25,cutoff,-12.35,2019-12-13,-1634.67
2019-12-26,2019-12-26 09:45:00-05:00,2019-12-26 15:00:00-05:00,short,8756.55477276877,8786.5,cutoff,-29.95,2019-12-20,-1664.62
2019-12-27,2019-12-27 10:00:00-05:00,2019-12-27 15:00:00-05:00,short,8782.73314635241,8807.0,cutoff,-24.27,2019-12-24,-1688.89
2019-12-30,2019-12-30 09:31:00-05:00,2019-12-30 15:00:00-05:00,short,8782.73314635241,8732.5,cutoff,50.23,2019-12-24,-1638.66
2020-01-03,2020-01-03 09:31:00-05:00,2020-01-03 15:00:00-05:00,short,8802.974011948314,8840.5,cutoff,-37.53,2019-12-26,-1676.19
2020-01-06,2020-01-06 09:32:00-05:00,2020-01-06 15:00:00-05:00,short,8756.55477276877,8840.25,cutoff,-83.7,2019-12-20,-1759.89
2020-01-07,2020-01-07 09:31:00-05:00,2020-01-07 15:00:00-05:00,short,8866.069153070002,8871.0,cutoff,-4.93,2020-01-06,-1764.82
2020-01-08,2020-01-08 09:31:00-05:00,2020-01-08 15:00:00-05:00,short,8866.069153070002,8949.75,cutoff,-83.68,2020-01-06,-1848.5
2020-01-14,2020-01-14 09:33:00-05:00,2020-01-14 10:18:00-05:00,short,9071.2517145137,9071.2517145137,BE,0.0,2020-01-09,-1848.5
2020-01-15,2020-01-15 09:33:00-05:00,2020-01-15 15:00:00-05:00,short,9071.2517145137,9061.25,cutoff,10.0,2020-01-09,-1838.5
2020-01-16,2020-01-16 09:32:00-05:00,2020-01-16 15:00:00-05:00,short,9099.826386829876,9105.25,cutoff,-5.42,2020-01-10,-1843.92
2020-01-17,2020-01-17 09:35:00-05:00,2020-01-17 10:27:00-05:00,short,9163.275526241003,9163.275526241003,BE,0.0,2020-01-16,-1843.92
2020-01-17,2020-01-17 10:54:00-05:00,2020-01-17 11:59:00-05:00,short,9146.7649540932,9146.7649540932,BE,0.0,2020-01-14,-1843.92
2020-01-20,2020-01-20 10:36:00-05:00,2020-01-20 12:59:00-05:00,short,9163.275526241003,9175.75,cutoff,-12.47,2020-01-16,-1856.39
2020-01-21,2020-01-21 09:31:00-05:00,2020-01-21 15:00:00-05:00,short,9163.275526241003,9172.0,cutoff,-8.72,2020-01-16,-1865.11
2020-01-22,2020-01-22 09:32:00-05:00,2020-01-22 15:00:00-05:00,short,9221.951137059525,9228.0,cutoff,-6.05,2020-01-21,-1871.16
2020-01-23,2020-01-23 09:35:00-05:00,2020-01-23 15:00:00-05:00,long,9157.475099792833,9225.75,cutoff,68.27,2020-01-22,-1802.89
2020-01-24,2020-01-24 09:33:00-05:00,2020-01-24 15:00:00-05:00,short,9274.55896358009,9154.75,cutoff,119.81,2020-01-23,-1683.08
2020-01-27,2020-01-27 09:31:00-05:00,2020-01-27 15:00:00-05:00,short,8938.511204763956,8977.5,cutoff,-38.99,2020-01-07,-1722.07
2020-01-28,2020-01-28 10:15:00-05:00,2020-01-28 15:00:00-05:00,long,9036.224473758997,9111.25,cutoff,75.03,2020-01-16,-1647.04
2020-01-29,2020-01-29 09:32:00-05:00,2020-01-29 14:00:00-05:00,short,9146.7649540932,9146.7649540932,BE,0.0,2020-01-14,-1647.04
2020-01-30,2020-01-30 09:32:00-05:00,2020-01-30 15:00:00-05:00,short,9071.2517145137,9099.25,cutoff,-28.0,2020-01-09,-1675.04
2020-01-31,2020-01-31 09:31:00-05:00,2020-01-31 15:00:00-05:00,short,9172.368400168922,9024.25,cutoff,148.12,2020-01-30,-1526.92
2020-02-03,2020-02-03 09:35:00-05:00,2020-02-03 15:00:00-05:00,short,9071.2517145137,9125.75,cutoff,-54.5,2020-01-09,-1581.42
2020-02-04,2020-02-04 09:40:00-05:00,2020-02-04 11:47:00-05:00,short,9236.007077102986,9326.007077102986,SL,-90.0,2020-01-17,-1671.42
2020-02-05,2020-02-05 10:28:00-05:00,2020-02-05 15:00:00-05:00,short,9348.254114766065,9384.5,cutoff,-36.25,2020-01-24,-1707.67
2020-02-11,2020-02-11 09:32:00-05:00,2020-02-11 15:00:00-05:00,short,9567.69569543655,9535.0,cutoff,32.7,2020-02-05,-1674.97
2020-02-12,2020-02-12 09:57:00-05:00,2020-02-12 15:00:00-05:00,short,9567.69569543655,9607.25,cutoff,-39.55,2020-02-05,-1714.52
2020-02-13,2020-02-13 09:31:00-05:00,2020-02-13 15:00:00-05:00,short,9567.69569543655,9634.25,cutoff,-66.55,2020-02-05,-1781.07
2020-02-18,2020-02-18 09:36:00-05:00,2020-02-18 10:29:00-05:00,long,9599.132847106972,9599.132847106972,BE,0.0,2020-02-17,-1781.07
2020-02-19,2020-02-19 09:36:00-05:00,2020-02-19 15:00:00-05:00,short,9706.908512159982,9742.0,cutoff,-35.09,2020-02-14,-1816.16
2020-02-20,2020-02-20 09:32:00-05:00,2020-02-20 10:45:00-05:00,short,9717.242152893028,9717.242152893028,BE,0.0,2020-02-17,-1816.16
2020-02-21,2020-02-21 09:31:00-05:00,2020-02-21 09:47:00-05:00,long,9599.132847106972,9509.132847106972,SL,-90.0,2020-02-17,-1906.16
2020-02-24,2020-02-24 09:31:00-05:00,2020-02-24 15:00:00-05:00,short,9129.367389830451,9166.25,cutoff,-36.88,2020-01-28,-1943.04
2020-02-25,2020-02-25 09:32:00-05:00,2020-02-25 10:25:00-05:00,long,9156.767105704166,9066.767105704166,SL,-90.0,2020-02-04,-2033.04
2020-02-26,2020-02-26 09:31:00-05:00,2020-02-26 12:05:00-05:00,long,8918.445404286935,8918.445404286935,BE,0.0,2020-02-03,-2033.04
2020-03-02,2020-03-02 10:23:00-05:00,2020-03-02 11:17:00-05:00,long,8445.94165863763,8627.75,TP,181.81,2020-02-27,-1851.23
2020-03-03,2020-03-03 09:53:00-05:00,2020-03-03 10:00:00-05:00,short,8786.173929144847,8876.173929144847,SL,-90.0,2020-03-02,-1941.23
2020-03-04,2020-03-04 09:35:00-05:00,2020-03-04 10:54:00-05:00,long,8724.757467992544,8724.757467992544,BE,0.0,2020-02-26,-1941.23
2020-03-05,2020-03-05 09:32:00-05:00,2020-03-05 12:39:00-05:00,long,8724.757467992544,8724.757467992544,BE,0.0,2020-02-26,-1941.23
2020-03-06,2020-03-06 09:33:00-05:00,2020-03-06 10:20:00-05:00,long,8445.94165863763,8445.94165863763,BE,0.0,2020-02-27,-1941.23
2020-03-06,2020-03-06 10:21:00-05:00,2020-03-06 15:00:00-05:00,short,8455.361761076416,8338.0,cutoff,117.36,2020-02-28,-1823.87
2020-03-10,2020-03-10 09:36:00-04:00,2020-03-10 10:40:00-04:00,long,8168.335010242776,8168.335010242776,BE,0.0,2020-03-06,-1823.87
2020-03-11,2020-03-11 09:39:00-04:00,2020-03-11 11:21:00-04:00,long,8168.335010242776,8078.335010242776,SL,-90.0,2020-03-06,-1913.87
2020-03-12,2020-03-12 10:55:00-04:00,2020-03-12 11:10:00-04:00,long,7595.5999259774835,7505.5999259774835,SL,-90.0,2020-03-09,-2003.87
2020-03-13,2020-03-13 09:39:00-04:00,2020-03-13 09:42:00-04:00,long,7595.5999259774835,7505.5999259774835,SL,-90.0,2020-03-09,-2093.87
2020-03-16,2020-03-16 09:45:00-04:00,2020-03-16 09:46:00-04:00,long,7148.930845396486,7058.930845396486,SL,-90.0,2020-03-12,-2183.87
2020-03-17,2020-03-17 09:31:00-04:00,2020-03-17 09:40:00-04:00,long,7148.930845396486,7058.930845396486,SL,-90.0,2020-03-12,-2273.87
2020-03-18,2020-03-18 09:34:00-04:00,2020-03-18 11:05:00-04:00,long,7148.930845396486,7148.930845396486,BE,0.0,2020-03-12,-2273.87
2020-03-19,2020-03-19 09:31:00-04:00,2020-03-19 09:39:00-04:00,long,7148.930845396486,7058.930845396486,SL,-90.0,2020-03-12,-2363.87
2020-03-23,2020-03-23 09:31:00-04:00,2020-03-23 11:03:00-04:00,long,6909.848085171,6909.848085171,BE,0.0,2020-03-16,-2363.87
2020-03-25,2020-03-25 09:31:00-04:00,2020-03-25 09:34:00-04:00,short,7511.458736501807,7601.458736501807,SL,-90.0,2020-03-18,-2453.87
2020-03-26,2020-03-26 09:33:00-04:00,2020-03-26 10:06:00-04:00,short,7562.472908087322,7652.472908087322,SL,-90.0,2020-03-17,-2543.87
2020-03-27,2020-03-27 09:32:00-04:00,2020-03-27 11:09:00-04:00,short,7668.104140993251,7668.104140993251,BE,0.0,2020-03-19,-2543.87
2020-03-30,2020-03-30 09:31:00-04:00,2020-03-30 10:35:00-04:00,short,7684.401914829,7774.401914829,SL,-90.0,2020-03-16,-2633.87
2020-03-31,2020-03-31 09:50:00-04:00,2020-03-31 10:11:00-04:00,short,7817.194154603514,7907.194154603514,SL,-90.0,2020-03-12,-2723.87
2020-04-01,2020-04-01 09:31:00-04:00,2020-04-01 12:02:00-04:00,long,7578.254553993011,7578.254553993011,BE,0.0,2020-03-31,-2723.87
2020-04-02,2020-04-02 09:34:00-04:00,2020-04-02 10:19:00-04:00,short,7511.458736501807,7511.458736501807,BE,0.0,2020-03-18,-2723.87
2020-04-02,2020-04-02 10:31:00-04:00,2020-04-02 15:00:00-04:00,short,7562.472908087322,7542.0,cutoff,20.47,2020-03-17,-2703.4
2020-04-03,2020-04-03 09:32:00-04:00,2020-04-03 10:17:00-04:00,long,7595.5999259774835,7595.5999259774835,BE,0.0,2020-03-09,-2703.4
2020-04-03,2020-04-03 10:19:00-04:00,2020-04-03 12:08:00-04:00,long,7578.254553993011,7488.254553993011,SL,-90.0,2020-03-31,-2793.4
2020-04-06,2020-04-06 09:34:00-04:00,2020-04-06 10:20:00-04:00,short,7776.1441766463295,7866.1441766463295,SL,-90.0,2020-04-01,-2883.4
2020-04-07,2020-04-07 10:17:00-04:00,2020-04-07 11:28:00-04:00,short,8151.870446006989,8151.870446006989,BE,0.0,2020-03-31,-2883.4
2020-04-08,2020-04-08 09:31:00-04:00,2020-04-08 11:20:00-04:00,short,8151.870446006989,8151.870446006989,BE,0.0,2020-03-31,-2883.4
2020-04-09,2020-04-09 09:43:00-04:00,2020-04-09 15:00:00-04:00,short,8316.921889912834,8178.75,cutoff,138.17,2020-04-08,-2745.23
2020-04-14,2020-04-14 09:34:00-04:00,2020-04-14 10:16:00-04:00,short,8503.366634118818,8593.366634118818,SL,-90.0,2020-04-07,-2835.23
2020-04-15,2020-04-15 09:45:00-04:00,2020-04-15 13:18:00-04:00,short,8503.366634118818,8593.366634118818,SL,-90.0,2020-04-07,-2925.23
2020-04-16,2020-04-16 10:58:00-04:00,2020-04-16 15:00:00-04:00,short,8708.551354323605,8700.75,cutoff,7.8,2020-04-15,-2917.43
2020-04-17,2020-04-17 10:49:00-04:00,2020-04-17 11:40:00-04:00,short,8747.26428880827,8747.26428880827,BE,0.0,2020-04-14,-2917.43
2020-04-20,2020-04-20 09:31:00-04:00,2020-04-20 11:06:00-04:00,short,8747.26428880827,8837.26428880827,SL,-90.0,2020-04-14,-3007.43
2020-04-21,2020-04-21 09:33:00-04:00,2020-04-21 09:45:00-04:00,long,8627.887119112991,8537.887119112991,SL,-90.0,2020-04-17,-3097.43
2020-04-22,2020-04-22 09:41:00-04:00,2020-04-22 10:27:00-04:00,long,8582.137175759435,8582.137175759435,BE,0.0,2020-04-20,-3097.43
2020-04-23,2020-04-23 09:33:00-04:00,2020-04-23 15:00:00-04:00,short,8708.551354323605,8700.5,cutoff,8.05,2020-04-15,-3089.38
2020-04-24,2020-04-24 09:34:00-04:00,2020-04-24 11:02:00-04:00,long,8627.887119112991,8627.887119112991,BE,0.0,2020-04-17,-3089.38
2020-04-27,2020-04-27 09:40:00-04:00,2020-04-27 15:00:00-04:00,short,8842.999663098304,8824.25,cutoff,18.75,2020-04-21,-3070.63
2020-04-28,2020-04-28 09:38:00-04:00,2020-04-28 15:00:00-04:00,short,8865.073814760846,8722.5,cutoff,142.57,2020-04-16,-2928.06
2020-04-29,2020-04-29 09:34:00-04:00,2020-04-29 10:30:00-04:00,short,8842.999663098304,8932.999663098304,SL,-90.0,2020-04-21,-3018.06
2020-04-30,2020-04-30 09:57:00-04:00,2020-04-30 15:00:00-04:00,short,9007.919103666587,8922.25,cutoff,85.67,2020-04-27,-2932.39
2020-05-01,2020-05-01 09:32:00-04:00,2020-05-01 15:00:00-04:00,short,8823.787808365498,8725.75,cutoff,98.04,2020-04-24,-2834.35
2020-05-04,2020-05-04 09:31:00-04:00,2020-05-04 15:00:00-04:00,long,8664.168440473153,8775.5,cutoff,111.33,2020-04-29,-2723.02
2020-05-05,2020-05-05 09:32:00-04:00,2020-05-05 14:19:00-04:00,short,8919.612824240565,9009.612824240565,SL,-90.0,2020-04-20,-2813.02
2020-05-06,2020-05-06 09:31:00-04:00,2020-05-06 10:27:00-04:00,short,8990.858694596722,8990.858694596722,BE,0.0,2020-05-01,-2813.02
2020-05-06,2020-05-06 10:35:00-04:00,2020-05-06 15:00:00-04:00,short,9007.919103666587,9017.0,cutoff,-9.08,2020-04-27,-2822.1
2020-05-07,2020-05-07 09:32:00-04:00,2020-05-07 11:43:00-04:00,short,9089.472760753619,9089.472760753619,BE,0.0,2020-04-28,-2822.1
2020-05-08,2020-05-08 09:51:00-04:00,2020-05-08 15:00:00-04:00,short,9157.354943061793,9185.0,cutoff,-27.65,2020-04-30,-2849.75
2020-05-11,2020-05-11 09:31:00-04:00,2020-05-11 10:46:00-04:00,short,9157.354943061793,9247.354943061793,SL,-90.0,2020-04-30,-2939.75
2020-05-12,2020-05-12 09:54:00-04:00,2020-05-12 15:00:00-04:00,short,9243.358037197813,9272.75,cutoff,-29.39,2020-05-07,-2969.14
2020-05-13,2020-05-13 09:32:00-04:00,2020-05-13 09:37:00-04:00,long,9133.997746364592,9043.997746364592,SL,-90.0,2020-05-12,-3059.14
2020-05-14,2020-05-14 09:44:00-04:00,2020-05-14 15:00:00-04:00,long,8918.141962802187,8985.25,cutoff,67.11,2020-05-07,-2992.03
2020-05-15,2020-05-15 09:32:00-04:00,2020-05-15 13:06:00-04:00,short,8990.858694596722,9080.858694596722,SL,-90.0,2020-05-01,-3082.03
2020-05-18,2020-05-18 10:40:00-04:00,2020-05-18 15:00:00-04:00,short,9313.583457105504,9325.25,cutoff,-11.67,2020-05-08,-3093.7
2020-05-19,2020-05-19 09:31:00-04:00,2020-05-19 15:00:00-04:00,short,9331.220279581725,9352.25,cutoff,-21.03,2020-05-13,-3114.73
2020-05-20,2020-05-20 09:31:00-04:00,2020-05-20 15:00:00-04:00,short,9425.837628444118,9475.75,cutoff,-49.91,2020-05-18,-3164.64
2020-05-21,2020-05-21 09:32:00-04:00,2020-05-21 15:00:00-04:00,short,9477.127253635408,9384.5,cutoff,92.63,2020-05-12,-3072.01
2020-05-22,2020-05-22 09:40:00-04:00,2020-05-22 15:00:00-04:00,short,9331.220279581725,9403.0,cutoff,-71.78,2020-05-13,-3143.79
2020-05-26,2020-05-26 09:51:00-04:00,2020-05-26 15:00:00-04:00,short,9515.473595904761,9448.75,cutoff,66.72,2020-05-22,-3077.07
2020-05-27,2020-05-27 09:36:00-04:00,2020-05-27 14:00:00-04:00,short,9345.592256990116,9345.592256990116,BE,0.0,2020-05-11,-3077.07
2020-05-28,2020-05-28 09:36:00-04:00,2020-05-28 11:59:00-04:00,short,9425.837628444118,9515.837628444118,SL,-90.0,2020-05-18,-3167.07
2020-05-29,2020-05-29 09:47:00-04:00,2020-05-29 14:09:00-04:00,short,9477.127253635408,9477.127253635408,BE,0.0,2020-05-12,-3167.07
2020-06-01,2020-06-01 09:31:00-04:00,2020-06-01 13:38:00-04:00,short,9515.473595904761,9605.473595904761,SL,-90.0,2020-05-22,-3257.07
2020-06-02,2020-06-02 09:49:00-04:00,2020-06-02 15:00:00-04:00,short,9570.428051686125,9606.25,cutoff,-35.82,2020-05-28,-3292.89
2020-06-03,2020-06-03 09:33:00-04:00,2020-06-03 10:18:00-04:00,short,9681.300958053465,9681.300958053465,BE,0.0,2020-06-01,-3292.89
2020-06-04,2020-06-04 09:31:00-04:00,2020-06-04 15:00:00-04:00,short,9681.300958053465,9595.5,cutoff,85.8,2020-06-01,-3207.09
2020-06-05,2020-06-05 09:34:00-04:00,2020-06-05 09:45:00-04:00,short,9681.300958053465,9771.300958053465,SL,-90.0,2020-06-01,-3297.09
2020-06-08,2020-06-08 09:33:00-04:00,2020-06-08 10:50:00-04:00,short,9806.712435909762,9806.712435909762,BE,0.0,2020-06-03,-3297.09
2020-06-09,2020-06-09 09:31:00-04:00,2020-06-09 10:16:00-04:00,short,9876.439724086249,9876.439724086249,BE,0.0,2020-06-05,-3297.09
2020-06-09,2020-06-09 10:45:00-04:00,2020-06-09 15:00:00-04:00,short,9943.600120332674,9985.25,cutoff,-41.65,2020-06-08,-3338.74
2020-06-11,2020-06-11 09:32:00-04:00,2020-06-11 12:56:00-04:00,short,9943.600120332674,9739.5,TP,204.1,2020-06-08,-3134.64
2020-06-12,2020-06-12 09:31:00-04:00,2020-06-12 11:04:00-04:00,short,9806.712435909762,9617.25,TP,189.46,2020-06-03,-2945.18
2020-06-15,2020-06-15 09:33:00-04:00,2020-06-15 10:05:00-04:00,short,9515.473595904761,9605.473595904761,SL,-90.0,2020-05-22,-3035.18
2020-06-16,2020-06-16 10:18:00-04:00,2020-06-16 11:00:00-04:00,short,9998.480141994416,9818.25,TP,180.23,2020-06-12,-2854.95
2020-06-17,2020-06-17 09:33:00-04:00,2020-06-17 10:53:00-04:00,short,9998.480141994416,9998.480141994416,BE,0.0,2020-06-12,-2854.95
2020-06-17,2020-06-17 10:55:00-04:00,2020-06-17 11:59:00-04:00,short,10005.261489168231,10005.261489168231,BE,0.0,2020-06-09,-2854.95
2020-06-18,2020-06-18 10:34:00-04:00,2020-06-18 15:00:00-04:00,short,9943.600120332674,9950.0,cutoff,-6.4,2020-06-08,-2861.35
2020-06-19,2020-06-19 09:32:00-04:00,2020-06-19 15:00:00-04:00,short,10095.593960731061,9983.75,cutoff,111.84,2020-06-11,-2749.51
2020-06-22,2020-06-22 09:31:00-04:00,2020-06-22 12:46:00-04:00,short,10005.261489168231,10095.261489168231,SL,-90.0,2020-06-09,-2839.51
2020-06-23,2020-06-23 09:36:00-04:00,2020-06-23 12:00:00-04:00,short,10174.123908644677,10264.123908644677,SL,-90.0,2020-06-22,-2929.51
2020-06-24,2020-06-24 09:31:00-04:00,2020-06-24 11:46:00-04:00,short,10182.93066509671,9963.75,TP,219.18,2020-06-10,-2710.33
2020-06-25,2020-06-25 09:33:00-04:00,2020-06-25 10:28:00-04:00,short,10005.261489168231,10005.261489168231,BE,0.0,2020-06-09,-2710.33
2020-06-25,2020-06-25 10:30:00-04:00,2020-06-25 11:18:00-04:00,short,9998.480141994416,9998.480141994416,BE,0.0,2020-06-12,-2710.33
2020-06-26,2020-06-26 09:40:00-04:00,2020-06-26 10:16:00-04:00,long,10028.20739703227,9938.20739703227,SL,-90.0,2020-06-23,-2800.33
2020-06-29,2020-06-29 09:31:00-04:00,2020-06-29 09:46:00-04:00,long,9831.876091355323,9741.876091355323,SL,-90.0,2020-06-22,-2890.33
2020-07-01,2020-07-01 09:31:00-04:00,2020-07-01 12:32:00-04:00,short,10164.240165724947,10254.240165724947,SL,-90.0,2020-06-17,-2980.33
2020-07-02,2020-07-02 09:31:00-04:00,2020-07-02 15:00:00-04:00,short,10378.76301438694,10399.5,cutoff,-20.74,2020-06-24,-3001.07
2020-07-03,2020-07-03 10:25:00-04:00,2020-07-03 12:22:00-04:00,short,10344.29260296773,10344.29260296773,BE,0.0,2020-06-23,-3001.07
2020-07-06,2020-07-06 10:00:00-04:00,2020-07-06 15:00:00-04:00,short,10530.716111433376,10553.75,cutoff,-23.03,2020-07-02,-3024.1
2020-07-07,2020-07-07 10:12:00-04:00,2020-07-07 15:00:00-04:00,short,10645.149837633802,10586.75,cutoff,58.4,2020-07-06,-2965.7
2020-07-09,2020-07-09 10:50:00-04:00,2020-07-09 12:04:00-04:00,short,10645.149837633802,10645.149837633802,BE,0.0,2020-07-06,-2965.7
2020-07-10,2020-07-10 10:01:00-04:00,2020-07-10 11:26:00-04:00,short,10645.149837633802,10735.149837633802,SL,-90.0,2020-07-06,-3055.7
2020-07-14,2020-07-14 09:31:00-04:00,2020-07-14 09:53:00-04:00,long,10495.390551888184,10405.390551888184,SL,-90.0,2020-07-10,-3145.7
2020-07-15,2020-07-15 09:44:00-04:00,2020-07-15 12:05:00-04:00,short,10760.297956841667,10574.75,TP,185.55,2020-07-08,-2960.15
2020-07-16,2020-07-16 09:34:00-04:00,2020-07-16 15:00:00-04:00,long,10556.529124282211,10573.0,cutoff,16.47,2020-07-09,-2943.68
2020-07-17,2020-07-17 09:32:00-04:00,2020-07-17 14:16:00-04:00,short,10645.149837633802,10645.149837633802,BE,0.0,2020-07-06,-2943.68
2020-07-20,2020-07-20 09:45:00-04:00,2020-07-20 10:15:00-04:00,short,10645.149837633802,10735.149837633802,SL,-90.0,2020-07-06,-3033.68
2020-07-21,2020-07-21 09:41:00-04:00,2020-07-21 15:00:00-04:00,short,10908.882006067528,10900.25,cutoff,8.63,2020-07-20,-3025.05
2020-07-22,2020-07-22 09:31:00-04:00,2020-07-22 15:00:00-04:00,short,10835.830557059622,10817.0,cutoff,18.83,2020-07-14,-3006.22
2020-07-23,2020-07-23 09:31:00-04:00,2020-07-23 10:36:00-04:00,short,10831.229683998485,10831.229683998485,BE,0.0,2020-07-17,-3006.22
2020-07-23,2020-07-23 10:40:00-04:00,2020-07-23 13:48:00-04:00,short,10835.830557059622,10611.5,TP,224.33,2020-07-14,-2781.89
2020-07-24,2020-07-24 09:32:00-04:00,2020-07-24 09:40:00-04:00,long,10402.458341307061,10312.458341307061,SL,-90.0,2020-07-07,-2871.89
2020-07-27,2020-07-27 09:32:00-04:00,2020-07-27 09:50:00-04:00,short,10530.716111433376,10620.716111433376,SL,-90.0,2020-07-02,-2961.89
2020-07-28,2020-07-28 09:31:00-04:00,2020-07-28 11:39:00-04:00,short,10637.79850387766,10637.79850387766,BE,0.0,2020-07-24,-2961.89
2020-07-29,2020-07-29 10:37:00-04:00,2020-07-29 11:28:00-04:00,short,10637.79850387766,10637.79850387766,BE,0.0,2020-07-24,-2961.89
2020-07-30,2020-07-30 09:55:00-04:00,2020-07-30 10:52:00-04:00,long,10556.529124282211,10556.529124282211,BE,0.0,2020-07-09,-2961.89
2020-07-31,2020-07-31 09:35:00-04:00,2020-07-31 15:00:00-04:00,short,10835.830557059622,10800.25,cutoff,35.58,2020-07-14,-2926.31
2020-08-03,2020-08-03 09:33:00-04:00,2020-08-03 15:00:00-04:00,short,11023.64486768893,11061.25,cutoff,-37.61,2020-07-22,-2963.92
2020-08-04,2020-08-04 09:38:00-04:00,2020-08-04 15:00:00-04:00,short,11022.153653034926,11026.5,cutoff,-4.35,2020-07-23,-2968.27
2020-08-05,2020-08-05 09:51:00-04:00,2020-08-05 15:00:00-04:00,short,11106.176913153135,11109.25,cutoff,-3.07,2020-07-31,-2971.34
2020-08-06,2020-08-06 09:35:00-04:00,2020-08-06 13:51:00-04:00,short,11106.176913153135,11196.176913153135,SL,-90.0,2020-07-31,-3061.34
2020-08-07,2020-08-07 10:52:00-04:00,2020-08-07 14:32:00-04:00,short,11257.399972883184,11057.75,TP,199.65,2020-08-05,-2861.69
2020-08-10,2020-08-10 09:53:00-04:00,2020-08-10 15:00:00-04:00,short,11106.176913153135,11081.75,cutoff,24.43,2020-07-31,-2837.26
2020-08-11,2020-08-11 09:45:00-04:00,2020-08-11 11:02:00-04:00,short,11023.64486768893,11023.64486768893,BE,0.0,2020-07-22,-2837.26
2020-08-12,2020-08-12 09:48:00-04:00,2020-08-12 10:56:00-04:00,short,11023.64486768893,11113.64486768893,SL,-90.0,2020-07-22,-2927.26
2020-08-13,2020-08-13 09:31:00-04:00,2020-08-13 15:00:00-04:00,short,11180.134608496011,11151.75,cutoff,28.38,2020-07-21,-2898.88
2020-08-14,2020-08-14 09:31:00-04:00,2020-08-14 15:00:00-04:00,short,11197.561633940055,11146.25,cutoff,51.31,2020-08-04,-2847.57
2020-08-17,2020-08-17 09:31:00-04:00,2020-08-17 15:00:00-04:00,short,11226.37510379692,11292.5,cutoff,-66.12,2020-08-12,-2913.69
2020-08-18,2020-08-18 09:35:00-04:00,2020-08-18 11:09:00-04:00,short,11353.428427392624,11353.428427392624,BE,0.0,2020-08-13,-2913.69
2020-08-19,2020-08-19 09:34:00-04:00,2020-08-19 10:24:00-04:00,short,11393.494372271074,11393.494372271074,BE,0.0,2020-08-17,-2913.69
2020-08-20,2020-08-20 09:35:00-04:00,2020-08-20 10:58:00-04:00,short,11308.249889090679,11398.249889090679,SL,-90.0,2020-08-10,-3003.69
2020-08-21,2020-08-21 09:45:00-04:00,2020-08-21 15:00:00-04:00,short,11503.059627482893,11554.5,cutoff,-51.44,2020-08-20,-3055.13
2020-08-24,2020-08-24 09:58:00-04:00,2020-08-24 15:00:00-04:00,short,11657.182826359074,11570.25,cutoff,86.93,2020-08-21,-2968.2
2020-08-26,2020-08-26 09:34:00-04:00,2020-08-26 11:30:00-04:00,short,11773.882955083516,11863.882955083516,SL,-90.0,2020-08-25,-3058.2
2020-08-27,2020-08-27 09:40:00-04:00,2020-08-27 11:02:00-04:00,short,11933.125742119906,12023.125742119906,SL,-90.0,2020-08-26,-3148.2
2020-09-01,2020-09-01 09:32:00-04:00,2020-09-01 10:27:00-04:00,short,12175.52827197218,12265.52827197218,SL,-90.0,2020-08-28,-3238.2
2020-09-03,2020-09-03 09:38:00-04:00,2020-09-03 10:38:00-04:00,short,12206.825693556519,12022.75,TP,184.08,2020-08-27,-3054.12
2020-09-03,2020-09-03 10:46:00-04:00,2020-09-03 11:18:00-04:00,long,11938.563043583583,11848.563043583583,SL,-90.0,2020-09-01,-3144.12
2020-09-04,2020-09-04 09:31:00-04:00,2020-09-04 09:53:00-04:00,short,11773.882955083516,11584.75,TP,189.13,2020-08-25,-2954.99
2020-09-04,2020-09-04 09:55:00-04:00,2020-09-04 10:32:00-04:00,short,11549.90659303957,11366.25,TP,183.66,2020-08-19,-2771.33
2020-09-04,2020-09-04 10:33:00-04:00,2020-09-04 10:43:00-04:00,short,11353.428427392624,11164.75,TP,188.68,2020-08-13,-2582.65
2020-09-04,2020-09-04 10:45:00-04:00,2020-09-04 10:54:00-04:00,short,11198.889330594502,11288.889330594502,SL,-90.0,2020-08-11,-2672.65
2020-09-07,2020-09-07 09:56:00-04:00,2020-09-07 12:59:00-04:00,long,11457.682293514365,11501.25,cutoff,43.57,2020-08-24,-2629.08
2020-09-08,2020-09-08 09:31:00-04:00,2020-09-08 10:08:00-04:00,short,11226.37510379692,11316.37510379692,SL,-90.0,2020-08-12,-2719.08
2020-09-09,2020-09-09 09:33:00-04:00,2020-09-09 10:20:00-04:00,long,11253.833137562138,11253.833137562138,BE,0.0,2020-09-07,-2719.08
2020-09-09,2020-09-09 10:28:00-04:00,2020-09-09 11:15:00-04:00,short,11353.428427392624,11353.428427392624,BE,0.0,2020-08-13,-2719.08
2020-09-10,2020-09-10 09:31:00-04:00,2020-09-10 14:15:00-04:00,short,11503.059627482893,11294.0,TP,209.06,2020-08-20,-2510.02
2020-09-11,2020-09-11 09:31:00-04:00,2020-09-11 09:56:00-04:00,long,11253.833137562138,11163.833137562138,SL,-90.0,2020-09-07,-2600.02
2020-09-14,2020-09-14 09:33:00-04:00,2020-09-14 13:16:00-04:00,long,11216.34340696043,11216.34340696043,BE,0.0,2020-08-19,-2600.02
2020-09-15,2020-09-15 09:38:00-04:00,2020-09-15 15:00:00-04:00,long,11427.367044916484,11441.25,cutoff,13.88,2020-08-25,-2586.14
2020-09-16,2020-09-16 09:32:00-04:00,2020-09-16 10:38:00-04:00,long,11457.682293514365,11367.682293514365,SL,-90.0,2020-08-24,-2676.14
2020-09-17,2020-09-17 09:32:00-04:00,2020-09-17 12:09:00-04:00,long,10986.003952631198,10986.003952631198,BE,0.0,2020-09-09,-2676.14
2020-09-18,2020-09-18 09:31:00-04:00,2020-09-18 10:31:00-04:00,long,11108.132855575252,11018.132855575252,SL,-90.0,2020-09-04,-2766.14
2020-09-21,2020-09-21 09:38:00-04:00,2020-09-21 10:25:00-04:00,long,10727.425618727215,10727.425618727215,BE,0.0,2020-09-17,-2766.14
2020-09-22,2020-09-22 09:42:00-04:00,2020-09-22 13:53:00-04:00,short,11009.021196622394,11099.021196622394,SL,-90.0,2020-09-21,-2856.14
2020-09-23,2020-09-23 09:36:00-04:00,2020-09-23 11:46:00-04:00,long,11108.132855575252,11018.132855575252,SL,-90.0,2020-09-04,-2946.14
2020-09-24,2020-09-24 09:34:00-04:00,2020-09-24 10:17:00-04:00,long,10727.425618727215,10914.5,TP,187.07,2020-09-17,-2759.07
2020-09-24,2020-09-24 10:18:00-04:00,2020-09-24 10:30:00-04:00,long,10928.374158194558,10838.374158194558,SL,-90.0,2020-09-11,-2849.07
2020-09-25,2020-09-25 09:31:00-04:00,2020-09-25 14:31:00-04:00,long,10889.008297915436,11074.0,TP,184.99,2020-09-23,-2664.08
2020-09-28,2020-09-28 09:41:00-04:00,2020-09-28 13:40:00-04:00,short,11326.604011271396,11326.604011271396,BE,0.0,2020-09-18,-2664.08
2020-09-29,2020-09-29 09:34:00-04:00,2020-09-29 15:00:00-04:00,short,11360.491702084564,11345.25,cutoff,15.24,2020-09-23,-2648.84
2020-09-30,2020-09-30 09:32:00-04:00,2020-09-30 10:21:00-04:00,short,11360.491702084564,11450.491702084564,SL,-90.0,2020-09-23,-2738.84
2020-10-01,2020-10-01 09:48:00-04:00,2020-10-01 10:35:00-04:00,short,11532.33747309487,11532.33747309487,BE,0.0,2020-09-28,-2738.84
2020-10-01,2020-10-01 10:37:00-04:00,2020-10-01 11:27:00-04:00,short,11533.578562867373,11533.578562867373,BE,0.0,2020-09-29,-2738.84
2020-10-02,2020-10-02 09:31:00-04:00,2020-10-02 10:10:00-04:00,short,11360.491702084564,11450.491702084564,SL,-90.0,2020-09-23,-2828.84
2020-10-05,2020-10-05 09:35:00-04:00,2020-10-05 15:00:00-04:00,long,11332.60493006846,11463.0,cutoff,130.4,2020-10-01,-2698.44
2020-10-08,2020-10-08 09:32:00-04:00,2020-10-08 15:00:00-04:00,short,11565.107239575818,11534.0,cutoff,31.11,2020-10-05,-2667.33
2020-10-09,2020-10-09 09:32:00-04:00,2020-10-09 11:50:00-04:00,short,11596.252640737981,11686.252640737981,SL,-90.0,2020-10-07,-2757.33
2020-10-13,2020-10-13 09:33:00-04:00,2020-10-13 10:23:00-04:00,short,12105.637823000776,12105.637823000776,BE,0.0,2020-10-12,-2757.33
2020-10-14,2020-10-14 09:36:00-04:00,2020-10-14 12:26:00-04:00,short,12105.637823000776,11923.25,TP,182.39,2020-10-12,-2574.94
2020-10-15,2020-10-15 09:31:00-04:00,2020-10-15 15:00:00-04:00,short,11794.396357206313,11850.25,cutoff,-55.85,2020-10-09,-2630.79
2020-10-19,2020-10-19 09:55:00-04:00,2020-10-19 10:36:00-04:00,long,11886.27611815851,11796.27611815851,SL,-90.0,2020-10-13,-2720.79
2020-10-20,2020-10-20 09:37:00-04:00,2020-10-20 10:55:00-04:00,long,11639.793848318743,11639.793848318743,BE,0.0,2020-10-19,-2720.79
2020-10-21,2020-10-21 09:48:00-04:00,2020-10-21 14:56:00-04:00,short,11749.39506993154,11749.39506993154,BE,0.0,2020-10-01,-2720.79
2020-10-22,2020-10-22 09:32:00-04:00,2020-10-22 10:20:00-04:00,long,11712.862176999224,11622.862176999224,SL,-90.0,2020-10-12,-2810.79
2020-10-23,2020-10-23 09:33:00-04:00,2020-10-23 15:00:00-04:00,long,11639.793848318743,11621.5,cutoff,-18.29,2020-10-19,-2829.08
2020-10-26,2020-10-26 09:31:00-04:00,2020-10-26 10:02:00-04:00,short,11596.252640737981,11686.252640737981,SL,-90.0,2020-10-07,-2919.08
2020-10-27,2020-10-27 09:45:00-04:00,2020-10-27 10:48:00-04:00,short,11565.107239575818,11565.107239575818,BE,0.0,2020-10-05,-2919.08
2020-10-27,2020-10-27 10:53:00-04:00,2020-10-27 12:30:00-04:00,long,11559.063209803786,11559.063209803786,BE,0.0,2020-10-15,-2919.08
2020-10-28,2020-10-28 09:31:00-04:00,2020-10-28 09:50:00-04:00,long,11408.97091315812,11318.97091315812,SL,-90.0,2020-10-22,-3009.08
2020-10-29,2020-10-29 09:39:00-04:00,2020-10-29 14:37:00-04:00,long,11190.997359262019,11435.75,TP,244.75,2020-10-07,-2764.33
2020-10-30,2020-10-30 09:34:00-04:00,2020-10-30 09:48:00-04:00,long,11247.116288424255,11157.116288424255,SL,-90.0,2020-10-06,-2854.33
2020-11-02,2020-11-02 09:53:00-05:00,2020-11-02 11:12:00-05:00,long,11190.997359262019,11100.997359262019,SL,-90.0,2020-10-07,-2944.33
2020-11-03,2020-11-03 09:55:00-05:00,2020-11-03 15:00:00-05:00,long,11190.997359262019,11273.75,cutoff,82.75,2020-10-07,-2861.58
2020-11-04,2020-11-04 09:33:00-05:00,2020-11-04 10:17:00-05:00,short,11667.350479194514,11757.350479194514,SL,-90.0,2020-10-28,-2951.58
2020-11-05,2020-11-05 09:33:00-05:00,2020-11-05 09:51:00-05:00,short,11991.199723329857,12081.199723329857,SL,-90.0,2020-11-04,-3041.58
2020-11-06,2020-11-06 09:33:00-05:00,2020-11-06 10:27:00-05:00,short,11991.199723329857,11991.199723329857,BE,0.0,2020-11-04,-3041.58
2020-11-09,2020-11-09 09:31:00-05:00,2020-11-09 14:30:00-05:00,short,12186.030810509164,11999.75,TP,186.28,2020-10-16,-2855.3
2020-11-10,2020-11-10 09:32:00-05:00,2020-11-10 09:40:00-05:00,long,11736.362818279254,11646.362818279254,SL,-90.0,2020-11-06,-2945.3
2020-11-11,2020-11-11 09:36:00-05:00,2020-11-11 15:00:00-05:00,long,11749.344189490836,11844.0,cutoff,94.66,2020-10-16,-2850.64
2020-11-12,2020-11-12 09:31:00-05:00,2020-11-12 15:00:00-05:00,short,11926.02908684188,11804.25,cutoff,121.78,2020-10-22,-2728.86
2020-11-13,2020-11-13 09:31:00-05:00,2020-11-13 14:58:00-05:00,short,11904.375147228217,11904.375147228217,BE,0.0,2020-10-20,-2728.86
2020-11-16,2020-11-16 09:32:00-05:00,2020-11-16 10:23:00-05:00,short,11904.375147228217,11994.375147228217,SL,-90.0,2020-10-20,-2818.86
2020-11-17,2020-11-17 09:46:00-05:00,2020-11-17 15:00:00-05:00,short,11991.199723329857,12012.0,cutoff,-20.8,2020-11-04,-2839.66
2020-11-18,2020-11-18 09:39:00-05:00,2020-11-18 11:14:00-05:00,short,11982.847299040208,11982.847299040208,BE,0.0,2020-11-11,-2839.66
2020-11-19,2020-11-19 09:32:00-05:00,2020-11-19 13:52:00-05:00,short,11875.730155823774,11965.730155823774,SL,-90.0,2020-10-23,-2929.66
2020-11-20,2020-11-20 09:50:00-05:00,2020-11-20 15:00:00-05:00,short,11982.847299040208,11980.0,cutoff,2.85,2020-11-11,-2926.81
2020-11-23,2020-11-23 09:45:00-05:00,2020-11-23 15:00:00-05:00,short,11991.199723329857,11918.0,cutoff,73.2,2020-11-04,-2853.61
2020-11-24,2020-11-24 09:33:00-05:00,2020-11-24 10:38:00-05:00,short,11943.547030998563,11943.547030998563,BE,0.0,2020-11-10,-2853.61
2020-11-24,2020-11-24 10:51:00-05:00,2020-11-24 13:40:00-05:00,short,11982.847299040208,12072.847299040208,SL,-90.0,2020-11-11,-2943.61
2020-11-25,2020-11-25 09:32:00-05:00,2020-11-25 10:51:00-05:00,short,12119.74645437204,12119.74645437204,BE,0.0,2020-11-20,-2943.61
2020-11-25,2020-11-25 10:58:00-05:00,2020-11-25 12:14:00-05:00,short,12109.372943648514,12109.372943648514,BE,0.0,2020-11-12,-2943.61
2020-11-26,2020-11-26 10:14:00-05:00,2020-11-26 12:59:00-05:00,short,12188.735131210404,12153.75,cutoff,34.99,2020-11-17,-2908.62
2020-11-27,2020-11-27 10:14:00-05:00,2020-11-27 13:14:00-05:00,short,12264.887181720746,12273.25,cutoff,-8.36,2020-11-06,-2916.98
2020-11-30,2020-11-30 09:36:00-05:00,2020-11-30 14:40:00-05:00,short,12264.887181720746,12264.887181720746,BE,0.0,2020-11-06,-2916.98
2020-12-01,2020-12-01 10:02:00-05:00,2020-12-01 11:05:00-05:00,short,12410.052418330972,12410.052418330972,BE,0.0,2020-11-27,-2916.98
2020-12-02,2020-12-02 09:44:00-05:00,2020-12-02 10:23:00-05:00,short,12329.636626829917,12419.636626829917,SL,-90.0,2020-11-26,-3006.98
2020-12-04,2020-12-04 09:36:00-05:00,2020-12-04 15:00:00-05:00,short,12463.418605308005,12517.75,cutoff,-54.33,2020-11-09,-3061.31
2020-12-07,2020-12-07 09:39:00-05:00,2020-12-07 15:00:00-05:00,short,12567.753382056055,12581.75,cutoff,-14.0,2020-12-01,-3075.31
2020-12-08,2020-12-08 09:31:00-05:00,2020-12-08 11:59:00-05:00,short,12586.464225177839,12586.464225177839,BE,0.0,2020-12-02,-3075.31
2020-12-09,2020-12-09 10:17:00-05:00,2020-12-09 13:56:00-05:00,short,12586.464225177839,12375.25,TP,211.21,2020-12-02,-2864.1
2020-12-10,2020-12-10 09:31:00-05:00,2020-12-10 09:50:00-05:00,short,12270.439816503806,12360.439816503806,SL,-90.0,2020-11-25,-2954.1
2020-12-11,2020-12-11 09:33:00-05:00,2020-12-11 10:51:00-05:00,long,12306.297441328374,12306.297441328374,BE,0.0,2020-12-03,-2954.1
2020-12-14,2020-12-14 09:31:00-05:00,2020-12-14 10:17:00-05:00,short,12447.31473883935,12537.31473883935,SL,-90.0,2020-11-30,-3044.1
2020-12-15,2020-12-15 09:31:00-05:00,2020-12-15 10:21:00-05:00,short,12569.580163178834,12569.580163178834,BE,0.0,2020-12-10,-3044.1
2020-12-16,2020-12-16 09:38:00-05:00,2020-12-16 10:23:00-05:00,short,12586.464225177839,12586.464225177839,BE,0.0,2020-12-02,-3044.1
2020-12-17,2020-12-17 09:32:00-05:00,2020-12-17 15:00:00-05:00,short,12743.687013793919,12729.75,cutoff,13.94,2020-12-08,-3030.16
2020-12-18,2020-12-18 09:45:00-05:00,2020-12-18 15:00:00-05:00,short,12743.687013793919,12663.25,cutoff,80.44,2020-12-08,-2949.72
2020-12-21,2020-12-21 09:49:00-05:00,2020-12-21 10:19:00-05:00,long,12570.712238347565,12480.712238347565,SL,-90.0,2020-12-17,-3039.72
2020-12-22,2020-12-22 09:48:00-05:00,2020-12-22 10:33:00-05:00,short,12722.324964145053,12722.324964145053,BE,0.0,2020-12-07,-3039.72
2020-12-22,2020-12-22 10:34:00-05:00,2020-12-22 15:00:00-05:00,short,12726.133997689696,12697.25,cutoff,28.88,2020-12-15,-3010.84
2020-12-23,2020-12-23 09:48:00-05:00,2020-12-23 15:00:00-05:00,short,12660.327558671626,12701.0,cutoff,-40.67,2020-12-03,-3051.51
2020-12-24,2020-12-24 09:31:00-05:00,2020-12-24 13:14:00-05:00,short,12672.466798747515,12703.0,cutoff,-30.53,2020-12-14,-3082.04
2020-12-28,2020-12-28 09:31:00-05:00,2020-12-28 11:02:00-05:00,short,12816.798684725329,12816.798684725329,BE,0.0,2020-12-21,-3082.04
2020-12-29,2020-12-29 09:33:00-05:00,2020-12-29 15:00:00-05:00,short,12901.412761652435,12844.0,cutoff,57.41,2020-12-17,-3024.63
2020-12-30,2020-12-30 09:31:00-05:00,2020-12-30 15:00:00-05:00,short,12901.412761652435,12848.0,cutoff,53.41,2020-12-17,-2971.22
2021-01-04,2021-01-04 09:34:00-05:00,2021-01-04 11:07:00-05:00,short,12901.412761652435,12713.75,TP,187.66,2020-12-17,-2783.56
2021-01-05,2021-01-05 09:31:00-05:00,2021-01-05 09:53:00-05:00,short,12672.466798747515,12762.466798747515,SL,-90.0,2020-12-14,-2873.56
2021-01-06,2021-01-06 09:33:00-05:00,2021-01-06 11:23:00-05:00,long,12570.712238347565,12761.0,TP,190.29,2020-12-17,-2683.27
2021-01-07,2021-01-07 09:31:00-05:00,2021-01-07 09:56:00-05:00,short,12743.687013793919,12833.687013793919,SL,-90.0,2020-12-08,-2773.27
2021-01-08,2021-01-08 09:31:00-05:00,2021-01-08 15:00:00-05:00,short,13020.927210784295,13042.75,cutoff,-21.82,2021-01-07,-2795.09
2021-01-11,2021-01-11 09:31:00-05:00,2021-01-11 10:16:00-05:00,short,12972.891274962194,12972.891274962194,BE,0.0,2020-12-28,-2795.09
2021-01-12,2021-01-12 09:31:00-05:00,2021-01-12 11:15:00-05:00,short,12918.69840014535,12918.69840014535,BE,0.0,2021-01-05,-2795.09
2021-01-13,2021-01-13 09:33:00-05:00,2021-01-13 11:43:00-05:00,short,12901.412761652435,12991.412761652435,SL,-90.0,2020-12-17,-2885.09
2021-01-14,2021-01-14 10:45:00-05:00,2021-01-14 15:00:00-05:00,short,13020.927210784295,12949.0,cutoff,71.93,2021-01-07,-2813.16
2021-01-15,2021-01-15 09:31:00-05:00,2021-01-15 15:00:00-05:00,short,12901.412761652435,12829.75,cutoff,71.66,2020-12-17,-2741.5
2021-01-18,2021-01-18 10:01:00-05:00,2021-01-18 12:59:00-05:00,long,12812.15602345845,12814.0,cutoff,1.84,2021-01-08,-2739.66
2021-01-19,2021-01-19 09:32:00-05:00,2021-01-19 13:54:00-05:00,short,12900.844260317794,12990.844260317794,SL,-90.0,2020-12-22,-2829.66
2021-01-20,2021-01-20 09:31:00-05:00,2021-01-20 10:10:00-05:00,short,13129.140117721747,13219.140117721747,SL,-90.0,2021-01-15,-2919.66
2021-01-21,2021-01-21 10:17:00-05:00,2021-01-21 15:00:00-05:00,short,13373.571867454353,13405.25,cutoff,-31.68,2021-01-20,-2951.34
2021-01-22,2021-01-22 09:46:00-05:00,2021-01-22 11:52:00-05:00,short,13373.571867454353,13373.571867454353,BE,0.0,2021-01-20,-2951.34
2021-01-25,2021-01-25 09:34:00-05:00,2021-01-25 10:19:00-05:00,short,13530.829602947819,13530.829602947819,BE,0.0,2021-01-21,-2951.34
2021-01-25,2021-01-25 11:00:00-05:00,2021-01-25 15:00:00-05:00,short,13373.571867454353,13436.5,cutoff,-62.93,2021-01-20,-3014.27
2021-01-27,2021-01-27 09:32:00-05:00,2021-01-27 09:50:00-05:00,long,13281.87280141763,13191.87280141763,SL,-90.0,2021-01-26,-3104.27
2021-01-28,2021-01-28 09:33:00-05:00,2021-01-28 10:15:00-05:00,short,13161.060130644688,13251.060130644688,SL,-90.0,2021-01-11,-3194.27
2021-01-29,2021-01-29 09:32:00-05:00,2021-01-29 10:17:00-05:00,short,13106.257554902917,13106.257554902917,BE,0.0,2021-01-04,-3194.27
2021-01-29,2021-01-29 10:20:00-05:00,2021-01-29 12:40:00-05:00,short,13108.910184604236,12910.25,TP,198.66,2021-01-12,-2995.61
2021-02-01,2021-02-01 09:33:00-05:00,2021-02-01 10:28:00-05:00,short,13085.890264484906,13085.890264484906,BE,0.0,2021-01-13,-2995.61
2021-02-01,2021-02-01 10:41:00-05:00,2021-02-01 11:34:00-05:00,short,13081.986247428205,13171.986247428205,SL,-90.0,2021-01-19,-3085.61
2021-02-02,2021-02-02 09:32:00-05:00,2021-02-02 12:12:00-05:00,short,13373.571867454353,13463.571867454353,SL,-90.0,2021-01-20,-3175.61
2021-02-03,2021-02-03 09:33:00-05:00,2021-02-03 12:40:00-05:00,short,13481.905753848854,13481.905753848854,BE,0.0,2021-01-28,-3175.61
2021-02-05,2021-02-05 10:03:00-05:00,2021-02-05 12:43:00-05:00,short,13530.829602947819,13620.829602947819,SL,-90.0,2021-01-21,-3265.61
2021-02-08,2021-02-08 09:34:00-05:00,2021-02-08 15:00:00-05:00,short,13646.840190149836,13639.75,cutoff,7.09,2021-02-04,-3258.52
2021-02-09,2021-02-09 09:35:00-05:00,2021-02-09 15:00:00-05:00,short,13679.37719858237,13705.0,cutoff,-25.62,2021-01-26,-3284.14
2021-02-10,2021-02-10 10:21:00-05:00,2021-02-10 14:26:00-05:00,short,13646.840190149836,13646.840190149836,BE,0.0,2021-02-04,-3284.14
2021-02-11,2021-02-11 09:52:00-05:00,2021-02-11 15:00:00-05:00,short,13688.795702475387,13689.25,cutoff,-0.45,2021-01-25,-3284.59
2021-02-12,2021-02-12 09:33:00-05:00,2021-02-12 15:00:00-05:00,short,13679.37719858237,13742.25,cutoff,-62.87,2021-01-26,-3347.46
2021-02-15,2021-02-15 09:31:00-05:00,2021-02-15 12:59:00-05:00,short,13852.90228910213,13872.0,cutoff,-19.1,2021-02-09,-3366.56
2021-02-16,2021-02-16 09:32:00-05:00,2021-02-16 10:22:00-05:00,short,13852.90228910213,13852.90228910213,BE,0.0,2021-02-09,-3366.56
2021-02-16,2021-02-16 10:29:00-05:00,2021-02-16 15:00:00-05:00,short,13863.442729351453,13773.75,cutoff,89.69,2021-02-12,-3276.87
2021-02-17,2021-02-17 09:31:00-05:00,2021-02-17 10:55:00-05:00,short,13646.840190149836,13646.840190149836,BE,0.0,2021-02-04,-3276.87
2021-02-18,2021-02-18 09:31:00-05:00,2021-02-18 15:00:00-05:00,long,13538.96792257611,13643.0,cutoff,104.03,2021-02-11,-3172.84
2021-02-19,2021-02-19 09:32:00-05:00,2021-02-19 10:58:00-05:00,short,13679.37719858237,13679.37719858237,BE,0.0,2021-01-26,-3172.84
2021-02-22,2021-02-22 09:33:00-05:00,2021-02-22 10:54:00-05:00,long,13388.678340404182,13298.678340404182,SL,-90.0,2021-02-05,-3262.84
2021-02-23,2021-02-23 09:39:00-05:00,2021-02-23 09:47:00-05:00,long,12876.969246151146,12786.969246151146,SL,-90.0,2021-01-28,-3352.84
2021-02-25,2021-02-25 09:34:00-05:00,2021-02-25 10:06:00-05:00,long,13244.01621934458,13154.01621934458,SL,-90.0,2021-02-03,-3442.84
2021-02-26,2021-02-26 09:31:00-05:00,2021-02-26 10:00:00-05:00,long,12933.843969004327,12843.843969004327,SL,-90.0,2021-02-25,-3532.84
2021-03-01,2021-03-01 10:22:00-05:00,2021-03-01 15:00:00-05:00,long,13138.126875704074,13272.25,cutoff,134.12,2021-02-02,-3398.72
2021-03-02,2021-03-02 09:31:00-05:00,2021-03-02 15:00:00-05:00,short,13294.905916763611,13166.75,cutoff,128.16,2021-02-23,-3270.56
2021-03-03,2021-03-03 09:35:00-05:00,2021-03-03 09:47:00-05:00,long,13016.401124013051,12926.401124013051,SL,-90.0,2021-03-02,-3360.56
2021-03-04,2021-03-04 09:47:00-05:00,2021-03-04 09:57:00-05:00,long,12664.61277273122,12574.61277273122,SL,-90.0,2021-03-03,-3450.56
2021-03-05,2021-03-05 09:32:00-05:00,2021-03-05 09:42:00-05:00,long,12543.721079432133,12453.721079432133,SL,-90.0,2021-02-26,-3540.56
2021-03-08,2021-03-08 09:31:00-05:00,2021-03-08 11:11:00-05:00,long,12599.719083236389,12599.719083236389,BE,0.0,2021-02-23,-3540.56
2021-03-09,2021-03-09 09:31:00-05:00,2021-03-09 13:02:00-05:00,long,12599.719083236389,12795.75,TP,196.03,2021-02-23,-3344.53
2021-03-10,2021-03-10 09:31:00-05:00,2021-03-10 10:22:00-05:00,long,12933.843969004327,12843.843969004327,SL,-90.0,2021-02-25,-3434.53
2021-03-11,2021-03-11 09:34:00-05:00,2021-03-11 10:40:00-05:00,short,12996.127816601733,12996.127816601733,BE,0.0,2021-03-04,-3434.53
2021-03-12,2021-03-12 09:31:00-05:00,2021-03-12 10:16:00-05:00,long,12855.840824947016,12855.840824947016,BE,0.0,2021-03-01,-3434.53
2021-03-12,2021-03-12 10:27:00-05:00,2021-03-12 15:00:00-05:00,long,12792.389509275923,12909.25,cutoff,116.86,2021-02-24,-3317.67
2021-03-15,2021-03-15 09:33:00-04:00,2021-03-15 14:21:00-04:00,short,12909.141971053332,12999.141971053332,SL,-90.0,2021-03-08,-3407.67
2021-03-16,2021-03-16 09:32:00-04:00,2021-03-16 10:30:00-04:00,short,13171.475961304095,13261.475961304095,SL,-90.0,2021-03-11,-3497.67
2021-03-17,2021-03-17 09:33:00-04:00,2021-03-17 14:01:00-04:00,short,12996.127816601733,13086.127816601733,SL,-90.0,2021-03-04,-3587.67
2021-03-18,2021-03-18 09:31:00-04:00,2021-03-18 12:09:00-04:00,short,12996.127816601733,12996.127816601733,BE,0.0,2021-03-04,-3587.67
2021-03-19,2021-03-19 09:39:00-04:00,2021-03-19 10:05:00-04:00,long,12792.389509275923,12702.389509275923,SL,-90.0,2021-02-24,-3677.67
2021-03-22,2021-03-22 09:52:00-04:00,2021-03-22 11:32:00-04:00,short,12996.127816601733,13086.127816601733,SL,-90.0,2021-03-04,-3767.67
2021-03-23,2021-03-23 09:33:00-04:00,2021-03-23 15:00:00-04:00,short,13090.352101714769,13043.25,cutoff,47.1,2021-03-12,-3720.57
2021-03-24,2021-03-24 09:38:00-04:00,2021-03-24 10:17:00-04:00,long,13016.401124013051,12926.401124013051,SL,-90.0,2021-03-02,-3810.57
2021-03-25,2021-03-25 09:32:00-04:00,2021-03-25 10:30:00-04:00,long,12727.008373529017,12727.008373529017,BE,0.0,2021-03-15,-3810.57
2021-03-25,2021-03-25 10:32:00-04:00,2021-03-25 10:53:00-04:00,long,12739.774038695905,12649.774038695905,SL,-90.0,2021-03-11,-3900.57
2021-03-26,2021-03-26 09:31:00-04:00,2021-03-26 11:24:00-04:00,long,12767.107598941599,12767.107598941599,BE,0.0,2021-03-17,-3900.57
2021-03-29,2021-03-29 09:31:00-04:00,2021-03-29 09:59:00-04:00,long,12945.071957511602,12855.071957511602,SL,-90.0,2021-03-16,-3990.57
2021-03-30,2021-03-30 09:31:00-04:00,2021-03-30 11:11:00-04:00,short,12884.42255597324,12884.42255597324,BE,0.0,2021-03-05,-3990.57
2021-03-31,2021-03-31 09:35:00-04:00,2021-03-31 10:00:00-04:00,short,12980.679089774212,13070.679089774212,SL,-90.0,2021-03-25,-4080.57
2021-04-01,2021-04-01 09:36:00-04:00,2021-04-01 15:00:00-04:00,short,13279.716633298362,13301.5,cutoff,-21.78,2021-03-24,-4102.35
2021-04-05,2021-04-05 09:33:00-04:00,2021-04-05 10:39:00-04:00,short,13438.997987515359,13528.997987515359,SL,-90.0,2021-04-01,-4192.35
2021-04-08,2021-04-08 09:33:00-04:00,2021-04-08 10:45:00-04:00,short,13739.329262634976,13739.329262634976,BE,0.0,2021-04-06,-4192.35
2021-04-09,2021-04-09 10:04:00-04:00,2021-04-09 11:33:00-04:00,short,13739.329262634976,13739.329262634976,BE,0.0,2021-04-06,-4192.35
2021-04-12,2021-04-12 09:52:00-04:00,2021-04-12 15:00:00-04:00,short,13752.062079921416,13783.25,cutoff,-31.19,2021-04-07,-4223.54
2021-04-13,2021-04-13 09:31:00-04:00,2021-04-13 15:00:00-04:00,short,13883.3727833234,13969.75,cutoff,-86.38,2021-04-08,-4309.92
2021-04-14,2021-04-14 10:24:00-04:00,2021-04-14 15:00:00-04:00,short,13940.822384174495,13806.25,cutoff,134.57,2021-04-12,-4175.35
2021-04-15,2021-04-15 09:31:00-04:00,2021-04-15 15:00:00-04:00,short,13940.822384174495,14001.25,cutoff,-60.43,2021-04-12,-4235.78
2021-04-19,2021-04-19 10:34:00-04:00,2021-04-19 15:00:00-04:00,short,13940.822384174495,13885.5,cutoff,55.32,2021-04-12,-4180.46
2021-04-20,2021-04-20 09:36:00-04:00,2021-04-20 15:00:00-04:00,short,13883.3727833234,13744.0,cutoff,139.37,2021-04-08,-4041.09
2021-04-21,2021-04-21 09:34:00-04:00,2021-04-21 11:14:00-04:00,short,13739.329262634976,13829.329262634976,SL,-90.0,2021-04-06,-4131.09
2021-04-22,2021-04-22 09:33:00-04:00,2021-04-22 15:00:00-04:00,short,13883.3727833234,13761.75,cutoff,121.62,2021-04-08,-4009.47
2021-04-23,2021-04-23 09:32:00-04:00,2021-04-23 15:00:00-04:00,long,13807.528061776498,13961.25,cutoff,153.72,2021-04-14,-3855.75
2021-04-26,2021-04-26 09:31:00-04:00,2021-04-26 15:00:00-04:00,short,13940.822384174495,14021.25,cutoff,-80.43,2021-04-12,-3936.18
2021-04-27,2021-04-27 09:54:00-04:00,2021-04-27 11:52:00-04:00,short,13960.89952263272,13960.89952263272,BE,0.0,2021-04-21,-3936.18
2021-04-28,2021-04-28 09:48:00-04:00,2021-04-28 15:00:00-04:00,short,13940.822384174495,13953.5,cutoff,-12.68,2021-04-12,-3948.86
2021-04-29,2021-04-29 09:56:00-04:00,2021-04-29 14:42:00-04:00,short,13960.89952263272,13960.89952263272,BE,0.0,2021-04-21,-3948.86
2021-04-30,2021-04-30 09:32:00-04:00,2021-04-30 15:00:00-04:00,short,13873.479850750839,13856.5,cutoff,16.98,2021-04-09,-3931.88
2021-05-03,2021-05-03 09:41:00-04:00,2021-05-03 15:00:00-04:00,short,13873.479850750839,13812.75,cutoff,60.73,2021-04-09,-3871.15
2021-05-04,2021-05-04 09:33:00-04:00,2021-05-04 10:00:00-04:00,long,13623.32431093971,13533.32431093971,SL,-90.0,2021-04-23,-3961.15
2021-05-05,2021-05-05 09:35:00-04:00,2021-05-05 10:23:00-04:00,long,13619.677615825505,13529.677615825505,SL,-90.0,2021-04-12,-4051.15
2021-05-06,2021-05-06 10:21:00-04:00,2021-05-06 12:35:00-04:00,long,13388.96846679183,13569.25,TP,180.28,2021-05-05,-3870.87
2021-05-07,2021-05-07 09:32:00-04:00,2021-05-07 10:09:00-04:00,short,13677.48205119757,13767.48205119757,SL,-90.0,2021-05-06,-3960.87
2021-05-10,2021-05-10 09:38:00-04:00,2021-05-10 11:04:00-04:00,long,13547.10047736728,13457.10047736728,SL,-90.0,2021-04-21,-4050.87
2021-05-11,2021-05-11 09:59:00-04:00,2021-05-11 10:29:00-04:00,long,13256.14294880243,13166.14294880243,SL,-90.0,2021-05-06,-4140.87
2021-05-14,2021-05-14 09:59:00-04:00,2021-05-14 15:00:00-04:00,long,13256.14294880243,13417.0,cutoff,160.86,2021-05-06,-3980.01
2021-05-17,2021-05-17 10:01:00-04:00,2021-05-17 11:10:00-04:00,long,13256.14294880243,13256.14294880243,BE,0.0,2021-05-06,-3980.01
2021-05-18,2021-05-18 10:29:00-04:00,2021-05-18 15:00:00-04:00,short,13378.42608889639,13269.25,cutoff,109.18,2021-05-12,-3870.83
2021-05-19,2021-05-19 09:47:00-04:00,2021-05-19 14:32:00-04:00,long,13034.817106139166,13216.75,TP,181.93,2021-05-14,-3688.9
2021-05-20,2021-05-20 09:41:00-04:00,2021-05-20 11:28:00-04:00,short,13378.42608889639,13468.42608889639,SL,-90.0,2021-05-12,-3778.9
2021-05-21,2021-05-21 09:31:00-04:00,2021-05-21 15:00:00-04:00,short,13556.392993626328,13442.5,cutoff,113.89,2021-05-20,-3665.01
2021-05-24,2021-05-24 09:31:00-04:00,2021-05-24 15:00:00-04:00,long,13495.178507508765,13678.75,cutoff,183.57,2021-05-07,-3481.44
2021-05-25,2021-05-25 09:32:00-04:00,2021-05-25 15:00:00-04:00,short,13721.457519968146,13644.0,cutoff,77.46,2021-05-21,-3403.98
2021-05-26,2021-05-26 09:34:00-04:00,2021-05-26 15:00:00-04:00,long,13686.343941088197,13702.5,cutoff,16.16,2021-04-30,-3387.82
2021-05-27,2021-05-27 09:31:00-04:00,2021-05-27 15:00:00-04:00,long,13686.343941088197,13665.0,cutoff,-21.34,2021-04-30,-3409.16
2021-05-28,2021-05-28 09:38:00-04:00,2021-05-28 10:23:00-04:00,short,13721.457519968146,13721.457519968146,BE,0.0,2021-05-21,-3409.16
2021-05-28,2021-05-28 10:44:00-04:00,2021-05-28 15:00:00-04:00,long,13725.04197896484,13732.25,cutoff,7.21,2021-05-03,-3401.95
2021-05-31,2021-05-31 09:31:00-04:00,2021-05-31 12:59:00-04:00,short,13677.48205119757,13654.75,cutoff,22.73,2021-05-06,-3379.22
2021-06-01,2021-06-01 09:40:00-04:00,2021-06-01 15:00:00-04:00,short,13760.993648234806,13689.25,cutoff,71.74,2021-05-24,-3307.48
2021-06-02,2021-06-02 09:33:00-04:00,2021-06-02 15:00:00-04:00,short,13677.48205119757,13636.75,cutoff,40.73,2021-05-06,-3266.75
2021-06-03,2021-06-03 09:33:00-04:00,2021-06-03 10:56:00-04:00,short,13556.392993626328,13556.392993626328,BE,0.0,2021-05-20,-3266.75
2021-06-04,2021-06-04 10:01:00-04:00,2021-06-04 15:00:00-04:00,short,13721.457519968146,13775.0,cutoff,-53.54,2021-05-21,-3320.29
2021-06-07,2021-06-07 09:35:00-04:00,2021-06-07 12:15:00-04:00,short,13760.993648234806,13760.993648234806,BE,0.0,2021-05-24,-3320.29
2021-06-08,2021-06-08 09:31:00-04:00,2021-06-08 15:00:00-04:00,short,13876.402438307223,13829.75,cutoff,46.65,2021-06-07,-3273.64
2021-06-09,2021-06-09 09:33:00-04:00,2021-06-09 15:00:00-04:00,short,13876.402438307223,13840.25,cutoff,36.15,2021-06-07,-3237.49
2021-06-10,2021-06-10 09:32:00-04:00,2021-06-10 09:39:00-04:00,short,13822.413257335193,13912.413257335193,SL,-90.0,2021-06-02,-3327.49
2021-06-14,2021-06-14 09:48:00-04:00,2021-06-14 11:27:00-04:00,short,14029.2275428399,14029.2275428399,BE,0.0,2021-06-09,-3327.49
2021-06-15,2021-06-15 09:35:00-04:00,2021-06-15 10:20:00-04:00,short,14078.729232540587,14078.729232540587,BE,0.0,2021-06-10,-3327.49
2021-06-15,2021-06-15 10:22:00-04:00,2021-06-15 15:00:00-04:00,short,14088.939740383306,14022.75,cutoff,66.19,2021-06-11,-3261.3
2021-06-16,2021-06-16 09:38:00-04:00,2021-06-16 14:43:00-04:00,short,14047.020903090288,13861.75,TP,185.27,2021-06-08,-3076.03
2021-06-17,2021-06-17 09:58:00-04:00,2021-06-17 10:36:00-04:00,short,14029.2275428399,14119.2275428399,SL,-90.0,2021-06-09,-3166.03
2021-06-18,2021-06-18 09:31:00-04:00,2021-06-18 15:00:00-04:00,short,14078.729232540587,14039.0,cutoff,39.73,2021-06-10,-3126.3
2021-06-21,2021-06-21 09:54:00-04:00,2021-06-21 11:03:00-04:00,short,14029.2275428399,14119.2275428399,SL,-90.0,2021-06-09,-3216.3
2021-06-22,2021-06-22 09:35:00-04:00,2021-06-22 15:00:00-04:00,short,14152.666148882203,14237.5,cutoff,-84.83,2021-06-14,-3301.13
2021-06-23,2021-06-23 09:31:00-04:00,2021-06-23 15:00:00-04:00,short,14282.770750377364,14280.75,cutoff,2.02,2021-06-22,-3299.11
2021-06-29,2021-06-29 09:37:00-04:00,2021-06-29 10:33:00-04:00,short,14504.101715677834,14504.101715677834,BE,0.0,2021-06-24,-3299.11
2021-06-29,2021-06-29 10:46:00-04:00,2021-06-29 11:45:00-04:00,short,14518.83836334389,14518.83836334389,BE,0.0,2021-06-25,-3299.11
2021-07-01,2021-07-01 10:22:00-04:00,2021-07-01 15:00:00-04:00,short,14518.83836334389,14542.75,cutoff,-23.91,2021-06-25,-3323.02
2021-07-02,2021-07-02 09:32:00-04:00,2021-07-02 15:00:00-04:00,short,14643.198381504113,14690.0,cutoff,-46.8,2021-06-29,-3369.82
2021-07-06,2021-07-06 09:32:00-04:00,2021-07-06 15:00:00-04:00,short,14769.97071956765,14746.25,cutoff,23.72,2021-07-02,-3346.1
2021-07-07,2021-07-07 10:05:00-04:00,2021-07-07 11:46:00-04:00,short,14806.114928665245,14806.114928665245,BE,0.0,2021-07-05,-3346.1
2021-07-08,2021-07-08 09:31:00-04:00,2021-07-08 10:21:00-04:00,long,14596.385071334755,14596.385071334755,BE,0.0,2021-07-05,-3346.1
2021-07-08,2021-07-08 10:29:00-04:00,2021-07-08 11:24:00-04:00,short,14643.198381504113,14643.198381504113,BE,0.0,2021-06-29,-3346.1
2021-07-09,2021-07-09 09:31:00-04:00,2021-07-09 11:01:00-04:00,short,14691.405258742223,14781.405258742223,SL,-90.0,2021-06-30,-3436.1
2021-07-12,2021-07-12 09:32:00-04:00,2021-07-12 15:00:00-04:00,short,14887.391992382349,14851.25,cutoff,36.14,2021-07-06,-3399.96
2021-07-13,2021-07-13 09:31:00-04:00,2021-07-13 10:30:00-04:00,short,14868.276518067436,14958.276518067436,SL,-90.0,2021-07-09,-3489.96
2021-07-15,2021-07-15 09:32:00-04:00,2021-07-15 15:00:00-04:00,short,14868.276518067436,14777.75,cutoff,90.53,2021-07-09,-3399.43
2021-07-16,2021-07-16 09:34:00-04:00,2021-07-16 15:00:00-04:00,short,14868.276518067436,14706.5,cutoff,161.78,2021-07-09,-3237.65
2021-07-19,2021-07-19 09:32:00-04:00,2021-07-19 15:00:00-04:00,long,14526.598481932564,14485.25,cutoff,-41.35,2021-07-09,-3279.0
2021-07-20,2021-07-20 09:38:00-04:00,2021-07-20 13:04:00-04:00,long,14526.598481932564,14723.5,TP,196.9,2021-07-09,-3082.1
2021-07-21,2021-07-21 09:31:00-04:00,2021-07-21 15:00:00-04:00,short,14714.46651690565,14787.75,cutoff,-73.28,2021-07-19,-3155.38
2021-07-22,2021-07-22 09:31:00-04:00,2021-07-22 15:00:00-04:00,short,14868.276518067436,14923.0,cutoff,-54.72,2021-07-09,-3210.1
2021-07-23,2021-07-23 10:38:00-04:00,2021-07-23 13:22:00-04:00,short,15016.540561816731,15106.540561816731,SL,-90.0,2021-07-16,-3300.1
2021-07-26,2021-07-26 09:34:00-04:00,2021-07-26 15:00:00-04:00,short,15057.337714992897,15118.25,cutoff,-60.91,2021-07-15,-3361.01
2021-07-27,2021-07-27 09:44:00-04:00,2021-07-27 11:29:00-04:00,short,15063.460081295536,14871.0,TP,192.46,2021-07-13,-3168.55
2021-07-28,2021-07-28 09:31:00-04:00,2021-07-28 10:16:00-04:00,short,15016.540561816731,15016.540561816731,BE,0.0,2021-07-16,-3168.55
2021-07-28,2021-07-28 10:17:00-04:00,2021-07-28 15:00:00-04:00,short,15034.330091202091,15008.75,cutoff,25.58,2021-07-07,-3142.97
2021-07-29,2021-07-29 09:32:00-04:00,2021-07-29 15:00:00-04:00,short,15016.540561816731,15054.0,cutoff,-37.46,2021-07-16,-3180.43
2021-07-30,2021-07-30 09:33:00-04:00,2021-07-30 10:04:00-04:00,short,14887.391992382349,14977.391992382349,SL,-90.0,2021-07-06,-3270.43
2021-08-02,2021-08-02 09:31:00-04:00,2021-08-02 11:06:00-04:00,short,15034.330091202091,15034.330091202091,BE,0.0,2021-07-07,-3270.43
2021-08-03,2021-08-03 09:55:00-04:00,2021-08-03 15:00:00-04:00,long,14921.995893743886,15025.25,cutoff,103.25,2021-07-26,-3167.18
2021-08-04,2021-08-04 09:31:00-04:00,2021-08-04 12:00:00-04:00,short,15057.337714992897,15057.337714992897,BE,0.0,2021-07-15,-3167.18
2021-08-05,2021-08-05 09:33:00-04:00,2021-08-05 15:00:00-04:00,short,15086.052130476923,15152.25,cutoff,-66.2,2021-07-30,-3233.38
2021-08-06,2021-08-06 09:31:00-04:00,2021-08-06 10:31:00-04:00,short,15120.247136821468,15120.247136821468,BE,0.0,2021-07-14,-3233.38
2021-08-09,2021-08-09 09:31:00-04:00,2021-08-09 10:30:00-04:00,short,15131.453675077988,15131.453675077988,BE,0.0,2021-07-23,-3233.38
2021-08-09,2021-08-09 10:55:00-04:00,2021-08-09 11:59:00-04:00,short,15120.247136821468,15120.247136821468,BE,0.0,2021-07-14,-3233.38
2021-08-10,2021-08-10 09:34:00-04:00,2021-08-10 15:00:00-04:00,short,15131.453675077988,15052.5,cutoff,78.95,2021-07-23,-3154.43
2021-08-11,2021-08-11 09:39:00-04:00,2021-08-11 15:00:00-04:00,short,15086.052130476923,15013.75,cutoff,72.3,2021-07-30,-3082.13
2021-08-12,2021-08-12 09:35:00-04:00,2021-08-12 15:00:00-04:00,long,14970.770581591882,15075.5,cutoff,104.73,2021-08-06,-2977.4
2021-08-13,2021-08-13 09:35:00-04:00,2021-08-13 15:00:00-04:00,short,15086.052130476923,15107.75,cutoff,-21.7,2021-07-30,-2999.1
2021-08-16,2021-08-16 09:31:00-04:00,2021-08-16 14:08:00-04:00,short,15086.052130476923,15086.052130476923,BE,0.0,2021-07-30,-2999.1
2021-08-17,2021-08-17 09:36:00-04:00,2021-08-17 10:28:00-04:00,short,15012.191094334647,15012.191094334647,BE,0.0,2021-07-22,-2999.1
2021-08-18,2021-08-18 09:51:00-04:00,2021-08-18 15:00:00-04:00,short,15012.191094334647,14988.5,cutoff,23.69,2021-07-22,-2975.41
2021-08-19,2021-08-19 09:32:00-04:00,2021-08-19 15:00:00-04:00,long,14820.000132088157,14935.25,cutoff,115.25,2021-08-02,-2860.16
2021-08-20,2021-08-20 09:31:00-04:00,2021-08-20 15:00:00-04:00,long,14966.471670240944,15065.5,cutoff,99.03,2021-08-10,-2761.13
2021-08-23,2021-08-23 09:32:00-04:00,2021-08-23 10:25:00-04:00,short,15160.25267047382,15250.25267047382,SL,-90.0,2021-08-12,-2851.13
2021-08-24,2021-08-24 10:09:00-04:00,2021-08-24 11:18:00-04:00,short,15364.265950275054,15364.265950275054,BE,0.0,2021-08-23,-2851.13
2021-08-25,2021-08-25 10:08:00-04:00,2021-08-25 11:43:00-04:00,short,15364.265950275054,15364.265950275054,BE,0.0,2021-08-23,-2851.13
2021-08-26,2021-08-26 10:06:00-04:00,2021-08-26 15:00:00-04:00,short,15364.265950275054,15294.0,cutoff,70.27,2021-08-23,-2780.86
2021-08-27,2021-08-27 09:40:00-04:00,2021-08-27 10:12:00-04:00,short,15293.903329759056,15383.903329759056,SL,-90.0,2021-08-10,-2870.86
2021-08-30,2021-08-30 09:33:00-04:00,2021-08-30 10:31:00-04:00,short,15484.655610356942,15574.655610356942,SL,-90.0,2021-08-24,-2960.86
2021-08-31,2021-08-31 09:37:00-04:00,2021-08-31 10:24:00-04:00,short,15552.237212514417,15552.237212514417,BE,0.0,2021-08-27,-2960.86
2021-09-01,2021-09-01 09:44:00-04:00,2021-09-01 10:29:00-04:00,short,15671.691483257986,15671.691483257986,BE,0.0,2021-08-30,-2960.86
2021-09-02,2021-09-02 09:34:00-04:00,2021-09-02 15:00:00-04:00,short,15671.691483257986,15598.5,cutoff,73.19,2021-08-30,-2887.67
2021-09-07,2021-09-07 10:49:00-04:00,2021-09-07 11:55:00-04:00,short,15671.691483257986,15671.691483257986,BE,0.0,2021-08-30,-2887.67
2021-09-08,2021-09-08 10:38:00-04:00,2021-09-08 11:32:00-04:00,long,15570.883865846456,15570.883865846456,BE,0.0,2021-09-06,-2887.67
2021-09-09,2021-09-09 09:45:00-04:00,2021-09-09 15:00:00-04:00,short,15671.691483257986,15597.75,cutoff,73.94,2021-08-30,-2813.73
2021-09-10,2021-09-10 10:33:00-04:00,2021-09-10 11:18:00-04:00,long,15570.883865846456,15570.883865846456,BE,0.0,2021-09-06,-2813.73
2021-09-13,2021-09-13 09:32:00-04:00,2021-09-13 11:19:00-04:00,short,15552.237212514417,15366.25,TP,185.99,2021-08-27,-2627.74
2021-09-14,2021-09-14 09:32:00-04:00,2021-09-14 10:00:00-04:00,long,15501.736134071361,15411.736134071361,SL,-90.0,2021-09-02,-2717.74
2021-09-15,2021-09-15 09:31:00-04:00,2021-09-15 10:12:00-04:00,long,15415.380775283047,15325.380775283047,SL,-90.0,2021-08-31,-2807.74
2021-09-16,2021-09-16 09:34:00-04:00,2021-09-16 10:15:00-04:00,long,15461.689060791025,15371.689060791025,SL,-90.0,2021-09-10,-2897.74
2021-09-17,2021-09-17 09:36:00-04:00,2021-09-17 11:06:00-04:00,long,15415.380775283047,15325.380775283047,SL,-90.0,2021-08-31,-2987.74
2021-09-20,2021-09-20 09:32:00-04:00,2021-09-20 10:41:00-04:00,long,15103.137787485583,15013.137787485583,SL,-90.0,2021-08-27,-3077.74
2021-09-21,2021-09-21 09:56:00-04:00,2021-09-21 10:11:00-04:00,long,15103.137787485583,15013.137787485583,SL,-90.0,2021-08-27,-3167.74
2021-09-22,2021-09-22 10:08:00-04:00,2021-09-22 14:00:00-04:00,long,15103.137787485583,15103.137787485583,BE,0.0,2021-08-27,-3167.74
2021-09-23,2021-09-23 09:31:00-04:00,2021-09-23 15:00:00-04:00,long,15224.9403948474,15330.0,cutoff,105.06,2021-09-13,-3062.68
2021-09-24,2021-09-24 09:39:00-04:00,2021-09-24 10:33:00-04:00,long,15224.9403948474,15224.9403948474,BE,0.0,2021-09-13,-3062.68
2021-09-24,2021-09-24 10:39:00-04:00,2021-09-24 15:00:00-04:00,long,15241.178088679098,15302.5,cutoff,61.32,2021-09-16,-3001.36
2021-09-27,2021-09-27 09:32:00-04:00,2021-09-27 09:42:00-04:00,long,15177.757575355927,15087.757575355927,SL,-90.0,2021-09-15,-3091.36
2021-09-28,2021-09-28 09:33:00-04:00,2021-09-28 10:01:00-04:00,long,14996.315256417569,14906.315256417569,SL,-90.0,2021-09-23,-3181.36
2021-09-29,2021-09-29 09:32:00-04:00,2021-09-29 10:31:00-04:00,long,14832.556144648473,14832.556144648473,BE,0.0,2021-09-21,-3181.36
2021-09-29,2021-09-29 10:36:00-04:00,2021-09-29 12:23:00-04:00,long,14839.076622902856,14749.076622902856,SL,-90.0,2021-09-22,-3271.36
2021-09-30,2021-09-30 09:37:00-04:00,2021-09-30 11:38:00-04:00,long,14859.188804951025,14769.188804951025,SL,-90.0,2021-09-20,-3361.36
2021-10-01,2021-10-01 09:31:00-04:00,2021-10-01 09:56:00-04:00,long,14700.565788853175,14610.565788853175,SL,-90.0,2021-09-28,-3451.36
2021-10-04,2021-10-04 09:32:00-04:00,2021-10-04 09:42:00-04:00,long,14700.565788853175,14610.565788853175,SL,-90.0,2021-09-28,-3541.36
2021-10-05,2021-10-05 10:05:00-04:00,2021-10-05 15:00:00-04:00,long,14599.441719688431,14733.25,cutoff,133.81,2021-09-29,-3407.55
2021-10-06,2021-10-06 09:41:00-04:00,2021-10-06 10:01:00-04:00,long,14599.441719688431,14509.441719688431,SL,-90.0,2021-09-29,-3497.55
2021-10-07,2021-10-07 09:59:00-04:00,2021-10-07 15:00:00-04:00,short,14955.978758632344,14927.25,cutoff,28.73,2021-10-04,-3468.82
2021-10-08,2021-10-08 09:36:00-04:00,2021-10-08 10:39:00-04:00,long,14859.188804951025,14859.188804951025,BE,0.0,2021-09-20,-3468.82
2021-10-08,2021-10-08 10:40:00-04:00,2021-10-08 11:33:00-04:00,long,14839.076622902856,14839.076622902856,BE,0.0,2021-09-22,-3468.82
2021-10-11,2021-10-11 09:35:00-04:00,2021-10-11 10:10:00-04:00,short,14790.825392440318,14880.825392440318,SL,-90.0,2021-10-05,-3558.82
2021-10-12,2021-10-12 09:32:00-04:00,2021-10-12 15:00:00-04:00,long,14720.10499822078,14670.25,cutoff,-49.85,2021-10-08,-3608.67
2021-10-13,2021-10-13 09:33:00-04:00,2021-10-13 15:00:00-04:00,long,14720.10499822078,14744.0,cutoff,23.9,2021-10-08,-3584.77
2021-10-14,2021-10-14 09:43:00-04:00,2021-10-14 12:10:00-04:00,short,14938.793156548334,15028.793156548334,SL,-90.0,2021-10-13,-3674.77
2021-10-15,2021-10-15 09:32:00-04:00,2021-10-15 10:19:00-04:00,short,15065.183280311569,15065.183280311569,BE,0.0,2021-09-29,-3674.77
2021-10-15,2021-10-15 10:29:00-04:00,2021-10-15 15:00:00-04:00,long,15050.330935754642,15115.25,cutoff,64.92,2021-09-24,-3609.85
2021-10-18,2021-10-18 09:35:00-04:00,2021-10-18 10:07:00-04:00,short,15065.183280311569,15155.183280311569,SL,-90.0,2021-09-29,-3699.85
2021-10-19,2021-10-19 10:58:00-04:00,2021-10-19 11:44:00-04:00,short,15374.50773238502,15374.50773238502,BE,0.0,2021-09-27,-3699.85
2021-10-21,2021-10-21 09:41:00-04:00,2021-10-21 15:00:00-04:00,short,15374.50773238502,15440.5,cutoff,-65.99,2021-09-27,-3765.84
2021-10-27,2021-10-27 09:35:00-04:00,2021-10-27 12:01:00-04:00,short,15579.37207458463,15669.37207458463,SL,-90.0,2021-10-22,-3855.84
2021-11-01,2021-11-01 09:39:00-04:00,2021-11-01 10:26:00-04:00,short,15820.419023836192,15820.419023836192,BE,0.0,2021-10-29,-3855.84
2021-11-01,2021-11-01 10:39:00-04:00,2021-11-01 15:00:00-04:00,short,15806.826487759488,15825.75,cutoff,-18.92,2021-10-26,-3874.76
2021-11-05,2021-11-05 09:33:00-04:00,2021-11-05 15:00:00-04:00,short,16425.401381401833,16368.25,cutoff,57.15,2021-11-04,-3817.61
2021-11-09,2021-11-09 09:58:00-05:00,2021-11-09 11:12:00-05:00,long,16240.353578456474,16240.353578456474,BE,0.0,2021-11-05,-3817.61
2021-11-10,2021-11-10 09:32:00-05:00,2021-11-10 13:06:00-05:00,long,16056.304931374681,16056.304931374681,BE,0.0,2021-11-09,-3817.61
2021-11-11,2021-11-11 09:38:00-05:00,2021-11-11 10:42:00-05:00,short,16076.619466408012,16076.619466408012,BE,0.0,2021-11-02,-3817.61
2021-11-12,2021-11-12 09:33:00-05:00,2021-11-12 10:45:00-05:00,short,16076.619466408012,16076.619466408012,BE,0.0,2021-11-02,-3817.61
2021-11-15,2021-11-15 09:32:00-05:00,2021-11-15 15:00:00-05:00,short,16237.909274838707,16175.0,cutoff,62.91,2021-11-12,-3754.7
2021-11-16,2021-11-16 09:36:00-05:00,2021-11-16 10:22:00-05:00,short,16237.909274838707,16237.909274838707,BE,0.0,2021-11-12,-3754.7
2021-11-18,2021-11-18 09:31:00-05:00,2021-11-18 11:18:00-05:00,short,16386.3542351281,16386.3542351281,BE,0.0,2021-11-16,-3754.7
2021-11-19,2021-11-19 09:32:00-05:00,2021-11-19 11:37:00-05:00,short,16533.348439223577,16623.348439223577,SL,-90.0,2021-11-08,-3844.7
2021-11-22,2021-11-22 10:04:00-05:00,2021-11-22 11:56:00-05:00,short,16756.992745632924,16502.75,TP,254.24,2021-11-19,-3590.46
2021-11-23,2021-11-23 09:44:00-05:00,2021-11-23 10:13:00-05:00,long,16358.632254367074,16268.632254367074,SL,-90.0,2021-11-19,-3680.46
2021-11-24,2021-11-24 09:31:00-05:00,2021-11-24 15:00:00-05:00,long,16172.026560776421,16324.5,cutoff,152.47,2021-11-08,-3527.99
2021-11-25,2021-11-25 09:35:00-05:00,2021-11-25 12:59:00-05:00,short,16386.3542351281,16404.5,cutoff,-18.15,2021-11-16,-3546.14
2021-11-26,2021-11-26 09:31:00-05:00,2021-11-26 11:25:00-05:00,short,16273.028589163645,16051.0,TP,222.03,2021-11-11,-3324.11
2021-11-29,2021-11-29 09:31:00-05:00,2021-11-29 12:03:00-05:00,short,16273.028589163645,16363.028589163645,SL,-90.0,2021-11-11,-3414.11
2021-11-30,2021-11-30 09:33:00-05:00,2021-11-30 10:36:00-05:00,long,16358.632254367074,16358.632254367074,BE,0.0,2021-11-19,-3414.11
2021-11-30,2021-11-30 10:51:00-05:00,2021-11-30 15:00:00-05:00,short,16273.028589163645,16150.75,cutoff,122.28,2021-11-11,-3291.83
2021-12-01,2021-12-01 10:03:00-05:00,2021-12-01 12:55:00-05:00,long,16358.632254367074,16268.632254367074,SL,-90.0,2021-11-19,-3381.83
2021-12-02,2021-12-02 09:33:00-05:00,2021-12-02 10:18:00-05:00,long,15853.909696935905,15853.909696935905,BE,0.0,2021-11-10,-3381.83
2021-12-02,2021-12-02 10:24:00-05:00,2021-12-02 10:44:00-05:00,long,15871.965725161293,15781.965725161293,SL,-90.0,2021-11-12,-3471.83
2021-12-03,2021-12-03 09:32:00-05:00,2021-12-03 09:43:00-05:00,long,16056.304931374681,15966.304931374681,SL,-90.0,2021-11-09,-3561.83
2021-12-07,2021-12-07 09:33:00-05:00,2021-12-07 14:01:00-05:00,long,16143.1823643428,16323.25,TP,180.07,2021-11-17,-3381.76
2021-12-08,2021-12-08 09:32:00-05:00,2021-12-08 13:41:00-05:00,short,16273.028589163645,16363.028589163645,SL,-90.0,2021-11-11,-3471.76
2021-12-09,2021-12-09 09:32:00-05:00,2021-12-09 10:30:00-05:00,long,16358.632254367074,16268.632254367074,SL,-90.0,2021-11-19,-3561.76
2021-12-10,2021-12-10 09:45:00-05:00,2021-12-10 10:35:00-05:00,long,16226.186692272446,16226.186692272446,BE,0.0,2021-11-25,-3561.76
2021-12-10,2021-12-10 10:36:00-05:00,2021-12-10 11:43:00-05:00,short,16221.309859915767,16221.309859915767,BE,0.0,2021-12-02,-3561.76
2021-12-13,2021-12-13 10:24:00-05:00,2021-12-13 11:47:00-05:00,long,16226.186692272446,16136.186692272446,SL,-90.0,2021-11-25,-3651.76
2021-12-14,2021-12-14 09:38:00-05:00,2021-12-14 10:48:00-05:00,long,15931.566400186064,15841.566400186064,SL,-90.0,2021-11-24,-3741.76
2021-12-15,2021-12-15 09:32:00-05:00,2021-12-15 11:36:00-05:00,long,15869.1494347324,15779.1494347324,SL,-90.0,2021-12-07,-3831.76
2021-12-16,2021-12-16 09:41:00-05:00,2021-12-16 10:01:00-05:00,long,16226.186692272446,16136.186692272446,SL,-90.0,2021-11-25,-3921.76
2021-12-17,2021-12-17 09:42:00-05:00,2021-12-17 10:50:00-05:00,long,15660.17671606175,15861.5,TP,201.32,2021-12-14,-3720.44
2021-12-17,2021-12-17 10:56:00-05:00,2021-12-17 11:46:00-05:00,long,15869.1494347324,15779.1494347324,SL,-90.0,2021-12-07,-3810.44
2021-12-20,2021-12-20 10:58:00-05:00,2021-12-20 15:00:00-05:00,long,15538.9746333709,15596.75,cutoff,57.78,2021-12-03,-3752.66
2021-12-21,2021-12-21 10:03:00-05:00,2021-12-21 14:39:00-05:00,long,15660.17671606175,15926.75,TP,266.57,2021-12-14,-3486.09
2021-12-22,2021-12-22 09:31:00-05:00,2021-12-22 15:00:00-05:00,long,15951.094167052801,16115.0,cutoff,163.91,2021-11-26,-3322.18
2021-12-23,2021-12-23 09:32:00-05:00,2021-12-23 10:58:00-05:00,short,16200.362242887906,16290.362242887906,SL,-90.0,2021-12-22,-3412.18
2021-12-27,2021-12-27 09:32:00-05:00,2021-12-27 10:23:00-05:00,short,16403.39085923301,16493.39085923301,SL,-90.0,2021-12-23,-3502.18
2021-12-28,2021-12-28 09:32:00-05:00,2021-12-28 10:35:00-05:00,short,16572.19648581951,16572.19648581951,BE,0.0,2021-12-01,-3502.18
2021-12-28,2021-12-28 10:43:00-05:00,2021-12-28 11:54:00-05:00,short,16546.317585297707,16546.317585297707,BE,0.0,2021-12-08,-3502.18
2021-12-29,2021-12-29 09:31:00-05:00,2021-12-29 15:00:00-05:00,short,16544.69953135999,16498.25,cutoff,46.45,2021-12-13,-3455.73
2021-12-30,2021-12-30 09:36:00-05:00,2021-12-30 15:00:00-05:00,short,16514.47586666108,16524.25,cutoff,-9.77,2021-12-10,-3465.5
2021-12-31,2021-12-31 09:31:00-05:00,2021-12-31 10:19:00-05:00,short,16420.0253666291,16420.0253666291,BE,0.0,2021-12-03,-3465.5
2021-12-31,2021-12-31 10:26:00-05:00,2021-12-31 11:28:00-05:00,short,16403.39085923301,16403.39085923301,BE,0.0,2021-12-23,-3465.5
2022-01-03,2022-01-03 09:34:00-05:00,2022-01-03 13:41:00-05:00,short,16444.1005652676,16444.1005652676,BE,0.0,2021-12-07,-3465.5
2022-01-04,2022-01-04 10:29:00-05:00,2022-01-04 11:00:00-05:00,short,16403.39085923301,16223.25,TP,180.14,2021-12-23,-3285.36
2022-01-05,2022-01-05 09:31:00-05:00,2022-01-05 10:25:00-05:00,short,16200.362242887906,16200.362242887906,BE,0.0,2021-12-22,-3285.36
2022-01-05,2022-01-05 10:28:00-05:00,2022-01-05 12:31:00-05:00,long,16203.634290688531,16113.634290688531,SL,-90.0,2021-12-31,-3375.36
2022-01-06,2022-01-06 09:36:00-05:00,2022-01-06 10:06:00-05:00,short,15823.338074885565,15641.5,TP,181.84,2021-12-20,-3193.52
2022-01-06,2022-01-06 10:09:00-05:00,2022-01-06 10:57:00-05:00,long,15654.603758391648,15846.5,TP,191.9,2021-12-15,-3001.62
2022-01-07,2022-01-07 09:31:00-05:00,2022-01-07 10:21:00-05:00,long,15750.887757112094,15660.887757112094,SL,-90.0,2021-12-22,-3091.62
2022-01-10,2022-01-10 09:31:00-05:00,2022-01-10 09:55:00-05:00,long,15355.536925114435,15265.536925114435,SL,-90.0,2021-12-20,-3181.62
2022-01-11,2022-01-11 10:12:00-05:00,2022-01-11 11:06:00-05:00,short,15645.538295963997,15645.538295963997,BE,0.0,2022-01-10,-3181.62
2022-01-12,2022-01-12 09:35:00-05:00,2022-01-12 10:31:00-05:00,long,15946.121477519668,15946.121477519668,BE,0.0,2021-12-16,-3181.62
2022-01-13,2022-01-13 09:31:00-05:00,2022-01-13 10:16:00-05:00,long,15946.121477519668,15856.121477519668,SL,-90.0,2021-12-16,-3271.62
2022-01-14,2022-01-14 09:33:00-05:00,2022-01-14 11:07:00-05:00,long,15446.47747178147,15446.47747178147,BE,0.0,2021-12-17,-3271.62
2022-01-18,2022-01-18 09:35:00-05:00,2022-01-18 11:08:00-05:00,long,15288.82998890561,15288.82998890561,BE,0.0,2022-01-11,-3271.62
2022-01-19,2022-01-19 09:33:00-05:00,2022-01-19 10:27:00-05:00,long,15288.82998890561,15288.82998890561,BE,0.0,2022-01-11,-3271.62
2022-01-20,2022-01-20 10:38:00-05:00,2022-01-20 13:05:00-05:00,long,15288.82998890561,15198.82998890561,SL,-90.0,2022-01-11,-3361.62
2022-01-26,2022-01-26 10:45:00-05:00,2022-01-26 12:46:00-05:00,long,14333.793796523118,14526.5,TP,192.71,2022-01-21,-3168.91
2022-01-27,2022-01-27 09:33:00-05:00,2022-01-27 09:38:00-05:00,long,14333.793796523118,14243.793796523118,SL,-90.0,2022-01-21,-3258.91
2022-01-28,2022-01-28 09:33:00-05:00,2022-01-28 09:41:00-05:00,long,13994.623343442407,13904.623343442407,SL,-90.0,2022-01-27,-3348.91
2022-01-31,2022-01-31 09:39:00-05:00,2022-01-31 10:00:00-05:00,short,14545.049395246057,14635.049395246057,SL,-90.0,2022-01-24,-3438.91
2022-02-01,2022-02-01 10:02:00-05:00,2022-02-01 10:47:00-05:00,short,14779.71291498388,14779.71291498388,BE,0.0,2022-01-26,-3438.91
2022-02-02,2022-02-02 09:31:00-05:00,2022-02-02 09:49:00-05:00,long,15125.980470062965,15035.980470062965,SL,-90.0,2022-01-14,-3528.91
2022-02-03,2022-02-03 09:38:00-05:00,2022-02-03 14:55:00-05:00,short,14779.71291498388,14589.0,TP,190.71,2022-01-26,-3338.2
2022-02-04,2022-02-04 09:35:00-05:00,2022-02-04 10:16:00-05:00,long,14452.756770548807,14635.5,TP,182.74,2022-02-03,-3155.46
2022-02-04,2022-02-04 10:18:00-05:00,2022-02-04 11:16:00-05:00,short,14659.001656557593,14471.75,TP,187.25,2022-01-27,-2968.21
2022-02-07,2022-02-07 09:42:00-05:00,2022-02-07 11:50:00-05:00,short,14779.71291498388,14597.5,TP,182.21,2022-01-26,-2786.0
2022-02-08,2022-02-08 09:31:00-05:00,2022-02-08 10:17:00-05:00,short,14545.049395246057,14545.049395246057,BE,0.0,2022-01-24,-2786.0
2022-02-08,2022-02-08 10:45:00-05:00,2022-02-08 11:13:00-05:00,short,14579.523183272082,14669.523183272082,SL,-90.0,2022-01-25,-2876.0
2022-02-09,2022-02-09 09:33:00-05:00,2022-02-09 10:36:00-05:00,short,14934.757318438846,14934.757318438846,BE,0.0,2022-01-31,-2876.0
2022-02-10,2022-02-10 09:31:00-05:00,2022-02-10 09:50:00-05:00,short,14768.196394257095,14858.196394257095,SL,-90.0,2022-02-08,-2966.0
2022-02-11,2022-02-11 09:35:00-05:00,2022-02-11 10:18:00-05:00,long,14686.470129208425,14596.470129208425,SL,-90.0,2022-02-09,-3056.0
2022-02-14,2022-02-14 09:32:00-05:00,2022-02-14 13:53:00-05:00,long,14196.16912268458,14196.16912268458,BE,0.0,2022-02-04,-3056.0
2022-02-15,2022-02-15 09:31:00-05:00,2022-02-15 10:21:00-05:00,long,14461.172062692864,14461.172062692864,BE,0.0,2022-02-07,-3056.0
2022-02-15,2022-02-15 10:22:00-05:00,2022-02-15 12:47:00-05:00,long,14452.756770548807,14452.756770548807,BE,0.0,2022-02-03,-3056.0
2022-02-16,2022-02-16 09:32:00-05:00,2022-02-16 15:00:00-05:00,long,14470.41572822041,14587.0,cutoff,116.58,2022-02-10,-2939.42
2022-02-17,2022-02-17 09:32:00-05:00,2022-02-17 10:20:00-05:00,long,14452.756770548807,14362.756770548807,SL,-90.0,2022-02-03,-3029.42
2022-02-18,2022-02-18 09:31:00-05:00,2022-02-18 09:41:00-05:00,long,14196.16912268458,14106.16912268458,SL,-90.0,2022-02-04,-3119.42
2022-02-21,2022-02-21 09:46:00-05:00,2022-02-21 10:48:00-05:00,long,13810.601816727918,13810.601816727918,BE,0.0,2022-01-25,-3119.42
2022-02-22,2022-02-22 09:33:00-05:00,2022-02-22 10:29:00-05:00,long,13887.148206149974,14084.5,TP,197.35,2022-02-18,-2922.07
2022-02-22,2022-02-22 10:43:00-05:00,2022-02-22 11:16:00-05:00,long,13994.623343442407,13904.623343442407,SL,-90.0,2022-01-27,-3012.07
2022-02-23,2022-02-23 09:31:00-05:00,2022-02-23 09:53:00-05:00,long,13994.623343442407,13904.623343442407,SL,-90.0,2022-01-27,-3102.07
2022-02-25,2022-02-25 09:31:00-05:00,2022-02-25 10:00:00-05:00,long,13943.896446618513,13853.896446618513,SL,-90.0,2022-02-14,-3192.07
2022-02-28,2022-02-28 09:39:00-05:00,2022-02-28 10:38:00-05:00,short,14078.253565031777,14168.253565031777,SL,-90.0,2022-02-21,-3282.07
2022-03-01,2022-03-01 09:32:00-05:00,2022-03-01 10:43:00-05:00,long,14167.059511726718,14167.059511726718,BE,0.0,2022-02-17,-3282.07
2022-03-02,2022-03-02 09:43:00-05:00,2022-03-02 10:29:00-05:00,short,14078.253565031777,14078.253565031777,BE,0.0,2022-02-21,-3282.07
2022-03-03,2022-03-03 09:32:00-05:00,2022-03-03 10:44:00-05:00,short,14321.309474498965,14109.25,TP,212.06,2022-02-28,-3070.01
2022-03-04,2022-03-04 09:31:00-05:00,2022-03-04 09:46:00-05:00,long,13953.51822142953,13863.51822142953,SL,-90.0,2022-03-03,-3160.01
2022-03-07,2022-03-07 09:34:00-05:00,2022-03-07 09:53:00-05:00,long,13812.940525501035,13722.940525501035,SL,-90.0,2022-02-28,-3250.01
2022-03-08,2022-03-08 09:44:00-05:00,2022-03-08 09:51:00-05:00,long,13364.883448128021,13274.883448128021,SL,-90.0,2022-03-07,-3340.01
2022-03-09,2022-03-09 09:31:00-05:00,2022-03-09 15:00:00-05:00,long,13583.380709007208,13723.0,cutoff,139.62,2022-02-22,-3200.39
2022-03-10,2022-03-10 10:18:00-05:00,2022-03-10 10:33:00-05:00,long,13583.380709007208,13493.380709007208,SL,-90.0,2022-02-22,-3290.39
2022-03-11,2022-03-11 09:38:00-05:00,2022-03-11 10:00:00-05:00,long,13650.556040944171,13560.556040944171,SL,-90.0,2022-02-25,-3380.39
2022-03-14,2022-03-14 09:47:00-04:00,2022-03-14 11:20:00-04:00,long,13285.748383831722,13285.748383831722,BE,0.0,2022-03-09,-3380.39
2022-03-15,2022-03-15 10:32:00-04:00,2022-03-15 12:03:00-04:00,long,13285.748383831722,13285.748383831722,BE,0.0,2022-03-09,-3380.39
2022-03-16,2022-03-16 09:31:00-04:00,2022-03-16 09:52:00-04:00,short,13656.920458119774,13746.920458119774,SL,-90.0,2022-02-24,-3470.39
2022-03-17,2022-03-17 09:39:00-04:00,2022-03-17 09:59:00-04:00,short,13889.501616168278,13979.501616168278,SL,-90.0,2022-03-09,-3560.39
2022-03-18,2022-03-18 09:36:00-04:00,2022-03-18 10:00:00-04:00,short,14078.253565031777,14168.253565031777,SL,-90.0,2022-02-21,-3650.39
2022-03-21,2022-03-21 09:38:00-04:00,2022-03-21 11:25:00-04:00,short,14418.448845951578,14418.448845951578,BE,0.0,2022-03-18,-3650.39
2022-03-22,2022-03-22 09:31:00-04:00,2022-03-22 10:00:00-04:00,short,14418.448845951578,14508.448845951578,SL,-90.0,2022-03-18,-3740.39
2022-03-24,2022-03-24 10:19:00-04:00,2022-03-24 10:46:00-04:00,short,14453.856455113139,14543.856455113139,SL,-90.0,2022-03-01,-3830.39
2022-03-25,2022-03-25 09:31:00-04:00,2022-03-25 10:24:00-04:00,short,14773.78829240921,14773.78829240921,BE,0.0,2022-03-23,-3830.39
2022-03-25,2022-03-25 10:27:00-04:00,2022-03-25 15:00:00-04:00,short,14757.37972984562,14738.5,cutoff,18.88,2022-03-22,-3811.51
2022-03-28,2022-03-28 09:31:00-04:00,2022-03-28 09:39:00-04:00,short,14773.78829240921,14863.78829240921,SL,-90.0,2022-03-23,-3901.51
2022-03-29,2022-03-29 10:15:00-04:00,2022-03-29 11:27:00-04:00,short,15057.055654262684,15147.055654262684,SL,-90.0,2022-03-28,-3991.51
2022-03-31,2022-03-31 10:02:00-04:00,2022-03-31 13:13:00-04:00,long,14970.528899214507,14970.528899214507,BE,0.0,2022-03-30,-3991.51
2022-04-01,2022-04-01 09:50:00-04:00,2022-04-01 10:39:00-04:00,long,14854.153631311128,14854.153631311128,BE,0.0,2022-03-29,-3991.51
2022-04-04,2022-04-04 09:40:00-04:00,2022-04-04 10:00:00-04:00,short,14969.360156797778,15059.360156797778,SL,-90.0,2022-03-25,-4081.51
2022-04-05,2022-04-05 09:31:00-04:00,2022-04-05 10:46:00-04:00,short,15120.949102656632,14938.25,TP,182.7,2022-04-01,-3898.81
2022-04-05,2022-04-05 10:53:00-04:00,2022-04-05 15:00:00-04:00,short,14969.360156797778,14870.5,cutoff,98.86,2022-03-25,-3799.95
2022-04-06,2022-04-06 09:44:00-04:00,2022-04-06 12:20:00-04:00,long,14535.264843202222,14445.264843202222,SL,-90.0,2022-03-25,-3889.95
2022-04-07,2022-04-07 09:35:00-04:00,2022-04-07 10:41:00-04:00,long,14535.264843202222,14445.264843202222,SL,-90.0,2022-03-25,-3979.95
2022-04-08,2022-04-08 09:34:00-04:00,2022-04-08 10:31:00-04:00,short,14418.448845951578,14418.448845951578,BE,0.0,2022-03-18,-3979.95
2022-04-11,2022-04-11 09:31:00-04:00,2022-04-11 10:27:00-04:00,long,14161.646099407772,14071.646099407772,SL,-90.0,2022-04-08,-4069.95
2022-04-12,2022-04-12 09:31:00-04:00,2022-04-12 10:37:00-04:00,long,14161.646099407772,14161.646099407772,BE,0.0,2022-04-08,-4069.95
2022-04-12,2022-04-12 10:48:00-04:00,2022-04-12 12:07:00-04:00,long,14121.37027015438,14121.37027015438,BE,0.0,2022-03-22,-4069.95
2022-04-13,2022-04-13 09:47:00-04:00,2022-04-13 15:00:00-04:00,long,14039.052082115206,14204.5,cutoff,165.45,2022-03-21,-3904.5
2022-04-14,2022-04-14 09:40:00-04:00,2022-04-14 10:06:00-04:00,long,14161.646099407772,14071.646099407772,SL,-90.0,2022-04-08,-3994.5
2022-04-18,2022-04-18 09:31:00-04:00,2022-04-18 11:22:00-04:00,long,13887.260336477626,13887.260336477626,BE,0.0,2022-04-14,-3994.5
2022-04-19,2022-04-19 09:31:00-04:00,2022-04-19 10:17:00-04:00,long,13887.260336477626,14072.0,TP,184.74,2022-04-14,-3809.76
2022-04-19,2022-04-19 11:00:00-04:00,2022-04-19 14:11:00-04:00,long,14121.37027015438,14121.37027015438,BE,0.0,2022-03-22,-3809.76
2022-04-20,2022-04-20 09:31:00-04:00,2022-04-20 10:01:00-04:00,short,14264.07134928854,14083.75,TP,180.32,2022-04-19,-3629.44
2022-04-21,2022-04-21 09:34:00-04:00,2022-04-21 11:32:00-04:00,short,14264.07134928854,14077.5,TP,186.57,2022-04-19,-3442.87
2022-04-22,2022-04-22 09:39:00-04:00,2022-04-22 10:22:00-04:00,long,13687.236151831392,13597.236151831392,SL,-90.0,2022-04-13,-3532.87
2022-04-25,2022-04-25 10:40:00-04:00,2022-04-25 11:01:00-04:00,long,13403.10441149463,13313.10441149463,SL,-90.0,2022-04-22,-3622.87
2022-04-26,2022-04-26 09:31:00-04:00,2022-04-26 09:46:00-04:00,long,13403.10441149463,13313.10441149463,SL,-90.0,2022-04-22,-3712.87
2022-04-27,2022-04-27 10:14:00-04:00,2022-04-27 12:34:00-04:00,long,13003.087684320895,13194.75,TP,191.66,2022-04-25,-3521.21
2022-04-29,2022-04-29 09:57:00-04:00,2022-04-29 10:16:00-04:00,long,13403.10441149463,13313.10441149463,SL,-90.0,2022-04-22,-3611.21
2022-05-02,2022-05-02 09:31:00-04:00,2022-05-02 09:38:00-04:00,long,12850.993023867017,12760.993023867017,SL,-90.0,2022-04-28,-3701.21
2022-05-03,2022-05-03 09:31:00-04:00,2022-05-03 10:43:00-04:00,long,13003.087684320895,13003.087684320895,BE,0.0,2022-04-25,-3701.21
2022-05-03,2022-05-03 10:44:00-04:00,2022-05-03 14:42:00-04:00,long,13000.695168842729,13000.695168842729,BE,0.0,2022-04-26,-3701.21
2022-05-04,2022-05-04 10:00:00-04:00,2022-05-04 11:03:00-04:00,long,13003.087684320895,12913.087684320895,SL,-90.0,2022-04-25,-3791.21
2022-05-05,2022-05-05 09:46:00-04:00,2022-05-05 10:22:00-04:00,short,13243.875556755043,13052.75,TP,191.13,2022-05-02,-3600.08
2022-05-05,2022-05-05 10:31:00-04:00,2022-05-05 11:06:00-04:00,long,13003.087684320895,12913.087684320895,SL,-90.0,2022-04-25,-3690.08
2022-05-06,2022-05-06 09:32:00-04:00,2022-05-06 09:35:00-04:00,long,12750.137825006215,12660.137825006215,SL,-90.0,2022-05-03,-3780.08
2022-05-09,2022-05-09 09:31:00-04:00,2022-05-09 10:09:00-04:00,long,12476.874443244957,12386.874443244957,SL,-90.0,2022-05-02,-3870.08
2022-05-10,2022-05-10 09:34:00-04:00,2022-05-10 09:45:00-04:00,long,12476.874443244957,12386.874443244957,SL,-90.0,2022-05-02,-3960.08
2022-05-11,2022-05-11 09:46:00-04:00,2022-05-11 10:52:00-04:00,long,12307.665710997568,12307.665710997568,BE,0.0,2022-05-06,-3960.08
2022-05-12,2022-05-12 09:49:00-04:00,2022-05-12 10:00:00-04:00,long,11852.015796082807,11762.015796082807,SL,-90.0,2022-05-11,-4050.08
2022-05-13,2022-05-13 09:33:00-04:00,2022-05-13 10:30:00-04:00,long,12122.912972747228,12318.25,TP,195.34,2022-05-10,-3854.74
2022-05-13,2022-05-13 10:44:00-04:00,2022-05-13 13:55:00-04:00,long,12307.665710997568,12307.665710997568,BE,0.0,2022-05-06,-3854.74
2022-05-16,2022-05-16 09:31:00-04:00,2022-05-16 09:49:00-04:00,long,12307.665710997568,12217.665710997568,SL,-90.0,2022-05-06,-3944.74
2022-05-17,2022-05-17 09:31:00-04:00,2022-05-17 10:36:00-04:00,long,12476.874443244957,12386.874443244957,SL,-90.0,2022-05-02,-4034.74
2022-05-18,2022-05-18 09:42:00-04:00,2022-05-18 10:29:00-04:00,long,12307.665710997568,12307.665710997568,BE,0.0,2022-05-06,-4034.74
2022-05-18,2022-05-18 10:38:00-04:00,2022-05-18 12:28:00-04:00,short,12268.313117446343,12084.25,TP,184.06,2022-05-12,-3850.68
2022-05-19,2022-05-19 09:46:00-04:00,2022-05-19 11:40:00-04:00,long,11852.015796082807,12033.0,TP,180.98,2022-05-11,-3669.7
2022-05-20,2022-05-20 09:31:00-04:00,2022-05-20 10:08:00-04:00,long,12005.07189869616,11915.07189869616,SL,-90.0,2022-05-16,-3759.7
2022-05-23,2022-05-23 09:32:00-04:00,2022-05-23 15:00:00-04:00,long,11852.015796082807,11995.75,cutoff,143.73,2022-05-11,-3615.97
2022-05-24,2022-05-24 09:37:00-04:00,2022-05-24 09:59:00-04:00,long,11779.567880580866,11689.567880580866,SL,-90.0,2022-05-13,-3705.97
2022-05-25,2022-05-25 09:34:00-04:00,2022-05-25 14:07:00-04:00,long,11779.567880580866,11779.567880580866,BE,0.0,2022-05-13,-3705.97
2022-05-26,2022-05-26 09:43:00-04:00,2022-05-26 10:12:00-04:00,short,12058.985649560062,12148.985649560062,SL,-90.0,2022-05-25,-3795.97
2022-05-27,2022-05-27 09:42:00-04:00,2022-05-27 15:00:00-04:00,long,12476.874443244957,12615.5,cutoff,138.63,2022-05-02,-3657.34
2022-05-30,2022-05-30 09:37:00-04:00,2022-05-30 12:59:00-04:00,long,12750.137825006215,12810.0,cutoff,59.86,2022-05-03,-3597.48
2022-05-31,2022-05-31 09:34:00-04:00,2022-05-31 10:09:00-04:00,long,12581.52690726071,12491.52690726071,SL,-90.0,2022-05-30,-3687.48
2022-06-01,2022-06-01 09:31:00-04:00,2022-06-01 10:38:00-04:00,short,12783.688544628802,12586.75,TP,196.94,2022-05-09,-3490.54
2022-06-01,2022-06-01 10:39:00-04:00,2022-06-01 14:22:00-04:00,short,12595.80310130384,12595.80310130384,BE,0.0,2022-05-16,-3490.54
2022-06-02,2022-06-02 09:49:00-04:00,2022-06-02 10:34:00-04:00,short,12554.182119419134,12554.182119419134,BE,0.0,2022-05-13,-3490.54
2022-06-02,2022-06-02 10:47:00-04:00,2022-06-02 12:42:00-04:00,long,12581.52690726071,12774.5,TP,192.97,2022-05-30,-3297.57
2022-06-03,2022-06-03 09:32:00-04:00,2022-06-03 15:00:00-04:00,short,12705.734203917193,12577.0,cutoff,128.73,2022-05-11,-3168.84
2022-06-06,2022-06-06 09:35:00-04:00,2022-06-06 12:32:00-04:00,short,12748.128693461784,12561.5,TP,186.63,2022-05-17,-2982.21
2022-06-07,2022-06-07 09:31:00-04:00,2022-06-07 10:36:00-04:00,long,12439.248149815852,12631.5,TP,192.25,2022-06-03,-2789.96
2022-06-07,2022-06-07 10:46:00-04:00,2022-06-07 15:00:00-04:00,short,12705.734203917193,12666.5,cutoff,39.23,2022-05-11,-2750.73
2022-06-08,2022-06-08 09:49:00-04:00,2022-06-08 10:34:00-04:00,short,12748.128693461784,12748.128693461784,BE,0.0,2022-05-17,-2750.73
2022-06-08,2022-06-08 10:36:00-04:00,2022-06-08 11:21:00-04:00,short,12764.47816450088,12764.47816450088,BE,0.0,2022-06-07,-2750.73
2022-06-09,2022-06-09 09:31:00-04:00,2022-06-09 09:53:00-04:00,short,12554.182119419134,12644.182119419134,SL,-90.0,2022-05-13,-2840.73
2022-06-10,2022-06-10 09:31:00-04:00,2022-06-10 11:04:00-04:00,short,12058.985649560062,11876.25,TP,182.74,2022-05-25,-2657.99
2022-06-13,2022-06-13 09:34:00-04:00,2022-06-13 10:13:00-04:00,long,11557.214238785939,11467.214238785939,SL,-90.0,2022-05-19,-2747.99
2022-06-14,2022-06-14 09:31:00-04:00,2022-06-14 09:43:00-04:00,long,11412.8317476103,11322.8317476103,SL,-90.0,2022-05-24,-2837.99
2022-06-15,2022-06-15 09:36:00-04:00,2022-06-15 14:04:00-04:00,long,11463.889350439938,11463.889350439938,BE,0.0,2022-05-25,-2837.99
2022-06-16,2022-06-16 09:54:00-04:00,2022-06-16 10:43:00-04:00,long,11257.956617134842,11167.956617134842,SL,-90.0,2022-06-15,-2927.99
2022-06-17,2022-06-17 09:31:00-04:00,2022-06-17 10:19:00-04:00,long,11219.639261064722,11219.639261064722,BE,0.0,2022-06-13,-2927.99
2022-06-21,2022-06-21 09:32:00-04:00,2022-06-21 09:41:00-04:00,short,11507.124027557198,11597.124027557198,SL,-90.0,2022-06-17,-3017.99
2022-06-22,2022-06-22 09:31:00-04:00,2022-06-22 09:54:00-04:00,short,11507.124027557198,11597.124027557198,SL,-90.0,2022-06-17,-3107.99
2022-06-23,2022-06-23 09:31:00-04:00,2022-06-23 10:21:00-04:00,short,11673.508306826196,11673.508306826196,BE,0.0,2022-06-14,-3107.99
2022-06-23,2022-06-23 10:51:00-04:00,2022-06-23 12:04:00-04:00,long,11689.07406564783,11599.07406564783,SL,-90.0,2022-06-10,-3197.99
2022-06-24,2022-06-24 09:32:00-04:00,2022-06-24 09:46:00-04:00,short,11874.846477759074,11964.846477759074,SL,-90.0,2022-06-22,-3287.99
2022-06-27,2022-06-27 09:31:00-04:00,2022-06-27 09:35:00-04:00,long,12198.89683549912,12108.89683549912,SL,-90.0,2022-06-07,-3377.99
2022-06-29,2022-06-29 09:45:00-04:00,2022-06-29 15:00:00-04:00,long,11573.314839174785,11660.25,cutoff,86.94,2022-06-24,-3291.05
2022-06-30,2022-06-30 09:33:00-04:00,2022-06-30 11:23:00-04:00,short,11554.674231574641,11554.674231574641,BE,0.0,2022-06-16,-3291.05
2022-07-01,2022-07-01 09:33:00-04:00,2022-07-01 09:57:00-04:00,short,11507.124027557198,11597.124027557198,SL,-90.0,2022-06-17,-3381.05
2022-07-04,2022-07-04 09:44:00-04:00,2022-07-04 11:01:00-04:00,short,11550.179976842752,11550.179976842752,BE,0.0,2022-06-20,-3381.05
2022-07-05,2022-07-05 10:14:00-04:00,2022-07-05 10:41:00-04:00,short,11507.124027557198,11597.124027557198,SL,-90.0,2022-06-17,-3471.05
2022-07-06,2022-07-06 09:31:00-04:00,2022-07-06 10:24:00-04:00,short,11818.83622306228,11818.83622306228,BE,0.0,2022-06-21,-3471.05
2022-07-06,2022-07-06 10:31:00-04:00,2022-07-06 11:21:00-04:00,short,11834.978672108253,11834.978672108253,BE,0.0,2022-06-30,-3471.05
2022-07-07,2022-07-07 09:33:00-04:00,2022-07-07 09:54:00-04:00,short,11946.652302507984,12036.652302507984,SL,-90.0,2022-06-29,-3561.05
2022-07-08,2022-07-08 09:39:00-04:00,2022-07-08 10:38:00-04:00,short,12064.931469469657,12154.931469469657,SL,-90.0,2022-07-06,-3651.05
2022-07-11,2022-07-11 09:37:00-04:00,2022-07-11 10:38:00-04:00,short,11946.652302507984,11946.652302507984,BE,0.0,2022-06-29,-3651.05
2022-07-12,2022-07-12 09:47:00-04:00,2022-07-12 15:00:00-04:00,short,11946.652302507984,11829.5,cutoff,117.15,2022-06-29,-3533.9
2022-07-13,2022-07-13 09:31:00-04:00,2022-07-13 10:43:00-04:00,long,11573.314839174785,11757.75,TP,184.44,2022-06-24,-3349.46
2022-07-13,2022-07-13 10:44:00-04:00,2022-07-13 12:52:00-04:00,short,11796.79142886207,11796.79142886207,BE,0.0,2022-07-01,-3349.46
2022-07-14,2022-07-14 09:31:00-04:00,2022-07-14 10:01:00-04:00,long,11624.902893102582,11534.902893102582,SL,-90.0,2022-07-12,-3439.46
2022-07-15,2022-07-15 09:32:00-04:00,2022-07-15 10:17:00-04:00,short,11946.652302507984,11946.652302507984,BE,0.0,2022-06-29,-3439.46
2022-07-18,2022-07-18 09:46:00-04:00,2022-07-18 11:40:00-04:00,short,12162.60462922617,12162.60462922617,BE,0.0,2022-07-15,-3439.46
2022-07-19,2022-07-19 09:31:00-04:00,2022-07-19 10:26:00-04:00,short,12064.931469469657,12064.931469469657,BE,0.0,2022-07-06,-3439.46
2022-07-20,2022-07-20 09:31:00-04:00,2022-07-20 10:24:00-04:00,short,12267.331807828947,12357.331807828947,SL,-90.0,2022-07-19,-3529.46
2022-07-21,2022-07-21 09:37:00-04:00,2022-07-21 10:00:00-04:00,short,12442.439464275212,12532.439464275212,SL,-90.0,2022-06-27,-3619.46
2022-07-25,2022-07-25 09:38:00-04:00,2022-07-25 15:00:00-04:00,long,12367.146538999308,12292.0,cutoff,-75.15,2022-07-22,-3694.61
2022-07-26,2022-07-26 09:31:00-04:00,2022-07-26 14:53:00-04:00,short,12286.607287286239,12106.25,TP,180.36,2022-07-08,-3514.25
2022-07-27,2022-07-27 09:33:00-04:00,2022-07-27 09:46:00-04:00,short,12292.55352235163,12382.55352235163,SL,-90.0,2022-07-11,-3604.25
2022-07-28,2022-07-28 09:31:00-04:00,2022-07-28 11:24:00-04:00,short,12639.16047529935,12639.16047529935,BE,0.0,2022-07-25,-3604.25
2022-07-29,2022-07-29 09:42:00-04:00,2022-07-29 14:20:00-04:00,short,12860.228461000692,12950.228461000692,SL,-90.0,2022-07-22,-3694.25
2022-08-01,2022-08-01 09:33:00-04:00,2022-08-01 09:42:00-04:00,short,12860.228461000692,12950.228461000692,SL,-90.0,2022-07-22,-3784.25
2022-08-02,2022-08-02 10:11:00-04:00,2022-08-02 10:47:00-04:00,short,12860.228461000692,12950.228461000692,SL,-90.0,2022-07-22,-3874.25
2022-08-03,2022-08-03 09:38:00-04:00,2022-08-03 11:12:00-04:00,short,13088.189952220942,13178.189952220942,SL,-90.0,2022-07-29,-3964.25
2022-08-04,2022-08-04 09:35:00-04:00,2022-08-04 12:28:00-04:00,short,13312.843340278974,13312.843340278974,BE,0.0,2022-08-03,-3964.25
2022-08-05,2022-08-05 10:02:00-04:00,2022-08-05 10:22:00-04:00,short,13213.492773728021,13303.492773728021,SL,-90.0,2022-08-01,-4054.25
2022-08-08,2022-08-08 09:33:00-04:00,2022-08-08 09:52:00-04:00,short,13312.843340278974,13402.843340278974,SL,-90.0,2022-08-03,-4144.25
2022-08-09,2022-08-09 09:31:00-04:00,2022-08-09 12:27:00-04:00,long,13061.266921843504,12971.266921843504,SL,-90.0,2022-08-04,-4234.25
2022-08-10,2022-08-10 09:33:00-04:00,2022-08-10 10:40:00-04:00,short,13312.843340278974,13312.843340278974,BE,0.0,2022-08-03,-4234.25
2022-08-11,2022-08-11 09:32:00-04:00,2022-08-11 15:00:00-04:00,short,13494.733078156496,13320.25,cutoff,174.48,2022-08-04,-4059.77
2022-08-12,2022-08-12 10:10:00-04:00,2022-08-12 11:01:00-04:00,short,13439.758793471228,13439.758793471228,BE,0.0,2022-08-05,-4059.77
2022-08-15,2022-08-15 09:43:00-04:00,2022-08-15 10:28:00-04:00,short,13561.306199819333,13561.306199819333,BE,0.0,2022-08-08,-4059.77
2022-08-16,2022-08-16 09:54:00-04:00,2022-08-16 11:16:00-04:00,short,13606.256169569082,13606.256169569082,BE,0.0,2022-08-12,-4059.77
2022-08-17,2022-08-17 09:32:00-04:00,2022-08-17 14:03:00-04:00,short,13539.715846427483,13539.715846427483,BE,0.0,2022-08-10,-4059.77
2022-08-18,2022-08-18 09:44:00-04:00,2022-08-18 10:40:00-04:00,short,13494.733078156496,13494.733078156496,BE,0.0,2022-08-04,-4059.77
2022-08-19,2022-08-19 09:32:00-04:00,2022-08-19 09:48:00-04:00,long,13416.578272901235,13326.578272901235,SL,-90.0,2022-08-16,-4149.77
2022-08-22,2022-08-22 09:31:00-04:00,2022-08-22 15:00:00-04:00,short,13088.189952220942,12903.5,cutoff,184.69,2022-07-29,-3965.08
2022-08-23,2022-08-23 09:43:00-04:00,2022-08-23 11:01:00-04:00,long,12890.741206528772,12890.741206528772,BE,0.0,2022-08-05,-3965.08
2022-08-24,2022-08-24 09:31:00-04:00,2022-08-24 15:00:00-04:00,long,12890.741206528772,12939.75,cutoff,49.01,2022-08-05,-3916.07
2022-08-25,2022-08-25 10:17:00-04:00,2022-08-25 15:00:00-04:00,long,13061.266921843504,13065.5,cutoff,4.23,2022-08-04,-3911.84
2022-08-26,2022-08-26 09:35:00-04:00,2022-08-26 10:01:00-04:00,long,13148.997800446936,13058.997800446936,SL,-90.0,2022-08-19,-4001.84
2022-08-30,2022-08-30 10:46:00-04:00,2022-08-30 13:12:00-04:00,long,12284.974091751095,12284.974091751095,BE,0.0,2022-08-29,-4001.84
2022-09-02,2022-09-02 10:01:00-04:00,2022-09-02 12:33:00-04:00,long,12284.974091751095,12284.974091751095,BE,0.0,2022-08-29,-4001.84
2022-09-05,2022-09-05 09:36:00-04:00,2022-09-05 12:59:00-04:00,long,12122.82003138804,12136.0,cutoff,13.18,2022-09-02,-3988.66
2022-09-06,2022-09-06 09:32:00-04:00,2022-09-06 09:54:00-04:00,long,12122.82003138804,12032.82003138804,SL,-90.0,2022-09-02,-4078.66
2022-09-07,2022-09-07 09:49:00-04:00,2022-09-07 10:15:00-04:00,long,12122.82003138804,12032.82003138804,SL,-90.0,2022-09-02,-4168.66
2022-09-08,2022-09-08 09:34:00-04:00,2022-09-08 11:00:00-04:00,long,12122.82003138804,12343.25,TP,220.43,2022-09-02,-3948.23
2022-09-09,2022-09-09 09:32:00-04:00,2022-09-09 10:16:00-04:00,short,12452.290778087321,12542.290778087321,SL,-90.0,2022-09-08,-4038.23
2022-09-12,2022-09-12 09:34:00-04:00,2022-09-12 15:00:00-04:00,short,12763.025908248905,12795.5,cutoff,-32.47,2022-08-29,-4070.7
2022-09-13,2022-09-13 09:42:00-04:00,2022-09-13 14:55:00-04:00,short,12452.290778087321,12226.5,TP,225.79,2022-09-08,-3844.91
2022-09-14,2022-09-14 09:33:00-04:00,2022-09-14 10:26:00-04:00,long,12122.82003138804,12122.82003138804,BE,0.0,2022-09-02,-3844.91
2022-09-14,2022-09-14 10:44:00-04:00,2022-09-14 11:29:00-04:00,long,12201.692910855389,12201.692910855389,BE,0.0,2022-09-13,-3844.91
2022-09-15,2022-09-15 09:31:00-04:00,2022-09-15 10:28:00-04:00,long,12122.82003138804,12122.82003138804,BE,0.0,2022-09-02,-3844.91
2022-09-16,2022-09-16 09:40:00-04:00,2022-09-16 10:29:00-04:00,long,11841.776479599794,11841.776479599794,BE,0.0,2022-09-07,-3844.91
2022-09-19,2022-09-19 09:46:00-04:00,2022-09-19 15:00:00-04:00,long,11913.313166161024,11946.25,cutoff,32.94,2022-09-15,-3811.97
2022-09-20,2022-09-20 09:31:00-04:00,2022-09-20 15:00:00-04:00,long,11913.313166161024,11906.25,cutoff,-7.06,2022-09-15,-3819.03
2022-09-21,2022-09-21 09:34:00-04:00,2022-09-21 10:48:00-04:00,long,11943.492632717136,11943.492632717136,BE,0.0,2022-09-05,-3819.03
2022-09-22,2022-09-22 09:37:00-04:00,2022-09-22 10:58:00-04:00,long,11635.459348674045,11545.459348674045,SL,-90.0,2022-09-16,-3909.03
2022-09-23,2022-09-23 09:39:00-04:00,2022-09-23 12:27:00-04:00,long,11406.62824728022,11316.62824728022,SL,-90.0,2022-09-22,-3999.03
2022-09-27,2022-09-27 10:09:00-04:00,2022-09-27 11:23:00-04:00,long,11406.62824728022,11406.62824728022,BE,0.0,2022-09-22,-3999.03
2022-09-28,2022-09-28 10:30:00-04:00,2022-09-28 11:15:00-04:00,long,11406.62824728022,11406.62824728022,BE,0.0,2022-09-22,-3999.03
2022-09-29,2022-09-29 10:03:00-04:00,2022-09-29 14:00:00-04:00,long,11205.345983893674,11115.345983893674,SL,-90.0,2022-09-27,-4089.03
2022-09-30,2022-09-30 09:31:00-04:00,2022-09-30 10:17:00-04:00,long,11200.453623716281,11200.453623716281,BE,0.0,2022-09-23,-4089.03
2022-10-03,2022-10-03 09:31:00-04:00,2022-10-03 15:00:00-04:00,long,11109.481280546639,11343.0,cutoff,233.52,2022-09-26,-3855.51
2022-10-04,2022-10-04 09:49:00-04:00,2022-10-04 15:00:00-04:00,short,11592.732172153286,11636.5,cutoff,-43.77,2022-09-28,-3899.28
2022-10-05,2022-10-05 10:03:00-04:00,2022-10-05 11:36:00-04:00,short,11443.811619535041,11443.811619535041,BE,0.0,2022-09-30,-3899.28
2022-10-06,2022-10-06 09:32:00-04:00,2022-10-06 10:29:00-04:00,long,11620.722659826417,11530.722659826417,SL,-90.0,2022-09-19,-3989.28
2022-10-07,2022-10-07 09:31:00-04:00,2022-10-07 09:57:00-04:00,long,11320.090857567091,11230.090857567091,SL,-90.0,2022-10-06,-4079.28
2022-10-10,2022-10-10 09:31:00-04:00,2022-10-10 09:53:00-04:00,long,11109.481280546639,11019.481280546639,SL,-90.0,2022-09-26,-4169.28
2022-10-11,2022-10-11 09:56:00-04:00,2022-10-11 14:55:00-04:00,long,10839.30938560433,10839.30938560433,BE,0.0,2022-10-03,-4169.28
2022-10-12,2022-10-12 09:31:00-04:00,2022-10-12 10:16:00-04:00,long,10839.30938560433,10839.30938560433,BE,0.0,2022-10-03,-4169.28
2022-10-12,2022-10-12 10:17:00-04:00,2022-10-12 15:00:00-04:00,long,10828.911918928978,10857.0,cutoff,28.09,2022-10-10,-4141.19
2022-10-13,2022-10-13 09:53:00-04:00,2022-10-13 11:16:00-04:00,long,10612.661745419522,10800.0,TP,187.34,2022-10-12,-3953.85
2022-10-14,2022-10-14 09:34:00-04:00,2022-10-14 10:00:00-04:00,long,11109.481280546639,11019.481280546639,SL,-90.0,2022-09-26,-4043.85
2022-10-17,2022-10-17 09:37:00-04:00,2022-10-17 10:34:00-04:00,long,11076.392827846714,11076.392827846714,BE,0.0,2022-09-28,-4043.85
2022-10-17,2022-10-17 10:51:00-04:00,2022-10-17 15:00:00-04:00,long,11058.028823651668,11113.75,cutoff,55.72,2022-10-07,-3988.13
2022-10-18,2022-10-18 09:31:00-04:00,2022-10-18 09:54:00-04:00,long,11406.62824728022,11316.62824728022,SL,-90.0,2022-09-22,-4078.13
2022-10-19,2022-10-19 09:32:00-04:00,2022-10-19 10:21:00-04:00,short,11160.575769298055,11250.575769298055,SL,-90.0,2022-10-11,-4168.13
2022-10-20,2022-10-20 09:31:00-04:00,2022-10-20 10:05:00-04:00,short,11160.575769298055,11250.575769298055,SL,-90.0,2022-10-11,-4258.13
2022-10-21,2022-10-21 09:31:00-04:00,2022-10-21 12:06:00-04:00,long,11007.926225819625,11221.75,TP,213.82,2022-09-29,-4044.31
2022-10-24,2022-10-24 09:32:00-04:00,2022-10-24 10:20:00-04:00,long,11320.090857567091,11230.090857567091,SL,-90.0,2022-10-06,-4134.31
2022-10-25,2022-10-25 09:31:00-04:00,2022-10-25 09:55:00-04:00,short,11564.971176348332,11654.971176348332,SL,-90.0,2022-10-07,-4224.31
2022-10-26,2022-10-26 09:32:00-04:00,2022-10-26 10:19:00-04:00,short,11482.102199235662,11572.102199235662,SL,-90.0,2022-10-20,-4314.31
2022-10-27,2022-10-27 09:32:00-04:00,2022-10-27 10:25:00-04:00,short,11443.811619535041,11443.811619535041,BE,0.0,2022-09-30,-4314.31
2022-10-27,2022-10-27 10:31:00-04:00,2022-10-27 14:24:00-04:00,short,11436.856393169684,11252.75,TP,184.11,2022-10-19,-4130.2
2022-10-28,2022-10-28 09:33:00-04:00,2022-10-28 10:25:00-04:00,short,11282.132898557971,11372.132898557971,SL,-90.0,2022-10-17,-4220.2
2022-10-31,2022-10-31 09:31:00-04:00,2022-10-31 15:00:00-04:00,short,11520.847326126568,11468.5,cutoff,52.35,2022-10-14,-4167.85
2022-11-01,2022-11-01 09:46:00-04:00,2022-11-01 10:58:00-04:00,short,11548.815267270762,11365.0,TP,183.82,2022-10-28,-3984.03
2022-11-02,2022-11-02 09:31:00-04:00,2022-11-02 11:16:00-04:00,long,11320.090857567091,11230.090857567091,SL,-90.0,2022-10-06,-4074.03
2022-11-03,2022-11-03 09:34:00-04:00,2022-11-03 09:54:00-04:00,long,10828.911918928978,10738.911918928978,SL,-90.0,2022-10-10,-4164.03
2022-11-04,2022-11-04 09:32:00-04:00,2022-11-04 09:43:00-04:00,long,10890.143606830316,10800.143606830316,SL,-90.0,2022-10-19,-4254.03
2022-11-07,2022-11-07 09:36:00-05:00,2022-11-07 10:24:00-05:00,long,10890.143606830316,10890.143606830316,BE,0.0,2022-10-19,-4254.03
2022-11-08,2022-11-08 09:33:00-05:00,2022-11-08 13:58:00-05:00,long,11032.598508387524,11032.598508387524,BE,0.0,2022-10-24,-4254.03
2022-11-09,2022-11-09 09:32:00-05:00,2022-11-09 10:33:00-05:00,long,10973.809732729238,10973.809732729238,BE,0.0,2022-10-28,-4254.03
2022-11-10,2022-11-10 09:41:00-05:00,2022-11-10 12:05:00-05:00,long,11295.296535945847,11476.75,TP,181.45,2022-10-25,-4072.58
2022-11-11,2022-11-11 09:45:00-05:00,2022-11-11 10:20:00-05:00,short,11657.433404218707,11747.433404218707,SL,-90.0,2022-10-18,-4162.58
2022-11-14,2022-11-14 09:35:00-05:00,2022-11-14 12:16:00-05:00,short,11747.73290059356,11837.73290059356,SL,-90.0,2022-10-26,-4252.58
2022-11-16,2022-11-16 09:31:00-05:00,2022-11-16 10:19:00-05:00,long,11815.542669975848,11725.542669975848,SL,-90.0,2022-11-15,-4342.58
2022-11-17,2022-11-17 09:36:00-05:00,2022-11-17 15:00:00-05:00,long,11592.448534422849,11683.75,cutoff,91.3,2022-11-16,-4251.28
2022-11-18,2022-11-18 09:49:00-05:00,2022-11-18 15:00:00-05:00,short,11747.73290059356,11668.0,cutoff,79.73,2022-10-26,-4171.55
2022-11-21,2022-11-21 09:35:00-05:00,2022-11-21 15:00:00-05:00,short,11642.144347547288,11588.75,cutoff,53.39,2022-11-10,-4118.16
2022-11-22,2022-11-22 09:31:00-05:00,2022-11-22 10:32:00-05:00,long,11592.448534422849,11592.448534422849,BE,0.0,2022-11-16,-4118.16
2022-11-22,2022-11-22 10:49:00-05:00,2022-11-22 11:41:00-05:00,short,11642.144347547288,11642.144347547288,BE,0.0,2022-11-10,-4118.16
2022-11-23,2022-11-23 09:37:00-05:00,2022-11-23 10:43:00-05:00,short,11790.142005674923,11880.142005674923,SL,-90.0,2022-11-22,-4208.16
2022-11-24,2022-11-24 09:42:00-05:00,2022-11-24 12:59:00-05:00,short,11911.900365803349,11910.75,cutoff,1.15,2022-11-11,-4207.01
2022-11-25,2022-11-25 09:31:00-05:00,2022-11-25 11:28:00-05:00,long,11787.196029486602,11787.196029486602,BE,0.0,2022-11-24,-4207.01
2022-11-29,2022-11-29 09:35:00-05:00,2022-11-29 10:55:00-05:00,long,11592.448534422849,11592.448534422849,BE,0.0,2022-11-16,-4207.01
2022-11-30,2022-11-30 09:31:00-05:00,2022-11-30 10:45:00-05:00,long,11531.556497706162,11531.556497706162,BE,0.0,2022-11-28,-4207.01
2022-12-01,2022-12-01 09:31:00-05:00,2022-12-01 10:00:00-05:00,short,12047.663495039484,12137.663495039484,SL,-90.0,2022-11-18,-4297.01
2022-12-02,2022-12-02 09:33:00-05:00,2022-12-02 15:00:00-05:00,short,11911.900365803349,11988.5,cutoff,-76.6,2022-11-11,-4373.61
2022-12-05,2022-12-05 09:35:00-05:00,2022-12-05 15:00:00-05:00,short,11951.589013564688,11768.0,cutoff,183.59,2022-11-25,-4190.02
2022-12-06,2022-12-06 09:31:00-05:00,2022-12-06 09:54:00-05:00,long,11787.196029486602,11697.196029486602,SL,-90.0,2022-11-24,-4280.02
2022-12-07,2022-12-07 09:35:00-05:00,2022-12-07 10:00:00-05:00,long,11549.211504960516,11459.211504960516,SL,-90.0,2022-11-18,-4370.02
2022-12-08,2022-12-08 09:31:00-05:00,2022-12-08 15:00:00-05:00,long,11555.739174620234,11626.5,cutoff,70.76,2022-11-14,-4299.26
2022-12-09,2022-12-09 09:31:00-05:00,2022-12-09 15:00:00-05:00,long,11592.448534422849,11658.0,cutoff,65.55,2022-11-16,-4233.71
2022-12-12,2022-12-12 09:32:00-05:00,2022-12-12 10:28:00-05:00,short,11702.160192032788,11702.160192032788,BE,0.0,2022-11-30,-4233.71
2022-12-12,2022-12-12 10:30:00-05:00,2022-12-12 15:00:00-05:00,long,11677.698355199149,11761.75,cutoff,84.05,2022-12-02,-4149.66
2022-12-13,2022-12-13 10:32:00-05:00,2022-12-13 12:19:00-05:00,short,12101.919002100312,11899.0,TP,202.92,2022-12-05,-3946.74
2022-12-14,2022-12-14 09:31:00-05:00,2022-12-14 10:11:00-05:00,short,11951.589013564688,12041.589013564688,SL,-90.0,2022-11-25,-4036.74
2022-12-15,2022-12-15 09:31:00-05:00,2022-12-15 11:18:00-05:00,short,11702.160192032788,11485.75,TP,216.41,2022-11-30,-3820.33
2022-12-16,2022-12-16 09:33:00-05:00,2022-12-16 10:24:00-05:00,long,11443.71813437147,11353.71813437147,SL,-90.0,2022-11-21,-3910.33
2022-12-19,2022-12-19 09:32:00-05:00,2022-12-19 11:00:00-05:00,long,11315.876460299049,11225.876460299049,SL,-90.0,2022-12-08,-4000.33
2022-12-20,2022-12-20 09:32:00-05:00,2022-12-20 11:17:00-05:00,long,11121.328961004048,11121.328961004048,BE,0.0,2022-12-19,-4000.33
2022-12-21,2022-12-21 09:32:00-05:00,2022-12-21 15:00:00-05:00,long,11199.22694931163,11340.75,cutoff,141.52,2022-12-16,-3858.81
2022-12-22,2022-12-22 09:39:00-05:00,2022-12-22 10:13:00-05:00,long,11121.328961004048,11031.328961004048,SL,-90.0,2022-12-19,-3948.81
2022-12-23,2022-12-23 09:33:00-05:00,2022-12-23 09:36:00-05:00,long,11036.300929721321,10946.300929721321,SL,-90.0,2022-12-21,-4038.81
2022-12-27,2022-12-27 09:45:00-05:00,2022-12-27 13:56:00-05:00,long,10915.475907871558,10915.475907871558,BE,0.0,2022-12-20,-4038.81
2022-12-28,2022-12-28 10:26:00-05:00,2022-12-28 11:00:00-05:00,long,10915.475907871558,10825.475907871558,SL,-90.0,2022-12-20,-4128.81
2022-12-29,2022-12-29 09:36:00-05:00,2022-12-29 15:00:00-05:00,long,10906.194220248482,11030.25,cutoff,124.06,2022-12-22,-4004.75
2022-12-30,2022-12-30 09:31:00-05:00,2022-12-30 15:00:00-05:00,long,10915.475907871558,10904.75,cutoff,-10.73,2022-12-20,-4015.48
2023-01-03,2023-01-03 09:33:00-05:00,2023-01-03 10:30:00-05:00,short,11119.219818904501,10936.0,TP,183.22,2022-12-28,-3832.26
2023-01-03,2023-01-03 10:31:00-05:00,2023-01-03 15:00:00-05:00,long,10915.475907871558,10938.0,cutoff,22.52,2022-12-20,-3809.74
2023-01-04,2023-01-04 09:42:00-05:00,2023-01-04 10:00:00-05:00,long,11036.300929721321,10946.300929721321,SL,-90.0,2022-12-21,-3899.74
2023-01-05,2023-01-05 09:31:00-05:00,2023-01-05 09:47:00-05:00,long,10906.194220248482,10816.194220248482,SL,-90.0,2022-12-22,-3989.74
2023-01-06,2023-01-06 09:36:00-05:00,2023-01-06 09:39:00-05:00,long,10915.475907871558,10825.475907871558,SL,-90.0,2022-12-20,-4079.74
2023-01-09,2023-01-09 09:31:00-05:00,2023-01-09 10:03:00-05:00,short,11232.564966598495,11322.564966598495,SL,-90.0,2022-12-27,-4169.74
2023-01-10,2023-01-10 09:33:00-05:00,2023-01-10 10:29:00-05:00,long,11199.22694931163,11199.22694931163,BE,0.0,2022-12-16,-4169.74
2023-01-10,2023-01-10 10:45:00-05:00,2023-01-10 15:00:00-05:00,long,11121.328961004048,11249.25,cutoff,127.92,2022-12-19,-4041.82
2023-01-11,2023-01-11 10:10:00-05:00,2023-01-11 11:15:00-05:00,short,11365.024092128442,11365.024092128442,BE,0.0,2022-12-20,-4041.82
2023-01-12,2023-01-12 09:37:00-05:00,2023-01-12 12:12:00-05:00,short,11423.199070278679,11513.199070278679,SL,-90.0,2022-12-21,-4131.82
2023-01-13,2023-01-13 09:33:00-05:00,2023-01-13 10:24:00-05:00,short,11430.629767914592,11520.629767914592,SL,-90.0,2023-01-09,-4221.82
2023-01-17,2023-01-17 10:00:00-05:00,2023-01-17 12:05:00-05:00,short,11631.48996521479,11631.48996521479,BE,0.0,2023-01-13,-4221.82
2023-01-18,2023-01-18 09:31:00-05:00,2023-01-18 13:26:00-05:00,short,11716.054661598511,11505.25,TP,210.8,2023-01-12,-4011.02
2023-01-19,2023-01-19 09:31:00-05:00,2023-01-19 10:56:00-05:00,long,11413.349099754087,11323.349099754087,SL,-90.0,2023-01-17,-4101.02
2023-01-20,2023-01-20 09:33:00-05:00,2023-01-20 10:30:00-05:00,short,11402.930779751518,11492.930779751518,SL,-90.0,2022-12-22,-4191.02
2023-01-23,2023-01-23 09:35:00-05:00,2023-01-23 09:52:00-05:00,short,11716.054661598511,11806.054661598511,SL,-90.0,2023-01-12,-4281.02
2023-01-24,2023-01-24 09:32:00-05:00,2023-01-24 15:00:00-05:00,short,11869.08571788345,11918.25,cutoff,-49.16,2023-01-18,-4330.18
2023-01-25,2023-01-25 09:32:00-05:00,2023-01-25 15:00:00-05:00,long,11693.33517488565,11859.0,cutoff,165.66,2023-01-24,-4164.52
2023-01-26,2023-01-26 09:32:00-05:00,2023-01-26 14:42:00-05:00,short,12061.53982511435,12061.53982511435,BE,0.0,2023-01-24,-4164.52
2023-01-30,2023-01-30 10:25:00-05:00,2023-01-30 11:16:00-05:00,short,12061.53982511435,12061.53982511435,BE,0.0,2023-01-24,-4164.52
2023-01-31,2023-01-31 10:30:00-05:00,2023-01-31 15:00:00-05:00,short,12061.53982511435,12111.5,cutoff,-49.96,2023-01-24,-4214.48
2023-02-06,2023-02-06 10:20:00-05:00,2023-02-06 15:00:00-05:00,long,12500.098735179718,12530.5,cutoff,30.4,2023-02-02,-4184.08
2023-02-07,2023-02-07 09:31:00-05:00,2023-02-07 12:52:00-05:00,long,12500.098735179718,12694.75,TP,194.65,2023-02-02,-3989.43
2023-02-08,2023-02-08 09:36:00-05:00,2023-02-08 15:00:00-05:00,short,12719.843876099361,12566.75,cutoff,153.09,2023-02-06,-3836.34
2023-02-09,2023-02-09 09:36:00-05:00,2023-02-09 14:42:00-05:00,short,12679.456137181118,12477.25,TP,202.21,2023-02-07,-3634.13
2023-02-10,2023-02-10 09:40:00-05:00,2023-02-10 10:45:00-05:00,long,12340.168862818882,12340.168862818882,BE,0.0,2023-02-07,-3634.13
2023-02-10,2023-02-10 10:52:00-05:00,2023-02-10 11:37:00-05:00,long,12320.31182394092,12320.31182394092,BE,0.0,2023-02-03,-3634.13
2023-02-13,2023-02-13 10:53:00-05:00,2023-02-13 14:47:00-05:00,long,12492.511587784786,12492.511587784786,BE,0.0,2023-02-09,-3634.13
2023-02-14,2023-02-14 09:42:00-05:00,2023-02-14 10:38:00-05:00,long,12500.098735179718,12500.098735179718,BE,0.0,2023-02-02,-3634.13
2023-02-14,2023-02-14 10:39:00-05:00,2023-02-14 11:26:00-05:00,long,12492.511587784786,12492.511587784786,BE,0.0,2023-02-09,-3634.13
2023-02-15,2023-02-15 09:42:00-05:00,2023-02-15 11:06:00-05:00,short,12614.653492198106,12614.653492198106,BE,0.0,2023-02-13,-3634.13
2023-02-16,2023-02-16 09:37:00-05:00,2023-02-16 15:00:00-05:00,long,12500.098735179718,12652.25,cutoff,152.15,2023-02-02,-3481.98
2023-02-17,2023-02-17 09:37:00-05:00,2023-02-17 10:22:00-05:00,long,12377.141552724202,12377.141552724202,BE,0.0,2023-02-15,-3481.98
2023-02-17,2023-02-17 10:42:00-05:00,2023-02-17 15:00:00-05:00,long,12344.34054521155,12391.25,cutoff,46.91,2023-02-16,-3435.07
2023-02-20,2023-02-20 10:10:00-05:00,2023-02-20 12:59:00-05:00,long,12377.141552724202,12366.75,cutoff,-10.39,2023-02-15,-3445.46
2023-02-21,2023-02-21 09:39:00-05:00,2023-02-21 11:11:00-05:00,long,12259.764318305486,12169.764318305486,SL,-90.0,2023-02-20,-3535.46
2023-02-22,2023-02-22 09:31:00-05:00,2023-02-22 15:00:00-05:00,long,12122.640010897961,12063.25,cutoff,-59.39,2023-02-10,-3594.85
2023-02-23,2023-02-23 09:38:00-05:00,2023-02-23 10:51:00-05:00,long,12200.096507801894,12110.096507801894,SL,-90.0,2023-02-13,-3684.85
2023-02-24,2023-02-24 09:44:00-05:00,2023-02-24 15:00:00-05:00,long,11986.569081537058,12006.0,cutoff,19.43,2023-02-01,-3665.42
2023-02-27,2023-02-27 09:31:00-05:00,2023-02-27 10:36:00-05:00,long,12122.640010897961,12122.640010897961,BE,0.0,2023-02-10,-3665.42
2023-02-28,2023-02-28 09:34:00-05:00,2023-02-28 15:00:00-05:00,long,12041.934029496524,12124.5,cutoff,82.57,2023-02-21,-3582.85
2023-03-01,2023-03-01 09:32:00-05:00,2023-03-01 11:08:00-05:00,long,12041.934029496524,11951.934029496524,SL,-90.0,2023-02-21,-3672.85
2023-03-02,2023-03-02 09:55:00-05:00,2023-03-02 10:42:00-05:00,long,11896.630632581931,11896.630632581931,BE,0.0,2023-02-28,-3672.85
2023-03-03,2023-03-03 09:35:00-05:00,2023-03-03 15:00:00-05:00,long,12122.640010897961,12304.75,cutoff,182.11,2023-02-10,-3490.74
2023-03-06,2023-03-06 09:34:00-05:00,2023-03-06 13:09:00-05:00,long,12377.141552724202,12377.141552724202,BE,0.0,2023-02-15,-3490.74
2023-03-07,2023-03-07 09:33:00-05:00,2023-03-07 15:00:00-05:00,short,12335.463802876478,12146.5,cutoff,188.96,2023-02-22,-3301.78
2023-03-08,2023-03-08 09:31:00-05:00,2023-03-08 10:01:00-05:00,long,12200.096507801894,12110.096507801894,SL,-90.0,2023-02-13,-3391.78
2023-03-09,2023-03-09 09:47:00-05:00,2023-03-09 10:32:00-05:00,short,12315.940277770056,12315.940277770056,BE,0.0,2023-02-27,-3391.78
2023-03-09,2023-03-09 10:33:00-05:00,2023-03-09 13:43:00-05:00,short,12335.463802876478,12153.75,TP,181.71,2023-02-22,-3210.07
2023-03-10,2023-03-10 09:31:00-05:00,2023-03-10 09:43:00-05:00,long,11990.36684265277,11900.36684265277,SL,-90.0,2023-03-08,-3300.07
2023-03-13,2023-03-13 09:31:00-04:00,2023-03-13 11:02:00-04:00,long,11892.536197123522,12087.5,TP,194.96,2023-02-22,-3105.11
2023-03-14,2023-03-14 09:35:00-04:00,2023-03-14 10:28:00-04:00,short,12213.8751113092,12303.8751113092,SL,-90.0,2023-03-10,-3195.11
2023-03-15,2023-03-15 09:31:00-04:00,2023-03-15 10:59:00-04:00,short,12238.518763479362,12238.518763479362,BE,0.0,2023-03-01,-3195.11
2023-03-16,2023-03-16 09:31:00-04:00,2023-03-16 10:01:00-04:00,short,12344.409548221498,12434.409548221498,SL,-90.0,2023-03-03,-3285.11
2023-03-20,2023-03-20 09:38:00-04:00,2023-03-20 11:02:00-04:00,short,12574.322326522724,12664.322326522724,SL,-90.0,2023-03-16,-3375.11
2023-03-21,2023-03-21 09:32:00-04:00,2023-03-21 13:28:00-04:00,short,12804.894940581522,12804.894940581522,BE,0.0,2023-03-20,-3375.11
2023-03-23,2023-03-23 10:27:00-04:00,2023-03-23 14:45:00-04:00,short,12950.11013849888,12763.5,TP,186.61,2023-03-17,-3188.5
2023-03-24,2023-03-24 09:34:00-04:00,2023-03-24 10:26:00-04:00,short,12804.894940581522,12804.894940581522,BE,0.0,2023-03-20,-3188.5
2023-03-27,2023-03-27 09:46:00-04:00,2023-03-27 15:00:00-04:00,short,12950.11013849888,12856.25,cutoff,93.86,2023-03-17,-3094.64
2023-03-28,2023-03-28 09:33:00-04:00,2023-03-28 13:47:00-04:00,long,12736.870630244797,12646.870630244797,SL,-90.0,2023-03-27,-3184.64
2023-03-30,2023-03-30 09:32:00-04:00,2023-03-30 10:21:00-04:00,short,13064.150579592297,13064.150579592297,BE,0.0,2023-03-22,-3184.64
2023-03-30,2023-03-30 10:24:00-04:00,2023-03-30 15:00:00-04:00,short,13081.252403799639,13066.25,cutoff,15.0,2023-03-23,-3169.64
2023-03-31,2023-03-31 09:31:00-04:00,2023-03-31 11:21:00-04:00,short,13102.629369755203,13192.629369755203,SL,-90.0,2023-03-27,-3259.64
2023-04-03,2023-04-03 09:33:00-04:00,2023-04-03 15:00:00-04:00,short,13229.398844923153,13225.25,cutoff,4.15,2023-03-30,-3255.49
2023-04-04,2023-04-04 09:36:00-04:00,2023-04-04 10:21:00-04:00,short,13276.531225931143,13276.531225931143,BE,0.0,2023-03-31,-3255.49
2023-04-05,2023-04-05 10:19:00-04:00,2023-04-05 12:26:00-04:00,long,13100.946936245124,13010.946936245124,SL,-90.0,2023-04-04,-3345.49
2023-04-06,2023-04-06 09:31:00-04:00,2023-04-06 11:39:00-04:00,short,13008.379541218379,13098.379541218379,SL,-90.0,2023-03-24,-3435.49
2023-04-10,2023-04-10 09:37:00-04:00,2023-04-10 10:22:00-04:00,short,13008.379541218379,13008.379541218379,BE,0.0,2023-03-24,-3435.49
2023-04-11,2023-04-11 09:42:00-04:00,2023-04-11 15:00:00-04:00,long,13100.946936245124,13127.25,cutoff,26.3,2023-04-04,-3409.19
2023-04-12,2023-04-12 09:41:00-04:00,2023-04-12 10:56:00-04:00,long,13100.946936245124,13010.946936245124,SL,-90.0,2023-04-04,-3499.19
2023-04-13,2023-04-13 09:31:00-04:00,2023-04-13 10:17:00-04:00,short,13044.435005252406,13134.435005252406,SL,-90.0,2023-03-29,-3589.19
2023-04-14,2023-04-14 09:38:00-04:00,2023-04-14 15:00:00-04:00,short,13194.007949922367,13167.5,cutoff,26.51,2023-04-06,-3562.68
2023-04-17,2023-04-17 09:36:00-04:00,2023-04-17 15:00:00-04:00,short,13194.007949922367,13143.25,cutoff,50.76,2023-04-06,-3511.92
2023-04-18,2023-04-18 09:31:00-04:00,2023-04-18 15:00:00-04:00,short,13276.531225931143,13159.25,cutoff,117.28,2023-03-31,-3394.64
2023-04-19,2023-04-19 09:33:00-04:00,2023-04-19 12:15:00-04:00,short,13102.629369755203,13192.629369755203,SL,-90.0,2023-03-27,-3484.64
2023-04-20,2023-04-20 09:32:00-04:00,2023-04-20 12:58:00-04:00,short,13081.252403799639,13171.252403799639,SL,-90.0,2023-03-23,-3574.64
2023-04-21,2023-04-21 09:34:00-04:00,2023-04-21 15:00:00-04:00,long,13062.13261025822,13086.75,cutoff,24.62,2023-04-03,-3550.02
2023-04-24,2023-04-24 09:31:00-04:00,2023-04-24 10:35:00-04:00,long,13062.13261025822,13062.13261025822,BE,0.0,2023-04-03,-3550.02
2023-04-24,2023-04-24 10:36:00-04:00,2023-04-24 15:00:00-04:00,long,13049.068378614229,13052.5,cutoff,3.43,2023-04-18,-3546.59
2023-04-25,2023-04-25 09:46:00-04:00,2023-04-25 13:15:00-04:00,long,12969.69249010037,12879.69249010037,SL,-90.0,2023-04-05,-3636.59
2023-04-26,2023-04-26 09:31:00-04:00,2023-04-26 15:00:00-04:00,long,12931.882433696444,12887.75,cutoff,-44.13,2023-04-24,-3680.72
2023-04-27,2023-04-27 09:33:00-04:00,2023-04-27 15:00:00-04:00,long,13017.100469293404,13236.25,cutoff,219.15,2023-04-17,-3461.57
2023-04-28,2023-04-28 09:31:00-04:00,2023-04-28 15:00:00-04:00,short,13239.617566303556,13285.25,cutoff,-45.63,2023-04-24,-3507.2
2023-05-01,2023-05-01 09:50:00-04:00,2023-05-01 10:56:00-04:00,short,13317.369563930908,13317.369563930908,BE,0.0,2023-04-11,-3507.2
2023-05-01,2023-05-01 10:58:00-04:00,2023-05-01 12:28:00-04:00,short,13317.524530706596,13317.524530706596,BE,0.0,2023-04-17,-3507.2
2023-05-02,2023-05-02 10:12:00-04:00,2023-05-02 15:00:00-04:00,short,13239.617566303556,13205.75,cutoff,33.87,2023-04-24,-3473.33
2023-05-03,2023-05-03 09:34:00-04:00,2023-05-03 14:26:00-04:00,short,13195.157886365982,13285.157886365982,SL,-90.0,2023-04-10,-3563.33
2023-05-04,2023-05-04 09:32:00-04:00,2023-05-04 15:00:00-04:00,long,13049.068378614229,13060.5,cutoff,11.43,2023-04-18,-3551.9
2023-05-05,2023-05-05 09:31:00-04:00,2023-05-05 10:09:00-04:00,short,13135.420594916273,13225.420594916273,SL,-90.0,2023-04-25,-3641.9
2023-05-10,2023-05-10 09:32:00-04:00,2023-05-10 15:00:00-04:00,short,13410.064913270078,13394.25,cutoff,15.81,2023-04-28,-3626.09
2023-05-11,2023-05-11 09:45:00-04:00,2023-05-11 10:48:00-04:00,short,13410.064913270078,13410.064913270078,BE,0.0,2023-04-28,-3626.09
2023-05-11,2023-05-11 10:55:00-04:00,2023-05-11 15:00:00-04:00,short,13411.199002032656,13464.25,cutoff,-53.05,2023-05-09,-3679.14
2023-05-12,2023-05-12 09:51:00-04:00,2023-05-12 15:00:00-04:00,short,13458.181621385771,13343.5,cutoff,114.68,2023-04-18,-3564.46
2023-05-15,2023-05-15 09:31:00-04:00,2023-05-15 11:12:00-04:00,short,13410.064913270078,13410.064913270078,BE,0.0,2023-04-28,-3564.46
2023-05-16,2023-05-16 09:31:00-04:00,2023-05-16 11:52:00-04:00,short,13454.855520657635,13544.855520657635,SL,-90.0,2023-05-02,-3654.46
2023-05-19,2023-05-19 10:09:00-04:00,2023-05-19 10:54:00-04:00,short,13876.997621295763,13876.997621295763,BE,0.0,2023-05-18,-3654.46
2023-05-22,2023-05-22 09:34:00-04:00,2023-05-22 15:00:00-04:00,short,13876.997621295763,13922.25,cutoff,-45.25,2023-05-18,-3699.71
2023-05-23,2023-05-23 09:56:00-04:00,2023-05-23 15:00:00-04:00,short,13876.997621295763,13742.0,cutoff,135.0,2023-05-18,-3564.71
2023-05-24,2023-05-24 09:34:00-04:00,2023-05-24 15:00:00-04:00,short,13654.647370426488,13613.5,cutoff,41.15,2023-05-17,-3523.56
2023-05-25,2023-05-25 09:38:00-04:00,2023-05-25 10:28:00-04:00,short,13876.997621295763,13876.997621295763,BE,0.0,2023-05-18,-3523.56
2023-05-26,2023-05-26 09:33:00-04:00,2023-05-26 10:00:00-04:00,short,14037.217523662237,14127.217523662237,SL,-90.0,2023-05-19,-3613.56
2023-05-30,2023-05-30 09:33:00-04:00,2023-05-30 15:00:00-04:00,short,14500.603669049202,14423.75,cutoff,76.85,2023-05-29,-3536.71
2023-05-31,2023-05-31 10:50:00-04:00,2023-05-31 13:30:00-04:00,short,14320.83787356036,14320.83787356036,BE,0.0,2023-05-26,-3536.71
2023-06-01,2023-06-01 09:35:00-04:00,2023-06-01 13:24:00-04:00,long,14264.119260834668,14451.75,TP,187.63,2023-05-30,-3349.08
2023-06-02,2023-06-02 09:48:00-04:00,2023-06-02 10:43:00-04:00,short,14550.866559532675,14550.866559532675,BE,0.0,2023-05-31,-3349.08
2023-06-06,2023-06-06 09:48:00-04:00,2023-06-06 15:00:00-04:00,short,14550.866559532675,14585.5,cutoff,-34.63,2023-05-31,-3383.71
2023-06-07,2023-06-07 10:29:00-04:00,2023-06-07 13:44:00-04:00,short,14550.866559532675,14363.25,TP,187.62,2023-05-31,-3196.09
2023-06-08,2023-06-08 10:07:00-04:00,2023-06-08 15:00:00-04:00,long,14398.542957657737,14484.0,cutoff,85.46,2023-06-06,-3110.63
2023-06-12,2023-06-12 09:33:00-04:00,2023-06-12 10:23:00-04:00,short,14796.265242329355,14796.265242329355,BE,0.0,2023-06-07,-3110.63
2023-06-16,2023-06-16 09:38:00-04:00,2023-06-16 15:00:00-04:00,short,15385.305026003243,15313.75,cutoff,71.56,2023-06-15,-3039.07
2023-06-20,2023-06-20 09:48:00-04:00,2023-06-20 15:00:00-04:00,short,15302.861882702957,15248.75,cutoff,54.11,2023-06-13,-2984.96
2023-06-21,2023-06-21 09:56:00-04:00,2023-06-21 10:50:00-04:00,long,15127.861700125628,15037.861700125628,SL,-90.0,2023-06-19,-3074.96
2023-06-22,2023-06-22 10:15:00-04:00,2023-06-22 15:00:00-04:00,long,15127.861700125628,15189.5,cutoff,61.64,2023-06-19,-3013.32
2023-06-26,2023-06-26 10:00:00-04:00,2023-06-26 10:41:00-04:00,long,15127.861700125628,15037.861700125628,SL,-90.0,2023-06-19,-3103.32
2023-06-27,2023-06-27 09:31:00-04:00,2023-06-27 10:24:00-04:00,short,14933.600874196422,14933.600874196422,BE,0.0,2023-06-12,-3103.32
2023-06-27,2023-06-27 10:29:00-04:00,2023-06-27 15:00:00-04:00,long,14948.069973996757,15106.0,cutoff,157.93,2023-06-15,-2945.39
2023-06-28,2023-06-28 09:42:00-04:00,2023-06-28 10:39:00-04:00,short,15097.764370310375,15187.764370310375,SL,-90.0,2023-06-27,-3035.39
2023-06-29,2023-06-29 09:32:00-04:00,2023-06-29 10:22:00-04:00,short,15097.764370310375,15097.764370310375,BE,0.0,2023-06-27,-3035.39
2023-06-30,2023-06-30 09:31:00-04:00,2023-06-30 10:15:00-04:00,short,15255.780357455948,15345.780357455948,SL,-90.0,2023-06-22,-3125.39
2023-07-03,2023-07-03 09:31:00-04:00,2023-07-03 10:23:00-04:00,short,15364.888299874372,15364.888299874372,BE,0.0,2023-06-19,-3125.39
2023-07-04,2023-07-04 09:34:00-04:00,2023-07-04 12:59:00-04:00,short,15364.888299874372,15344.5,cutoff,20.39,2023-06-19,-3105.0
2023-07-05,2023-07-05 09:41:00-04:00,2023-07-05 15:00:00-04:00,short,15364.888299874372,15375.0,cutoff,-10.11,2023-06-19,-3115.11
2023-07-06,2023-07-06 09:31:00-04:00,2023-07-06 12:34:00-04:00,short,15212.592497052523,15212.592497052523,BE,0.0,2023-06-23,-3115.11
2023-07-07,2023-07-07 09:32:00-04:00,2023-07-07 10:17:00-04:00,long,15217.434278627898,15217.434278627898,BE,0.0,2023-07-03,-3115.11
2023-07-07,2023-07-07 10:25:00-04:00,2023-07-07 15:00:00-04:00,long,15222.97180417187,15301.25,cutoff,78.28,2023-06-16,-3036.83
2023-07-10,2023-07-10 09:32:00-04:00,2023-07-10 15:00:00-04:00,short,15212.592497052523,15188.5,cutoff,24.09,2023-06-23,-3012.74
2023-07-11,2023-07-11 09:34:00-04:00,2023-07-11 11:03:00-04:00,short,15212.592497052523,15212.592497052523,BE,0.0,2023-06-23,-3012.74
2023-07-12,2023-07-12 09:48:00-04:00,2023-07-12 15:00:00-04:00,short,15454.584264870435,15452.0,cutoff,2.58,2023-06-20,-3010.16
2023-07-17,2023-07-17 09:59:00-04:00,2023-07-17 14:20:00-04:00,short,15737.212499807722,15827.212499807722,SL,-90.0,2023-07-13,-3100.16
2023-07-20,2023-07-20 10:00:00-04:00,2023-07-20 10:24:00-04:00,long,15853.012583429381,15763.012583429381,SL,-90.0,2023-07-19,-3190.16
2023-07-21,2023-07-21 09:52:00-04:00,2023-07-21 15:00:00-04:00,long,15627.390811500729,15575.75,cutoff,-51.64,2023-07-18,-3241.8
2023-07-24,2023-07-24 09:32:00-04:00,2023-07-24 09:53:00-04:00,long,15602.940801120098,15512.940801120098,SL,-90.0,2023-07-20,-3331.8
2023-07-25,2023-07-25 09:35:00-04:00,2023-07-25 14:30:00-04:00,short,15629.844376715555,15719.844376715555,SL,-90.0,2023-07-12,-3421.8
2023-07-26,2023-07-26 09:31:00-04:00,2023-07-26 10:58:00-04:00,long,15627.390811500729,15537.390811500729,SL,-90.0,2023-07-18,-3511.8
2023-07-27,2023-07-27 09:35:00-04:00,2023-07-27 10:59:00-04:00,long,15853.012583429381,15763.012583429381,SL,-90.0,2023-07-19,-3601.8
2023-07-28,2023-07-28 09:31:00-04:00,2023-07-28 10:02:00-04:00,short,15737.212499807722,15827.212499807722,SL,-90.0,2023-07-13,-3691.8
2023-07-31,2023-07-31 09:34:00-04:00,2023-07-31 15:00:00-04:00,long,15853.012583429381,15850.75,cutoff,-2.26,2023-07-19,-3694.06
2023-08-01,2023-08-01 09:32:00-04:00,2023-08-01 10:28:00-04:00,short,15778.833445787948,15778.833445787948,BE,0.0,2023-07-25,-3694.06
2023-08-02,2023-08-02 09:34:00-04:00,2023-08-02 10:14:00-04:00,long,15627.390811500729,15537.390811500729,SL,-90.0,2023-07-18,-3784.06
2023-08-03,2023-08-03 09:32:00-04:00,2023-08-03 11:51:00-04:00,short,15390.16854075785,15480.16854075785,SL,-90.0,2023-07-11,-3874.06
2023-08-04,2023-08-04 09:34:00-04:00,2023-08-04 09:56:00-04:00,long,15547.187672567197,15457.187672567197,SL,-90.0,2023-07-14,-3964.06
2023-08-07,2023-08-07 09:31:00-04:00,2023-08-07 11:18:00-04:00,long,15440.166554212052,15350.166554212052,SL,-90.0,2023-07-25,-4054.06
2023-08-08,2023-08-08 09:31:00-04:00,2023-08-08 10:01:00-04:00,long,15359.097887679556,15269.097887679556,SL,-90.0,2023-07-24,-4144.06
2023-08-09,2023-08-09 10:52:00-04:00,2023-08-09 11:56:00-04:00,long,15237.655694235033,15147.655694235033,SL,-90.0,2023-08-04,-4234.06
2023-08-10,2023-08-10 10:07:00-04:00,2023-08-10 10:45:00-04:00,long,15424.48130455583,15334.48130455583,SL,-90.0,2023-07-21,-4324.06
2023-08-11,2023-08-11 09:40:00-04:00,2023-08-11 11:07:00-04:00,long,15088.731762423424,15088.731762423424,BE,0.0,2023-08-10,-4324.06
2023-08-14,2023-08-14 09:43:00-04:00,2023-08-14 15:00:00-04:00,long,15088.731762423424,15214.75,cutoff,126.02,2023-08-10,-4198.04
2023-08-15,2023-08-15 09:31:00-04:00,2023-08-15 10:06:00-04:00,long,15219.073341420524,15129.073341420524,SL,-90.0,2023-08-07,-4288.04
2023-08-16,2023-08-16 09:40:00-04:00,2023-08-16 11:31:00-04:00,long,15088.731762423424,15088.731762423424,BE,0.0,2023-08-10,-4288.04
2023-08-17,2023-08-17 09:31:00-04:00,2023-08-17 10:12:00-04:00,long,14990.540533081286,14900.540533081286,SL,-90.0,2023-08-15,-4378.04
2023-08-21,2023-08-21 09:33:00-04:00,2023-08-21 10:00:00-04:00,short,14823.580191280835,14913.580191280835,SL,-90.0,2023-08-18,-4468.04
2023-08-22,2023-08-22 09:37:00-04:00,2023-08-22 15:00:00-04:00,short,15046.702045487342,14974.5,cutoff,72.2,2023-08-21,-4395.84
2023-08-23,2023-08-23 09:45:00-04:00,2023-08-23 10:23:00-04:00,short,15046.702045487342,15136.702045487342,SL,-90.0,2023-08-21,-4485.84
2023-08-24,2023-08-24 09:32:00-04:00,2023-08-24 10:33:00-04:00,short,15295.195975187766,15079.75,TP,215.45,2023-08-14,-4270.39
2023-08-24,2023-08-24 10:44:00-04:00,2023-08-24 15:00:00-04:00,short,15046.702045487342,14960.25,cutoff,86.45,2023-08-21,-4183.94
2023-08-25,2023-08-25 09:31:00-04:00,2023-08-25 10:24:00-04:00,long,14907.749306880967,14907.749306880967,BE,0.0,2023-08-16,-4183.94
2023-08-25,2023-08-25 10:25:00-04:00,2023-08-25 10:45:00-04:00,long,14901.54356216347,14811.54356216347,SL,-90.0,2023-08-11,-4273.94
2023-08-28,2023-08-28 09:37:00-04:00,2023-08-28 11:42:00-04:00,long,15088.731762423424,14998.731762423424,SL,-90.0,2023-08-10,-4363.94
2023-08-29,2023-08-29 09:33:00-04:00,2023-08-29 10:37:00-04:00,long,15088.731762423424,15305.75,TP,217.02,2023-08-10,-4146.92
2023-08-29,2023-08-29 10:38:00-04:00,2023-08-29 13:35:00-04:00,short,15303.33143783653,15393.33143783653,SL,-90.0,2023-08-11,-4236.92
2023-08-30,2023-08-30 09:39:00-04:00,2023-08-30 12:16:00-04:00,short,15420.584466918714,15510.584466918714,SL,-90.0,2023-08-15,-4326.92
2023-08-31,2023-08-31 09:31:00-04:00,2023-08-31 15:00:00-04:00,short,15532.052676827978,15553.75,cutoff,-21.7,2023-08-09,-4348.62
2023-09-01,2023-09-01 09:33:00-04:00,2023-09-01 15:00:00-04:00,short,15629.551658579476,15491.0,cutoff,138.55,2023-08-07,-4210.07
2023-09-04,2023-09-04 09:35:00-04:00,2023-09-04 12:59:00-04:00,short,15569.768237576576,15523.75,cutoff,46.02,2023-08-10,-4164.05
2023-09-05,2023-09-05 10:52:00-04:00,2023-09-05 12:00:00-04:00,short,15532.052676827978,15532.052676827978,BE,0.0,2023-08-09,-4164.05
2023-09-06,2023-09-06 10:01:00-04:00,2023-09-06 11:12:00-04:00,long,15439.378375806675,15349.378375806675,SL,-90.0,2023-09-04,-4254.05
2023-09-07,2023-09-07 09:33:00-04:00,2023-09-07 10:42:00-04:00,short,15178.222756936233,15268.222756936233,SL,-90.0,2023-08-17,-4344.05
2023-09-08,2023-09-08 09:31:00-04:00,2023-09-08 10:20:00-04:00,short,15295.195975187766,15385.195975187766,SL,-90.0,2023-08-14,-4434.05
2023-09-11,2023-09-11 09:32:00-04:00,2023-09-11 13:26:00-04:00,short,15629.449940807615,15629.449940807615,BE,0.0,2023-08-30,-4434.05
2023-09-12,2023-09-12 09:31:00-04:00,2023-09-12 15:00:00-04:00,short,15589.592104097457,15503.25,cutoff,86.34,2023-08-24,-4347.71
2023-09-13,2023-09-13 10:10:00-04:00,2023-09-13 11:05:00-04:00,short,15496.462916416425,15586.462916416425,SL,-90.0,2023-09-08,-4437.71
2023-09-14,2023-09-14 09:50:00-04:00,2023-09-14 11:07:00-04:00,short,15589.592104097457,15679.592104097457,SL,-90.0,2023-08-24,-4527.71
2023-09-15,2023-09-15 09:33:00-04:00,2023-09-15 13:34:00-04:00,short,15589.592104097457,15386.75,TP,202.84,2023-08-24,-4324.87
2023-09-18,2023-09-18 09:32:00-04:00,2023-09-18 10:38:00-04:00,long,15370.480522393795,15370.480522393795,BE,0.0,2023-09-15,-4324.87
2023-09-19,2023-09-19 09:31:00-04:00,2023-09-19 15:00:00-04:00,long,15336.432534736363,15348.5,cutoff,12.07,2023-08-31,-4312.8
2023-09-20,2023-09-20 09:31:00-04:00,2023-09-20 14:01:00-04:00,long,15389.281890276656,15299.281890276656,SL,-90.0,2023-09-01,-4402.8
2023-09-25,2023-09-25 09:32:00-04:00,2023-09-25 15:00:00-04:00,long,14797.891152351334,14874.75,cutoff,76.86,2023-09-21,-4325.94
2023-09-26,2023-09-26 09:50:00-04:00,2023-09-26 13:43:00-04:00,long,14797.891152351334,14707.891152351334,SL,-90.0,2023-09-21,-4415.94
2023-09-27,2023-09-27 09:35:00-04:00,2023-09-27 12:02:00-04:00,long,14756.293148302426,14666.293148302426,SL,-90.0,2023-09-22,-4505.94
2023-09-28,2023-09-28 10:01:00-04:00,2023-09-28 15:00:00-04:00,long,14756.293148302426,14843.75,cutoff,87.46,2023-09-22,-4418.48
2023-09-29,2023-09-29 09:34:00-04:00,2023-09-29 15:00:00-04:00,short,15007.11661205743,14902.75,cutoff,104.37,2023-09-26,-4314.11
2023-10-02,2023-10-02 09:34:00-04:00,2023-10-02 11:15:00-04:00,short,14905.250582524115,14995.250582524115,SL,-90.0,2023-09-28,-4404.11
2023-10-03,2023-10-03 09:33:00-04:00,2023-10-03 14:25:00-04:00,short,14905.250582524115,14692.25,TP,213.0,2023-09-28,-4191.11
2023-10-04,2023-10-04 09:43:00-04:00,2023-10-04 15:00:00-04:00,long,14797.891152351334,14870.75,cutoff,72.86,2023-09-21,-4118.25
2023-10-05,2023-10-05 09:31:00-04:00,2023-10-05 14:40:00-04:00,short,14905.250582524115,14905.250582524115,BE,0.0,2023-09-28,-4118.25
2023-10-06,2023-10-06 09:35:00-04:00,2023-10-06 10:20:00-04:00,long,14756.293148302426,14756.293148302426,BE,0.0,2023-09-22,-4118.25
2023-10-06,2023-10-06 10:27:00-04:00,2023-10-06 12:10:00-04:00,long,14828.962669985114,15043.75,TP,214.79,2023-09-29,-3903.46
2023-10-09,2023-10-09 09:31:00-04:00,2023-10-09 13:26:00-04:00,short,15007.11661205743,15097.11661205743,SL,-90.0,2023-09-26,-3993.46
2023-10-10,2023-10-10 09:32:00-04:00,2023-10-10 15:00:00-04:00,long,15203.87977436983,15277.25,cutoff,73.37,2023-09-18,-3920.09
2023-10-11,2023-10-11 09:38:00-04:00,2023-10-11 12:17:00-04:00,long,15370.480522393795,15280.480522393795,SL,-90.0,2023-09-15,-4010.09
2023-10-12,2023-10-12 09:42:00-04:00,2023-10-12 13:08:00-04:00,long,15370.480522393795,15370.480522393795,BE,0.0,2023-09-15,-4010.09
2023-10-13,2023-10-13 10:48:00-04:00,2023-10-13 11:23:00-04:00,long,15252.130723958366,15162.130723958366,SL,-90.0,2023-09-20,-4100.09
2023-10-16,2023-10-16 09:31:00-04:00,2023-10-16 10:22:00-04:00,short,15187.912330014886,15277.912330014886,SL,-90.0,2023-09-29,-4190.09
2023-10-17,2023-10-17 09:36:00-04:00,2023-10-17 10:23:00-04:00,short,15114.11544197032,15204.11544197032,SL,-90.0,2023-10-02,-4280.09
2023-10-18,2023-10-18 09:31:00-04:00,2023-10-18 15:00:00-04:00,short,15142.142363656174,15061.75,cutoff,80.39,2023-10-03,-4199.7
2023-10-19,2023-10-19 09:49:00-04:00,2023-10-19 10:35:00-04:00,short,15030.213529050536,15030.213529050536,BE,0.0,2023-09-25,-4199.7
2023-10-19,2023-10-19 10:53:00-04:00,2023-10-19 12:00:00-04:00,long,15016.660984992119,15016.660984992119,BE,0.0,2023-10-10,-4199.7
2023-10-20,2023-10-20 09:31:00-04:00,2023-10-20 10:31:00-04:00,long,14828.962669985114,14738.962669985114,SL,-90.0,2023-09-29,-4289.7
2023-10-23,2023-10-23 09:31:00-04:00,2023-10-23 12:59:00-04:00,long,14603.25838794257,14831.25,TP,227.99,2023-09-26,-4061.71
2023-10-24,2023-10-24 09:35:00-04:00,2023-10-24 12:42:00-04:00,long,14811.455813199624,14721.455813199624,SL,-90.0,2023-10-09,-4151.71
2023-10-25,2023-10-25 09:34:00-04:00,2023-10-25 11:50:00-04:00,long,14679.63455802968,14589.63455802968,SL,-90.0,2023-10-02,-4241.71
2023-10-26,2023-10-26 09:51:00-04:00,2023-10-26 11:26:00-04:00,long,14341.862903533696,14251.862903533696,SL,-90.0,2023-10-23,-4331.71
2023-10-27,2023-10-27 09:45:00-04:00,2023-10-27 13:18:00-04:00,long,14341.862903533696,14251.862903533696,SL,-90.0,2023-10-23,-4421.71
2023-10-30,2023-10-30 09:31:00-04:00,2023-10-30 10:21:00-04:00,long,14341.862903533696,14341.862903533696,BE,0.0,2023-10-23,-4421.71
2023-10-31,2023-10-31 09:37:00-04:00,2023-10-31 15:00:00-04:00,long,14341.862903533696,14484.25,cutoff,142.39,2023-10-23,-4279.32
2023-11-01,2023-11-01 09:31:00-04:00,2023-11-01 15:00:00-04:00,long,14524.195341913888,14659.0,cutoff,134.8,2023-10-06,-4144.52
2023-11-02,2023-11-02 09:32:00-04:00,2023-11-02 15:00:00-04:00,long,14905.635809277657,14998.75,cutoff,93.11,2023-10-17,-4051.41
2023-11-03,2023-11-03 09:31:00-04:00,2023-11-03 10:00:00-04:00,short,15070.892577085335,15160.892577085335,SL,-90.0,2023-10-20,-4141.41
2023-11-06,2023-11-06 09:32:00-05:00,2023-11-06 15:00:00-05:00,long,15225.448835444564,15207.0,cutoff,-18.45,2023-10-12,-4159.86
2023-11-07,2023-11-07 09:37:00-05:00,2023-11-07 15:00:00-05:00,long,15225.448835444564,15387.0,cutoff,161.55,2023-10-12,-3998.31
2023-11-08,2023-11-08 10:03:00-05:00,2023-11-08 11:16:00-05:00,short,15362.709554818362,15362.709554818362,BE,0.0,2023-11-06,-3998.31
2023-11-09,2023-11-09 10:08:00-05:00,2023-11-09 11:52:00-05:00,short,15360.114190722343,15450.114190722343,SL,-90.0,2023-10-17,-4088.31
2023-11-10,2023-11-10 09:38:00-05:00,2023-11-10 11:09:00-05:00,short,15343.319510651938,15433.319510651938,SL,-90.0,2023-10-18,-4178.31
2023-11-13,2023-11-13 09:32:00-05:00,2023-11-13 10:46:00-05:00,short,15537.907141189105,15537.907141189105,BE,0.0,2023-11-08,-4178.31
2023-11-20,2023-11-20 09:58:00-05:00,2023-11-20 10:57:00-05:00,short,15994.229960445984,15994.229960445984,BE,0.0,2023-11-17,-4178.31
2023-11-20,2023-11-20 10:59:00-05:00,2023-11-20 14:45:00-05:00,short,15999.786834905073,16089.786834905073,SL,-90.0,2023-11-14,-4268.31
2023-11-21,2023-11-21 09:32:00-05:00,2023-11-21 15:00:00-05:00,short,15994.229960445984,15986.0,cutoff,8.23,2023-11-17,-4260.08
2023-11-22,2023-11-22 09:36:00-05:00,2023-11-22 15:00:00-05:00,short,16158.55957440403,16055.5,cutoff,103.06,2023-11-21,-4157.02
2023-11-24,2023-11-24 09:31:00-05:00,2023-11-24 11:36:00-05:00,short,16015.643291059818,16015.643291059818,BE,0.0,2023-11-16,-4157.02
2023-11-27,2023-11-27 09:33:00-05:00,2023-11-27 15:00:00-05:00,short,15999.786834905073,16025.5,cutoff,-25.71,2023-11-14,-4182.73
2023-11-28,2023-11-28 09:32:00-05:00,2023-11-28 10:39:00-05:00,short,15999.786834905073,15999.786834905073,BE,0.0,2023-11-14,-4182.73
2023-11-28,2023-11-28 10:40:00-05:00,2023-11-28 15:00:00-05:00,short,16015.643291059818,16021.5,cutoff,-5.86,2023-11-16,-4188.59
2023-11-29,2023-11-29 09:31:00-05:00,2023-11-29 15:00:00-05:00,short,16164.611367656795,16064.5,cutoff,100.11,2023-11-23,-4088.48
2023-11-30,2023-11-30 09:41:00-05:00,2023-11-30 15:00:00-05:00,short,15994.229960445984,15925.0,cutoff,69.23,2023-11-17,-4019.25
2023-12-01,2023-12-01 09:34:00-05:00,2023-12-01 10:25:00-05:00,long,15888.614926757957,15888.614926757957,BE,0.0,2023-11-24,-4019.25
2023-12-04,2023-12-04 09:31:00-05:00,2023-12-04 10:24:00-05:00,long,15858.33844747602,15768.33844747602,SL,-90.0,2023-11-22,-4109.25
2023-12-05,2023-12-05 09:31:00-05:00,2023-12-05 15:00:00-05:00,long,15801.229707511544,15898.75,cutoff,97.52,2023-11-15,-4011.73
2023-12-06,2023-12-06 09:32:00-05:00,2023-12-06 15:00:00-05:00,short,15999.786834905073,15867.25,cutoff,132.54,2023-11-14,-3879.19
2023-12-07,2023-12-07 09:35:00-05:00,2023-12-07 11:15:00-05:00,long,15958.763632343205,15958.763632343205,BE,0.0,2023-11-23,-3879.19
2023-12-08,2023-12-08 09:31:00-05:00,2023-12-08 10:09:00-05:00,short,15994.229960445984,16084.229960445984,SL,-90.0,2023-11-17,-3969.19
2023-12-11,2023-12-11 09:31:00-05:00,2023-12-11 10:47:00-05:00,short,16300.91155252398,16390.91155252398,SL,-90.0,2023-11-22,-4059.19
2023-12-12,2023-12-12 10:06:00-05:00,2023-12-12 10:51:00-05:00,short,16478.359105597912,16478.359105597912,BE,0.0,2023-12-11,-4059.19
2023-12-13,2023-12-13 09:57:00-05:00,2023-12-13 14:10:00-05:00,short,16603.712106069477,16693.712106069477,SL,-90.0,2023-12-12,-4149.19
2023-12-19,2023-12-19 09:31:00-05:00,2023-12-19 15:00:00-05:00,short,16980.404600724352,17000.25,cutoff,-19.85,2023-12-14,-4169.04
2023-12-20,2023-12-20 09:36:00-05:00,2023-12-20 15:00:00-05:00,short,16999.357653136416,16842.25,cutoff,157.11,2023-12-18,-4011.93
2023-12-21,2023-12-21 09:31:00-05:00,2023-12-21 15:00:00-05:00,short,16957.667825366458,16885.0,cutoff,72.67,2023-12-15,-3939.26
2023-12-22,2023-12-22 09:35:00-05:00,2023-12-22 15:00:00-05:00,short,16999.357653136416,16987.0,cutoff,12.36,2023-12-18,-3926.9
2023-12-27,2023-12-27 10:12:00-05:00,2023-12-27 11:42:00-05:00,short,17091.796474788527,17091.796474788527,BE,0.0,2023-12-19,-3926.9
2023-12-28,2023-12-28 09:31:00-05:00,2023-12-28 15:00:00-05:00,short,17154.551837927178,17115.5,cutoff,39.05,2023-12-26,-3887.85
2023-12-29,2023-12-29 09:31:00-05:00,2023-12-29 15:00:00-05:00,short,17095.629411503687,17041.75,cutoff,53.88,2023-12-21,-3833.97
2024-01-02,2024-01-02 09:31:00-05:00,2024-01-02 09:42:00-05:00,long,16868.892254296217,16778.892254296217,SL,-90.0,2023-12-22,-3923.97
2024-01-03,2024-01-03 09:31:00-05:00,2024-01-03 15:00:00-05:00,long,16606.828216044698,16590.5,cutoff,-16.33,2024-01-02,-3940.3
2024-01-04,2024-01-04 09:32:00-05:00,2024-01-04 11:14:00-05:00,short,16478.359105597912,16568.359105597912,SL,-90.0,2023-12-11,-4030.3
2024-01-05,2024-01-05 09:34:00-05:00,2024-01-05 10:37:00-05:00,short,16478.359105597912,16568.359105597912,SL,-90.0,2023-12-11,-4120.3
2024-01-08,2024-01-08 09:57:00-05:00,2024-01-08 12:06:00-05:00,short,16603.712106069477,16693.712106069477,SL,-90.0,2023-12-12,-4210.3
2024-01-09,2024-01-09 09:44:00-05:00,2024-01-09 15:00:00-05:00,long,16671.720399275648,16828.25,cutoff,156.53,2023-12-14,-4053.77
2024-01-10,2024-01-10 09:38:00-05:00,2024-01-10 15:00:00-05:00,long,16868.892254296217,16980.5,cutoff,111.61,2023-12-22,-3942.16
2024-01-11,2024-01-11 09:32:00-05:00,2024-01-11 11:14:00-05:00,short,16999.357653136416,16807.5,TP,191.86,2023-12-18,-3750.3
2024-01-12,2024-01-12 09:31:00-05:00,2024-01-12 10:53:00-05:00,long,17003.61585585585,16913.61585585585,SL,-90.0,2023-12-28,-3840.3
2024-01-15,2024-01-15 09:36:00-05:00,2024-01-15 10:30:00-05:00,short,16957.667825366458,16957.667825366458,BE,0.0,2023-12-15,-3840.3
2024-01-16,2024-01-16 09:41:00-05:00,2024-01-16 14:12:00-05:00,long,16886.198162072822,16886.198162072822,BE,0.0,2023-12-26,-3840.3
2024-01-17,2024-01-17 09:33:00-05:00,2024-01-17 10:41:00-05:00,short,16779.531086708965,16779.531086708965,BE,0.0,2024-01-03,-3840.3
2024-01-18,2024-01-18 09:31:00-05:00,2024-01-18 10:30:00-05:00,short,17043.921783955302,17043.921783955302,BE,0.0,2024-01-02,-3840.3
2024-01-18,2024-01-18 10:33:00-05:00,2024-01-18 14:30:00-05:00,short,17013.626595573453,17103.626595573453,SL,-90.0,2024-01-17,-3930.3
2024-01-19,2024-01-19 09:54:00-05:00,2024-01-19 12:31:00-05:00,short,17209.447723507175,17299.447723507175,SL,-90.0,2023-12-29,-4020.3
2024-01-24,2024-01-24 10:29:00-05:00,2024-01-24 11:22:00-05:00,short,17717.829133271625,17717.829133271625,BE,0.0,2024-01-22,-4020.3
2024-01-25,2024-01-25 10:20:00-05:00,2024-01-25 11:13:00-05:00,short,17717.829133271625,17717.829133271625,BE,0.0,2024-01-22,-4020.3
2024-01-26,2024-01-26 09:32:00-05:00,2024-01-26 15:00:00-05:00,long,17539.538613486155,17562.5,cutoff,22.96,2024-01-25,-3997.34
2024-01-29,2024-01-29 09:32:00-05:00,2024-01-29 10:22:00-05:00,long,17539.538613486155,17539.538613486155,BE,0.0,2024-01-25,-3997.34
2024-01-29,2024-01-29 11:00:00-05:00,2024-01-29 15:00:00-05:00,long,17524.716559417848,17626.25,cutoff,101.53,2024-01-24,-3895.81
2024-01-30,2024-01-30 10:02:00-05:00,2024-01-30 15:00:00-05:00,short,17629.672967767547,17590.25,cutoff,39.42,2024-01-23,-3856.39
2024-01-31,2024-01-31 09:31:00-05:00,2024-01-31 10:36:00-05:00,long,17386.561549636164,17296.561549636164,SL,-90.0,2024-01-26,-3946.39
2024-02-01,2024-02-01 09:31:00-05:00,2024-02-01 10:53:00-05:00,long,17306.577032232453,17306.577032232453,BE,0.0,2024-01-23,-3946.39
2024-02-02,2024-02-02 09:31:00-05:00,2024-02-02 12:14:00-05:00,long,17499.8258490337,17694.25,TP,194.42,2024-01-30,-3751.97
2024-02-05,2024-02-05 09:31:00-05:00,2024-02-05 12:38:00-05:00,short,17717.829133271625,17717.829133271625,BE,0.0,2024-01-22,-3751.97
2024-02-06,2024-02-06 09:36:00-05:00,2024-02-06 15:00:00-05:00,short,17717.829133271625,17635.75,cutoff,82.08,2024-01-22,-3669.89
2024-02-07,2024-02-07 09:48:00-05:00,2024-02-07 10:25:00-05:00,short,17748.83118594841,17838.83118594841,SL,-90.0,2024-02-02,-3759.89
2024-02-08,2024-02-08 09:35:00-05:00,2024-02-08 15:00:00-05:00,short,17846.033440582152,17863.25,cutoff,-17.22,2024-01-24,-3777.11
2024-02-09,2024-02-09 09:31:00-05:00,2024-02-09 10:37:00-05:00,short,17902.655592144743,17992.655592144743,SL,-90.0,2024-02-05,-3867.11
2024-02-13,2024-02-13 09:32:00-05:00,2024-02-13 10:26:00-05:00,short,17629.672967767547,17719.672967767547,SL,-90.0,2024-01-23,-3957.11
2024-02-14,2024-02-14 09:31:00-05:00,2024-02-14 10:19:00-05:00,short,17812.5491509663,17812.5491509663,BE,0.0,2024-01-30,-3957.11
2024-02-14,2024-02-14 10:28:00-05:00,2024-02-14 15:00:00-05:00,short,17846.033440582152,17796.75,cutoff,49.28,2024-01-24,-3907.83
2024-02-15,2024-02-15 09:31:00-05:00,2024-02-15 13:17:00-05:00,short,17902.655592144743,17902.655592144743,BE,0.0,2024-02-05,-3907.83
2024-02-16,2024-02-16 09:32:00-05:00,2024-02-16 09:54:00-05:00,long,17892.693496105894,17802.693496105894,SL,-90.0,2024-02-12,-3997.83
2024-02-20,2024-02-20 09:31:00-05:00,2024-02-20 10:30:00-05:00,short,17696.40815614748,17504.5,TP,191.91,2024-01-29,-3805.92
2024-02-20,2024-02-20 10:32:00-05:00,2024-02-20 12:04:00-05:00,long,17489.094407855257,17489.094407855257,BE,0.0,2024-02-05,-3805.92
2024-02-21,2024-02-21 09:31:00-05:00,2024-02-21 15:00:00-05:00,short,17498.85533146069,17406.0,cutoff,92.86,2024-02-01,-3713.06
2024-02-22,2024-02-22 09:31:00-05:00,2024-02-22 12:30:00-05:00,short,17902.655592144743,17992.655592144743,SL,-90.0,2024-02-05,-3803.06
2024-02-23,2024-02-23 09:52:00-05:00,2024-02-23 15:00:00-05:00,short,18108.59940195433,18014.5,cutoff,94.1,2024-02-22,-3708.96
2024-02-26,2024-02-26 09:45:00-05:00,2024-02-26 15:00:00-05:00,short,18002.50445409766,18016.5,cutoff,-14.0,2024-02-07,-3722.96
2024-02-27,2024-02-27 09:38:00-05:00,2024-02-27 15:00:00-05:00,short,18002.50445409766,18027.0,cutoff,-24.5,2024-02-07,-3747.46
2024-02-28,2024-02-28 09:32:00-05:00,2024-02-28 10:58:00-05:00,short,17928.521777387923,17928.521777387923,BE,0.0,2024-02-19,-3747.46
2024-02-28,2024-02-28 11:00:00-05:00,2024-02-28 15:00:00-05:00,short,17946.099026789314,17914.5,cutoff,31.6,2024-02-06,-3715.86
2024-02-29,2024-02-29 09:31:00-05:00,2024-02-29 15:00:00-05:00,short,18061.60039774282,18037.25,cutoff,24.35,2024-02-15,-3691.51
2024-03-01,2024-03-01 10:00:00-05:00,2024-03-01 12:18:00-05:00,short,18166.181503894106,18256.181503894106,SL,-90.0,2024-02-12,-3781.51
2024-03-04,2024-03-04 09:33:00-05:00,2024-03-04 10:25:00-05:00,short,18304.993269119543,18304.993269119543,BE,0.0,2024-03-01,-3781.51
2024-03-04,2024-03-04 10:30:00-05:00,2024-03-04 15:00:00-05:00,short,18294.340730792937,18331.25,cutoff,-36.91,2024-02-23,-3818.42
2024-03-05,2024-03-05 09:33:00-05:00,2024-03-05 13:53:00-05:00,short,18095.335055077107,17899.75,TP,195.59,2024-02-09,-3622.83
2024-03-06,2024-03-06 09:33:00-05:00,2024-03-06 11:50:00-05:00,short,18108.59940195433,18108.59940195433,BE,0.0,2024-02-22,-3622.83
2024-03-07,2024-03-07 09:31:00-05:00,2024-03-07 10:46:00-05:00,short,18181.861360565214,18271.861360565214,SL,-90.0,2024-02-27,-3712.83
2024-03-08,2024-03-08 09:31:00-05:00,2024-03-08 10:05:00-05:00,short,18312.70562963195,18402.70562963195,SL,-90.0,2024-03-06,-3802.83
2024-03-11,2024-03-11 09:32:00-04:00,2024-03-11 10:19:00-04:00,short,18186.182175311445,18186.182175311445,BE,0.0,2024-02-26,-3802.83
2024-03-11,2024-03-11 10:20:00-04:00,2024-03-11 11:30:00-04:00,long,18169.62004403596,18169.62004403596,BE,0.0,2024-03-04,-3802.83
2024-03-12,2024-03-12 09:45:00-04:00,2024-03-12 10:00:00-04:00,short,18208.031808653133,18298.031808653133,SL,-90.0,2024-02-29,-3892.83
2024-03-13,2024-03-13 09:40:00-04:00,2024-03-13 13:10:00-04:00,short,18390.720229220504,18390.720229220504,BE,0.0,2024-03-07,-3892.83
2024-03-14,2024-03-14 09:37:00-04:00,2024-03-14 15:00:00-04:00,short,18390.720229220504,18252.25,cutoff,138.47,2024-03-07,-3754.36
2024-03-15,2024-03-15 09:38:00-04:00,2024-03-15 12:51:00-04:00,long,18110.28403168082,18020.28403168082,SL,-90.0,2024-03-08,-3844.36
2024-03-18,2024-03-18 09:31:00-04:00,2024-03-18 15:00:00-04:00,short,18304.993269119543,18277.75,cutoff,27.24,2024-03-01,-3817.12
2024-03-19,2024-03-19 09:31:00-04:00,2024-03-19 15:00:00-04:00,long,18110.28403168082,18266.0,cutoff,155.72,2024-03-08,-3661.4
2024-03-20,2024-03-20 09:35:00-04:00,2024-03-20 14:00:00-04:00,short,18304.993269119543,18304.993269119543,BE,0.0,2024-03-01,-3661.4
2024-03-22,2024-03-22 09:47:00-04:00,2024-03-22 15:00:00-04:00,long,18500.875677885975,18595.0,cutoff,94.12,2024-03-21,-3567.28
2024-03-25,2024-03-25 09:32:00-04:00,2024-03-25 14:06:00-04:00,short,18468.12995596404,18558.12995596404,SL,-90.0,2024-03-04,-3657.28
2024-03-26,2024-03-26 09:31:00-04:00,2024-03-26 15:00:00-04:00,short,18569.96596831918,18554.5,cutoff,15.47,2024-03-08,-3641.81
2024-03-27,2024-03-27 09:36:00-04:00,2024-03-27 10:02:00-04:00,long,18500.875677885975,18410.875677885975,SL,-90.0,2024-03-21,-3731.81
2024-03-28,2024-03-28 09:31:00-04:00,2024-03-28 15:00:00-04:00,short,18490.317014751516,18498.75,cutoff,-8.43,2024-03-20,-3740.24
2024-04-01,2024-04-01 09:31:00-04:00,2024-04-01 09:37:00-04:00,short,18490.317014751516,18580.317014751516,SL,-90.0,2024-03-20,-3830.24
2024-04-02,2024-04-02 09:33:00-04:00,2024-04-02 15:00:00-04:00,long,18265.28429594975,18278.0,cutoff,12.72,2024-03-25,-3817.52
2024-04-03,2024-04-03 09:33:00-04:00,2024-04-03 15:00:00-04:00,long,18265.28429594975,18397.75,cutoff,132.47,2024-03-25,-3685.05
2024-04-04,2024-04-04 09:32:00-04:00,2024-04-04 12:04:00-04:00,short,18542.060069309577,18542.060069309577,BE,0.0,2024-04-03,-3685.05
2024-04-05,2024-04-05 09:37:00-04:00,2024-04-05 11:05:00-04:00,long,18110.28403168082,18295.0,TP,184.72,2024-03-08,-3500.33
2024-04-08,2024-04-08 09:31:00-04:00,2024-04-08 10:22:00-04:00,short,18320.328722424594,18320.328722424594,BE,0.0,2024-03-19,-3500.33
2024-04-08,2024-04-08 10:27:00-04:00,2024-04-08 11:27:00-04:00,long,18332.642898587055,18332.642898587055,BE,0.0,2024-03-28,-3500.33
2024-04-09,2024-04-09 09:31:00-04:00,2024-04-09 10:42:00-04:00,short,18396.966272373546,18211.5,TP,185.47,2024-04-05,-3314.86
2024-04-09,2024-04-09 10:43:00-04:00,2024-04-09 15:00:00-04:00,long,18186.20885245448,18251.5,cutoff,65.29,2024-03-13,-3249.57
2024-04-10,2024-04-10 09:45:00-04:00,2024-04-10 15:00:00-04:00,long,18186.20885245448,18128.25,cutoff,-57.96,2024-03-13,-3307.53
2024-04-11,2024-04-11 09:35:00-04:00,2024-04-11 10:16:00-04:00,long,18265.28429594975,18175.28429594975,SL,-90.0,2024-03-25,-3397.53
2024-04-12,2024-04-12 09:32:00-04:00,2024-04-12 15:00:00-04:00,short,18320.328722424594,18134.5,cutoff,185.83,2024-03-19,-3211.7
2024-04-15,2024-04-15 09:35:00-04:00,2024-04-15 10:55:00-04:00,long,18265.28429594975,18175.28429594975,SL,-90.0,2024-03-25,-3301.7
2024-04-16,2024-04-16 10:16:00-04:00,2024-04-16 10:37:00-04:00,long,17925.796277575406,17835.796277575406,SL,-90.0,2024-03-19,-3391.7
2024-04-17,2024-04-17 09:35:00-04:00,2024-04-17 10:12:00-04:00,long,17918.533727626454,17828.533727626454,SL,-90.0,2024-04-05,-3481.7
2024-04-18,2024-04-18 09:31:00-04:00,2024-04-18 09:39:00-04:00,long,17645.446462686647,17555.446462686647,SL,-90.0,2024-04-16,-3571.7
2024-04-19,2024-04-19 10:14:00-04:00,2024-04-19 11:29:00-04:00,long,17410.581461499758,17320.581461499758,SL,-90.0,2024-04-18,-3661.7
2024-04-22,2024-04-22 10:26:00-04:00,2024-04-22 13:56:00-04:00,long,17196.693493607636,17388.5,TP,191.81,2024-04-19,-3469.89
2024-04-23,2024-04-23 09:56:00-04:00,2024-04-23 12:16:00-04:00,short,17525.21619148364,17615.21619148364,SL,-90.0,2024-04-22,-3559.89
2024-04-24,2024-04-24 09:33:00-04:00,2024-04-24 10:18:00-04:00,short,17727.306506392364,17727.306506392364,BE,0.0,2024-04-19,-3559.89
2024-04-24,2024-04-24 10:36:00-04:00,2024-04-24 15:00:00-04:00,short,17720.605247732077,17612.75,cutoff,107.86,2024-04-23,-3452.03
2024-04-25,2024-04-25 10:15:00-04:00,2024-04-25 15:00:00-04:00,long,17410.581461499758,17527.0,cutoff,116.42,2024-04-18,-3335.61
2024-04-26,2024-04-26 09:34:00-04:00,2024-04-26 10:10:00-04:00,short,17727.306506392364,17817.306506392364,SL,-90.0,2024-04-19,-3425.61
2024-04-29,2024-04-29 09:31:00-04:00,2024-04-29 13:38:00-04:00,short,17928.001554531023,17928.001554531023,BE,0.0,2024-04-24,-3425.61
2024-04-30,2024-04-30 09:44:00-04:00,2024-04-30 10:47:00-04:00,short,17878.293538500242,17878.293538500242,BE,0.0,2024-04-18,-3425.61
2024-05-01,2024-05-01 09:33:00-04:00,2024-05-01 14:41:00-04:00,long,17470.19823312563,17650.25,TP,180.05,2024-04-26,-3245.56
2024-05-02,2024-05-02 09:31:00-04:00,2024-05-02 10:01:00-04:00,long,17556.498445468977,17466.498445468977,SL,-90.0,2024-04-24,-3335.56
2024-05-03,2024-05-03 09:45:00-04:00,2024-05-03 10:44:00-04:00,short,17980.92676687437,17980.92676687437,BE,0.0,2024-04-26,-3335.56
2024-05-03,2024-05-03 10:50:00-04:00,2024-05-03 15:00:00-04:00,long,17956.945343366726,18009.0,cutoff,52.05,2024-04-10,-3283.51
2024-05-06,2024-05-06 09:32:00-04:00,2024-05-06 15:00:00-04:00,long,18044.312855743767,18145.5,cutoff,101.19,2024-04-11,-3182.32
2024-05-07,2024-05-07 10:00:00-04:00,2024-05-07 15:00:00-04:00,short,18198.797989743463,18194.5,cutoff,4.3,2024-05-03,-3178.02
2024-05-08,2024-05-08 09:31:00-04:00,2024-05-08 10:22:00-04:00,short,18099.553537313353,18189.553537313353,SL,-90.0,2024-04-16,-3268.02
2024-05-09,2024-05-09 09:45:00-04:00,2024-05-09 15:00:00-04:00,long,18118.82569679723,18231.75,cutoff,112.92,2024-04-12,-3155.1
2024-05-10,2024-05-10 09:35:00-04:00,2024-05-10 15:00:00-04:00,short,18318.397605320453,18256.25,cutoff,62.15,2024-05-08,-3092.95
2024-05-14,2024-05-14 09:45:00-04:00,2024-05-14 14:41:00-04:00,short,18318.397605320453,18408.397605320453,SL,-90.0,2024-05-08,-3182.95
2024-05-15,2024-05-15 09:59:00-04:00,2024-05-15 10:47:00-04:00,short,18479.93747753404,18569.93747753404,SL,-90.0,2024-05-10,-3272.95
2024-05-16,2024-05-16 09:33:00-04:00,2024-05-16 15:00:00-04:00,short,18684.124682415186,18695.5,cutoff,-11.38,2024-05-15,-3284.33
2024-05-20,2024-05-20 09:34:00-04:00,2024-05-20 12:42:00-04:00,short,18684.124682415186,18774.124682415186,SL,-90.0,2024-05-15,-3374.33
2024-05-21,2024-05-21 09:31:00-04:00,2024-05-21 13:58:00-04:00,short,18684.124682415186,18774.124682415186,SL,-90.0,2024-05-15,-3464.33
2024-05-22,2024-05-22 10:00:00-04:00,2024-05-22 11:05:00-04:00,short,18830.790448757154,18830.790448757154,BE,0.0,2024-05-16,-3464.33
2024-05-23,2024-05-23 09:34:00-04:00,2024-05-23 13:56:00-04:00,short,18941.475837723636,18736.0,TP,205.48,2024-05-22,-3258.85
2024-05-24,2024-05-24 09:46:00-04:00,2024-05-24 11:03:00-04:00,short,18786.526075226036,18876.526075226036,SL,-90.0,2024-05-17,-3348.85
2024-05-28,2024-05-28 09:53:00-04:00,2024-05-28 15:00:00-04:00,short,18863.21698544889,18867.25,cutoff,-4.03,2024-05-20,-3352.88
2024-05-29,2024-05-29 09:43:00-04:00,2024-05-29 10:36:00-04:00,short,18786.526075226036,18876.526075226036,SL,-90.0,2024-05-17,-3442.88
2024-05-30,2024-05-30 09:34:00-04:00,2024-05-30 11:04:00-04:00,long,18730.6884868419,18640.6884868419,SL,-90.0,2024-05-23,-3532.88
2024-05-31,2024-05-31 09:31:00-04:00,2024-05-31 10:00:00-04:00,long,18603.078808509206,18513.078808509206,SL,-90.0,2024-05-29,-3622.88
2024-06-03,2024-06-03 09:41:00-04:00,2024-06-03 10:45:00-04:00,long,18730.6884868419,18640.6884868419,SL,-90.0,2024-05-23,-3712.88
2024-06-04,2024-06-04 09:34:00-04:00,2024-06-04 10:22:00-04:00,long,18588.785948066085,18588.785948066085,BE,0.0,2024-05-24,-3712.88
2024-06-04,2024-06-04 10:37:00-04:00,2024-06-04 11:27:00-04:00,long,18603.078808509206,18603.078808509206,BE,0.0,2024-05-29,-3712.88
2024-06-05,2024-06-05 09:31:00-04:00,2024-06-05 10:33:00-04:00,short,18830.790448757154,18920.790448757154,SL,-90.0,2024-05-16,-3802.88
2024-06-06,2024-06-06 09:47:00-04:00,2024-06-06 15:00:00-04:00,short,19078.028660465738,19066.0,cutoff,12.03,2024-05-28,-3790.85
2024-06-07,2024-06-07 09:31:00-04:00,2024-06-07 10:47:00-04:00,short,19013.149331717745,19103.149331717745,SL,-90.0,2024-05-27,-3880.85
2024-06-10,2024-06-10 09:34:00-04:00,2024-06-10 10:20:00-04:00,short,19013.149331717745,19013.149331717745,BE,0.0,2024-05-27,-3880.85
2024-06-10,2024-06-10 10:30:00-04:00,2024-06-10 15:00:00-04:00,short,19039.743026956778,19077.0,cutoff,-37.26,2024-06-05,-3918.11
2024-06-11,2024-06-11 09:34:00-04:00,2024-06-11 10:24:00-04:00,short,19078.028660465738,19078.028660465738,BE,0.0,2024-05-28,-3918.11
2024-06-21,2024-06-21 09:31:00-04:00,2024-06-21 10:17:00-04:00,long,19992.384046385865,19992.384046385865,BE,0.0,2024-06-20,-3918.11
2024-06-25,2024-06-25 09:38:00-04:00,2024-06-25 10:11:00-04:00,short,19803.81760183625,19893.81760183625,SL,-90.0,2024-06-13,-4008.11
2024-06-26,2024-06-26 09:53:00-04:00,2024-06-26 15:00:00-04:00,long,19992.384046385865,19951.75,cutoff,-40.63,2024-06-20,-4048.74
2024-06-27,2024-06-27 09:33:00-04:00,2024-06-27 15:00:00-04:00,short,20035.72334406313,20043.25,cutoff,-7.53,2024-06-25,-4056.27
2024-06-28,2024-06-28 09:47:00-04:00,2024-06-28 10:03:00-04:00,short,20121.3664627391,20211.3664627391,SL,-90.0,2024-06-17,-4146.27
2024-07-01,2024-07-01 10:14:00-04:00,2024-07-01 14:23:00-04:00,long,19824.90114202006,20028.0,TP,203.1,2024-06-28,-3943.17
2024-07-02,2024-07-02 09:33:00-04:00,2024-07-02 11:05:00-04:00,short,20035.72334406313,20125.72334406313,SL,-90.0,2024-06-25,-4033.17
2024-07-04,2024-07-04 10:17:00-04:00,2024-07-04 12:59:00-04:00,short,20374.096228592298,20381.25,cutoff,-7.15,2024-06-19,-4040.32
2024-07-05,2024-07-05 09:47:00-04:00,2024-07-05 10:01:00-04:00,short,20444.240953614135,20534.240953614135,SL,-90.0,2024-06-20,-4130.32
2024-07-10,2024-07-10 10:10:00-04:00,2024-07-10 12:22:00-04:00,short,20791.771230340233,20791.771230340233,BE,0.0,2024-07-08,-4130.32
2024-07-11,2024-07-11 10:22:00-04:00,2024-07-11 12:07:00-04:00,short,20666.147815335862,20485.25,TP,180.9,2024-07-05,-3949.42
2024-07-12,2024-07-12 09:33:00-04:00,2024-07-12 09:57:00-04:00,short,20444.240953614135,20534.240953614135,SL,-90.0,2024-06-20,-4039.42
2024-07-15,2024-07-15 09:41:00-04:00,2024-07-15 11:06:00-04:00,short,20666.147815335862,20756.147815335862,SL,-90.0,2024-07-05,-4129.42
2024-07-16,2024-07-16 09:34:00-04:00,2024-07-16 15:00:00-04:00,short,20666.147815335862,20590.0,cutoff,76.15,2024-07-05,-4053.27
2024-07-17,2024-07-17 09:32:00-04:00,2024-07-17 10:02:00-04:00,long,20256.45953439659,20166.45953439659,SL,-90.0,2024-07-04,-4143.27
2024-07-18,2024-07-18 09:42:00-04:00,2024-07-18 10:27:00-04:00,long,20061.96743978424,20061.96743978424,BE,0.0,2024-07-03,-4143.27
2024-07-18,2024-07-18 10:35:00-04:00,2024-07-18 11:14:00-04:00,long,19956.62531162463,19866.62531162463,SL,-90.0,2024-07-17,-4233.27
2024-07-19,2024-07-19 09:37:00-04:00,2024-07-19 10:44:00-04:00,long,19869.377816091834,19779.377816091834,SL,-90.0,2024-07-18,-4323.27
2024-07-22,2024-07-22 09:39:00-04:00,2024-07-22 11:16:00-04:00,long,19956.62531162463,19866.62531162463,SL,-90.0,2024-07-17,-4413.27
2024-07-23,2024-07-23 09:31:00-04:00,2024-07-23 10:45:00-04:00,long,19956.62531162463,19956.62531162463,BE,0.0,2024-07-17,-4413.27
2024-07-24,2024-07-24 09:34:00-04:00,2024-07-24 09:59:00-04:00,long,19594.193933182516,19504.193933182516,SL,-90.0,2024-07-19,-4503.27
2024-07-29,2024-07-29 09:49:00-04:00,2024-07-29 10:59:00-04:00,long,19320.565941390036,19230.565941390036,SL,-90.0,2024-07-24,-4593.27
2024-07-31,2024-07-31 09:34:00-04:00,2024-07-31 14:41:00-04:00,long,19320.565941390036,19505.25,TP,184.68,2024-07-24,-4408.59
2024-08-01,2024-08-01 09:31:00-04:00,2024-08-01 09:44:00-04:00,short,19544.119562947533,19634.119562947533,SL,-90.0,2024-07-30,-4498.59
2024-08-02,2024-08-02 09:41:00-04:00,2024-08-02 09:47:00-04:00,long,18719.653445721407,18629.653445721407,SL,-90.0,2024-07-25,-4588.59
2024-08-06,2024-08-06 10:03:00-04:00,2024-08-06 12:15:00-04:00,long,18164.805856265015,18351.0,TP,186.19,2024-08-02,-4402.4
2024-08-07,2024-08-07 09:32:00-04:00,2024-08-07 10:45:00-04:00,short,18519.82576537015,18519.82576537015,BE,0.0,2024-08-06,-4402.4
2024-08-08,2024-08-08 09:37:00-04:00,2024-08-08 09:48:00-04:00,long,18164.805856265015,18074.805856265015,SL,-90.0,2024-08-02,-4492.4
2024-08-09,2024-08-09 09:39:00-04:00,2024-08-09 10:49:00-04:00,short,18519.82576537015,18519.82576537015,BE,0.0,2024-08-06,-4492.4
2024-08-12,2024-08-12 09:31:00-04:00,2024-08-12 10:16:00-04:00,short,18663.84995837113,18663.84995837113,BE,0.0,2024-08-08,-4492.4
2024-08-12,2024-08-12 10:27:00-04:00,2024-08-12 11:22:00-04:00,long,18719.653445721407,18719.653445721407,BE,0.0,2024-07-25,-4492.4
2024-08-13,2024-08-13 09:34:00-04:00,2024-08-13 10:33:00-04:00,long,18864.471746059433,18864.471746059433,BE,0.0,2024-07-26,-4492.4
2024-08-14,2024-08-14 09:35:00-04:00,2024-08-14 10:10:00-04:00,long,19093.91177850638,19003.91177850638,SL,-90.0,2024-07-31,-4582.4
2024-08-15,2024-08-15 09:51:00-04:00,2024-08-15 10:44:00-04:00,short,19417.278253940567,19507.278253940567,SL,-90.0,2024-07-26,-4672.4
2024-08-16,2024-08-16 10:05:00-04:00,2024-08-16 10:51:00-04:00,short,19544.119562947533,19544.119562947533,BE,0.0,2024-07-30,-4672.4
2024-08-16,2024-08-16 10:52:00-04:00,2024-08-16 11:37:00-04:00,short,19552.346554278593,19552.346554278593,BE,0.0,2024-07-25,-4672.4
2024-08-19,2024-08-19 09:38:00-04:00,2024-08-19 10:53:00-04:00,short,19563.28084561538,19653.28084561538,SL,-90.0,2024-07-29,-4762.4
2024-08-20,2024-08-20 09:48:00-04:00,2024-08-20 15:00:00-04:00,short,19879.934058609964,19851.75,cutoff,28.18,2024-07-24,-4734.22
2024-08-21,2024-08-21 09:57:00-04:00,2024-08-21 10:42:00-04:00,short,19881.348724452895,19971.348724452895,SL,-90.0,2024-08-01,-4824.22
2024-08-22,2024-08-22 10:34:00-04:00,2024-08-22 11:46:00-04:00,short,19881.348724452895,19700.25,TP,181.1,2024-08-01,-4643.12
2024-08-23,2024-08-23 09:31:00-04:00,2024-08-23 10:48:00-04:00,long,19718.054097770917,19718.054097770917,BE,0.0,2024-08-22,-4643.12
2024-08-23,2024-08-23 10:49:00-04:00,2024-08-23 11:15:00-04:00,short,19669.08822149362,19759.08822149362,SL,-90.0,2024-07-31,-4733.12
2024-08-26,2024-08-26 09:34:00-04:00,2024-08-26 10:31:00-04:00,short,19801.40781865498,19597.75,TP,203.66,2024-08-19,-4529.46
2024-08-26,2024-08-26 10:41:00-04:00,2024-08-26 12:44:00-04:00,short,19544.119562947533,19634.119562947533,SL,-90.0,2024-07-30,-4619.46
2024-08-27,2024-08-27 09:38:00-04:00,2024-08-27 11:14:00-04:00,long,19470.180575569306,19666.75,TP,196.57,2024-08-23,-4422.89
2024-08-28,2024-08-28 09:33:00-04:00,2024-08-28 11:07:00-04:00,short,19643.32445003435,19437.75,TP,205.57,2024-08-15,-4217.32
2024-08-29,2024-08-29 09:50:00-04:00,2024-08-29 10:35:00-04:00,long,19609.87105978644,19609.87105978644,BE,0.0,2024-08-20,-4217.32
2024-08-29,2024-08-29 10:36:00-04:00,2024-08-29 14:27:00-04:00,long,19629.212552148034,19539.212552148034,SL,-90.0,2024-08-21,-4307.32
2024-08-30,2024-08-30 10:01:00-04:00,2024-08-30 10:25:00-04:00,long,19609.87105978644,19519.87105978644,SL,-90.0,2024-08-20,-4397.32
2024-09-02,2024-09-02 09:41:00-04:00,2024-09-02 12:59:00-04:00,long,19629.212552148034,19647.0,cutoff,17.79,2024-08-21,-4379.53
2024-09-03,2024-09-03 09:31:00-04:00,2024-09-03 09:54:00-04:00,long,19436.24414338785,19346.24414338785,SL,-90.0,2024-08-26,-4469.53
2024-09-04,2024-09-04 09:42:00-04:00,2024-09-04 10:39:00-04:00,short,18954.167203917663,19044.167203917663,SL,-90.0,2024-08-12,-4559.53
2024-09-05,2024-09-05 09:35:00-04:00,2024-09-05 09:55:00-04:00,short,18954.167203917663,19044.167203917663,SL,-90.0,2024-08-12,-4649.53
2024-09-06,2024-09-06 09:40:00-04:00,2024-09-06 10:24:00-04:00,long,18787.370575135792,18697.370575135792,SL,-90.0,2024-08-14,-4739.53
2024-09-09,2024-09-09 09:31:00-04:00,2024-09-09 10:30:00-04:00,long,18605.78967459617,18605.78967459617,BE,0.0,2024-09-04,-4739.53
2024-09-09,2024-09-09 10:32:00-04:00,2024-09-09 11:13:00-04:00,long,18588.802171752275,18498.802171752275,SL,-90.0,2024-09-05,-4829.53
2024-09-10,2024-09-10 09:34:00-04:00,2024-09-10 10:14:00-04:00,long,18787.370575135792,18697.370575135792,SL,-90.0,2024-08-14,-4919.53
2024-09-11,2024-09-11 10:39:00-04:00,2024-09-11 11:46:00-04:00,long,18605.78967459617,18797.0,TP,191.21,2024-09-04,-4728.32
2024-09-12,2024-09-12 09:31:00-04:00,2024-09-12 13:57:00-04:00,long,19227.07384076628,19446.25,TP,219.18,2024-08-27,-4509.14
2024-09-13,2024-09-13 09:34:00-04:00,2024-09-13 10:30:00-04:00,long,19436.24414338785,19436.24414338785,BE,0.0,2024-08-26,-4509.14
2024-09-13,2024-09-13 10:32:00-04:00,2024-09-13 15:00:00-04:00,long,19440.876008721498,19513.25,cutoff,72.37,2024-09-02,-4436.77
2024-09-16,2024-09-16 09:32:00-04:00,2024-09-16 10:26:00-04:00,long,19629.212552148034,19629.212552148034,BE,0.0,2024-08-21,-4436.77
2024-09-16,2024-09-16 10:27:00-04:00,2024-09-16 15:00:00-04:00,long,19609.87105978644,19666.0,cutoff,56.13,2024-08-20,-4380.64
2024-09-17,2024-09-17 09:34:00-04:00,2024-09-17 13:45:00-04:00,short,19794.373991278502,19608.5,TP,185.87,2024-09-02,-4194.77
2024-09-18,2024-09-18 09:31:00-04:00,2024-09-18 11:39:00-04:00,long,19718.054097770917,19628.054097770917,SL,-90.0,2024-08-22,-4284.77
2024-09-19,2024-09-19 09:38:00-04:00,2024-09-19 10:27:00-04:00,short,20029.50585661215,20119.50585661215,SL,-90.0,2024-08-26,-4374.77
2024-09-20,2024-09-20 09:57:00-04:00,2024-09-20 12:50:00-04:00,short,20029.50585661215,20029.50585661215,BE,0.0,2024-08-26,-4374.77
2024-09-24,2024-09-24 10:10:00-04:00,2024-09-24 11:25:00-04:00,short,20031.687214054655,20121.687214054655,SL,-90.0,2024-09-17,-4464.77
2024-09-25,2024-09-25 10:15:00-04:00,2024-09-25 15:00:00-04:00,short,20264.48376077762,20190.25,cutoff,74.23,2024-09-20,-4390.54
2024-09-26,2024-09-26 10:06:00-04:00,2024-09-26 11:02:00-04:00,short,20409.398137686894,20216.75,TP,192.65,2024-09-25,-4197.89
2024-09-27,2024-09-27 09:32:00-04:00,2024-09-27 15:00:00-04:00,short,20354.416612917434,20248.25,cutoff,106.17,2024-09-19,-4091.72
2024-09-30,2024-09-30 10:04:00-04:00,2024-09-30 14:20:00-04:00,long,20192.811289334968,20102.811289334968,SL,-90.0,2024-09-26,-4181.72
2024-10-01,2024-10-01 09:32:00-04:00,2024-10-01 09:37:00-04:00,long,20192.811289334968,20102.811289334968,SL,-90.0,2024-09-26,-4271.72
2024-10-02,2024-10-02 09:31:00-04:00,2024-10-02 10:43:00-04:00,short,19938.759423010662,20028.759423010662,SL,-90.0,2024-09-18,-4361.72
2024-10-03,2024-10-03 09:32:00-04:00,2024-10-03 09:55:00-04:00,short,19938.759423010662,20028.759423010662,SL,-90.0,2024-09-18,-4451.72
2024-10-04,2024-10-04 09:32:00-04:00,2024-10-04 09:56:00-04:00,long,20192.811289334968,20102.811289334968,SL,-90.0,2024-09-26,-4541.72
2024-10-07,2024-10-07 09:32:00-04:00,2024-10-07 10:44:00-04:00,long,20143.4885118941,20143.4885118941,BE,0.0,2024-09-27,-4541.72
2024-10-08,2024-10-08 09:56:00-04:00,2024-10-08 15:00:00-04:00,long,20143.4885118941,20273.75,cutoff,130.26,2024-09-27,-4411.46
2024-10-09,2024-10-09 09:33:00-04:00,2024-10-09 10:29:00-04:00,short,20264.48376077762,20354.48376077762,SL,-90.0,2024-09-20,-4501.46
2024-10-10,2024-10-10 09:31:00-04:00,2024-10-10 11:38:00-04:00,short,20354.416612917434,20444.416612917434,SL,-90.0,2024-09-19,-4591.46
2024-10-11,2024-10-11 09:45:00-04:00,2024-10-11 10:15:00-04:00,short,20354.416612917434,20444.416612917434,SL,-90.0,2024-09-19,-4681.46
2024-10-14,2024-10-14 09:32:00-04:00,2024-10-14 09:56:00-04:00,short,20568.1364881059,20658.1364881059,SL,-90.0,2024-09-27,-4771.46
2024-10-15,2024-10-15 09:51:00-04:00,2024-10-15 10:36:00-04:00,short,20616.47541862654,20423.5,TP,192.98,2024-10-10,-4578.48
2024-10-15,2024-10-15 10:37:00-04:00,2024-10-15 15:00:00-04:00,short,20409.398137686894,20330.25,cutoff,79.15,2024-09-25,-4499.33
2024-10-16,2024-10-16 09:31:00-04:00,2024-10-16 10:00:00-04:00,long,20303.56062921643,20213.56062921643,SL,-90.0,2024-10-14,-4589.33
2024-10-17,2024-10-17 09:31:00-04:00,2024-10-17 15:00:00-04:00,short,20549.36248371189,20431.75,cutoff,117.61,2024-10-09,-4471.72
2024-10-18,2024-10-18 09:45:00-04:00,2024-10-18 11:28:00-04:00,short,20509.27467220082,20509.27467220082,BE,0.0,2024-10-04,-4471.72
2024-10-21,2024-10-21 10:03:00-04:00,2024-10-21 15:00:00-04:00,short,20509.27467220082,20458.25,cutoff,51.02,2024-10-04,-4420.7
2024-10-22,2024-10-22 09:33:00-04:00,2024-10-22 10:06:00-04:00,short,20409.398137686894,20499.398137686894,SL,-90.0,2024-09-25,-4510.7
2024-10-23,2024-10-23 09:33:00-04:00,2024-10-23 10:32:00-04:00,short,20431.966431258297,20431.966431258297,BE,0.0,2024-09-30,-4510.7
2024-10-23,2024-10-23 11:00:00-04:00,2024-10-23 13:12:00-04:00,short,20396.14892815338,20210.5,TP,185.65,2024-10-08,-4325.05
2024-10-24,2024-10-24 09:48:00-04:00,2024-10-24 11:47:00-04:00,long,20303.56062921643,20303.56062921643,BE,0.0,2024-10-14,-4325.05
2024-10-25,2024-10-25 09:35:00-04:00,2024-10-25 09:55:00-04:00,short,20549.36248371189,20639.36248371189,SL,-90.0,2024-10-09,-4415.05
2024-10-28,2024-10-28 09:32:00-04:00,2024-10-28 10:21:00-04:00,short,20596.23447517919,20596.23447517919,BE,0.0,2024-10-01,-4415.05
2024-10-28,2024-10-28 10:25:00-04:00,2024-10-28 15:00:00-04:00,short,20584.71443989178,20523.5,cutoff,61.21,2024-10-24,-4353.84
2024-10-29,2024-10-29 09:45:00-04:00,2024-10-29 10:25:00-04:00,short,20509.27467220082,20599.27467220082,SL,-90.0,2024-10-04,-4443.84
2024-10-30,2024-10-30 09:31:00-04:00,2024-10-30 15:00:00-04:00,short,20667.24401157799,20604.75,cutoff,62.49,2024-10-11,-4381.35
2024-10-31,2024-10-31 09:31:00-04:00,2024-10-31 09:48:00-04:00,long,20303.56062921643,20213.56062921643,SL,-90.0,2024-10-14,-4471.35
2024-11-01,2024-11-01 09:35:00-04:00,2024-11-01 15:00:00-04:00,long,20101.14958137346,20166.25,cutoff,65.1,2024-10-10,-4406.25
2024-11-04,2024-11-04 09:31:00-05:00,2024-11-04 11:43:00-05:00,long,20101.14958137346,20101.14958137346,BE,0.0,2024-10-10,-4406.25
2024-11-05,2024-11-05 09:32:00-05:00,2024-11-05 15:00:00-05:00,long,20189.39204918327,20294.0,cutoff,104.61,2024-10-17,-4301.64
2024-11-06,2024-11-06 09:32:00-05:00,2024-11-06 09:40:00-05:00,short,20707.991886978132,20797.991886978132,SL,-90.0,2024-10-18,-4391.64
2024-11-11,2024-11-11 09:33:00-05:00,2024-11-11 15:00:00-05:00,short,21270.8590945764,21175.25,cutoff,95.61,2024-11-07,-4296.03
2024-11-15,2024-11-15 09:36:00-05:00,2024-11-15 12:15:00-05:00,short,20716.25851381381,20500.5,TP,215.76,2024-10-21,-4080.27
2024-11-18,2024-11-18 10:04:00-05:00,2024-11-18 10:31:00-05:00,short,20584.71443989178,20674.71443989178,SL,-90.0,2024-10-24,-4170.27
2024-11-19,2024-11-19 09:41:00-05:00,2024-11-19 10:29:00-05:00,short,20584.71443989178,20584.71443989178,BE,0.0,2024-10-24,-4170.27
2024-11-20,2024-11-20 09:44:00-05:00,2024-11-20 11:47:00-05:00,short,20662.143906139332,20662.143906139332,BE,0.0,2024-10-31,-4170.27
2024-11-21,2024-11-21 09:31:00-05:00,2024-11-21 09:38:00-05:00,short,20873.28056996522,20677.75,TP,195.53,2024-10-25,-3974.74
2024-11-21,2024-11-21 09:40:00-05:00,2024-11-21 09:48:00-05:00,short,20662.143906139332,20752.143906139332,SL,-90.0,2024-10-31,-4064.74
2024-11-22,2024-11-22 09:32:00-05:00,2024-11-22 10:39:00-05:00,short,20811.795006614546,20811.795006614546,BE,0.0,2024-10-29,-4064.74
2024-11-22,2024-11-22 10:45:00-05:00,2024-11-22 12:50:00-05:00,short,20848.093765848396,20848.093765848396,BE,0.0,2024-10-28,-4064.74
2024-11-25,2024-11-25 09:32:00-05:00,2024-11-25 12:48:00-05:00,short,20993.111733587757,20802.5,TP,190.61,2024-11-06,-3874.13
2024-11-26,2024-11-26 09:34:00-05:00,2024-11-26 10:45:00-05:00,short,20993.111733587757,20993.111733587757,BE,0.0,2024-11-06,-3874.13
2024-11-27,2024-11-27 09:31:00-05:00,2024-11-27 10:15:00-05:00,long,20892.111380793085,20802.111380793085,SL,-90.0,2024-11-14,-3964.13
2024-11-28,2024-11-28 09:57:00-05:00,2024-11-28 11:27:00-05:00,long,20892.111380793085,20892.111380793085,BE,0.0,2024-11-14,-3964.13
2024-11-29,2024-11-29 09:31:00-05:00,2024-11-29 10:07:00-05:00,short,20842.995254350048,20932.995254350048,SL,-90.0,2024-11-18,-4054.13
2024-12-02,2024-12-02 09:32:00-05:00,2024-12-02 10:34:00-05:00,short,21107.046660596272,21197.046660596272,SL,-90.0,2024-11-29,-4144.13
2024-12-03,2024-12-03 09:31:00-05:00,2024-12-03 11:26:00-05:00,short,21147.605270926877,21237.605270926877,SL,-90.0,2024-11-27,-4234.13
2024-12-04,2024-12-04 09:32:00-05:00,2024-12-04 14:18:00-05:00,short,21406.807232979983,21496.807232979983,SL,-90.0,2024-11-12,-4324.13
2024-12-06,2024-12-06 09:49:00-05:00,2024-12-06 15:00:00-05:00,short,21596.018806749427,21635.5,cutoff,-39.48,2024-12-04,-4363.61
2024-12-09,2024-12-09 09:31:00-05:00,2024-12-09 15:00:00-05:00,short,21596.018806749427,21476.25,cutoff,119.77,2024-12-04,-4243.84
2024-12-10,2024-12-10 10:08:00-05:00,2024-12-10 15:00:00-05:00,short,21596.018806749427,21411.25,cutoff,184.77,2024-12-04,-4059.07
2024-12-11,2024-12-11 09:33:00-05:00,2024-12-11 09:52:00-05:00,short,21596.018806749427,21686.018806749427,SL,-90.0,2024-12-04,-4149.07
2024-12-12,2024-12-12 09:38:00-05:00,2024-12-12 10:23:00-05:00,short,21687.530920669866,21687.530920669866,BE,0.0,2024-12-05,-4149.07
2024-12-13,2024-12-13 09:43:00-05:00,2024-12-13 15:00:00-05:00,short,21869.341110276982,21801.25,cutoff,68.09,2024-12-11,-4080.98
2024-12-19,2024-12-19 09:31:00-05:00,2024-12-19 10:35:00-05:00,short,21687.530920669866,21500.25,TP,187.28,2024-12-05,-3893.7
2024-12-19,2024-12-19 10:40:00-05:00,2024-12-19 12:21:00-05:00,long,21492.24058955785,21492.24058955785,BE,0.0,2024-12-12,-3893.7
2024-12-20,2024-12-20 09:39:00-05:00,2024-12-20 10:24:00-05:00,short,21292.531888874582,21382.531888874582,SL,-90.0,2024-11-25,-3983.7
2024-12-23,2024-12-23 09:44:00-05:00,2024-12-23 10:09:00-05:00,long,21608.988638772324,21518.988638772324,SL,-90.0,2024-12-13,-4073.7
2024-12-24,2024-12-24 09:41:00-05:00,2024-12-24 10:44:00-05:00,short,21869.341110276982,21959.341110276982,SL,-90.0,2024-12-11,-4163.7
2024-12-26,2024-12-26 09:38:00-05:00,2024-12-26 10:38:00-05:00,short,22007.808684924697,22007.808684924697,BE,0.0,2024-12-19,-4163.7
2024-12-27,2024-12-27 09:37:00-05:00,2024-12-27 10:15:00-05:00,short,21764.75757263631,21577.75,TP,187.01,2024-12-06,-3976.69
2024-12-27,2024-12-27 10:23:00-05:00,2024-12-27 11:25:00-05:00,short,21596.018806749427,21596.018806749427,BE,0.0,2024-12-04,-3976.69
2024-12-30,2024-12-30 09:31:00-05:00,2024-12-30 10:00:00-05:00,long,21372.344079330134,21282.344079330134,SL,-90.0,2024-12-05,-4066.69
2025-01-02,2025-01-02 09:32:00-05:00,2025-01-02 12:29:00-05:00,short,21364.40750052978,21171.5,TP,192.91,2024-12-03,-3873.78
2025-01-03,2025-01-03 09:34:00-05:00,2025-01-03 14:47:00-05:00,long,21343.94368347066,21538.0,TP,194.06,2024-12-10,-3679.72
2025-01-06,2025-01-06 09:31:00-05:00,2025-01-06 10:14:00-05:00,short,21764.75757263631,21854.75757263631,SL,-90.0,2024-12-06,-3769.72
2025-01-07,2025-01-07 09:31:00-05:00,2025-01-07 10:07:00-05:00,short,21796.928107768268,21608.75,TP,188.18,2024-12-09,-3581.54
2025-01-07,2025-01-07 10:09:00-05:00,2025-01-07 10:32:00-05:00,long,21593.969909814354,21503.969909814354,SL,-90.0,2024-12-24,-3671.54
2025-01-08,2025-01-08 09:32:00-05:00,2025-01-08 10:14:00-05:00,long,21343.94368347066,21253.94368347066,SL,-90.0,2024-12-10,-3761.54
2025-01-10,2025-01-10 09:37:00-05:00,2025-01-10 09:48:00-05:00,long,21108.976305194254,21018.976305194254,SL,-90.0,2024-12-30,-3851.54
2025-01-13,2025-01-13 09:37:00-05:00,2025-01-13 10:29:00-05:00,long,20715.49254738771,20715.49254738771,BE,0.0,2025-01-10,-3851.54
2025-01-13,2025-01-13 10:41:00-05:00,2025-01-13 12:01:00-05:00,long,20812.622135091402,20722.622135091402,SL,-90.0,2024-12-20,-3941.54
2025-01-14,2025-01-14 09:31:00-05:00,2025-01-14 10:27:00-05:00,long,21031.8856662069,21031.8856662069,BE,0.0,2025-01-03,-3941.54
2025-01-14,2025-01-14 10:38:00-05:00,2025-01-14 11:04:00-05:00,long,20966.699659476093,20876.699659476093,SL,-90.0,2025-01-02,-4031.54
2025-01-15,2025-01-15 09:34:00-05:00,2025-01-15 11:51:00-05:00,long,21266.566315075303,21266.566315075303,BE,0.0,2024-12-19,-4031.54
2025-01-16,2025-01-16 09:48:00-05:00,2025-01-16 10:34:00-05:00,long,21370.860792927837,21370.860792927837,BE,0.0,2025-01-07,-4031.54
2025-01-16,2025-01-16 10:36:00-05:00,2025-01-16 11:39:00-05:00,long,21369.223516791924,21369.223516791924,BE,0.0,2024-12-27,-4031.54
2025-01-17,2025-01-17 09:31:00-05:00,2025-01-17 09:43:00-05:00,long,21593.969909814354,21503.969909814354,SL,-90.0,2024-12-24,-4121.54
2025-01-20,2025-01-20 09:31:00-05:00,2025-01-20 11:52:00-05:00,short,21727.127864908598,21727.127864908598,BE,0.0,2024-12-20,-4121.54
2025-01-21,2025-01-21 09:39:00-05:00,2025-01-21 10:29:00-05:00,short,21634.523694805746,21634.523694805746,BE,0.0,2024-12-30,-4121.54
2025-01-21,2025-01-21 10:32:00-05:00,2025-01-21 12:42:00-05:00,short,21627.173587494122,21717.173587494122,SL,-90.0,2025-01-08,-4211.54
2025-01-22,2025-01-22 09:31:00-05:00,2025-01-22 09:54:00-05:00,short,21913.918142038703,22003.918142038703,SL,-90.0,2024-12-23,-4301.54
2025-01-23,2025-01-23 09:33:00-05:00,2025-01-23 13:35:00-05:00,short,21888.13218343735,21978.13218343735,SL,-90.0,2025-01-17,-4391.54
2025-01-24,2025-01-24 09:31:00-05:00,2025-01-24 15:00:00-05:00,short,22039.2246379133,21868.0,cutoff,171.22,2025-01-06,-4220.32
2025-01-27,2025-01-27 09:59:00-05:00,2025-01-27 10:19:00-05:00,long,21326.61781656265,21236.61781656265,SL,-90.0,2025-01-17,-4310.32
2025-01-28,2025-01-28 09:42:00-05:00,2025-01-28 10:23:00-05:00,long,21187.005205197285,21413.25,TP,226.24,2025-01-16,-4084.08
2025-01-29,2025-01-29 09:42:00-05:00,2025-01-29 13:02:00-05:00,long,21503.086594849883,21413.086594849883,SL,-90.0,2025-01-20,-4174.08
2025-01-30,2025-01-30 09:36:00-05:00,2025-01-30 09:48:00-05:00,short,21612.9893337931,21702.9893337931,SL,-90.0,2025-01-03,-4264.08
2025-01-31,2025-01-31 09:31:00-05:00,2025-01-31 10:12:00-05:00,short,21822.843311433993,21912.843311433993,SL,-90.0,2025-01-29,-4354.08
2025-02-03,2025-02-03 09:40:00-05:00,2025-02-03 09:47:00-05:00,long,21298.78293912612,21208.78293912612,SL,-90.0,2025-01-30,-4444.08
2025-02-04,2025-02-04 09:39:00-05:00,2025-02-04 10:00:00-05:00,short,21513.00745261229,21603.00745261229,SL,-90.0,2025-01-10,-4534.08
2025-02-05,2025-02-05 09:31:00-05:00,2025-02-05 10:16:00-05:00,long,21536.260413812335,21536.260413812335,BE,0.0,2025-01-31,-4534.08
2025-02-05,2025-02-05 10:17:00-05:00,2025-02-05 11:08:00-05:00,short,21522.02838072801,21612.02838072801,SL,-90.0,2025-01-27,-4624.08
2025-02-06,2025-02-06 09:45:00-05:00,2025-02-06 10:30:00-05:00,short,21792.952727208594,21792.952727208594,BE,0.0,2025-02-05,-4624.08
2025-02-06,2025-02-06 10:37:00-05:00,2025-02-06 12:53:00-05:00,short,21822.843311433993,21822.843311433993,BE,0.0,2025-01-29,-4624.08
2025-02-07,2025-02-07 09:33:00-05:00,2025-02-07 10:11:00-05:00,short,21948.538405150117,21760.5,TP,188.04,2025-01-20,-4436.04
2025-02-07,2025-02-07 10:12:00-05:00,2025-02-07 12:00:00-05:00,long,21695.804153590565,21605.804153590565,SL,-90.0,2025-01-22,-4526.04
2025-02-10,2025-02-10 09:43:00-05:00,2025-02-10 10:40:00-05:00,short,21792.952727208594,21882.952727208594,SL,-90.0,2025-02-05,-4616.04
2025-02-11,2025-02-11 09:36:00-05:00,2025-02-11 10:21:00-05:00,short,21792.952727208594,21792.952727208594,BE,0.0,2025-02-05,-4616.04
2025-02-11,2025-02-11 10:25:00-05:00,2025-02-11 15:00:00-05:00,short,21822.843311433993,21826.75,cutoff,-3.91,2025-01-29,-4619.95
2025-02-12,2025-02-12 09:31:00-05:00,2025-02-12 10:38:00-05:00,long,21536.260413812335,21733.75,TP,197.49,2025-01-31,-4422.46
2025-02-12,2025-02-12 10:44:00-05:00,2025-02-12 11:43:00-05:00,short,21724.619794802715,21724.619794802715,BE,0.0,2025-01-16,-4422.46
2025-02-13,2025-02-13 09:31:00-05:00,2025-02-13 10:19:00-05:00,short,21888.13218343735,21978.13218343735,SL,-90.0,2025-01-17,-4512.46
2025-02-14,2025-02-14 10:10:00-05:00,2025-02-14 10:56:00-05:00,short,22159.305308485862,22159.305308485862,BE,0.0,2025-02-13,-4512.46
2025-02-17,2025-02-17 09:46:00-05:00,2025-02-17 12:59:00-05:00,short,22212.350190881843,22235.25,cutoff,-22.9,2025-02-07,-4535.36
2025-02-18,2025-02-18 09:33:00-05:00,2025-02-18 15:00:00-05:00,short,22250.5219911343,22178.5,cutoff,72.02,2025-01-24,-4463.34
2025-02-19,2025-02-19 09:35:00-05:00,2025-02-19 11:11:00-05:00,short,22212.350190881843,22212.350190881843,BE,0.0,2025-02-07,-4463.34
2025-02-20,2025-02-20 09:31:00-05:00,2025-02-20 09:59:00-05:00,short,22212.350190881843,22030.75,TP,181.6,2025-02-07,-4281.74
2025-02-20,2025-02-20 10:00:00-05:00,2025-02-20 10:59:00-05:00,long,21982.87512247588,21982.87512247588,BE,0.0,2025-02-18,-4281.74
2025-02-20,2025-02-20 11:00:00-05:00,2025-02-20 14:20:00-05:00,short,22016.822171434134,22106.822171434134,SL,-90.0,2025-02-06,-4371.74
2025-02-21,2025-02-21 09:32:00-05:00,2025-02-21 10:44:00-05:00,short,22159.305308485862,21962.0,TP,197.31,2025-02-13,-4174.43
2025-02-21,2025-02-21 10:46:00-05:00,2025-02-21 13:31:00-05:00,short,21979.59206087388,21797.0,TP,182.59,2025-01-30,-3991.84
2025-02-24,2025-02-24 09:32:00-05:00,2025-02-24 09:55:00-05:00,short,21792.952727208594,21608.0,TP,184.95,2025-02-05,-3806.89
2025-02-24,2025-02-24 10:01:00-05:00,2025-02-24 10:07:00-05:00,long,21536.260413812335,21446.260413812335,SL,-90.0,2025-01-31,-3896.89
2025-02-25,2025-02-25 09:43:00-05:00,2025-02-25 09:52:00-05:00,long,21320.281688566007,21230.281688566007,SL,-90.0,2025-01-29,-3986.89
2025-02-26,2025-02-26 09:39:00-05:00,2025-02-26 12:57:00-05:00,long,21247.86849815972,21247.86849815972,BE,0.0,2025-02-24,-3986.89
2025-02-27,2025-02-27 09:39:00-05:00,2025-02-27 09:42:00-05:00,long,21315.422272791406,21225.422272791406,SL,-90.0,2025-02-05,-4076.89
2025-02-28,2025-02-28 10:25:00-05:00,2025-02-28 11:12:00-05:00,long,20707.532251260138,20707.532251260138,BE,0.0,2025-02-27,-4076.89
2025-03-03,2025-03-03 09:43:00-05:00,2025-03-03 09:56:00-05:00,long,20953.828863134346,20863.828863134346,SL,-90.0,2025-02-26,-4166.89
2025-03-04,2025-03-04 10:00:00-05:00,2025-03-04 10:18:00-05:00,long,20196.21082559822,20106.21082559822,SL,-90.0,2025-02-28,-4256.89
2025-03-07,2025-03-07 09:36:00-05:00,2025-03-07 10:28:00-05:00,long,20045.353394687612,20045.353394687612,BE,0.0,2025-03-05,-4256.89
2025-03-07,2025-03-07 10:32:00-05:00,2025-03-07 11:26:00-05:00,long,19963.50233256204,19873.50233256204,SL,-90.0,2025-03-06,-4346.89
2025-03-10,2025-03-10 09:32:00-04:00,2025-03-10 09:54:00-04:00,long,19847.34270773561,19757.34270773561,SL,-90.0,2025-03-04,-4436.89
2025-03-11,2025-03-11 10:03:00-04:00,2025-03-11 10:04:00-04:00,long,19447.50973136168,19357.50973136168,SL,-90.0,2025-03-10,-4526.89
2025-03-12,2025-03-12 09:34:00-04:00,2025-03-12 09:48:00-04:00,long,19729.831228780633,19639.831228780633,SL,-90.0,2025-03-07,-4616.89
2025-03-13,2025-03-13 09:51:00-04:00,2025-03-13 09:57:00-04:00,long,19447.50973136168,19357.50973136168,SL,-90.0,2025-03-10,-4706.89
2025-03-14,2025-03-14 10:00:00-04:00,2025-03-14 11:26:00-04:00,long,19447.50973136168,19639.0,TP,191.49,2025-03-10,-4515.4
2025-03-17,2025-03-17 09:40:00-04:00,2025-03-17 13:50:00-04:00,short,19830.48773287708,19830.48773287708,BE,0.0,2025-03-14,-4515.4
2025-03-18,2025-03-18 09:31:00-04:00,2025-03-18 09:57:00-04:00,short,19872.263616735974,19686.75,TP,185.51,2025-03-11,-4329.89
2025-03-19,2025-03-19 09:42:00-04:00,2025-03-19 12:10:00-04:00,long,19729.831228780633,19910.5,TP,180.67,2025-03-07,-4149.22
2025-03-20,2025-03-20 09:32:00-04:00,2025-03-20 09:46:00-04:00,short,19830.48773287708,19920.48773287708,SL,-90.0,2025-03-14,-4239.22
2025-03-21,2025-03-21 09:58:00-04:00,2025-03-21 15:00:00-04:00,long,19729.831228780633,19859.75,cutoff,129.92,2025-03-07,-4109.3
2025-03-24,2025-03-24 09:33:00-04:00,2025-03-24 11:06:00-04:00,short,20270.254580858167,20360.254580858167,SL,-90.0,2025-03-20,-4199.3
2025-03-25,2025-03-25 10:00:00-04:00,2025-03-25 15:00:00-04:00,short,20439.543771219367,20427.5,cutoff,12.04,2025-03-07,-4187.26
2025-03-26,2025-03-26 09:35:00-04:00,2025-03-26 10:24:00-04:00,short,20439.543771219367,20258.0,TP,181.54,2025-03-07,-4005.72
2025-03-26,2025-03-26 10:27:00-04:00,2025-03-26 14:47:00-04:00,short,20270.254580858167,20078.5,TP,191.75,2025-03-20,-3813.97
2025-03-27,2025-03-27 09:32:00-04:00,2025-03-27 09:37:00-04:00,long,20045.353394687612,19955.353394687612,SL,-90.0,2025-03-05,-3903.97
2025-03-28,2025-03-28 09:32:00-04:00,2025-03-28 10:26:00-04:00,short,19872.263616735974,19671.5,TP,200.76,2025-03-11,-3703.21
2025-03-31,2025-03-31 09:31:00-04:00,2025-03-31 09:34:00-04:00,long,19132.060649987903,19042.060649987903,SL,-90.0,2025-03-13,-3793.21
2025-04-01,2025-04-01 09:33:00-04:00,2025-04-01 10:13:00-04:00,long,19384.17982819876,19294.17982819876,SL,-90.0,2025-03-21,-3883.21
2025-04-02,2025-04-02 09:36:00-04:00,2025-04-02 11:20:00-04:00,long,19437.620419141833,19629.75,TP,192.13,2025-03-20,-3691.08
2025-04-03,2025-04-03 09:32:00-04:00,2025-04-03 10:04:00-04:00,long,18997.15482466907,18907.15482466907,SL,-90.0,2025-04-02,-3781.08
2025-04-04,2025-04-04 10:50:00-04:00,2025-04-04 10:57:00-04:00,long,17658.120958752366,17850.25,TP,192.13,2025-04-04,-3588.95
2025-04-07,2025-04-07 10:12:00-04:00,2025-04-07 10:13:00-04:00,long,17658.120958752366,18067.25,TP,409.13,2025-04-04,-3179.82
2025-04-10,2025-04-10 09:31:00-04:00,2025-04-10 09:42:00-04:00,long,18790.769736152346,18700.769736152346,SL,-90.0,2025-03-31,-3269.82
2025-04-11,2025-04-11 09:46:00-04:00,2025-04-11 10:22:00-04:00,short,18574.754041247634,18344.5,TP,230.25,2025-04-04,-3039.57
2025-04-11,2025-04-11 10:23:00-04:00,2025-04-11 10:44:00-04:00,long,18286.418953500917,18475.75,TP,189.33,2025-04-10,-2850.24
2025-04-14,2025-04-14 09:32:00-04:00,2025-04-14 09:43:00-04:00,short,19224.331046499083,19024.0,TP,200.33,2025-04-10,-2649.91
2025-04-14,2025-04-14 09:44:00-04:00,2025-04-14 11:26:00-04:00,long,18997.15482466907,18997.15482466907,BE,0.0,2025-04-02,-2649.91
2025-04-15,2025-04-15 09:32:00-04:00,2025-04-15 09:51:00-04:00,short,19018.330734952433,19108.330734952433,SL,-90.0,2025-04-11,-2739.91
2025-04-16,2025-04-16 09:31:00-04:00,2025-04-16 10:00:00-04:00,long,18604.621901765408,18514.621901765408,SL,-90.0,2025-04-15,-2829.91
2025-04-17,2025-04-17 10:31:00-04:00,2025-04-17 14:04:00-04:00,long,18286.418953500917,18468.0,TP,181.58,2025-04-10,-2648.33
2025-04-21,2025-04-21 09:56:00-04:00,2025-04-21 10:02:00-04:00,long,18043.702403837182,17953.702403837182,SL,-90.0,2025-04-17,-2738.33
2025-04-22,2025-04-22 09:46:00-04:00,2025-04-22 12:11:00-04:00,long,18238.0404936951,18427.0,TP,188.96,2025-04-16,-2549.37
2025-04-23,2025-04-23 09:34:00-04:00,2025-04-23 11:23:00-04:00,long,18997.15482466907,18907.15482466907,SL,-90.0,2025-04-02,-2639.37
2025-04-24,2025-04-24 09:42:00-04:00,2025-04-24 09:57:00-04:00,short,18940.5845063049,19030.5845063049,SL,-90.0,2025-04-16,-2729.37
2025-04-25,2025-04-25 09:33:00-04:00,2025-04-25 09:38:00-04:00,short,19268.709598530542,19358.709598530542,SL,-90.0,2025-04-03,-2819.37
2025-04-28,2025-04-28 10:02:00-04:00,2025-04-28 15:00:00-04:00,short,19459.980263847654,19428.75,cutoff,31.23,2025-03-31,-2788.14
2025-04-29,2025-04-29 09:39:00-04:00,2025-04-29 09:47:00-04:00,short,19416.753098234592,19506.753098234592,SL,-90.0,2025-04-15,-2878.14
2025-04-30,2025-04-30 09:32:00-04:00,2025-04-30 10:19:00-04:00,short,19268.709598530542,19268.709598530542,BE,0.0,2025-04-03,-2878.14
2025-05-01,2025-05-01 10:00:00-04:00,2025-05-01 10:23:00-04:00,short,19883.0968747399,19973.0968747399,SL,-90.0,2025-04-28,-2968.14
2025-05-06,2025-05-06 09:31:00-04:00,2025-05-06 10:23:00-04:00,short,19815.290020174296,19905.290020174296,SL,-90.0,2025-04-29,-3058.14
2025-05-07,2025-05-07 09:31:00-04:00,2025-05-07 10:28:00-04:00,short,19883.0968747399,19973.0968747399,SL,-90.0,2025-04-28,-3148.14
2025-05-08,2025-05-08 09:33:00-04:00,2025-05-08 11:20:00-04:00,short,20128.846013962007,20128.846013962007,BE,0.0,2025-05-06,-3148.14
2025-05-09,2025-05-09 09:35:00-04:00,2025-05-09 10:40:00-04:00,short,20263.837006537575,20083.25,TP,180.59,2025-05-01,-2967.55
2025-05-09,2025-05-09 10:49:00-04:00,2025-05-09 11:34:00-04:00,short,20128.846013962007,20128.846013962007,BE,0.0,2025-05-06,-2967.55
2025-05-13,2025-05-13 10:17:00-04:00,2025-05-13 12:35:00-04:00,short,21222.895093414,21312.895093414,SL,-90.0,2025-05-12,-3057.55
2025-05-16,2025-05-16 09:32:00-04:00,2025-05-16 15:00:00-04:00,short,21430.874914375905,21477.0,cutoff,-46.13,2025-05-13,-3103.68
2025-05-19,2025-05-19 10:07:00-04:00,2025-05-19 11:18:00-04:00,short,21430.874914375905,21430.874914375905,BE,0.0,2025-05-13,-3103.68
2025-05-20,2025-05-20 09:33:00-04:00,2025-05-20 10:39:00-04:00,short,21430.874914375905,21430.874914375905,BE,0.0,2025-05-13,-3103.68
2025-05-21,2025-05-21 10:01:00-04:00,2025-05-21 10:56:00-04:00,short,21430.874914375905,21430.874914375905,BE,0.0,2025-05-13,-3103.68
2025-05-22,2025-05-22 09:33:00-04:00,2025-05-22 10:56:00-04:00,long,21172.07384349611,21172.07384349611,BE,0.0,2025-05-20,-3103.68
2025-05-22,2025-05-22 10:59:00-04:00,2025-05-22 12:15:00-04:00,short,21222.895093414,21312.895093414,SL,-90.0,2025-05-12,-3193.68
2025-05-23,2025-05-23 09:31:00-04:00,2025-05-23 13:32:00-04:00,long,20848.158405671267,21049.75,TP,201.59,2025-05-22,-2992.09
2025-05-27,2025-05-27 09:35:00-04:00,2025-05-27 12:39:00-04:00,long,21217.734988096745,21429.75,TP,212.02,2025-05-16,-2780.07
2025-05-28,2025-05-28 09:32:00-04:00,2025-05-28 15:00:00-04:00,short,21513.310861378166,21468.25,cutoff,45.06,2025-05-26,-2735.01
2025-05-29,2025-05-29 09:32:00-04:00,2025-05-29 10:14:00-04:00,short,21612.80588287719,21423.5,TP,189.31,2025-05-27,-2545.7
2025-05-29,2025-05-29 10:25:00-04:00,2025-05-29 10:58:00-04:00,short,21430.874914375905,21520.874914375905,SL,-90.0,2025-05-13,-2635.7
2025-06-02,2025-06-02 09:38:00-04:00,2025-06-02 11:51:00-04:00,short,21430.874914375905,21430.874914375905,BE,0.0,2025-05-13,-2635.7
2025-06-03,2025-06-03 09:33:00-04:00,2025-06-03 10:03:00-04:00,short,21548.17602820053,21638.17602820053,SL,-90.0,2025-05-15,-2725.7
2025-06-04,2025-06-04 09:36:00-04:00,2025-06-04 11:06:00-04:00,short,21774.231123650083,21774.231123650083,BE,0.0,2025-05-28,-2725.7
2025-06-05,2025-06-05 09:33:00-04:00,2025-06-05 10:38:00-04:00,short,21806.20617937395,21806.20617937395,BE,0.0,2025-06-03,-2725.7
2025-06-05,2025-06-05 10:41:00-04:00,2025-06-05 10:42:00-04:00,short,21774.231123650083,21864.231123650083,SL,-90.0,2025-05-28,-2815.7
2025-06-06,2025-06-06 09:31:00-04:00,2025-06-06 15:00:00-04:00,short,21806.20617937395,21834.5,cutoff,-28.29,2025-06-03,-2843.99
2025-06-09,2025-06-09 09:36:00-04:00,2025-06-09 10:22:00-04:00,short,21774.231123650083,21864.231123650083,SL,-90.0,2025-05-28,-2933.99
2025-06-11,2025-06-11 09:32:00-04:00,2025-06-11 15:00:00-04:00,short,21980.171524408106,21862.0,cutoff,118.17,2025-06-04,-2815.82
2025-06-13,2025-06-13 09:32:00-04:00,2025-06-13 11:15:00-04:00,short,21774.231123650083,21774.231123650083,BE,0.0,2025-05-28,-2815.82
2025-06-16,2025-06-16 09:32:00-04:00,2025-06-16 10:13:00-04:00,short,22095.40708023221,22185.40708023221,SL,-90.0,2025-06-12,-2905.82
2025-06-17,2025-06-17 09:45:00-04:00,2025-06-17 15:00:00-04:00,short,22048.378437910666,21977.25,cutoff,71.13,2025-06-05,-2834.69
2025-06-18,2025-06-18 09:31:00-04:00,2025-06-18 10:20:00-04:00,short,21986.976553121214,22076.976553121214,SL,-90.0,2025-06-13,-2924.69
2025-06-19,2025-06-19 09:31:00-04:00,2025-06-19 12:59:00-04:00,short,21774.231123650083,21703.0,cutoff,71.23,2025-05-28,-2853.46
2025-06-20,2025-06-20 09:31:00-04:00,2025-06-20 10:41:00-04:00,short,22095.40708023221,21909.25,TP,186.16,2025-06-12,-2667.3
2025-06-20,2025-06-20 10:50:00-04:00,2025-06-20 13:27:00-04:00,long,21823.793626264163,21823.793626264163,BE,0.0,2025-06-17,-2667.3
2025-06-23,2025-06-23 09:31:00-04:00,2025-06-23 12:33:00-04:00,long,21823.793626264163,21823.793626264163,BE,0.0,2025-06-17,-2667.3
2025-06-24,2025-06-24 09:31:00-04:00,2025-06-24 12:26:00-04:00,short,22302.46465015223,22392.46465015223,SL,-90.0,2025-06-18,-2757.3
2025-06-25,2025-06-25 09:33:00-04:00,2025-06-25 10:45:00-04:00,short,22516.453264443597,22516.453264443597,BE,0.0,2025-06-24,-2757.3
2025-06-26,2025-06-26 09:38:00-04:00,2025-06-26 11:16:00-04:00,short,22516.453264443597,22606.453264443597,SL,-90.0,2025-06-24,-2847.3
2025-06-27,2025-06-27 09:31:00-04:00,2025-06-27 10:09:00-04:00,short,22722.758394924076,22812.758394924076,SL,-90.0,2025-06-25,-2937.3
2025-07-01,2025-07-01 10:31:00-04:00,2025-07-01 15:00:00-04:00,short,22773.328162960443,22702.25,cutoff,71.08,2025-06-26,-2866.22
2025-07-02,2025-07-02 09:45:00-04:00,2025-07-02 10:41:00-04:00,short,22722.758394924076,22812.758394924076,SL,-90.0,2025-06-25,-2956.22
2025-07-03,2025-07-03 09:39:00-04:00,2025-07-03 10:10:00-04:00,short,22963.565131112424,23053.565131112424,SL,-90.0,2025-07-02,-3046.22
2025-07-07,2025-07-07 09:32:00-04:00,2025-07-07 15:00:00-04:00,short,22963.565131112424,22877.25,cutoff,86.32,2025-07-02,-2959.9
2025-07-09,2025-07-09 09:35:00-04:00,2025-07-09 15:00:00-04:00,short,23034.85071845072,23032.5,cutoff,2.35,2025-07-01,-2957.55
2025-07-10,2025-07-10 09:35:00-04:00,2025-07-10 13:53:00-04:00,short,23034.85071845072,23034.85071845072,BE,0.0,2025-07-01,-2957.55
2025-07-11,2025-07-11 09:57:00-04:00,2025-07-11 15:00:00-04:00,short,22963.565131112424,22976.75,cutoff,-13.18,2025-07-02,-2970.73
2025-07-14,2025-07-14 09:31:00-04:00,2025-07-14 10:17:00-04:00,short,22963.565131112424,22963.565131112424,BE,0.0,2025-07-02,-2970.73
2025-07-14,2025-07-14 10:58:00-04:00,2025-07-14 15:00:00-04:00,short,22990.650113436634,23051.5,cutoff,-60.85,2025-06-27,-3031.58
2025-07-15,2025-07-15 09:36:00-04:00,2025-07-15 15:00:00-04:00,short,23184.128315938666,23094.25,cutoff,89.88,2025-07-11,-2941.7
2025-07-16,2025-07-16 09:36:00-04:00,2025-07-16 11:12:00-04:00,short,23034.85071845072,23034.85071845072,BE,0.0,2025-07-01,-2941.7
2025-07-17,2025-07-17 09:42:00-04:00,2025-07-17 11:03:00-04:00,short,23120.43003053195,23210.43003053195,SL,-90.0,2025-07-04,-3031.7
2025-07-18,2025-07-18 09:38:00-04:00,2025-07-18 15:00:00-04:00,short,23273.31354959769,23203.5,cutoff,69.81,2025-07-09,-2961.89
2025-07-21,2025-07-21 09:36:00-04:00,2025-07-21 10:15:00-04:00,short,23315.830634039354,23405.830634039354,SL,-90.0,2025-07-16,-3051.89
2025-07-22,2025-07-22 09:44:00-04:00,2025-07-22 15:00:00-04:00,short,23273.31354959769,23251.5,cutoff,21.81,2025-07-09,-3030.08
2025-07-23,2025-07-23 09:35:00-04:00,2025-07-23 11:53:00-04:00,short,23231.100082062927,23231.100082062927,BE,0.0,2025-07-03,-3030.08
2025-07-24,2025-07-24 09:37:00-04:00,2025-07-24 10:37:00-04:00,short,23354.46373998964,23354.46373998964,BE,0.0,2025-07-17,-3030.08
2025-07-25,2025-07-25 09:40:00-04:00,2025-07-25 12:13:00-04:00,short,23354.46373998964,23444.46373998964,SL,-90.0,2025-07-17,-3120.08
2025-07-28,2025-07-28 09:33:00-04:00,2025-07-28 15:00:00-04:00,short,23478.925830070326,23462.5,cutoff,16.43,2025-07-23,-3103.65
2025-07-29,2025-07-29 09:31:00-04:00,2025-07-29 15:00:00-04:00,short,23624.97526779357,23478.25,cutoff,146.73,2025-07-22,-2956.92
2025-07-30,2025-07-30 09:31:00-04:00,2025-07-30 14:31:00-04:00,short,23478.925830070326,23568.925830070326,SL,-90.0,2025-07-23,-3046.92
2025-07-31,2025-07-31 09:32:00-04:00,2025-07-31 10:17:00-04:00,short,23675.83459590077,23675.83459590077,BE,0.0,2025-07-28,-3046.92
2025-07-31,2025-07-31 10:27:00-04:00,2025-07-31 13:32:00-04:00,short,23624.97526779357,23442.5,TP,182.48,2025-07-22,-2864.44
2025-08-01,2025-08-01 09:32:00-04:00,2025-08-01 09:43:00-04:00,long,23026.723166003285,22936.723166003285,SL,-90.0,2025-07-18,-2954.44
2025-08-04,2025-08-04 09:36:00-04:00,2025-08-04 09:59:00-04:00,short,23157.740492599638,23247.740492599638,SL,-90.0,2025-07-08,-3044.44
2025-08-05,2025-08-05 09:31:00-04:00,2025-08-05 10:16:00-04:00,short,23315.830634039354,23315.830634039354,BE,0.0,2025-07-16,-3044.44
2025-08-05,2025-08-05 10:18:00-04:00,2025-08-05 10:42:00-04:00,long,23293.79040409923,23203.79040409923,SL,-90.0,2025-07-28,-3134.44
2025-08-06,2025-08-06 09:31:00-04:00,2025-08-06 10:05:00-04:00,short,23184.128315938666,23274.128315938666,SL,-90.0,2025-07-11,-3224.44
2025-08-07,2025-08-07 09:31:00-04:00,2025-08-07 10:16:00-04:00,short,23601.613878410044,23601.613878410044,BE,0.0,2025-08-05,-3224.44
2025-08-07,2025-08-07 10:24:00-04:00,2025-08-07 13:38:00-04:00,short,23588.220500917443,23405.25,TP,182.97,2025-07-24,-3041.47
2025-08-08,2025-08-08 09:31:00-04:00,2025-08-08 10:06:00-04:00,short,23574.398521302704,23664.398521302704,SL,-90.0,2025-07-21,-3131.47
2025-08-11,2025-08-11 09:32:00-04:00,2025-08-11 12:08:00-04:00,short,23697.015357395983,23787.015357395983,SL,-90.0,2025-07-30,-3221.47
2025-08-12,2025-08-12 09:51:00-04:00,2025-08-12 10:37:00-04:00,short,23675.83459590077,23765.83459590077,SL,-90.0,2025-07-28,-3311.47
2025-08-13,2025-08-13 09:56:00-04:00,2025-08-13 15:00:00-04:00,short,24017.78030730159,23934.0,cutoff,83.78,2025-08-12,-3227.69
2025-08-14,2025-08-14 09:31:00-04:00,2025-08-14 09:51:00-04:00,short,23858.911226056676,23948.911226056676,SL,-90.0,2025-08-07,-3317.69
2025-08-15,2025-08-15 09:32:00-04:00,2025-08-15 15:00:00-04:00,short,23858.911226056676,23811.0,cutoff,47.91,2025-08-07,-3269.78
2025-08-18,2025-08-18 09:31:00-04:00,2025-08-18 15:00:00-04:00,long,23791.33191477614,23795.5,cutoff,4.17,2025-08-13,-3265.61
2025-08-19,2025-08-19 09:35:00-04:00,2025-08-19 13:01:00-04:00,short,23675.83459590077,23486.75,TP,189.08,2025-07-28,-3076.53
2025-08-20,2025-08-20 09:31:00-04:00,2025-08-20 09:53:00-04:00,short,23398.54778671259,23207.0,TP,191.55,2025-08-01,-2884.98
2025-08-20,2025-08-20 09:56:00-04:00,2025-08-20 10:17:00-04:00,long,23155.5267650799,23065.5267650799,SL,-90.0,2025-07-25,-2974.98
2025-08-21,2025-08-21 09:38:00-04:00,2025-08-21 09:46:00-04:00,long,23278.484642604017,23188.484642604017,SL,-90.0,2025-07-30,-3064.98
2025-08-22,2025-08-22 09:38:00-04:00,2025-08-22 10:01:00-04:00,long,23278.484642604017,23461.0,TP,182.52,2025-07-30,-2882.46
2025-08-22,2025-08-22 10:04:00-04:00,2025-08-22 12:57:00-04:00,long,23509.184822348634,23509.184822348634,BE,0.0,2025-08-11,-2882.46
2025-08-25,2025-08-25 09:31:00-04:00,2025-08-25 15:00:00-04:00,long,23460.68991584859,23552.25,cutoff,91.56,2025-07-31,-2790.9
2025-08-26,2025-08-26 09:38:00-04:00,2025-08-26 15:00:00-04:00,long,23468.68801143708,23549.75,cutoff,81.06,2025-08-19,-2709.84
2025-08-27,2025-08-27 09:45:00-04:00,2025-08-27 15:00:00-04:00,long,23509.184822348634,23626.5,cutoff,117.32,2025-08-11,-2592.52
2025-08-28,2025-08-28 09:31:00-04:00,2025-08-28 10:55:00-04:00,short,23724.339417208048,23724.339417208048,BE,0.0,2025-08-26,-2592.52
2025-08-29,2025-08-29 09:31:00-04:00,2025-08-29 09:46:00-04:00,long,23646.978338376586,23556.978338376586,SL,-90.0,2025-08-14,-2682.52
2025-09-01,2025-09-01 09:31:00-04:00,2025-09-01 12:59:00-04:00,short,23460.87983826777,23502.25,cutoff,-41.37,2025-08-06,-2723.89
2025-09-02,2025-09-02 09:52:00-04:00,2025-09-02 10:38:00-04:00,long,23233.910582791952,23233.910582791952,BE,0.0,2025-08-26,-2723.89
2025-09-03,2025-09-03 10:05:00-04:00,2025-09-03 11:28:00-04:00,long,23430.34469269841,23430.34469269841,BE,0.0,2025-08-12,-2723.89
2025-09-04,2025-09-04 09:31:00-04:00,2025-09-04 15:00:00-04:00,long,23468.68801143708,23620.0,cutoff,151.31,2025-08-19,-2572.58
2025-09-05,2025-09-05 09:39:00-04:00,2025-09-05 10:28:00-04:00,short,23834.97845614906,23653.5,TP,181.48,2025-08-22,-2391.1
2025-09-05,2025-09-05 10:30:00-04:00,2025-09-05 10:58:00-04:00,long,23646.978338376586,23556.978338376586,SL,-90.0,2025-08-14,-2481.1
2025-09-08,2025-09-08 09:32:00-04:00,2025-09-08 12:37:00-04:00,long,23791.33191477614,23791.33191477614,BE,0.0,2025-08-13,-2481.1
2025-09-09,2025-09-09 09:31:00-04:00,2025-09-09 13:02:00-04:00,short,23834.97845614906,23834.97845614906,BE,0.0,2025-08-22,-2481.1
2025-09-10,2025-09-10 09:41:00-04:00,2025-09-10 15:00:00-04:00,short,23934.331686108046,23862.5,cutoff,71.83,2025-08-28,-2409.27
2025-09-11,2025-09-11 09:31:00-04:00,2025-09-11 10:33:00-04:00,short,23988.887704685447,23988.887704685447,BE,0.0,2025-08-18,-2409.27
2025-09-11,2025-09-11 10:34:00-04:00,2025-09-11 15:00:00-04:00,short,23990.56198856292,24033.75,cutoff,-43.19,2025-08-19,-2452.46
2025-09-12,2025-09-12 09:33:00-04:00,2025-09-12 14:33:00-04:00,short,24039.42526747664,24129.42526747664,SL,-90.0,2025-09-08,-2542.46
2025-09-18,2025-09-18 09:31:00-04:00,2025-09-18 10:10:00-04:00,short,24669.905354290502,24759.905354290502,SL,-90.0,2025-09-15,-2632.46
2025-09-19,2025-09-19 09:34:00-04:00,2025-09-19 15:00:00-04:00,short,24757.18340133589,24825.0,cutoff,-67.82,2025-09-17,-2700.28
2025-09-23,2025-09-23 09:32:00-04:00,2025-09-23 13:41:00-04:00,short,25000.786126587627,24804.25,TP,196.54,2025-09-19,-2503.74
2025-09-24,2025-09-24 09:51:00-04:00,2025-09-24 15:00:00-04:00,short,24803.595250114304,24739.75,cutoff,63.85,2025-09-16,-2439.89
2025-09-25,2025-09-25 09:34:00-04:00,2025-09-25 09:40:00-04:00,long,24544.463873412373,24454.463873412373,SL,-90.0,2025-09-19,-2529.89
2025-09-26,2025-09-26 09:31:00-04:00,2025-09-26 15:00:00-04:00,long,24601.656739631573,24725.5,cutoff,123.84,2025-09-22,-2406.05
2025-09-29,2025-09-29 09:43:00-04:00,2025-09-29 15:00:00-04:00,short,24895.717462472956,24842.75,cutoff,52.97,2025-09-25,-2353.08
2025-09-30,2025-09-30 09:37:00-04:00,2025-09-30 13:21:00-04:00,long,24749.71969537814,24749.71969537814,BE,0.0,2025-09-23,-2353.08
2025-10-01,2025-10-01 09:31:00-04:00,2025-10-01 10:34:00-04:00,short,24803.595250114304,24893.595250114304,SL,-90.0,2025-09-16,-2443.08
2025-10-02,2025-10-02 09:31:00-04:00,2025-10-02 15:00:00-04:00,short,25150.12594001621,25111.75,cutoff,38.38,2025-09-29,-2404.7
2025-10-03,2025-10-03 09:31:00-04:00,2025-10-03 11:17:00-04:00,short,25131.101610830938,25131.101610830938,BE,0.0,2025-09-24,-2404.7
2025-10-06,2025-10-06 09:44:00-04:00,2025-10-06 13:23:00-04:00,short,25131.101610830938,25221.101610830938,SL,-90.0,2025-09-24,-2494.7
2025-10-07,2025-10-07 10:05:00-04:00,2025-10-07 11:47:00-04:00,short,25220.90530462186,25019.5,TP,201.41,2025-09-23,-2293.29
2025-10-08,2025-10-08 09:33:00-04:00,2025-10-08 10:10:00-04:00,short,25131.101610830938,25221.101610830938,SL,-90.0,2025-09-24,-2383.29
2025-10-09,2025-10-09 10:37:00-04:00,2025-10-09 15:00:00-04:00,short,25220.90530462186,25235.25,cutoff,-14.34,2025-09-23,-2397.63
2025-10-10,2025-10-10 11:00:00-04:00,2025-10-10 11:09:00-04:00,long,25072.03020890303,24982.03020890303,SL,-90.0,2025-10-10,-2487.63
2025-10-13,2025-10-13 09:32:00-04:00,2025-10-13 09:35:00-04:00,long,24831.005299050765,24741.005299050765,SL,-90.0,2025-10-02,-2577.63
2025-10-14,2025-10-14 09:31:00-04:00,2025-10-14 09:36:00-04:00,long,24601.656739631573,24511.656739631573,SL,-90.0,2025-09-22,-2667.63
2025-10-15,2025-10-15 09:31:00-04:00,2025-10-15 10:07:00-04:00,short,24984.000597118462,25074.000597118462,SL,-90.0,2025-09-26,-2757.63
2025-10-16,2025-10-16 09:31:00-04:00,2025-10-16 10:16:00-04:00,short,25073.968260368427,25073.968260368427,BE,0.0,2025-09-22,-2757.63
2025-10-16,2025-10-16 10:17:00-04:00,2025-10-16 11:25:00-04:00,long,25072.03020890303,25072.03020890303,BE,0.0,2025-10-10,-2757.63
2025-10-17,2025-10-17 09:32:00-04:00,2025-10-17 10:15:00-04:00,long,24749.71969537814,24935.25,TP,185.53,2025-09-23,-2572.1
2025-10-17,2025-10-17 10:17:00-04:00,2025-10-17 10:35:00-04:00,long,24929.412269998484,24839.412269998484,SL,-90.0,2025-10-06,-2662.1
2025-10-20,2025-10-20 09:32:00-04:00,2025-10-20 10:30:00-04:00,short,25194.468641046944,25284.468641046944,SL,-90.0,2025-10-13,-2752.1
2025-10-21,2025-10-21 09:42:00-04:00,2025-10-21 10:37:00-04:00,short,25252.09866226461,25252.09866226461,BE,0.0,2025-10-17,-2752.1
2025-10-22,2025-10-22 09:36:00-04:00,2025-10-22 09:54:00-04:00,short,25194.468641046944,25284.468641046944,SL,-90.0,2025-10-13,-2842.1
2025-10-23,2025-10-23 09:31:00-04:00,2025-10-23 11:59:00-04:00,long,25006.67785392699,25192.5,TP,185.82,2025-10-07,-2656.28
2025-10-24,2025-10-24 09:31:00-04:00,2025-10-24 10:06:00-04:00,short,25454.087730001516,25544.087730001516,SL,-90.0,2025-10-06,-2746.28
2025-10-28,2025-10-28 09:31:00-04:00,2025-10-28 12:02:00-04:00,short,26079.10496771575,26079.10496771575,BE,0.0,2025-10-27,-2746.28
2025-10-29,2025-10-29 09:55:00-04:00,2025-10-29 14:39:00-04:00,short,26300.264687610725,26101.5,TP,198.76,2025-10-28,-2547.52
2025-10-30,2025-10-30 09:36:00-04:00,2025-10-30 10:24:00-04:00,long,26019.877638426828,26019.877638426828,BE,0.0,2025-10-29,-2547.52
2025-10-30,2025-10-30 10:42:00-04:00,2025-10-30 12:11:00-04:00,short,26079.10496771575,26079.10496771575,BE,0.0,2025-10-27,-2547.52
2025-10-31,2025-10-31 10:05:00-04:00,2025-10-31 10:45:00-04:00,short,26079.10496771575,26169.10496771575,SL,-90.0,2025-10-27,-2637.52
2025-11-03,2025-11-03 10:31:00-05:00,2025-11-03 15:00:00-05:00,long,26019.877638426828,26116.5,cutoff,96.62,2025-10-29,-2540.9
2025-11-04,2025-11-04 09:33:00-05:00,2025-11-04 12:07:00-05:00,long,25705.554893746776,25705.554893746776,BE,0.0,2025-10-30,-2540.9
2025-11-05,2025-11-05 09:36:00-05:00,2025-11-05 09:48:00-05:00,short,25518.070219511428,25608.070219511428,SL,-90.0,2025-10-20,-2630.9
2025-11-06,2025-11-06 09:51:00-05:00,2025-11-06 10:00:00-05:00,long,25572.77003228425,25482.77003228425,SL,-90.0,2025-10-27,-2720.9
2025-11-07,2025-11-07 09:37:00-05:00,2025-11-07 10:06:00-05:00,long,24993.60266830834,24903.60266830834,SL,-90.0,2025-10-21,-2810.9
2025-11-10,2025-11-10 09:31:00-05:00,2025-11-10 13:36:00-05:00,short,25579.835764917516,25669.835764917516,SL,-90.0,2025-10-22,-2900.9
2025-11-11,2025-11-11 09:50:00-05:00,2025-11-11 11:30:00-05:00,long,25572.77003228425,25482.77003228425,SL,-90.0,2025-10-27,-2990.9
2025-11-12,2025-11-12 09:31:00-05:00,2025-11-12 09:46:00-05:00,long,25705.554893746776,25615.554893746776,SL,-90.0,2025-10-30,-3080.9
2025-11-13,2025-11-13 09:33:00-05:00,2025-11-13 10:58:00-05:00,short,25453.09916771965,25232.25,TP,220.85,2025-11-07,-2860.05
2025-11-13,2025-11-13 10:59:00-05:00,2025-11-13 12:30:00-05:00,short,25252.09866226461,25252.09866226461,BE,0.0,2025-10-17,-2860.05
2025-11-14,2025-11-14 09:32:00-05:00,2025-11-14 09:46:00-05:00,long,24653.90083228035,24847.75,TP,193.85,2025-11-07,-2666.2
2025-11-14,2025-11-14 09:48:00-05:00,2025-11-14 10:43:00-05:00,long,24881.414235082484,25072.0,TP,190.59,2025-10-22,-2475.61
2025-11-17,2025-11-17 09:44:00-05:00,2025-11-17 10:08:00-05:00,long,25186.599602185648,25096.599602185648,SL,-90.0,2025-10-24,-2565.61
2025-11-18,2025-11-18 09:31:00-05:00,2025-11-18 09:50:00-05:00,long,24703.513119674288,24613.513119674288,SL,-90.0,2025-10-23,-2655.61
2025-11-19,2025-11-19 09:31:00-05:00,2025-11-19 09:51:00-05:00,long,24585.258299853253,24766.5,TP,181.24,2025-11-17,-2474.37
2025-11-20,2025-11-20 09:32:00-05:00,2025-11-20 11:04:00-05:00,long,25186.599602185648,25096.599602185648,SL,-90.0,2025-10-24,-2564.37
2025-11-21,2025-11-21 09:31:00-05:00,2025-11-21 09:45:00-05:00,long,24237.335041188107,24147.335041188107,SL,-90.0,2025-11-14,-2654.37
2025-11-24,2025-11-24 09:35:00-05:00,2025-11-24 10:36:00-05:00,short,24685.046496390183,24775.046496390183,SL,-90.0,2025-11-21,-2744.37
2025-11-25,2025-11-25 09:31:00-05:00,2025-11-25 09:43:00-05:00,long,24826.79042067689,24736.79042067689,SL,-90.0,2025-11-20,-2834.37
2025-11-26,2025-11-26 09:31:00-05:00,2025-11-26 10:00:00-05:00,long,25229.97463227871,25139.97463227871,SL,-90.0,2025-11-10,-2924.37
2025-11-27,2025-11-27 09:31:00-05:00,2025-11-27 12:59:00-05:00,short,25313.414958811893,25301.75,cutoff,11.66,2025-11-14,-2912.71
2025-11-28,2025-11-28 09:34:00-05:00,2025-11-28 10:21:00-05:00,long,25382.76732691323,25382.76732691323,BE,0.0,2025-11-04,-2912.71
2025-12-01,2025-12-01 09:31:00-05:00,2025-12-01 09:56:00-05:00,short,25287.387854159508,25377.387854159508,SL,-90.0,2025-11-19,-3002.71
2025-12-02,2025-12-02 09:33:00-05:00,2025-12-02 09:39:00-05:00,short,25516.991700146747,25606.991700146747,SL,-90.0,2025-11-17,-3092.71
2025-12-03,2025-12-03 09:31:00-05:00,2025-12-03 11:33:00-05:00,short,25516.991700146747,25606.991700146747,SL,-90.0,2025-11-17,-3182.71
2025-12-04,2025-12-04 09:35:00-05:00,2025-12-04 10:37:00-05:00,short,25607.58457932311,25607.58457932311,BE,0.0,2025-11-20,-3182.71
2025-12-04,2025-12-04 10:48:00-05:00,2025-12-04 11:48:00-05:00,short,25606.62300268882,25606.62300268882,BE,0.0,2025-12-01,-3182.71
2025-12-05,2025-12-05 10:00:00-05:00,2025-12-05 15:00:00-05:00,short,25804.97962875158,25737.75,cutoff,67.23,2025-12-03,-3115.48
2025-12-08,2025-12-08 09:37:00-05:00,2025-12-08 12:05:00-05:00,short,25816.058498009275,25627.5,TP,188.56,2025-11-13,-2926.92
2025-12-09,2025-12-09 09:31:00-05:00,2025-12-09 11:02:00-05:00,short,25607.58457932311,25697.58457932311,SL,-90.0,2025-11-20,-3016.92
2025-12-10,2025-12-10 09:37:00-05:00,2025-12-10 14:00:00-05:00,short,25607.58457932311,25697.58457932311,SL,-90.0,2025-11-20,-3106.92
2025-12-11,2025-12-11 09:31:00-05:00,2025-12-11 10:02:00-05:00,short,25606.62300268882,25425.75,TP,180.87,2025-12-01,-2926.05
2025-12-11,2025-12-11 10:08:00-05:00,2025-12-11 10:22:00-05:00,short,25516.991700146747,25606.991700146747,SL,-90.0,2025-11-17,-3016.05
2025-12-12,2025-12-12 09:37:00-05:00,2025-12-12 10:24:00-05:00,short,25607.58457932311,25399.75,TP,207.83,2025-11-20,-2808.22
2025-12-12,2025-12-12 10:26:00-05:00,2025-12-12 10:58:00-05:00,long,25360.622668419237,25270.622668419237,SL,-90.0,2025-12-10,-2898.22
2025-12-15,2025-12-15 09:31:00-05:00,2025-12-15 10:03:00-05:00,short,25641.988813068652,25459.0,TP,182.99,2025-11-28,-2715.23
2025-12-15,2025-12-15 10:04:00-05:00,2025-12-15 10:24:00-05:00,long,25438.648571256614,25348.648571256614,SL,-90.0,2025-12-08,-2805.23
2025-12-16,2025-12-16 09:33:00-05:00,2025-12-16 09:51:00-05:00,short,25287.387854159508,25377.387854159508,SL,-90.0,2025-11-19,-2895.23
2025-12-17,2025-12-17 09:35:00-05:00,2025-12-17 09:42:00-05:00,long,25391.117997106376,25301.117997106376,SL,-90.0,2025-12-05,-2985.23
2025-12-18,2025-12-18 09:39:00-05:00,2025-12-18 10:40:00-05:00,long,25192.52037124842,25381.5,TP,188.98,2025-12-03,-2796.25
2025-12-18,2025-12-18 10:42:00-05:00,2025-12-18 12:06:00-05:00,long,25391.117997106376,25301.117997106376,SL,-90.0,2025-12-05,-2886.25
2025-12-19,2025-12-19 09:31:00-05:00,2025-12-19 13:00:00-05:00,long,25391.117997106376,25575.75,TP,184.63,2025-12-05,-2701.62
2025-12-22,2025-12-22 09:31:00-05:00,2025-12-22 15:00:00-05:00,short,25793.515304493496,25690.75,cutoff,102.77,2025-12-19,-2598.85
2025-12-23,2025-12-23 09:31:00-05:00,2025-12-23 10:52:00-05:00,short,25722.585118518815,25722.585118518815,BE,0.0,2025-12-17,-2598.85
2025-12-24,2025-12-24 09:31:00-05:00,2025-12-24 13:14:00-05:00,short,25804.97962875158,25864.75,cutoff,-59.77,2025-12-03,-2658.62
2025-12-26,2025-12-26 09:32:00-05:00,2025-12-26 10:31:00-05:00,short,25892.79147830685,25892.79147830685,BE,0.0,2025-12-09,-2658.62
2025-12-29,2025-12-29 09:34:00-05:00,2025-12-29 09:37:00-05:00,short,25722.585118518815,25812.585118518815,SL,-90.0,2025-12-17,-2748.62
2025-12-30,2025-12-30 09:31:00-05:00,2025-12-30 10:24:00-05:00,short,25722.585118518815,25722.585118518815,BE,0.0,2025-12-17,-2748.62
2025-12-31,2025-12-31 09:33:00-05:00,2025-12-31 10:54:00-05:00,long,25656.490500087966,25566.490500087966,SL,-90.0,2025-12-26,-2838.62
2026-01-02,2026-01-02 09:31:00-05:00,2026-01-02 10:22:00-05:00,short,25722.585118518815,25506.25,TP,216.34,2025-12-17,-2622.28
2026-01-02,2026-01-02 10:25:00-05:00,2026-01-02 10:59:00-05:00,long,25462.974683185756,25372.974683185756,SL,-90.0,2025-12-30,-2712.28
2026-01-05,2026-01-05 09:31:00-05:00,2026-01-05 09:36:00-05:00,long,25656.490500087966,25566.490500087966,SL,-90.0,2025-12-26,-2802.28
2026-01-06,2026-01-06 09:31:00-05:00,2026-01-06 11:06:00-05:00,long,25656.490500087966,25656.490500087966,BE,0.0,2025-12-26,-2802.28
2026-01-07,2026-01-07 09:32:00-05:00,2026-01-07 10:32:00-05:00,short,25793.515304493496,25883.515304493496,SL,-90.0,2025-12-19,-2892.28
2026-01-08,2026-01-08 09:35:00-05:00,2026-01-08 15:00:00-05:00,short,25722.585118518815,25633.5,cutoff,89.09,2025-12-17,-2803.19
2026-01-09,2026-01-09 09:31:00-05:00,2026-01-09 10:37:00-05:00,long,25656.490500087966,25850.0,TP,193.51,2025-12-26,-2609.68
2026-01-09,2026-01-09 10:47:00-05:00,2026-01-09 11:09:00-05:00,short,25793.515304493496,25883.515304493496,SL,-90.0,2025-12-19,-2699.68
2026-01-12,2026-01-12 09:31:00-05:00,2026-01-12 09:36:00-05:00,short,25793.515304493496,25883.515304493496,SL,-90.0,2025-12-19,-2789.68
2026-01-13,2026-01-13 09:32:00-05:00,2026-01-13 11:39:00-05:00,short,25954.275316814244,25954.275316814244,BE,0.0,2025-12-30,-2789.68
2026-01-14,2026-01-14 09:33:00-05:00,2026-01-14 10:47:00-05:00,short,25722.585118518815,25531.0,TP,191.59,2025-12-17,-2598.09
2026-01-14,2026-01-14 10:48:00-05:00,2026-01-14 11:46:00-05:00,long,25493.017990644115,25493.017990644115,BE,0.0,2025-12-22,-2598.09
2026-01-15,2026-01-15 09:31:00-05:00,2026-01-15 10:35:00-05:00,short,25923.7220721326,25923.7220721326,BE,0.0,2025-12-23,-2598.09
2026-01-15,2026-01-15 10:36:00-05:00,2026-01-15 11:21:00-05:00,short,25919.391761961455,25919.391761961455,BE,0.0,2026-01-05,-2598.09
2026-01-16,2026-01-16 10:33:00-05:00,2026-01-16 13:00:00-05:00,long,25656.490500087966,25656.490500087966,BE,0.0,2025-12-26,-2598.09
2026-01-19,2026-01-19 10:01:00-05:00,2026-01-19 10:52:00-05:00,long,25317.811823945234,25317.811823945234,BE,0.0,2026-01-14,-2598.09
2026-01-20,2026-01-20 09:35:00-05:00,2026-01-20 13:29:00-05:00,long,25334.233238038545,25244.233238038545,SL,-90.0,2026-01-05,-2688.09
2026-01-21,2026-01-21 09:48:00-05:00,2026-01-21 10:35:00-05:00,long,25216.808747005507,25418.25,TP,201.44,2026-01-02,-2486.65
2026-01-21,2026-01-21 10:43:00-05:00,2026-01-21 11:30:00-05:00,long,25445.470612448855,25445.470612448855,BE,0.0,2025-12-29,-2486.65
2026-01-22,2026-01-22 09:35:00-05:00,2026-01-22 09:49:00-05:00,long,25656.490500087966,25566.490500087966,SL,-90.0,2025-12-26,-2576.65
2026-01-23,2026-01-23 09:31:00-05:00,2026-01-23 10:22:00-05:00,short,25651.66379762444,25741.66379762444,SL,-90.0,2026-01-21,-2666.65
2026-01-27,2026-01-27 09:34:00-05:00,2026-01-27 10:10:00-05:00,short,25979.215460199313,26069.215460199313,SL,-90.0,2026-01-06,-2756.65
2026-01-28,2026-01-28 09:44:00-05:00,2026-01-28 15:00:00-05:00,short,26295.788974327792,26161.0,cutoff,134.79,2026-01-13,-2621.86
2026-01-29,2026-01-29 09:34:00-05:00,2026-01-29 09:53:00-05:00,short,26112.3292222113,25931.0,TP,181.33,2026-01-12,-2440.53
2026-01-29,2026-01-29 09:54:00-05:00,2026-01-29 10:31:00-05:00,short,25919.391761961455,25734.25,TP,185.14,2026-01-05,-2255.39
2026-01-29,2026-01-29 10:36:00-05:00,2026-01-29 10:50:00-05:00,long,25678.006280754824,25588.006280754824,SL,-90.0,2026-01-27,-2345.39
2026-01-30,2026-01-30 09:39:00-05:00,2026-01-30 10:46:00-05:00,short,25919.391761961455,25919.391761961455,BE,0.0,2026-01-05,-2345.39
2026-02-02,2026-02-02 09:32:00-05:00,2026-02-02 09:49:00-05:00,short,25651.66379762444,25741.66379762444,SL,-90.0,2026-01-21,-2435.39
2026-02-03,2026-02-03 09:56:00-05:00,2026-02-03 10:01:00-05:00,long,25678.006280754824,25588.006280754824,SL,-90.0,2026-01-27,-2525.39
2026-02-04,2026-02-04 09:31:00-05:00,2026-02-04 09:58:00-05:00,long,25298.049378233387,25208.049378233387,SL,-90.0,2026-01-23,-2615.39
2026-02-05,2026-02-05 09:35:00-05:00,2026-02-05 10:01:00-05:00,long,24804.71120237556,24714.71120237556,SL,-90.0,2026-01-21,-2705.39
2026-02-06,2026-02-06 09:40:00-05:00,2026-02-06 10:03:00-05:00,long,24887.126594782483,24797.126594782483,SL,-90.0,2026-02-04,-2795.39
2026-02-09,2026-02-09 09:31:00-05:00,2026-02-09 10:06:00-05:00,long,24985.343891027158,25178.5,TP,193.16,2026-01-20,-2602.23
2026-02-09,2026-02-09 10:38:00-05:00,2026-02-09 15:00:00-05:00,long,25260.473700829716,25399.25,cutoff,138.78,2026-02-03,-2463.45
2026-02-10,2026-02-10 09:36:00-05:00,2026-02-10 11:22:00-05:00,long,25336.47365130561,25336.47365130561,BE,0.0,2026-01-22,-2463.45
2026-02-11,2026-02-11 09:31:00-05:00,2026-02-11 09:34:00-05:00,long,25456.02172477811,25366.02172477811,SL,-90.0,2026-01-16,-2553.45
2026-02-12,2026-02-12 09:31:00-05:00,2026-02-12 09:49:00-05:00,long,25336.47365130561,25246.47365130561,SL,-90.0,2026-01-22,-2643.45
2026-02-13,2026-02-13 09:40:00-05:00,2026-02-13 10:27:00-05:00,long,24633.391857165167,24820.75,TP,187.36,2026-02-09,-2456.09
2026-02-13,2026-02-13 10:31:00-05:00,2026-02-13 10:42:00-05:00,long,24887.126594782483,24797.126594782483,SL,-90.0,2026-02-04,-2546.09
2026-02-17,2026-02-17 09:47:00-05:00,2026-02-17 09:53:00-05:00,long,24633.391857165167,24543.391857165167,SL,-90.0,2026-02-09,-2636.09
2026-02-18,2026-02-18 09:39:00-05:00,2026-02-18 10:04:00-05:00,long,24815.846860833517,24996.5,TP,180.65,2026-02-11,-2455.44
2026-02-18,2026-02-18 10:09:00-05:00,2026-02-18 13:52:00-05:00,long,25002.134426505407,25002.134426505407,BE,0.0,2026-02-10,-2455.44
2026-02-19,2026-02-19 09:35:00-05:00,2026-02-19 11:50:00-05:00,long,24815.846860833517,24815.846860833517,BE,0.0,2026-02-11,-2455.44
2026-02-20,2026-02-20 09:43:00-05:00,2026-02-20 10:33:00-05:00,long,24930.26001659254,24930.26001659254,BE,0.0,2026-02-12,-2455.44
2026-02-20,2026-02-20 10:40:00-05:00,2026-02-20 11:25:00-05:00,long,25002.134426505407,25002.134426505407,BE,0.0,2026-02-10,-2455.44
2026-02-23,2026-02-23 09:31:00-05:00,2026-02-23 09:41:00-05:00,long,25002.134426505407,24912.134426505407,SL,-90.0,2026-02-10,-2545.44
2026-02-24,2026-02-24 09:48:00-05:00,2026-02-24 10:00:00-05:00,long,24930.26001659254,24840.26001659254,SL,-90.0,2026-02-12,-2635.44
2026-02-25,2026-02-25 09:31:00-05:00,2026-02-25 09:47:00-05:00,short,25224.132890528406,25314.132890528406,SL,-90.0,2026-02-13,-2725.44
2026-02-26,2026-02-26 09:31:00-05:00,2026-02-26 10:12:00-05:00,short,25308.784126629384,25113.0,TP,195.78,2026-02-05,-2529.66
2026-02-26,2026-02-26 10:16:00-05:00,2026-02-26 10:22:00-05:00,long,25002.134426505407,24912.134426505407,SL,-90.0,2026-02-10,-2619.66
2026-02-27,2026-02-27 09:31:00-05:00,2026-02-27 12:10:00-05:00,long,24815.846860833517,25011.25,TP,195.4,2026-02-11,-2424.26
2026-03-02,2026-03-02 09:35:00-05:00,2026-03-02 11:47:00-05:00,long,24825.88513501576,25014.0,TP,188.11,2026-02-25,-2236.15
2026-03-03,2026-03-03 09:31:00-05:00,2026-03-03 09:49:00-05:00,long,24588.439612813825,24498.439612813825,SL,-90.0,2026-02-23,-2326.15
2026-03-04,2026-03-04 09:31:00-05:00,2026-03-04 09:45:00-05:00,long,24930.26001659254,24840.26001659254,SL,-90.0,2026-02-12,-2416.15
2026-03-05,2026-03-05 09:33:00-05:00,2026-03-05 09:57:00-05:00,short,25073.84211892498,25163.84211892498,SL,-90.0,2026-02-16,-2506.15
2026-03-06,2026-03-06 09:31:00-05:00,2026-03-06 10:40:00-05:00,long,24671.8667259376,24869.25,TP,197.38,2026-02-26,-2308.77
2026-03-06,2026-03-06 10:43:00-05:00,2026-03-06 15:00:00-05:00,long,24815.846860833517,24808.0,cutoff,-7.85,2026-02-11,-2316.62
2026-03-09,2026-03-09 09:33:00-04:00,2026-03-09 09:40:00-04:00,long,24473.331852930034,24383.331852930034,SL,-90.0,2026-02-19,-2406.62
2026-03-10,2026-03-10 09:32:00-04:00,2026-03-10 10:37:00-04:00,short,25073.84211892498,25073.84211892498,BE,0.0,2026-02-16,-2406.62
2026-03-10,2026-03-10 10:50:00-04:00,2026-03-10 11:35:00-04:00,short,25119.94149499076,25119.94149499076,BE,0.0,2026-03-06,-2406.62
2026-03-11,2026-03-11 09:32:00-04:00,2026-03-11 10:00:00-04:00,short,25073.84211892498,25163.84211892498,SL,-90.0,2026-02-16,-2496.62
2026-03-12,2026-03-12 09:53:00-04:00,2026-03-12 10:38:00-04:00,long,24671.8667259376,24581.8667259376,SL,-90.0,2026-02-26,-2586.62
2026-03-13,2026-03-13 09:31:00-04:00,2026-03-13 10:17:00-04:00,long,24652.496682358294,24652.496682358294,BE,0.0,2026-03-11,-2586.62
2026-03-13,2026-03-13 10:22:00-04:00,2026-03-13 10:46:00-04:00,long,24671.8667259376,24581.8667259376,SL,-90.0,2026-02-26,-2676.62
2026-03-16,2026-03-16 09:31:00-04:00,2026-03-16 10:09:00-04:00,short,24871.55561687077,24961.55561687077,SL,-90.0,2026-03-09,-2766.62
2026-03-17,2026-03-17 09:46:00-04:00,2026-03-17 15:00:00-04:00,short,25096.19805301506,25003.5,cutoff,92.7,2026-03-13,-2673.92
2026-03-18,2026-03-18 09:40:00-04:00,2026-03-18 14:52:00-04:00,short,24982.357602534,24784.5,TP,197.86,2026-03-03,-2476.06
2026-03-19,2026-03-19 09:31:00-04:00,2026-03-19 11:05:00-04:00,long,24344.81689536332,24542.25,TP,197.43,2026-02-24,-2278.63
2026-03-20,2026-03-20 09:42:00-04:00,2026-03-20 09:55:00-04:00,long,24425.060635027538,24335.060635027538,SL,-90.0,2026-03-04,-2368.63
2026-03-23,2026-03-23 09:32:00-04:00,2026-03-23 10:23:00-04:00,long,24475.95325548935,24664.5,TP,188.55,2026-02-27,-2180.08
2026-03-23,2026-03-23 10:24:00-04:00,2026-03-23 10:45:00-04:00,long,24671.8667259376,24581.8667259376,SL,-90.0,2026-02-26,-2270.08
2026-03-24,2026-03-24 09:31:00-04:00,2026-03-24 09:41:00-04:00,long,24257.42694698494,24167.42694698494,SL,-90.0,2026-03-13,-2360.08
2026-03-25,2026-03-25 09:36:00-04:00,2026-03-25 09:50:00-04:00,long,24475.95325548935,24385.95325548935,SL,-90.0,2026-02-27,-2450.08
2026-03-26,2026-03-26 09:39:00-04:00,2026-03-26 10:54:00-04:00,long,24069.165318483185,24069.165318483185,BE,0.0,2026-03-23,-2450.08
2026-03-26,2026-03-26 10:55:00-04:00,2026-03-26 12:11:00-04:00,long,24059.267397466,24059.267397466,BE,0.0,2026-03-03,-2450.08
2026-04-01,2026-04-01 09:31:00-04:00,2026-04-01 11:14:00-04:00,long,24069.165318483185,24262.5,TP,193.33,2026-03-23,-2256.75
2026-04-02,2026-04-02 09:32:00-04:00,2026-04-02 09:40:00-04:00,long,23773.656098496536,23683.656098496536,SL,-90.0,2026-03-26,-2346.75
2026-04-06,2026-04-06 09:32:00-04:00,2026-04-06 09:37:00-04:00,long,24338.008382877175,24248.008382877175,SL,-90.0,2026-03-12,-2436.75
2026-04-07,2026-04-07 10:05:00-04:00,2026-04-07 10:50:00-04:00,long,24069.165318483185,24069.165318483185,BE,0.0,2026-03-23,-2436.75
2026-04-07,2026-04-07 10:59:00-04:00,2026-04-07 12:56:00-04:00,long,24016.646824437845,24212.5,TP,195.85,2026-03-19,-2240.9
2026-04-08,2026-04-08 09:34:00-04:00,2026-04-08 10:56:00-04:00,short,25161.616617122825,24960.25,TP,201.37,2026-03-12,-2039.53
2026-04-08,2026-04-08 10:58:00-04:00,2026-04-08 11:46:00-04:00,short,24984.459681516815,25074.459681516815,SL,-90.0,2026-03-23,-2129.53
2026-04-09,2026-04-09 09:43:00-04:00,2026-04-09 11:19:00-04:00,short,25096.19805301506,25096.19805301506,BE,0.0,2026-03-13,-2129.53
2026-04-10,2026-04-10 10:11:00-04:00,2026-04-10 10:32:00-04:00,short,25273.09253845201,25363.09253845201,SL,-90.0,2026-03-16,-2219.53
2026-04-13,2026-04-13 09:49:00-04:00,2026-04-13 12:25:00-04:00,short,25273.09253845201,25363.09253845201,SL,-90.0,2026-03-16,-2309.53
2026-04-15,2026-04-15 09:32:00-04:00,2026-04-15 10:17:00-04:00,short,26016.020610526048,26106.020610526048,SL,-90.0,2026-04-14,-2399.53
2026-04-16,2026-04-16 09:37:00-04:00,2026-04-16 10:30:00-04:00,short,26366.73321562178,26366.73321562178,BE,0.0,2026-04-15,-2399.53
2026-04-17,2026-04-17 10:01:00-04:00,2026-04-17 10:48:00-04:00,short,26750.85865637195,26840.85865637195,SL,-90.0,2026-04-16,-2489.53
2026-04-20,2026-04-20 09:40:00-04:00,2026-04-20 15:00:00-04:00,short,26750.85865637195,26732.75,cutoff,18.11,2026-04-16,-2471.42
2026-04-21,2026-04-21 09:32:00-04:00,2026-04-21 10:00:00-04:00,short,26750.85865637195,26840.85865637195,SL,-90.0,2026-04-16,-2561.42
2026-04-23,2026-04-23 09:35:00-04:00,2026-04-23 10:24:00-04:00,short,27024.84370561633,27024.84370561633,BE,0.0,2026-04-17,-2561.42
2026-04-23,2026-04-23 10:55:00-04:00,2026-04-23 13:24:00-04:00,short,27079.941305396387,26894.5,TP,185.44,2026-04-20,-2375.98
2026-04-24,2026-04-24 10:13:00-04:00,2026-04-24 11:44:00-04:00,short,27267.134887108085,27357.134887108085,SL,-90.0,2026-04-22,-2465.98
2026-04-27,2026-04-27 09:46:00-04:00,2026-04-27 10:35:00-04:00,short,27362.418606603605,27362.418606603605,BE,0.0,2026-04-23,-2465.98
2026-04-28,2026-04-28 09:35:00-04:00,2026-04-28 09:48:00-04:00,short,27152.14330906941,27242.14330906941,SL,-90.0,2026-04-21,-2555.98
2026-04-29,2026-04-29 09:34:00-04:00,2026-04-29 10:24:00-04:00,short,27152.14330906941,27242.14330906941,SL,-90.0,2026-04-21,-2645.98
2026-04-30,2026-04-30 09:34:00-04:00,2026-04-30 10:57:00-04:00,short,27362.418606603605,27362.418606603605,BE,0.0,2026-04-23,-2645.98
2026-05-01,2026-05-01 09:33:00-04:00,2026-05-01 09:55:00-04:00,short,27727.691212489073,27817.691212489073,SL,-90.0,2026-04-27,-2735.98
2026-05-04,2026-05-04 09:59:00-04:00,2026-05-04 12:07:00-04:00,short,27896.92021898806,27676.0,TP,220.92,2026-04-30,-2515.06
2026-05-05,2026-05-05 10:36:00-04:00,2026-05-05 11:37:00-04:00,short,28138.06154108305,28138.06154108305,BE,0.0,2026-05-01,-2515.06
2026-05-06,2026-05-06 09:31:00-04:00,2026-05-06 09:43:00-04:00,short,28380.887817756244,28470.887817756244,SL,-90.0,2026-05-05,-2605.06
2026-05-07,2026-05-07 09:33:00-04:00,2026-05-07 10:21:00-04:00,short,28768.042484818827,28858.042484818827,SL,-90.0,2026-05-06,-2695.06
2026-05-08,2026-05-08 10:58:00-04:00,2026-05-08 13:01:00-04:00,short,29174.65787972472,29264.65787972472,SL,-90.0,2026-05-07,-2785.06
2026-05-11,2026-05-11 09:32:00-04:00,2026-05-11 11:28:00-04:00,short,29422.9618069465,29422.9618069465,BE,0.0,2026-05-08,-2785.06
2026-05-12,2026-05-12 09:31:00-04:00,2026-05-12 09:42:00-04:00,short,29174.65787972472,29264.65787972472,SL,-90.0,2026-05-07,-2875.06
2026-05-13,2026-05-13 09:52:00-04:00,2026-05-13 10:25:00-04:00,short,29174.65787972472,29264.65787972472,SL,-90.0,2026-05-07,-2965.06
2026-05-14,2026-05-14 09:45:00-04:00,2026-05-14 10:36:00-04:00,short,29646.42303898361,29646.42303898361,BE,0.0,2026-05-12,-2965.06
2026-05-14,2026-05-14 10:37:00-04:00,2026-05-14 11:16:00-04:00,short,29656.73036561582,29746.73036561582,SL,-90.0,2026-05-13,-3055.06
2026-05-15,2026-05-15 09:38:00-04:00,2026-05-15 09:54:00-04:00,short,29174.65787972472,29264.65787972472,SL,-90.0,2026-05-07,-3145.06
2026-05-18,2026-05-18 09:45:00-04:00,2026-05-18 09:53:00-04:00,short,29174.65787972472,29264.65787972472,SL,-90.0,2026-05-07,-3235.06
2026-05-19,2026-05-19 09:35:00-04:00,2026-05-19 10:05:00-04:00,long,28951.360498886017,28861.360498886017,SL,-90.0,2026-05-11,-3325.06
2026-05-20,2026-05-20 09:35:00-04:00,2026-05-20 11:15:00-04:00,long,29084.62855805579,29315.75,TP,231.12,2026-05-14,-3093.94
2026-05-21,2026-05-21 10:23:00-04:00,2026-05-21 11:10:00-04:00,short,29174.65787972472,29174.65787972472,BE,0.0,2026-05-07,-3093.94
2026-05-22,2026-05-22 09:31:00-04:00,2026-05-22 10:56:00-04:00,short,29642.116120772633,29642.116120772633,BE,0.0,2026-05-21,-3093.94
2026-05-22,2026-05-22 10:57:00-04:00,2026-05-22 13:29:00-04:00,short,29646.42303898361,29736.42303898361,SL,-90.0,2026-05-12,-3183.94
2026-05-25,2026-05-25 09:37:00-04:00,2026-05-25 11:10:00-04:00,short,29963.24644194421,29963.24644194421,BE,0.0,2026-05-14,-3183.94
2026-05-26,2026-05-26 09:45:00-04:00,2026-05-26 10:20:00-04:00,short,29963.24644194421,30053.24644194421,SL,-90.0,2026-05-14,-3273.94
2026-05-27,2026-05-27 09:45:00-04:00,2026-05-27 10:40:00-04:00,short,30009.455726915767,30009.455726915767,BE,0.0,2026-05-22,-3273.94
2026-05-28,2026-05-28 09:37:00-04:00,2026-05-28 10:12:00-04:00,short,30009.455726915767,30099.455726915767,SL,-90.0,2026-05-22,-3363.94
2026-05-29,2026-05-29 09:57:00-04:00,2026-05-29 10:43:00-04:00,short,30514.38147395403,30328.0,TP,186.38,2026-05-28,-3177.56
2026-05-29,2026-05-29 10:51:00-04:00,2026-05-29 15:00:00-04:00,short,30374.530427233534,30324.0,cutoff,50.53,2026-05-26,-3127.03
2026-06-01,2026-06-01 09:31:00-04:00,2026-06-01 09:47:00-04:00,short,30374.530427233534,30464.530427233534,SL,-90.0,2026-05-26,-3217.03
2026-06-02,2026-06-02 09:31:00-04:00,2026-06-02 09:59:00-04:00,short,30514.38147395403,30604.38147395403,SL,-90.0,2026-05-28,-3307.03
2026-06-03,2026-06-03 09:49:00-04:00,2026-06-03 09:52:00-04:00,short,30514.38147395403,30604.38147395403,SL,-90.0,2026-05-28,-3397.03
2026-06-04,2026-06-04 09:31:00-04:00,2026-06-04 09:33:00-04:00,short,30248.501331652922,30338.501331652922,SL,-90.0,2026-05-25,-3487.03
2026-06-05,2026-06-05 09:36:00-04:00,2026-06-05 09:45:00-04:00,long,30011.076790907744,29921.076790907744,SL,-90.0,2026-05-29,-3577.03
