session_date,entry_time,exit_time,side,entry_price,exit_price,exit_reason,pnl,level_date,cum_pnl
2018-01-03,2018-01-03 09:31:00-05:00,2018-01-03 15:00:00-05:00,short,6529.134910517963,6581.0,cutoff,-51.87,2018-01-02,-51.87
2018-01-04,2018-01-04 09:44:00-05:00,2018-01-04 15:00:00-05:00,short,6591.363648739487,6598.25,cutoff,-6.89,2018-01-03,-58.76
2018-01-08,2018-01-08 09:32:00-05:00,2018-01-08 15:00:00-05:00,short,6660.819130484404,6682.25,cutoff,-21.43,2018-01-05,-80.19
2018-01-09,2018-01-09 09:32:00-05:00,2018-01-09 11:19:00-05:00,short,6700.852925468027,6700.852925468027,BE,0.0,2018-01-08,-80.19
2018-01-10,2018-01-10 09:31:00-05:00,2018-01-10 11:04:00-05:00,short,6660.819130484404,6660.819130484404,BE,0.0,2018-01-05,-80.19
2018-01-12,2018-01-12 09:39:00-05:00,2018-01-12 15:00:00-05:00,short,6723.20900170372,6763.25,cutoff,-40.04,2018-01-11,-120.23
2018-01-16,2018-01-16 10:38:00-05:00,2018-01-16 11:31:00-05:00,short,6809.770647884909,6809.770647884909,BE,0.0,2018-01-15,-120.23
2018-01-17,2018-01-17 09:34:00-05:00,2018-01-17 10:25:00-05:00,long,6767.812996567763,6767.812996567763,BE,0.0,2018-01-16,-120.23
2018-01-17,2018-01-17 10:31:00-05:00,2018-01-17 15:00:00-05:00,short,6767.641689094185,6823.75,cutoff,-56.11,2018-01-12,-176.34
2018-01-18,2018-01-18 09:38:00-05:00,2018-01-18 11:19:00-05:00,short,6825.380439588893,6825.380439588893,BE,0.0,2018-01-17,-176.34
2018-01-19,2018-01-19 10:09:00-05:00,2018-01-19 11:20:00-05:00,short,6825.380439588893,6825.380439588893,BE,0.0,2018-01-17,-176.34
2018-01-22,2018-01-22 10:09:00-05:00,2018-01-22 15:00:00-05:00,short,6862.577746742863,6893.75,cutoff,-31.17,2018-01-18,-207.51
2018-01-24,2018-01-24 10:14:00-05:00,2018-01-24 15:00:00-05:00,short,6998.255469793344,6947.75,cutoff,50.51,2018-01-23,-157.0
2018-01-25,2018-01-25 09:56:00-05:00,2018-01-25 10:47:00-05:00,long,6929.169585261671,6929.169585261671,BE,0.0,2018-01-24,-157.0
2018-01-29,2018-01-29 09:36:00-05:00,2018-01-29 15:00:00-05:00,short,6998.255469793344,7008.5,cutoff,-10.24,2018-01-23,-167.24
2018-01-30,2018-01-30 09:46:00-05:00,2018-01-30 10:46:00-05:00,long,6929.169585261671,6929.169585261671,BE,0.0,2018-01-24,-167.24
2018-02-01,2018-02-01 09:33:00-05:00,2018-02-01 14:20:00-05:00,long,6929.169585261671,6929.169585261671,BE,0.0,2018-01-24,-167.24
2018-02-02,2018-02-02 09:31:00-05:00,2018-02-02 15:00:00-05:00,long,6880.975997086674,6794.25,cutoff,-86.73,2018-01-25,-253.97
2018-02-05,2018-02-05 09:31:00-05:00,2018-02-05 15:00:00-05:00,short,6705.969460652561,6631.0,cutoff,74.97,2018-01-10,-179.0
2018-02-06,2018-02-06 09:55:00-05:00,2018-02-06 10:24:00-05:00,long,6590.6904546967335,6465.6904546967335,SL,-125.0,2018-02-05,-304.0
2018-02-07,2018-02-07 09:31:00-05:00,2018-02-07 12:47:00-05:00,long,6646.54099829628,6646.54099829628,BE,0.0,2018-01-11,-304.0
2018-02-08,2018-02-08 09:33:00-05:00,2018-02-08 11:21:00-05:00,long,6590.6904546967335,6465.6904546967335,SL,-125.0,2018-02-05,-429.0
2018-02-12,2018-02-12 09:36:00-05:00,2018-02-12 15:00:00-05:00,long,6489.755992857791,6539.5,cutoff,49.74,2018-02-08,-379.26
2018-02-13,2018-02-13 09:35:00-05:00,2018-02-13 15:00:00-05:00,long,6489.755992857791,6559.25,cutoff,69.49,2018-02-08,-309.77
2018-02-14,2018-02-14 09:36:00-05:00,2018-02-14 15:00:00-05:00,long,6547.2665921978705,6664.25,cutoff,116.98,2018-02-07,-192.79
2018-02-16,2018-02-16 09:33:00-05:00,2018-02-16 13:30:00-05:00,long,6786.128332725204,6786.128332725204,BE,0.0,2018-01-22,-192.79
2018-02-19,2018-02-19 11:00:00-05:00,2018-02-19 12:59:00-05:00,long,6759.618102312154,6779.75,cutoff,20.13,2018-02-02,-172.66
2018-02-20,2018-02-20 09:31:00-05:00,2018-02-20 15:00:00-05:00,short,6754.8584078021295,6790.25,cutoff,-35.39,2018-02-07,-208.05
2018-02-22,2018-02-22 09:32:00-05:00,2018-02-22 10:26:00-05:00,short,6811.866788508734,6811.866788508734,BE,0.0,2018-02-15,-208.05
2018-02-23,2018-02-23 09:32:00-05:00,2018-02-23 10:41:00-05:00,short,6811.866788508734,6811.866788508734,BE,0.0,2018-02-15,-208.05
2018-02-27,2018-02-27 09:59:00-05:00,2018-02-27 15:00:00-05:00,short,6971.006897687846,6940.25,cutoff,30.76,2018-02-02,-177.29
2018-02-28,2018-02-28 09:46:00-05:00,2018-02-28 10:55:00-05:00,long,6926.71319448983,6926.71319448983,BE,0.0,2018-02-27,-177.29
2018-03-01,2018-03-01 09:31:00-05:00,2018-03-01 10:32:00-05:00,short,6871.912614461429,6871.912614461429,BE,0.0,2018-02-22,-177.29
2018-03-01,2018-03-01 10:33:00-05:00,2018-03-01 15:00:00-05:00,short,6878.623273891219,6741.25,cutoff,137.37,2018-02-23,-39.92
2018-03-02,2018-03-02 09:31:00-05:00,2018-03-02 15:00:00-05:00,short,6684.944584107352,6764.0,cutoff,-79.06,2018-02-06,-118.98
2018-03-05,2018-03-05 09:51:00-05:00,2018-03-05 13:04:00-05:00,short,6766.743215011062,6891.743215011062,SL,-125.0,2018-03-02,-243.98
2018-03-06,2018-03-06 10:02:00-05:00,2018-03-06 10:47:00-05:00,long,6926.71319448983,6926.71319448983,BE,0.0,2018-02-27,-243.98
2018-03-07,2018-03-07 09:31:00-05:00,2018-03-07 15:00:00-05:00,short,6871.912614461429,6906.25,cutoff,-34.34,2018-02-22,-278.32
2018-03-08,2018-03-08 09:35:00-05:00,2018-03-08 11:14:00-05:00,short,6967.241668711537,6967.241668711537,BE,0.0,2018-03-01,-278.32
2018-03-09,2018-03-09 10:07:00-05:00,2018-03-09 15:00:00-05:00,short,7057.28680551017,7110.5,cutoff,-53.21,2018-02-27,-331.53
2018-03-13,2018-03-13 09:42:00-04:00,2018-03-13 15:00:00-04:00,short,7211.202029295153,7089.0,cutoff,122.2,2018-03-12,-209.33
2018-03-14,2018-03-14 09:33:00-04:00,2018-03-14 15:00:00-04:00,long,7096.922970704847,7073.75,cutoff,-23.17,2018-03-12,-232.5
2018-03-15,2018-03-15 09:36:00-04:00,2018-03-15 15:00:00-04:00,short,7057.28680551017,7057.0,cutoff,0.29,2018-02-27,-232.21
2018-03-19,2018-03-19 09:52:00-04:00,2018-03-19 15:00:00-04:00,short,6967.241668711537,6852.5,cutoff,114.74,2018-03-01,-117.47
2018-03-20,2018-03-20 09:34:00-04:00,2018-03-20 10:19:00-04:00,short,6887.536011889101,6887.536011889101,BE,0.0,2018-02-21,-117.47
2018-03-20,2018-03-20 10:43:00-04:00,2018-03-20 15:00:00-04:00,long,6901.578784055946,6909.5,cutoff,7.92,2018-03-19,-109.55
2018-03-21,2018-03-21 09:36:00-04:00,2018-03-21 14:41:00-04:00,long,6879.299880883785,6879.299880883785,BE,0.0,2018-02-26,-109.55
2018-03-22,2018-03-22 09:39:00-04:00,2018-03-22 10:30:00-04:00,long,6796.46474984932,6796.46474984932,BE,0.0,2018-03-07,-109.55
2018-03-22,2018-03-22 10:53:00-04:00,2018-03-22 12:26:00-04:00,short,6766.743215011062,6766.743215011062,BE,0.0,2018-03-02,-109.55
2018-03-23,2018-03-23 09:36:00-04:00,2018-03-23 15:00:00-04:00,long,6701.390659034367,6587.25,cutoff,-114.14,2018-03-05,-223.69
2018-03-27,2018-03-27 09:33:00-04:00,2018-03-27 14:03:00-04:00,long,6796.46474984932,6671.46474984932,SL,-125.0,2018-03-07,-348.69
2018-03-28,2018-03-28 10:06:00-04:00,2018-03-28 10:47:00-04:00,long,6555.590673508264,6430.590673508264,SL,-125.0,2018-03-26,-473.69
2018-04-02,2018-04-02 09:40:00-04:00,2018-04-02 11:05:00-04:00,long,6555.590673508264,6430.590673508264,SL,-125.0,2018-03-26,-598.69
2018-04-03,2018-04-03 10:05:00-04:00,2018-04-03 11:59:00-04:00,long,6394.937625773999,6394.937625773999,BE,0.0,2018-04-02,-598.69
2018-04-04,2018-04-04 09:33:00-04:00,2018-04-04 10:34:00-04:00,long,6372.049355432237,6372.049355432237,BE,0.0,2018-03-29,-598.69
2018-04-05,2018-04-05 09:42:00-04:00,2018-04-05 11:02:00-04:00,short,6618.200644567763,6618.200644567763,BE,0.0,2018-03-29,-598.69
2018-04-06,2018-04-06 09:38:00-04:00,2018-04-06 10:23:00-04:00,short,6580.309822656636,6580.309822656636,BE,0.0,2018-04-03,-598.69
2018-04-06,2018-04-06 10:34:00-04:00,2018-04-06 14:39:00-04:00,long,6555.590673508264,6430.590673508264,SL,-125.0,2018-03-26,-723.69
2018-04-09,2018-04-09 09:56:00-04:00,2018-04-09 15:00:00-04:00,long,6533.187655664731,6569.25,cutoff,36.06,2018-04-05,-687.63
2018-04-10,2018-04-10 09:32:00-04:00,2018-04-10 15:00:00-04:00,long,6582.5845918092255,6624.5,cutoff,41.92,2018-03-23,-645.71
2018-04-11,2018-04-11 09:59:00-04:00,2018-04-11 15:00:00-04:00,short,6618.200644567763,6618.5,cutoff,-0.3,2018-03-29,-646.01
2018-04-12,2018-04-12 09:42:00-04:00,2018-04-12 15:00:00-04:00,short,6652.002550425705,6675.75,cutoff,-23.75,2018-03-28,-669.76
2018-04-13,2018-04-13 09:35:00-04:00,2018-04-13 15:00:00-04:00,long,6700.740780313456,6647.25,cutoff,-53.49,2018-03-22,-723.25
2018-04-16,2018-04-16 09:43:00-04:00,2018-04-16 15:00:00-04:00,short,6660.937374226001,6690.25,cutoff,-29.31,2018-04-02,-752.56
2018-04-17,2018-04-17 09:33:00-04:00,2018-04-17 15:00:00-04:00,short,6747.283059462454,6831.0,cutoff,-83.72,2018-04-16,-836.28
2018-04-18,2018-04-18 09:41:00-04:00,2018-04-18 10:36:00-04:00,short,6825.9822235486145,6825.9822235486145,BE,0.0,2018-04-17,-836.28
2018-04-19,2018-04-19 09:46:00-04:00,2018-04-19 15:00:00-04:00,short,6796.0404081907745,6775.25,cutoff,20.79,2018-03-23,-815.49
2018-04-20,2018-04-20 09:31:00-04:00,2018-04-20 15:00:00-04:00,long,6754.992006121582,6673.0,cutoff,-81.99,2018-04-18,-897.48
2018-04-23,2018-04-23 09:36:00-04:00,2018-04-23 10:24:00-04:00,short,6690.253399853834,6690.253399853834,BE,0.0,2018-04-11,-897.48
2018-04-23,2018-04-23 10:31:00-04:00,2018-04-23 12:24:00-04:00,long,6686.1427764513855,6686.1427764513855,BE,0.0,2018-04-17,-897.48
2018-04-24,2018-04-24 09:31:00-04:00,2018-04-24 12:16:00-04:00,long,6686.1427764513855,6561.1427764513855,SL,-125.0,2018-04-17,-1022.48
2018-04-25,2018-04-25 09:34:00-04:00,2018-04-25 15:00:00-04:00,long,6512.496600146166,6541.0,cutoff,28.5,2018-04-11,-993.98
2018-04-26,2018-04-26 09:31:00-04:00,2018-04-26 15:00:00-04:00,long,6600.091940537546,6673.0,cutoff,72.91,2018-04-16,-921.07
2018-04-27,2018-04-27 09:31:00-04:00,2018-04-27 15:00:00-04:00,long,6744.784812561076,6660.0,cutoff,-84.78,2018-04-19,-1005.85
2018-04-30,2018-04-30 09:31:00-04:00,2018-04-30 11:33:00-04:00,long,6672.83622656385,6672.83622656385,BE,0.0,2018-04-20,-1005.85
2018-05-01,2018-05-01 09:33:00-04:00,2018-05-01 11:01:00-04:00,long,6600.091940537546,6600.091940537546,BE,0.0,2018-04-16,-1005.85
2018-05-02,2018-05-02 09:31:00-04:00,2018-05-02 15:00:00-04:00,short,6690.253399853834,6682.0,cutoff,8.25,2018-04-11,-997.6
2018-05-03,2018-05-03 09:31:00-04:00,2018-05-03 15:00:00-04:00,long,6612.5646574806215,6639.75,cutoff,27.19,2018-04-30,-970.41
2018-05-04,2018-05-04 09:31:00-04:00,2018-05-04 11:22:00-04:00,short,6618.015361193202,6743.015361193202,SL,-125.0,2018-04-09,-1095.41
2018-05-07,2018-05-07 09:38:00-04:00,2018-05-07 15:00:00-04:00,short,6825.9822235486145,6828.75,cutoff,-2.77,2018-04-17,-1098.18
2018-05-08,2018-05-08 09:52:00-04:00,2018-05-08 15:00:00-04:00,short,6791.429923534902,6788.25,cutoff,3.18,2018-04-13,-1095.0
2018-05-09,2018-05-09 09:32:00-04:00,2018-05-09 15:00:00-04:00,short,6825.9822235486145,6897.5,cutoff,-71.52,2018-04-17,-1166.52
2018-05-11,2018-05-11 10:10:00-04:00,2018-05-11 15:00:00-04:00,short,6969.484773303996,6942.0,cutoff,27.48,2018-05-10,-1139.04
2018-05-14,2018-05-14 10:30:00-04:00,2018-05-14 11:20:00-04:00,short,7007.349699090812,7007.349699090812,BE,0.0,2018-05-11,-1139.04
2018-05-15,2018-05-15 09:32:00-04:00,2018-05-15 15:00:00-04:00,long,6900.775300909188,6874.5,cutoff,-26.28,2018-05-11,-1165.32
2018-05-16,2018-05-16 09:33:00-04:00,2018-05-16 15:00:00-04:00,long,6900.775300909188,6950.25,cutoff,49.47,2018-05-11,-1115.85
2018-05-17,2018-05-17 10:12:00-04:00,2018-05-17 12:40:00-04:00,long,6928.543047509258,6928.543047509258,BE,0.0,2018-05-14,-1115.85
2018-05-18,2018-05-18 09:31:00-04:00,2018-05-18 10:20:00-04:00,short,6887.469288124856,6887.469288124856,BE,0.0,2018-05-09,-1115.85
2018-05-18,2018-05-18 10:32:00-04:00,2018-05-18 15:00:00-04:00,short,6878.313510620334,6884.5,cutoff,-6.19,2018-05-07,-1122.04
2018-05-21,2018-05-21 09:31:00-04:00,2018-05-21 15:00:00-04:00,short,6935.473866313412,6899.5,cutoff,35.97,2018-05-18,-1086.07
2018-05-22,2018-05-22 09:58:00-04:00,2018-05-22 15:00:00-04:00,short,6935.473866313412,6915.75,cutoff,19.72,2018-05-18,-1066.35
2018-05-23,2018-05-23 09:41:00-04:00,2018-05-23 15:00:00-04:00,short,6872.813918585391,6937.5,cutoff,-64.69,2018-05-08,-1131.04
2018-05-24,2018-05-24 09:34:00-04:00,2018-05-24 14:21:00-04:00,short,6960.568010688974,6960.568010688974,BE,0.0,2018-05-16,-1131.04
2018-05-25,2018-05-25 09:46:00-04:00,2018-05-25 15:00:00-04:00,short,6960.568010688974,6959.25,cutoff,1.32,2018-05-16,-1129.72
2018-05-28,2018-05-28 09:35:00-04:00,2018-05-28 12:59:00-04:00,short,6973.725303921158,6992.5,cutoff,-18.77,2018-05-17,-1148.49
2018-05-29,2018-05-29 09:31:00-04:00,2018-05-29 15:00:00-04:00,short,6935.473866313412,6900.25,cutoff,35.22,2018-05-18,-1113.27
2018-05-30,2018-05-30 09:35:00-04:00,2018-05-30 10:31:00-04:00,short,6960.568010688974,6960.568010688974,BE,0.0,2018-05-16,-1113.27
2018-05-30,2018-05-30 10:42:00-04:00,2018-05-30 15:00:00-04:00,short,6969.484773303996,6988.5,cutoff,-19.02,2018-05-10,-1132.29
2018-05-31,2018-05-31 09:36:00-04:00,2018-05-31 15:00:00-04:00,short,6988.503726657311,6978.25,cutoff,10.25,2018-05-21,-1122.04
2018-06-01,2018-06-01 09:31:00-04:00,2018-06-01 15:00:00-04:00,short,7015.475265757081,7080.25,cutoff,-64.77,2018-05-30,-1186.81
2018-06-06,2018-06-06 10:05:00-04:00,2018-06-06 10:56:00-04:00,short,7156.635231374005,7156.635231374005,BE,0.0,2018-06-04,-1186.81
2018-06-07,2018-06-07 10:33:00-04:00,2018-06-07 15:00:00-04:00,short,7156.635231374005,7151.0,cutoff,5.64,2018-06-04,-1181.17
2018-06-08,2018-06-08 09:53:00-04:00,2018-06-08 11:07:00-04:00,short,7156.635231374005,7156.635231374005,BE,0.0,2018-06-04,-1181.17
2018-06-11,2018-06-11 09:46:00-04:00,2018-06-11 11:40:00-04:00,short,7194.487916844135,7194.487916844135,BE,0.0,2018-06-08,-1181.17
2018-06-12,2018-06-12 09:32:00-04:00,2018-06-12 10:45:00-04:00,short,7215.5639472394705,7215.5639472394705,BE,0.0,2018-06-05,-1181.17
2018-06-13,2018-06-13 09:58:00-04:00,2018-06-13 15:00:00-04:00,short,7254.301705073458,7258.5,cutoff,-4.2,2018-06-12,-1185.37
2018-06-14,2018-06-14 09:32:00-04:00,2018-06-14 15:00:00-04:00,short,7269.677208812118,7291.0,cutoff,-21.32,2018-06-07,-1206.69
2018-06-15,2018-06-15 09:32:00-04:00,2018-06-15 15:00:00-04:00,short,7269.677208812118,7287.0,cutoff,-17.32,2018-06-07,-1224.01
2018-06-18,2018-06-18 09:34:00-04:00,2018-06-18 15:00:00-04:00,long,7214.541889345101,7268.5,cutoff,53.96,2018-06-15,-1170.05
2018-06-19,2018-06-19 09:31:00-04:00,2018-06-19 10:48:00-04:00,short,7194.487916844135,7194.487916844135,BE,0.0,2018-06-08,-1170.05
2018-06-19,2018-06-19 10:57:00-04:00,2018-06-19 15:00:00-04:00,long,7199.085344323959,7248.75,cutoff,49.66,2018-06-13,-1120.39
2018-06-20,2018-06-20 09:42:00-04:00,2018-06-20 10:58:00-04:00,short,7303.289655676041,7303.289655676041,BE,0.0,2018-06-13,-1120.39
2018-06-21,2018-06-21 09:46:00-04:00,2018-06-21 15:00:00-04:00,short,7303.289655676041,7244.25,cutoff,59.04,2018-06-13,-1061.35
2018-06-22,2018-06-22 09:36:00-04:00,2018-06-22 15:00:00-04:00,long,7237.780430387864,7242.5,cutoff,4.72,2018-06-20,-1056.63
2018-06-25,2018-06-25 09:31:00-04:00,2018-06-25 15:00:00-04:00,short,7156.635231374005,7010.25,cutoff,146.39,2018-06-04,-910.24
2018-06-26,2018-06-26 09:31:00-04:00,2018-06-26 15:00:00-04:00,short,7092.43659505992,7107.25,cutoff,-14.81,2018-06-01,-925.05
2018-06-27,2018-06-27 09:31:00-04:00,2018-06-27 11:05:00-04:00,long,7117.6860527605295,7117.6860527605295,BE,0.0,2018-06-05,-925.05
2018-06-28,2018-06-28 09:39:00-04:00,2018-06-28 15:00:00-04:00,long,7002.0493217285275,7067.5,cutoff,65.45,2018-06-26,-859.6
2018-06-29,2018-06-29 09:31:00-04:00,2018-06-29 15:00:00-04:00,long,7092.637083155865,7102.75,cutoff,10.11,2018-06-08,-849.49
2018-07-02,2018-07-02 09:51:00-04:00,2018-07-02 15:00:00-04:00,long,7021.939275551633,7078.75,cutoff,56.81,2018-06-29,-792.68
2018-07-03,2018-07-03 09:31:00-04:00,2018-07-03 13:14:00-04:00,long,7133.197791187882,7023.0,cutoff,-110.2,2018-06-07,-902.88
2018-07-04,2018-07-04 09:36:00-04:00,2018-07-04 13:00:00-04:00,long,7039.190675775948,7042.5,cutoff,3.31,2018-06-25,-899.57
2018-07-05,2018-07-05 09:39:00-04:00,2018-07-05 15:00:00-04:00,long,7092.637083155865,7114.0,cutoff,21.36,2018-06-08,-878.21
2018-07-06,2018-07-06 09:32:00-04:00,2018-07-06 15:00:00-04:00,long,7127.38217917601,7223.5,cutoff,96.12,2018-06-11,-782.09
2018-07-09,2018-07-09 09:55:00-04:00,2018-07-09 11:04:00-04:00,short,7262.911183414944,7262.911183414944,BE,0.0,2018-06-19,-782.09
2018-07-10,2018-07-10 09:36:00-04:00,2018-07-10 10:31:00-04:00,short,7303.289655676041,7303.289655676041,BE,0.0,2018-06-13,-782.09
2018-07-11,2018-07-11 09:32:00-04:00,2018-07-11 15:00:00-04:00,short,7262.911183414944,7268.75,cutoff,-5.84,2018-06-19,-787.93
2018-07-12,2018-07-12 10:07:00-04:00,2018-07-12 15:00:00-04:00,short,7328.303579632185,7373.75,cutoff,-45.45,2018-07-11,-833.38
2018-07-13,2018-07-13 09:46:00-04:00,2018-07-13 15:00:00-04:00,short,7382.841738048102,7388.5,cutoff,-5.66,2018-07-12,-839.04
2018-07-16,2018-07-16 09:37:00-04:00,2018-07-16 15:00:00-04:00,short,7406.569912336632,7368.25,cutoff,38.32,2018-06-21,-800.72
2018-07-17,2018-07-17 09:42:00-04:00,2018-07-17 15:00:00-04:00,short,7328.303579632185,7414.0,cutoff,-85.7,2018-07-11,-886.42
2018-07-18,2018-07-18 09:42:00-04:00,2018-07-18 11:15:00-04:00,short,7406.569912336632,7406.569912336632,BE,0.0,2018-06-21,-886.42
2018-07-19,2018-07-19 09:33:00-04:00,2018-07-19 11:25:00-04:00,short,7392.15471783367,7392.15471783367,BE,0.0,2018-07-17,-886.42
2018-07-20,2018-07-20 09:32:00-04:00,2018-07-20 10:28:00-04:00,short,7392.15471783367,7392.15471783367,BE,0.0,2018-07-17,-886.42
2018-07-23,2018-07-23 09:31:00-04:00,2018-07-23 10:39:00-04:00,short,7353.262237216476,7353.262237216476,BE,0.0,2018-07-10,-886.42
2018-07-24,2018-07-24 09:36:00-04:00,2018-07-24 15:00:00-04:00,short,7478.0641178731985,7411.5,cutoff,66.56,2018-07-18,-819.86
2018-07-25,2018-07-25 09:40:00-04:00,2018-07-25 10:33:00-04:00,short,7438.102087580435,7438.102087580435,BE,0.0,2018-07-20,-819.86
2018-07-26,2018-07-26 09:42:00-04:00,2018-07-26 11:21:00-04:00,short,7438.102087580435,7438.102087580435,BE,0.0,2018-07-20,-819.86
2018-07-27,2018-07-27 09:33:00-04:00,2018-07-27 15:00:00-04:00,short,7446.894584057618,7286.75,cutoff,160.14,2018-07-16,-659.72
2018-07-30,2018-07-30 09:35:00-04:00,2018-07-30 15:00:00-04:00,long,7271.051238919736,7208.75,cutoff,-62.3,2018-07-23,-722.02
2018-07-31,2018-07-31 09:43:00-04:00,2018-07-31 15:00:00-04:00,long,7250.612762783524,7259.5,cutoff,8.89,2018-07-10,-713.13
2018-08-01,2018-08-01 09:31:00-04:00,2018-08-01 11:33:00-04:00,long,7271.051238919736,7271.051238919736,BE,0.0,2018-07-23,-713.13
2018-08-02,2018-08-02 09:32:00-04:00,2018-08-02 15:00:00-04:00,long,7226.908261951898,7375.5,cutoff,148.59,2018-07-12,-564.54
2018-08-03,2018-08-03 09:31:00-04:00,2018-08-03 10:16:00-04:00,short,7392.15471783367,7392.15471783367,BE,0.0,2018-07-17,-564.54
2018-08-03,2018-08-03 10:18:00-04:00,2018-08-03 11:10:00-04:00,short,7382.841738048102,7382.841738048102,BE,0.0,2018-07-12,-564.54
2018-08-06,2018-08-06 09:32:00-04:00,2018-08-06 15:00:00-04:00,short,7392.15471783367,7441.0,cutoff,-48.85,2018-07-17,-613.39
2018-08-07,2018-08-07 09:34:00-04:00,2018-08-07 10:29:00-04:00,short,7478.0641178731985,7478.0641178731985,BE,0.0,2018-07-18,-613.39
2018-08-07,2018-08-07 10:30:00-04:00,2018-08-07 12:56:00-04:00,short,7481.544416078332,7481.544416078332,BE,0.0,2018-07-25,-613.39
2018-08-08,2018-08-08 09:32:00-04:00,2018-08-08 15:00:00-04:00,short,7459.432390640652,7484.25,cutoff,-24.82,2018-08-06,-638.21
2018-08-09,2018-08-09 09:31:00-04:00,2018-08-09 15:00:00-04:00,short,7478.0641178731985,7496.0,cutoff,-17.94,2018-07-18,-656.15
2018-08-10,2018-08-10 09:36:00-04:00,2018-08-10 10:21:00-04:00,short,7438.102087580435,7438.102087580435,BE,0.0,2018-07-20,-656.15
2018-08-10,2018-08-10 10:33:00-04:00,2018-08-10 15:00:00-04:00,short,7443.276347136951,7400.25,cutoff,43.03,2018-07-19,-613.12
2018-08-13,2018-08-13 09:33:00-04:00,2018-08-13 15:00:00-04:00,short,7438.102087580435,7422.5,cutoff,15.6,2018-07-20,-597.52
2018-08-14,2018-08-14 09:31:00-04:00,2018-08-14 10:36:00-04:00,short,7438.102087580435,7438.102087580435,BE,0.0,2018-07-20,-597.52
2018-08-14,2018-08-14 10:46:00-04:00,2018-08-14 15:00:00-04:00,short,7443.276347136951,7458.25,cutoff,-14.97,2018-07-19,-612.49
2018-08-15,2018-08-15 09:35:00-04:00,2018-08-15 15:00:00-04:00,short,7402.198761080264,7352.75,cutoff,49.45,2018-07-23,-563.04
2018-08-16,2018-08-16 09:31:00-04:00,2018-08-16 15:00:00-04:00,long,7414.922762406374,7399.5,cutoff,-15.42,2018-07-24,-578.46
2018-08-17,2018-08-17 09:31:00-04:00,2018-08-17 15:00:00-04:00,long,7360.173904777643,7401.5,cutoff,41.33,2018-08-16,-537.13
2018-08-20,2018-08-20 09:33:00-04:00,2018-08-20 14:02:00-04:00,short,7394.472462601092,7394.472462601092,BE,0.0,2018-07-30,-537.13
2018-08-21,2018-08-21 09:35:00-04:00,2018-08-21 11:21:00-04:00,long,7408.879532772222,7408.879532772222,BE,0.0,2018-08-08,-537.13
2018-08-22,2018-08-22 09:31:00-04:00,2018-08-22 15:00:00-04:00,short,7394.472462601092,7432.75,cutoff,-38.28,2018-07-30,-575.41
2018-08-23,2018-08-23 09:34:00-04:00,2018-08-23 15:00:00-04:00,short,7436.526712365974,7443.75,cutoff,-7.22,2018-08-17,-582.63
2018-08-24,2018-08-24 09:31:00-04:00,2018-08-24 15:00:00-04:00,short,7459.432390640652,7490.75,cutoff,-31.32,2018-08-06,-613.95
2018-08-27,2018-08-27 09:35:00-04:00,2018-08-27 15:00:00-04:00,short,7534.904976134861,7564.75,cutoff,-29.85,2018-08-09,-643.8
2018-08-29,2018-08-29 09:35:00-04:00,2018-08-29 15:00:00-04:00,short,7599.9516883498845,7658.75,cutoff,-58.8,2018-08-27,-702.6
2018-08-30,2018-08-30 09:31:00-04:00,2018-08-30 15:00:00-04:00,short,7655.839927072273,7643.0,cutoff,12.84,2018-08-29,-689.76
2018-08-31,2018-08-31 09:32:00-04:00,2018-08-31 15:00:00-04:00,short,7655.839927072273,7644.75,cutoff,11.09,2018-08-29,-678.67
2018-09-04,2018-09-04 09:34:00-04:00,2018-09-04 15:00:00-04:00,long,7633.061168833607,7631.75,cutoff,-1.31,2018-09-03,-679.98
2018-09-05,2018-09-05 09:33:00-04:00,2018-09-05 15:00:00-04:00,long,7604.500703523443,7533.25,cutoff,-71.25,2018-08-30,-751.23
2018-09-06,2018-09-06 09:40:00-04:00,2018-09-06 15:00:00-04:00,short,7506.425637004666,7443.5,cutoff,62.93,2018-08-24,-688.3
2018-09-07,2018-09-07 09:37:00-04:00,2018-09-07 15:00:00-04:00,long,7418.08594954187,7459.75,cutoff,41.66,2018-09-06,-646.64
2018-09-10,2018-09-10 09:31:00-04:00,2018-09-10 15:00:00-04:00,long,7472.1733116501155,7453.5,cutoff,-18.67,2018-08-27,-665.31
2018-09-11,2018-09-11 09:32:00-04:00,2018-09-11 15:00:00-04:00,long,7418.08594954187,7509.25,cutoff,91.16,2018-09-06,-574.15
2018-09-12,2018-09-12 09:32:00-04:00,2018-09-12 15:00:00-04:00,short,7505.206854948481,7468.25,cutoff,36.96,2018-08-23,-537.19
2018-09-13,2018-09-13 09:32:00-04:00,2018-09-13 15:00:00-04:00,short,7547.622652900693,7565.75,cutoff,-18.13,2018-09-10,-555.32
2018-09-14,2018-09-14 09:32:00-04:00,2018-09-14 11:21:00-04:00,long,7588.051325303866,7588.051325303866,BE,0.0,2018-08-31,-555.32
2018-09-17,2018-09-17 09:35:00-04:00,2018-09-17 15:00:00-04:00,long,7549.8898326392355,7497.5,cutoff,-52.39,2018-09-04,-607.71
2018-09-18,2018-09-18 09:31:00-04:00,2018-09-18 15:00:00-04:00,long,7472.6850581467515,7539.5,cutoff,66.81,2018-09-13,-540.9
2018-09-19,2018-09-19 09:33:00-04:00,2018-09-19 15:00:00-04:00,long,7542.660072927727,7503.5,cutoff,-39.16,2018-08-29,-580.06
2018-09-20,2018-09-20 09:37:00-04:00,2018-09-20 15:00:00-04:00,short,7571.28304460421,7605.0,cutoff,-33.72,2018-09-12,-613.78
2018-09-21,2018-09-21 09:39:00-04:00,2018-09-21 15:00:00-04:00,short,7631.354115860666,7567.75,cutoff,63.6,2018-09-17,-550.18
2018-09-24,2018-09-24 09:31:00-04:00,2018-09-24 15:00:00-04:00,long,7499.12113621541,7568.0,cutoff,68.88,2018-09-20,-481.3
2018-09-25,2018-09-25 09:36:00-04:00,2018-09-25 10:21:00-04:00,short,7571.28304460421,7571.28304460421,BE,0.0,2018-09-12,-481.3
2018-09-26,2018-09-26 09:32:00-04:00,2018-09-26 10:24:00-04:00,short,7612.28905045813,7612.28905045813,BE,0.0,2018-09-06,-481.3
2018-09-26,2018-09-26 10:31:00-04:00,2018-09-26 15:00:00-04:00,short,7616.4399418532485,7644.75,cutoff,-28.31,2018-09-13,-509.61
2018-09-27,2018-09-27 09:32:00-04:00,2018-09-27 15:00:00-04:00,short,7631.354115860666,7665.5,cutoff,-34.15,2018-09-17,-543.76
2018-09-28,2018-09-28 09:45:00-04:00,2018-09-28 15:00:00-04:00,long,7633.061168833607,7646.25,cutoff,13.19,2018-09-03,-530.57
2018-10-01,2018-10-01 09:32:00-04:00,2018-10-01 15:00:00-04:00,short,7702.894612183031,7679.5,cutoff,23.39,2018-09-05,-507.18
2018-10-02,2018-10-02 09:36:00-04:00,2018-10-02 15:00:00-04:00,short,7655.73495379054,7668.5,cutoff,-12.77,2018-09-14,-519.95
2018-10-03,2018-10-03 09:34:00-04:00,2018-10-03 15:00:00-04:00,short,7688.758399715875,7668.25,cutoff,20.51,2018-09-21,-499.44
2018-10-04,2018-10-04 09:31:00-04:00,2018-10-04 15:00:00-04:00,short,7629.202776166338,7504.25,cutoff,124.95,2018-09-25,-374.49
2018-10-05,2018-10-05 09:32:00-04:00,2018-10-05 12:40:00-04:00,long,7499.12113621541,7374.12113621541,SL,-125.0,2018-09-20,-499.49
2018-10-08,2018-10-08 09:46:00-04:00,2018-10-08 10:35:00-04:00,long,7405.59195539579,7405.59195539579,BE,0.0,2018-09-12,-499.49
2018-10-08,2018-10-08 10:37:00-04:00,2018-10-08 15:00:00-04:00,long,7408.134491863295,7373.25,cutoff,-34.88,2018-10-05,-534.37
2018-10-09,2018-10-09 09:35:00-04:00,2018-10-09 12:44:00-04:00,long,7392.329907435796,7392.329907435796,BE,0.0,2018-09-18,-534.37
2018-10-10,2018-10-10 09:50:00-04:00,2018-10-10 15:00:00-04:00,long,7286.224538054712,7192.25,cutoff,-93.97,2018-10-08,-628.34
2018-10-16,2018-10-16 09:58:00-04:00,2018-10-16 15:00:00-04:00,long,7182.158582793097,7259.25,cutoff,77.09,2018-10-10,-551.25
2018-10-17,2018-10-17 09:37:00-04:00,2018-10-17 15:00:00-04:00,long,7286.224538054712,7300.25,cutoff,14.03,2018-10-08,-537.22
2018-10-18,2018-10-18 09:31:00-04:00,2018-10-18 15:00:00-04:00,short,7262.201987091439,7141.0,cutoff,121.2,2018-10-16,-416.02
2018-10-19,2018-10-19 09:31:00-04:00,2018-10-19 11:32:00-04:00,long,7182.158582793097,7182.158582793097,BE,0.0,2018-10-10,-416.02
2018-10-22,2018-10-22 09:36:00-04:00,2018-10-22 15:00:00-04:00,long,7158.521950633014,7170.5,cutoff,11.98,2018-10-18,-404.04
2018-10-23,2018-10-23 09:33:00-04:00,2018-10-23 15:00:00-04:00,long,7032.3496815496055,7146.0,cutoff,113.65,2018-10-22,-290.39
2018-10-24,2018-10-24 09:51:00-04:00,2018-10-24 10:37:00-04:00,long,7078.70185016617,7078.70185016617,BE,0.0,2018-10-19,-290.39
2018-10-24,2018-10-24 10:38:00-04:00,2018-10-24 13:58:00-04:00,long,7072.798012908561,6947.798012908561,SL,-125.0,2018-10-16,-415.39
2018-10-25,2018-10-25 09:34:00-04:00,2018-10-25 15:00:00-04:00,long,6892.688591063061,7058.0,cutoff,165.31,2018-10-11,-250.08
2018-10-26,2018-10-26 09:46:00-04:00,2018-10-26 10:57:00-04:00,long,6878.649240398583,6753.649240398583,SL,-125.0,2018-10-23,-375.08
2018-10-29,2018-10-29 10:01:00-04:00,2018-10-29 14:41:00-04:00,short,6963.112061325928,6769.5,TP,193.61,2018-10-26,-181.47
2018-10-30,2018-10-30 10:09:00-04:00,2018-10-30 15:00:00-04:00,long,6762.610909414232,6774.75,cutoff,12.14,2018-10-25,-169.33
2018-10-31,2018-10-31 09:42:00-04:00,2018-10-31 15:00:00-04:00,short,6963.112061325928,7021.5,cutoff,-58.39,2018-10-26,-227.72
2018-11-01,2018-11-01 09:31:00-04:00,2018-11-01 15:00:00-04:00,long,6997.43029997219,7062.5,cutoff,65.07,2018-10-24,-162.65
2018-11-02,2018-11-02 09:31:00-04:00,2018-11-02 15:00:00-04:00,long,7032.3496815496055,6968.5,cutoff,-63.85,2018-10-22,-226.5
2018-11-05,2018-11-05 09:44:00-05:00,2018-11-05 15:00:00-05:00,long,6903.866612075746,6947.25,cutoff,43.38,2018-11-02,-183.12
2018-11-06,2018-11-06 09:31:00-05:00,2018-11-06 15:00:00-05:00,short,6963.112061325928,6955.25,cutoff,7.86,2018-10-26,-175.26
2018-11-07,2018-11-07 09:33:00-05:00,2018-11-07 15:00:00-05:00,short,7078.264090585768,7176.75,cutoff,-98.49,2018-10-25,-273.75
2018-11-08,2018-11-08 09:31:00-05:00,2018-11-08 10:33:00-05:00,short,7183.883387924254,7183.883387924254,BE,0.0,2018-11-02,-273.75
2018-11-09,2018-11-09 09:34:00-05:00,2018-11-09 15:00:00-05:00,short,7104.642675752431,7035.0,cutoff,69.64,2018-11-01,-204.11
2018-11-12,2018-11-12 09:31:00-05:00,2018-11-12 10:58:00-05:00,long,6997.43029997219,6872.43029997219,SL,-125.0,2018-10-24,-329.11
2018-11-13,2018-11-13 09:31:00-05:00,2018-11-13 15:00:00-05:00,short,6889.683844244571,6843.0,cutoff,46.68,2018-10-30,-282.43
2018-11-14,2018-11-14 09:32:00-05:00,2018-11-14 12:59:00-05:00,long,6903.866612075746,6778.866612075746,SL,-125.0,2018-11-02,-407.43
2018-11-15,2018-11-15 09:31:00-05:00,2018-11-15 10:29:00-05:00,long,6746.40094134174,6746.40094134174,BE,0.0,2018-11-13,-407.43
2018-11-15,2018-11-15 10:51:00-05:00,2018-11-15 15:00:00-05:00,long,6758.138099856673,6898.5,cutoff,140.36,2018-11-14,-267.07
2018-11-16,2018-11-16 09:32:00-05:00,2018-11-16 11:46:00-05:00,long,6833.879910458791,6833.879910458791,BE,0.0,2018-11-06,-267.07
2018-11-19,2018-11-19 09:31:00-05:00,2018-11-19 11:27:00-05:00,long,6839.862157892273,6714.862157892273,SL,-125.0,2018-10-29,-392.07
2018-11-20,2018-11-20 09:38:00-05:00,2018-11-20 15:00:00-05:00,long,6537.816155755429,6526.0,cutoff,-11.82,2018-10-30,-403.89
2018-11-21,2018-11-21 09:31:00-05:00,2018-11-21 11:12:00-05:00,short,6638.488855974993,6638.488855974993,BE,0.0,2018-11-20,-403.89
2018-11-22,2018-11-22 10:23:00-05:00,2018-11-22 12:59:00-05:00,long,6537.816155755429,6521.0,cutoff,-16.82,2018-10-30,-420.71
2018-11-26,2018-11-26 09:33:00-05:00,2018-11-26 15:00:00-05:00,short,6623.8814122187305,6674.75,cutoff,-50.87,2018-11-22,-471.58
2018-11-27,2018-11-27 09:31:00-05:00,2018-11-27 15:00:00-05:00,short,6655.437697558632,6696.25,cutoff,-40.81,2018-11-23,-512.39
2018-11-28,2018-11-28 09:31:00-05:00,2018-11-28 15:00:00-05:00,long,6746.40094134174,6870.5,cutoff,124.1,2018-11-13,-388.29
2018-11-29,2018-11-29 09:33:00-05:00,2018-11-29 15:00:00-05:00,long,6903.866612075746,6941.5,cutoff,37.63,2018-11-02,-350.66
2018-11-30,2018-11-30 09:36:00-05:00,2018-11-30 15:00:00-05:00,short,6886.098901945612,6916.5,cutoff,-30.4,2018-11-15,-381.06
2018-12-03,2018-12-03 09:31:00-05:00,2018-12-03 15:00:00-05:00,long,7094.461029890275,7045.25,cutoff,-49.21,2018-11-08,-430.27
2018-12-04,2018-12-04 09:48:00-05:00,2018-12-04 13:43:00-05:00,short,7025.611900143327,6837.75,TP,187.86,2018-11-14,-242.41
2018-12-06,2018-12-06 09:32:00-05:00,2018-12-06 10:58:00-05:00,long,6672.739529536092,6672.739529536092,BE,0.0,2018-11-28,-242.41
2018-12-07,2018-12-07 09:31:00-05:00,2018-12-07 11:59:00-05:00,long,6803.071118634929,6678.071118634929,SL,-125.0,2018-11-29,-367.41
2018-12-10,2018-12-10 09:31:00-05:00,2018-12-10 15:00:00-05:00,short,6623.8814122187305,6663.75,cutoff,-39.87,2018-11-22,-407.28
2018-12-11,2018-12-11 09:33:00-05:00,2018-12-11 10:24:00-05:00,short,6780.964486024599,6780.964486024599,BE,0.0,2018-11-27,-407.28
2018-12-11,2018-12-11 10:25:00-05:00,2018-12-11 15:00:00-05:00,short,6790.939608582068,6723.0,cutoff,67.94,2018-12-06,-339.34
2018-12-12,2018-12-12 09:33:00-05:00,2018-12-12 14:28:00-05:00,long,6803.071118634929,6803.071118634929,BE,0.0,2018-11-29,-339.34
2018-12-13,2018-12-13 09:31:00-05:00,2018-12-13 10:29:00-05:00,long,6803.071118634929,6803.071118634929,BE,0.0,2018-11-29,-339.34
2018-12-13,2018-12-13 10:35:00-05:00,2018-12-13 11:44:00-05:00,short,6790.939608582068,6790.939608582068,BE,0.0,2018-12-06,-339.34
2018-12-14,2018-12-14 09:36:00-05:00,2018-12-14 11:50:00-05:00,long,6684.0145147739295,6684.0145147739295,BE,0.0,2018-12-11,-339.34
2018-12-17,2018-12-17 09:41:00-05:00,2018-12-17 13:00:00-05:00,long,6558.060391417932,6558.060391417932,BE,0.0,2018-12-06,-339.34
2018-12-18,2018-12-18 09:31:00-05:00,2018-12-18 10:21:00-05:00,long,6520.782070758194,6520.782070758194,BE,0.0,2018-11-26,-339.34
2018-12-18,2018-12-18 10:42:00-05:00,2018-12-18 15:00:00-05:00,long,6528.160513975401,6477.0,cutoff,-51.16,2018-11-27,-390.5
2018-12-19,2018-12-19 09:33:00-05:00,2018-12-19 14:00:00-05:00,long,6520.782070758194,6520.782070758194,BE,0.0,2018-11-26,-390.5
2018-12-20,2018-12-20 10:10:00-05:00,2018-12-20 11:42:00-05:00,long,6389.047532193428,6264.047532193428,SL,-125.0,2018-12-19,-515.5
2018-12-21,2018-12-21 10:08:00-05:00,2018-12-21 11:06:00-05:00,long,6225.741800107466,6225.741800107466,BE,0.0,2018-12-20,-515.5
2018-12-27,2018-12-27 09:59:00-05:00,2018-12-27 11:28:00-05:00,short,6171.807056911759,6171.807056911759,BE,0.0,2018-12-24,-515.5
2018-12-28,2018-12-28 09:46:00-05:00,2018-12-28 12:40:00-05:00,short,6340.354224240451,6340.354224240451,BE,0.0,2018-12-27,-515.5
2018-12-31,2018-12-31 09:57:00-05:00,2018-12-31 12:37:00-05:00,short,6340.354224240451,6340.354224240451,BE,0.0,2018-12-27,-515.5
2019-01-02,2019-01-02 09:35:00-05:00,2019-01-02 15:00:00-05:00,long,6225.741800107466,6372.0,cutoff,146.26,2018-12-20,-369.24
2019-01-03,2019-01-03 09:53:00-05:00,2019-01-03 15:00:00-05:00,long,6238.169923802291,6179.25,cutoff,-58.92,2018-12-31,-428.16
2019-01-04,2019-01-04 10:24:00-05:00,2019-01-04 15:00:00-05:00,short,6340.354224240451,6416.5,cutoff,-76.15,2018-12-27,-504.31
2019-01-07,2019-01-07 09:31:00-05:00,2019-01-07 15:00:00-05:00,long,6434.122894312635,6486.0,cutoff,51.88,2018-12-18,-452.43
2019-01-08,2019-01-08 10:45:00-05:00,2019-01-08 11:33:00-05:00,long,6491.230944167768,6491.230944167768,BE,0.0,2018-12-10,-452.43
2019-01-10,2019-01-10 09:54:00-05:00,2019-01-10 15:00:00-05:00,short,6534.203628201894,6612.75,cutoff,-78.55,2019-01-07,-530.98
2019-01-14,2019-01-14 09:37:00-05:00,2019-01-14 15:00:00-05:00,short,6534.203628201894,6571.25,cutoff,-37.05,2019-01-07,-568.03
2019-01-15,2019-01-15 09:36:00-05:00,2019-01-15 15:00:00-05:00,short,6619.752105687365,6659.25,cutoff,-39.5,2018-12-18,-607.53
2019-01-16,2019-01-16 09:46:00-05:00,2019-01-16 15:00:00-05:00,short,6720.912585668611,6693.5,cutoff,27.41,2019-01-15,-580.12
2019-01-17,2019-01-17 09:31:00-05:00,2019-01-17 15:00:00-05:00,short,6658.400453387424,6717.5,cutoff,-59.1,2019-01-10,-639.22
2019-01-18,2019-01-18 09:52:00-05:00,2019-01-18 15:00:00-05:00,short,6748.819618762862,6786.5,cutoff,-37.68,2019-01-17,-676.9
2019-01-21,2019-01-21 09:45:00-05:00,2019-01-21 12:59:00-05:00,short,6748.819618762862,6761.5,cutoff,-12.68,2019-01-17,-689.58
2019-01-22,2019-01-22 09:51:00-05:00,2019-01-22 15:00:00-05:00,short,6720.912585668611,6629.0,cutoff,91.91,2019-01-15,-597.67
2019-01-23,2019-01-23 09:31:00-05:00,2019-01-23 10:18:00-05:00,long,6698.293668717168,6698.293668717168,BE,0.0,2019-01-21,-597.67
2019-01-23,2019-01-23 10:26:00-05:00,2019-01-23 15:00:00-05:00,long,6686.080997578746,6634.5,cutoff,-51.58,2019-01-18,-649.25
2019-01-24,2019-01-24 09:33:00-05:00,2019-01-24 15:00:00-05:00,short,6678.58359465701,6694.0,cutoff,-15.42,2019-01-09,-664.67
2019-01-25,2019-01-25 09:36:00-05:00,2019-01-25 15:00:00-05:00,short,6748.819618762862,6791.5,cutoff,-42.68,2019-01-17,-707.35
2019-01-28,2019-01-28 09:32:00-05:00,2019-01-28 15:00:00-05:00,long,6698.293668717168,6695.5,cutoff,-2.79,2019-01-21,-710.14
2019-01-29,2019-01-29 09:35:00-05:00,2019-01-29 15:00:00-05:00,long,6698.293668717168,6629.25,cutoff,-69.04,2019-01-21,-779.18
2019-01-30,2019-01-30 09:32:00-05:00,2019-01-30 10:44:00-05:00,short,6720.912585668611,6720.912585668611,BE,0.0,2019-01-15,-779.18
2019-01-31,2019-01-31 09:36:00-05:00,2019-01-31 15:00:00-05:00,short,6854.169002421254,6910.0,cutoff,-55.83,2019-01-18,-835.01
2019-02-07,2019-02-07 09:32:00-05:00,2019-02-07 10:20:00-05:00,long,6927.889636332791,6927.889636332791,BE,0.0,2019-02-06,-835.01
2019-02-07,2019-02-07 10:28:00-05:00,2019-02-07 15:00:00-05:00,short,6950.4835546835775,6888.0,cutoff,62.48,2019-01-31,-772.53
2019-02-08,2019-02-08 09:31:00-05:00,2019-02-08 15:00:00-05:00,short,6854.169002421254,6903.25,cutoff,-49.08,2019-01-18,-821.61
2019-02-11,2019-02-11 09:32:00-05:00,2019-02-11 15:00:00-05:00,short,6950.4835546835775,6906.5,cutoff,43.98,2019-01-31,-777.63
2019-02-12,2019-02-12 09:34:00-05:00,2019-02-12 15:00:00-05:00,short,6966.140952170355,7014.25,cutoff,-48.11,2019-02-04,-825.74
2019-02-13,2019-02-13 09:32:00-05:00,2019-02-13 10:21:00-05:00,short,7043.27827199871,7043.27827199871,BE,0.0,2019-02-12,-825.74
2019-02-14,2019-02-14 09:31:00-05:00,2019-02-14 15:00:00-05:00,long,6981.2659991287555,7034.5,cutoff,53.23,2019-02-13,-772.51
2019-02-15,2019-02-15 09:37:00-05:00,2019-02-15 10:22:00-05:00,short,7058.524825242923,7058.524825242923,BE,0.0,2019-02-05,-772.51
2019-02-15,2019-02-15 10:41:00-05:00,2019-02-15 15:00:00-05:00,short,7071.945814887033,7051.0,cutoff,20.95,2019-02-14,-751.56
2019-02-18,2019-02-18 09:54:00-05:00,2019-02-18 12:59:00-05:00,short,7071.945814887033,7080.75,cutoff,-8.8,2019-02-14,-760.36
2019-02-19,2019-02-19 09:35:00-05:00,2019-02-19 15:00:00-05:00,short,7058.524825242923,7093.25,cutoff,-34.73,2019-02-05,-795.09
2019-02-20,2019-02-20 10:40:00-05:00,2019-02-20 15:00:00-05:00,short,7103.860363667209,7066.25,cutoff,37.61,2019-02-06,-757.48
2019-02-21,2019-02-21 09:31:00-05:00,2019-02-21 12:01:00-05:00,short,7058.524825242923,7058.524825242923,BE,0.0,2019-02-05,-757.48
2019-02-22,2019-02-22 09:33:00-05:00,2019-02-22 15:00:00-05:00,short,7058.524825242923,7065.25,cutoff,-6.73,2019-02-05,-764.21
2019-02-26,2019-02-26 09:31:00-05:00,2019-02-26 15:00:00-05:00,long,7101.039941058964,7138.25,cutoff,37.21,2019-02-25,-727.0
2019-02-27,2019-02-27 09:31:00-05:00,2019-02-27 11:50:00-05:00,short,7103.860363667209,7103.860363667209,BE,0.0,2019-02-06,-727.0
2019-02-28,2019-02-28 09:33:00-05:00,2019-02-28 11:20:00-05:00,short,7110.376430518732,7110.376430518732,BE,0.0,2019-02-18,-727.0
2019-03-01,2019-03-01 10:02:00-05:00,2019-03-01 10:55:00-05:00,short,7137.312499692195,7137.312499692195,BE,0.0,2019-02-20,-727.0
2019-03-04,2019-03-04 09:32:00-05:00,2019-03-04 15:00:00-05:00,short,7203.210058941036,7131.75,cutoff,71.46,2019-02-25,-655.54
2019-03-05,2019-03-05 09:32:00-05:00,2019-03-05 15:00:00-05:00,long,7144.842172756819,7179.0,cutoff,34.16,2019-03-04,-621.38
2019-03-06,2019-03-06 09:33:00-05:00,2019-03-06 15:00:00-05:00,short,7162.944911961969,7125.25,cutoff,37.69,2019-02-28,-583.69
2019-03-07,2019-03-07 09:32:00-05:00,2019-03-07 15:00:00-05:00,long,7101.039941058964,7012.25,cutoff,-88.79,2019-02-25,-672.48
2019-03-08,2019-03-08 09:32:00-05:00,2019-03-08 15:00:00-05:00,long,6981.2659991287555,7026.75,cutoff,45.48,2019-02-13,-627.0
2019-03-11,2019-03-11 09:32:00-04:00,2019-03-11 15:00:00-04:00,long,7083.1318271171385,7185.0,cutoff,101.87,2019-03-01,-525.13
2019-03-12,2019-03-12 09:35:00-04:00,2019-03-12 15:00:00-04:00,short,7203.210058941036,7241.0,cutoff,-37.79,2019-02-25,-562.92
2019-03-13,2019-03-13 09:33:00-04:00,2019-03-13 15:00:00-04:00,short,7262.804382013026,7303.5,cutoff,-40.7,2019-03-12,-603.62
2019-03-15,2019-03-15 09:48:00-04:00,2019-03-15 15:00:00-04:00,short,7317.8442332462455,7350.25,cutoff,-32.41,2019-03-13,-636.03
2019-03-18,2019-03-18 09:58:00-04:00,2019-03-18 15:00:00-04:00,short,7364.223578148492,7357.75,cutoff,6.47,2019-03-15,-629.56
2019-03-20,2019-03-20 09:39:00-04:00,2019-03-20 15:00:00-04:00,short,7364.223578148492,7443.75,cutoff,-79.53,2019-03-15,-709.09
2019-03-21,2019-03-21 09:35:00-04:00,2019-03-21 14:48:00-04:00,short,7404.166306104591,7529.166306104591,SL,-125.0,2019-03-18,-834.09
2019-03-25,2019-03-25 09:31:00-04:00,2019-03-25 10:50:00-04:00,short,7332.254555376385,7332.254555376385,BE,0.0,2019-03-14,-834.09
2019-03-25,2019-03-25 11:00:00-04:00,2019-03-25 11:49:00-04:00,long,7337.82254636648,7337.82254636648,BE,0.0,2019-03-19,-834.09
2019-03-26,2019-03-26 09:57:00-04:00,2019-03-26 10:55:00-04:00,short,7433.002185272495,7433.002185272495,BE,0.0,2019-03-20,-834.09
2019-03-27,2019-03-27 09:31:00-04:00,2019-03-27 15:00:00-04:00,long,7397.189514019376,7329.0,cutoff,-68.19,2019-03-22,-902.28
2019-03-28,2019-03-28 09:34:00-04:00,2019-03-28 11:00:00-04:00,long,7337.82254636648,7337.82254636648,BE,0.0,2019-03-19,-902.28
2019-03-29,2019-03-29 09:31:00-04:00,2019-03-29 15:00:00-04:00,long,7397.189514019376,7400.0,cutoff,2.81,2019-03-22,-899.47
2019-04-01,2019-04-01 10:13:00-04:00,2019-04-01 15:00:00-04:00,short,7453.638645063456,7499.0,cutoff,-45.36,2019-03-29,-944.83
2019-04-02,2019-04-02 09:59:00-04:00,2019-04-02 15:00:00-04:00,short,7490.028262531559,7524.0,cutoff,-33.97,2019-03-21,-978.8
2019-04-03,2019-04-03 09:33:00-04:00,2019-04-03 15:00:00-04:00,short,7556.688231456711,7564.25,cutoff,-7.56,2019-04-02,-986.36
2019-04-04,2019-04-04 09:31:00-04:00,2019-04-04 15:00:00-04:00,short,7571.935485980624,7571.5,cutoff,0.44,2019-03-22,-985.92
2019-04-08,2019-04-08 09:39:00-04:00,2019-04-08 15:00:00-04:00,short,7571.935485980624,7616.0,cutoff,-44.06,2019-03-22,-1029.98
2019-04-10,2019-04-10 10:49:00-04:00,2019-04-10 15:00:00-04:00,short,7622.528978544867,7620.5,cutoff,2.03,2019-04-03,-1027.95
2019-04-11,2019-04-11 09:34:00-04:00,2019-04-11 15:00:00-04:00,short,7642.527829229008,7606.5,cutoff,36.03,2019-04-04,-991.92
2019-04-12,2019-04-12 09:31:00-04:00,2019-04-12 10:25:00-04:00,short,7647.411682774517,7647.411682774517,BE,0.0,2019-04-05,-991.92
2019-04-12,2019-04-12 10:39:00-04:00,2019-04-12 13:05:00-04:00,short,7642.527829229008,7642.527829229008,BE,0.0,2019-04-04,-991.92
2019-04-15,2019-04-15 09:34:00-04:00,2019-04-15 15:00:00-04:00,short,7658.0460071098805,7650.0,cutoff,8.05,2019-04-09,-983.87
2019-04-17,2019-04-17 09:31:00-04:00,2019-04-17 15:00:00-04:00,short,7730.394273932708,7694.5,cutoff,35.89,2019-04-16,-947.98
2019-04-18,2019-04-18 09:34:00-04:00,2019-04-18 12:48:00-04:00,short,7708.943373859822,7708.943373859822,BE,0.0,2019-04-15,-947.98
2019-04-22,2019-04-22 09:53:00-04:00,2019-04-22 15:00:00-04:00,short,7694.1717674909305,7725.25,cutoff,-31.08,2019-04-12,-979.06
2019-04-23,2019-04-23 09:44:00-04:00,2019-04-23 15:00:00-04:00,short,7772.171559230863,7833.75,cutoff,-61.58,2019-04-18,-1040.64
2019-04-24,2019-04-24 10:10:00-04:00,2019-04-24 15:00:00-04:00,short,7831.777078718316,7825.25,cutoff,6.53,2019-04-23,-1034.11
2019-04-25,2019-04-25 10:56:00-04:00,2019-04-25 15:00:00-04:00,short,7831.777078718316,7851.75,cutoff,-19.97,2019-04-23,-1054.08
2019-04-26,2019-04-26 09:42:00-04:00,2019-04-26 15:00:00-04:00,short,7789.432332547307,7822.0,cutoff,-32.57,2019-04-17,-1086.65
2019-04-29,2019-04-29 09:52:00-04:00,2019-04-29 15:00:00-04:00,short,7831.777078718316,7864.75,cutoff,-32.97,2019-04-23,-1119.62
2019-04-30,2019-04-30 09:32:00-04:00,2019-04-30 15:00:00-04:00,short,7789.432332547307,7790.0,cutoff,-0.57,2019-04-17,-1120.19
2019-05-01,2019-05-01 10:08:00-04:00,2019-05-01 11:13:00-04:00,short,7849.304970506435,7849.304970506435,BE,0.0,2019-04-30,-1120.19
2019-05-02,2019-05-02 09:32:00-04:00,2019-05-02 15:00:00-04:00,short,7772.171559230863,7722.75,cutoff,49.42,2019-04-18,-1070.77
2019-05-03,2019-05-03 09:31:00-04:00,2019-05-03 15:00:00-04:00,long,7787.768622292595,7848.0,cutoff,60.23,2019-04-29,-1010.54
2019-05-06,2019-05-06 09:31:00-04:00,2019-05-06 15:00:00-04:00,short,7699.333072790703,7814.5,cutoff,-115.17,2019-04-11,-1125.71
2019-05-07,2019-05-07 09:31:00-04:00,2019-05-07 15:00:00-04:00,short,7730.394273932708,7613.5,cutoff,116.89,2019-04-16,-1008.82
2019-05-08,2019-05-08 09:31:00-04:00,2019-05-08 10:22:00-04:00,long,7635.328440769137,7635.328440769137,BE,0.0,2019-04-18,-1008.82
2019-05-08,2019-05-08 10:25:00-04:00,2019-05-08 11:37:00-04:00,long,7643.692667452693,7643.692667452693,BE,0.0,2019-04-17,-1008.82
2019-05-09,2019-05-09 09:43:00-04:00,2019-05-09 15:00:00-04:00,long,7531.209619502675,7572.75,cutoff,41.54,2019-05-08,-967.28
2019-05-10,2019-05-10 09:40:00-04:00,2019-05-10 10:41:00-04:00,long,7575.056626140178,7450.056626140178,SL,-125.0,2019-04-15,-1092.28
2019-05-13,2019-05-13 09:32:00-04:00,2019-05-13 15:00:00-04:00,long,7422.426903526839,7372.25,cutoff,-50.18,2019-05-09,-1142.46
2019-05-15,2019-05-15 10:16:00-04:00,2019-05-15 15:00:00-04:00,long,7439.527338408123,7523.0,cutoff,83.47,2019-05-10,-1058.99
2019-05-16,2019-05-16 09:33:00-04:00,2019-05-16 15:00:00-04:00,short,7528.727749486024,7610.0,cutoff,-81.27,2019-05-15,-1140.26
2019-05-17,2019-05-17 09:31:00-04:00,2019-05-17 15:00:00-04:00,short,7528.727749486024,7569.75,cutoff,-41.02,2019-05-15,-1181.28
2019-05-20,2019-05-20 10:27:00-04:00,2019-05-20 15:00:00-04:00,long,7422.426903526839,7380.75,cutoff,-41.68,2019-05-09,-1222.96
2019-05-21,2019-05-21 09:33:00-04:00,2019-05-21 15:00:00-04:00,long,7446.417643630048,7467.25,cutoff,20.83,2019-05-17,-1202.13
2019-05-22,2019-05-22 09:37:00-04:00,2019-05-22 10:34:00-04:00,long,7439.527338408123,7439.527338408123,BE,0.0,2019-05-10,-1202.13
2019-05-22,2019-05-22 10:52:00-04:00,2019-05-22 15:00:00-04:00,long,7446.417643630048,7455.25,cutoff,8.83,2019-05-17,-1193.3
2019-05-23,2019-05-23 09:45:00-04:00,2019-05-23 11:11:00-04:00,long,7312.929449834561,7312.929449834561,BE,0.0,2019-05-20,-1193.3
2019-05-24,2019-05-24 09:36:00-04:00,2019-05-24 15:00:00-04:00,long,7371.647120555797,7322.5,cutoff,-49.15,2019-05-21,-1242.45
2019-05-27,2019-05-27 09:33:00-04:00,2019-05-27 10:18:00-04:00,long,7312.929449834561,7312.929449834561,BE,0.0,2019-05-20,-1242.45
2019-05-28,2019-05-28 09:39:00-04:00,2019-05-28 15:00:00-04:00,short,7364.662584484247,7311.0,cutoff,53.66,2019-05-27,-1188.79
2019-05-29,2019-05-29 10:30:00-04:00,2019-05-29 15:00:00-04:00,long,7258.772250513976,7206.25,cutoff,-52.52,2019-05-15,-1241.31
2019-05-30,2019-05-30 09:37:00-04:00,2019-05-30 15:00:00-04:00,long,7258.772250513976,7237.75,cutoff,-21.02,2019-05-15,-1262.33
2019-05-31,2019-05-31 09:34:00-04:00,2019-05-31 15:00:00-04:00,long,7155.648976688797,7153.75,cutoff,-1.9,2019-05-29,-1264.23
2019-06-03,2019-06-03 09:47:00-04:00,2019-06-03 10:32:00-04:00,long,7085.460323473335,7085.460323473335,BE,0.0,2019-05-31,-1264.23
2019-06-04,2019-06-04 10:28:00-04:00,2019-06-04 15:00:00-04:00,long,7085.460323473335,7139.75,cutoff,54.29,2019-05-31,-1209.94
2019-06-05,2019-06-05 09:32:00-04:00,2019-06-05 15:00:00-04:00,short,7232.539676526665,7206.0,cutoff,26.54,2019-05-31,-1183.4
2019-06-06,2019-06-06 09:33:00-04:00,2019-06-06 10:38:00-04:00,short,7224.946166549782,7224.946166549782,BE,0.0,2019-06-03,-1183.4
2019-06-06,2019-06-06 10:41:00-04:00,2019-06-06 15:00:00-04:00,short,7232.539676526665,7259.0,cutoff,-26.46,2019-05-31,-1209.86
2019-06-07,2019-06-07 09:31:00-04:00,2019-06-07 15:00:00-04:00,long,7312.929449834561,7419.75,cutoff,106.82,2019-05-20,-1103.04
2019-06-10,2019-06-10 09:31:00-04:00,2019-06-10 15:00:00-04:00,short,7481.289402916763,7530.0,cutoff,-48.71,2019-05-14,-1151.75
2019-06-11,2019-06-11 10:04:00-04:00,2019-06-11 15:00:00-04:00,short,7584.364849485702,7513.0,cutoff,71.36,2019-06-10,-1080.39
2019-06-12,2019-06-12 09:31:00-04:00,2019-06-12 15:00:00-04:00,long,7501.81183407282,7479.0,cutoff,-22.81,2019-06-11,-1103.2
2019-06-13,2019-06-13 09:32:00-04:00,2019-06-13 11:06:00-04:00,long,7501.81183407282,7501.81183407282,BE,0.0,2019-06-11,-1103.2
2019-06-14,2019-06-14 09:31:00-04:00,2019-06-14 15:00:00-04:00,long,7501.81183407282,7513.0,cutoff,11.19,2019-06-11,-1092.01
2019-06-17,2019-06-17 09:34:00-04:00,2019-06-17 15:00:00-04:00,short,7524.477879444203,7560.25,cutoff,-35.77,2019-05-21,-1127.78
2019-06-18,2019-06-18 09:40:00-04:00,2019-06-18 15:00:00-04:00,short,7662.43816592718,7679.25,cutoff,-16.81,2019-06-11,-1144.59
2019-06-19,2019-06-19 09:36:00-04:00,2019-06-19 11:29:00-04:00,short,7662.43816592718,7662.43816592718,BE,0.0,2019-06-11,-1144.59
2019-06-20,2019-06-20 10:23:00-04:00,2019-06-20 11:08:00-04:00,short,7765.55530926014,7765.55530926014,BE,0.0,2019-06-18,-1144.59
2019-06-21,2019-06-21 09:31:00-04:00,2019-06-21 15:00:00-04:00,short,7748.238854969065,7765.5,cutoff,-17.26,2019-06-19,-1161.85
2019-06-24,2019-06-24 09:36:00-04:00,2019-06-24 15:00:00-04:00,short,7765.55530926014,7759.75,cutoff,5.81,2019-06-18,-1156.04
2019-06-25,2019-06-25 09:31:00-04:00,2019-06-25 15:00:00-04:00,short,7748.238854969065,7626.0,cutoff,122.24,2019-06-19,-1033.8
2019-06-26,2019-06-26 09:33:00-04:00,2019-06-26 15:00:00-04:00,long,7687.89774341991,7653.0,cutoff,-34.9,2019-06-21,-1068.7
2019-06-27,2019-06-27 09:35:00-04:00,2019-06-27 15:00:00-04:00,long,7687.89774341991,7688.25,cutoff,0.35,2019-06-21,-1068.35
2019-06-28,2019-06-28 09:33:00-04:00,2019-06-28 15:00:00-04:00,long,7702.584942229007,7675.5,cutoff,-27.08,2019-06-24,-1095.43
2019-07-01,2019-07-01 09:48:00-04:00,2019-07-01 15:00:00-04:00,short,7829.290057770993,7762.75,cutoff,66.54,2019-06-24,-1028.89
2019-07-03,2019-07-03 09:31:00-04:00,2019-07-03 13:14:00-04:00,short,7845.729041524407,7888.25,cutoff,-42.52,2019-07-02,-1071.41
2019-07-04,2019-07-04 09:35:00-04:00,2019-07-04 10:53:00-04:00,short,7899.048540455279,7899.048540455279,BE,0.0,2019-07-03,-1071.41
2019-07-05,2019-07-05 09:37:00-04:00,2019-07-05 11:31:00-04:00,short,7829.290057770993,7829.290057770993,BE,0.0,2019-06-24,-1071.41
2019-07-08,2019-07-08 09:37:00-04:00,2019-07-08 10:30:00-04:00,long,7791.326459544721,7791.326459544721,BE,0.0,2019-07-03,-1071.41
2019-07-09,2019-07-09 09:31:00-04:00,2019-07-09 15:00:00-04:00,short,7773.978888531025,7845.25,cutoff,-71.27,2019-06-28,-1142.68
2019-07-10,2019-07-10 09:32:00-04:00,2019-07-10 15:00:00-04:00,short,7913.106717944328,7915.25,cutoff,-2.14,2019-07-01,-1144.82
2019-07-11,2019-07-11 09:32:00-04:00,2019-07-11 10:19:00-04:00,short,7937.219154060057,7937.219154060057,BE,0.0,2019-07-04,-1144.82
2019-07-12,2019-07-12 09:32:00-04:00,2019-07-12 11:14:00-04:00,short,7937.219154060057,7937.219154060057,BE,0.0,2019-07-04,-1144.82
2019-07-17,2019-07-17 10:46:00-04:00,2019-07-17 15:00:00-04:00,long,7927.303893272141,7938.25,cutoff,10.95,2019-07-16,-1133.87
2019-07-18,2019-07-18 09:35:00-04:00,2019-07-18 15:00:00-04:00,short,7888.532009613155,7921.5,cutoff,-32.97,2019-07-05,-1166.84
2019-07-19,2019-07-19 09:52:00-04:00,2019-07-19 15:00:00-04:00,short,7948.525154256891,7885.75,cutoff,62.78,2019-07-18,-1104.06
2019-07-22,2019-07-22 09:32:00-04:00,2019-07-22 15:00:00-04:00,short,7888.532009613155,7919.75,cutoff,-31.22,2019-07-05,-1135.28
2019-07-23,2019-07-23 09:38:00-04:00,2019-07-23 13:42:00-04:00,short,7948.525154256891,7948.525154256891,BE,0.0,2019-07-18,-1135.28
2019-07-24,2019-07-24 09:31:00-04:00,2019-07-24 15:00:00-04:00,short,7948.525154256891,8010.5,cutoff,-61.97,2019-07-18,-1197.25
2019-07-25,2019-07-25 09:31:00-04:00,2019-07-25 15:00:00-04:00,short,7991.520987847251,7947.25,cutoff,44.27,2019-07-10,-1152.98
2019-07-26,2019-07-26 09:31:00-04:00,2019-07-26 15:00:00-04:00,short,8005.144464454312,8036.0,cutoff,-30.86,2019-07-17,-1183.84
2019-07-29,2019-07-29 09:39:00-04:00,2019-07-29 14:55:00-04:00,short,8005.144464454312,8005.144464454312,BE,0.0,2019-07-17,-1183.84
2019-07-30,2019-07-30 09:31:00-04:00,2019-07-30 15:00:00-04:00,short,7948.525154256891,7977.0,cutoff,-28.47,2019-07-18,-1212.31
2019-07-31,2019-07-31 10:05:00-04:00,2019-07-31 11:12:00-04:00,short,7987.432820639214,7987.432820639214,BE,0.0,2019-07-12,-1212.31
2019-08-01,2019-08-01 09:31:00-04:00,2019-08-01 11:29:00-04:00,short,7888.532009613155,8013.532009613155,SL,-125.0,2019-07-05,-1337.31
2019-08-02,2019-08-02 09:31:00-04:00,2019-08-02 15:00:00-04:00,long,7742.182790863563,7681.75,cutoff,-60.43,2019-07-08,-1397.74
2019-08-07,2019-08-07 09:31:00-04:00,2019-08-07 15:00:00-04:00,long,7433.190308558103,7561.0,cutoff,127.81,2019-08-05,-1269.93
2019-08-08,2019-08-08 09:56:00-04:00,2019-08-08 15:00:00-04:00,short,7617.434691441897,7703.0,cutoff,-85.57,2019-08-05,-1355.5
2019-08-09,2019-08-09 09:34:00-04:00,2019-08-09 15:00:00-04:00,short,7709.4912325479945,7666.0,cutoff,43.49,2019-08-08,-1312.01
2019-08-12,2019-08-12 09:32:00-04:00,2019-08-12 10:23:00-04:00,short,7617.434691441897,7617.434691441897,BE,0.0,2019-08-05,-1312.01
2019-08-12,2019-08-12 10:54:00-04:00,2019-08-12 11:45:00-04:00,short,7614.288242813922,7614.288242813922,BE,0.0,2019-08-06,-1312.01
2019-08-13,2019-08-13 09:35:00-04:00,2019-08-13 09:48:00-04:00,short,7582.281783028347,7707.281783028347,SL,-125.0,2019-08-07,-1437.01
2019-08-14,2019-08-14 09:31:00-04:00,2019-08-14 15:00:00-04:00,short,7617.434691441897,7511.75,cutoff,105.68,2019-08-05,-1331.33
2019-08-15,2019-08-15 09:31:00-04:00,2019-08-15 15:00:00-04:00,long,7521.640114106753,7481.25,cutoff,-40.39,2019-08-12,-1371.72
2019-08-16,2019-08-16 09:35:00-04:00,2019-08-16 10:20:00-04:00,short,7582.281783028347,7582.281783028347,BE,0.0,2019-08-07,-1371.72
2019-08-16,2019-08-16 10:22:00-04:00,2019-08-16 15:00:00-04:00,long,7579.728773061101,7612.0,cutoff,32.27,2019-08-09,-1339.45
2019-08-19,2019-08-19 10:10:00-04:00,2019-08-19 15:00:00-04:00,short,7709.4912325479945,7732.0,cutoff,-22.51,2019-08-08,-1361.96
2019-08-20,2019-08-20 09:36:00-04:00,2019-08-20 15:00:00-04:00,short,7694.484885893247,7694.5,cutoff,-0.02,2019-08-12,-1361.98
2019-08-22,2019-08-22 10:29:00-04:00,2019-08-22 12:54:00-04:00,short,7709.4912325479945,7709.4912325479945,BE,0.0,2019-08-08,-1361.98
2019-08-23,2019-08-23 09:33:00-04:00,2019-08-23 15:00:00-04:00,short,7664.75497912878,7493.0,cutoff,171.75,2019-08-16,-1190.23
2019-08-26,2019-08-26 10:12:00-04:00,2019-08-26 15:00:00-04:00,long,7521.640114106753,7555.25,cutoff,33.61,2019-08-12,-1156.62
2019-08-27,2019-08-27 09:31:00-04:00,2019-08-27 15:00:00-04:00,long,7631.648645621291,7589.75,cutoff,-41.9,2019-08-19,-1198.52
2019-08-28,2019-08-28 09:32:00-04:00,2019-08-28 15:00:00-04:00,long,7521.640114106753,7597.0,cutoff,75.36,2019-08-12,-1123.16
2019-08-29,2019-08-29 09:31:00-04:00,2019-08-29 15:00:00-04:00,short,7694.484885893247,7710.75,cutoff,-16.27,2019-08-12,-1139.43
2019-08-30,2019-08-30 10:15:00-04:00,2019-08-30 15:00:00-04:00,short,7713.9752591962115,7670.5,cutoff,43.48,2019-08-27,-1095.95
2019-09-02,2019-09-02 09:35:00-04:00,2019-09-02 11:10:00-04:00,long,7648.5269320504385,7648.5269320504385,BE,0.0,2019-08-22,-1095.95
2019-09-03,2019-09-03 09:32:00-04:00,2019-09-03 15:00:00-04:00,long,7631.648645621291,7597.75,cutoff,-33.9,2019-08-19,-1129.85
2019-09-04,2019-09-04 09:35:00-04:00,2019-09-04 11:31:00-04:00,short,7694.484885893247,7694.484885893247,BE,0.0,2019-08-12,-1129.85
2019-09-05,2019-09-05 09:33:00-04:00,2019-09-05 15:00:00-04:00,short,7820.460734763472,7862.5,cutoff,-42.04,2019-08-21,-1171.89
2019-09-06,2019-09-06 09:35:00-04:00,2019-09-06 10:21:00-04:00,short,7854.386960178828,7854.386960178828,BE,0.0,2019-08-13,-1171.89
2019-09-09,2019-09-09 09:59:00-04:00,2019-09-09 15:00:00-04:00,short,7854.386960178828,7808.25,cutoff,46.14,2019-08-13,-1125.75
2019-09-10,2019-09-10 09:31:00-04:00,2019-09-10 15:00:00-04:00,long,7792.904046735641,7772.5,cutoff,-20.4,2019-09-06,-1146.15
2019-09-11,2019-09-11 09:31:00-04:00,2019-09-11 15:00:00-04:00,short,7820.460734763472,7868.0,cutoff,-47.54,2019-08-21,-1193.69
2019-09-12,2019-09-12 09:31:00-04:00,2019-09-12 15:00:00-04:00,short,7938.40261158739,7954.25,cutoff,-15.85,2019-09-05,-1209.54
2019-09-13,2019-09-13 09:36:00-04:00,2019-09-13 15:00:00-04:00,short,7921.3221564805135,7922.5,cutoff,-1.18,2019-09-11,-1210.72
2019-09-16,2019-09-16 09:31:00-04:00,2019-09-16 11:58:00-04:00,long,7860.802827220514,7860.802827220514,BE,0.0,2019-09-13,-1210.72
2019-09-17,2019-09-17 09:38:00-04:00,2019-09-17 15:00:00-04:00,short,7870.113220323607,7889.75,cutoff,-19.64,2019-09-10,-1230.36
2019-09-19,2019-09-19 09:32:00-04:00,2019-09-19 15:00:00-04:00,short,7938.40261158739,7930.25,cutoff,8.15,2019-09-05,-1222.21
2019-09-20,2019-09-20 09:38:00-04:00,2019-09-20 15:00:00-04:00,short,7938.40261158739,7860.25,cutoff,78.15,2019-09-05,-1144.06
2019-09-23,2019-09-23 09:31:00-04:00,2019-09-23 15:00:00-04:00,long,7839.575875755956,7853.25,cutoff,13.67,2019-09-18,-1130.39
2019-09-24,2019-09-24 09:46:00-04:00,2019-09-24 12:23:00-04:00,long,7880.673553718032,7755.673553718032,SL,-125.0,2019-09-20,-1255.39
2019-09-25,2019-09-25 09:33:00-04:00,2019-09-25 10:54:00-04:00,short,7734.292320353883,7734.292320353883,BE,0.0,2019-09-02,-1255.39
2019-09-25,2019-09-25 10:56:00-04:00,2019-09-25 15:00:00-04:00,short,7749.207958554301,7813.25,cutoff,-64.04,2019-09-03,-1319.43
2019-09-26,2019-09-26 09:33:00-04:00,2019-09-26 15:00:00-04:00,long,7799.365439025137,7783.0,cutoff,-16.37,2019-09-09,-1335.8
2019-09-27,2019-09-27 09:31:00-04:00,2019-09-27 14:13:00-04:00,long,7799.365439025137,7674.365439025137,SL,-125.0,2019-09-09,-1460.8
2019-09-30,2019-09-30 09:35:00-04:00,2019-09-30 15:00:00-04:00,long,7714.34738841261,7763.0,cutoff,48.65,2019-09-05,-1412.15
2019-10-01,2019-10-01 09:33:00-04:00,2019-10-01 15:00:00-04:00,long,7812.309811776386,7722.75,cutoff,-89.56,2019-09-17,-1501.71
2019-10-02,2019-10-02 09:38:00-04:00,2019-10-02 15:00:00-04:00,long,7610.409579793959,7574.25,cutoff,-36.16,2019-09-25,-1537.87
2019-10-03,2019-10-03 10:00:00-04:00,2019-10-03 10:48:00-04:00,long,7530.9942517462805,7530.9942517462805,BE,0.0,2019-10-02,-1537.87
2019-10-04,2019-10-04 09:32:00-04:00,2019-10-04 10:31:00-04:00,long,7698.761779676393,7698.761779676393,BE,0.0,2019-09-10,-1537.87
2019-10-04,2019-10-04 10:35:00-04:00,2019-10-04 15:00:00-04:00,long,7696.477520459155,7754.5,cutoff,58.02,2019-09-27,-1479.85
2019-10-07,2019-10-07 09:32:00-04:00,2019-10-07 14:50:00-04:00,long,7747.4278435194865,7747.4278435194865,BE,0.0,2019-09-11,-1479.85
2019-10-08,2019-10-08 09:33:00-04:00,2019-10-08 12:45:00-04:00,short,7686.64445205237,7686.64445205237,BE,0.0,2019-10-03,-1479.85
2019-10-09,2019-10-09 09:31:00-04:00,2019-10-09 10:20:00-04:00,short,7686.64445205237,7686.64445205237,BE,0.0,2019-10-03,-1479.85
2019-10-09,2019-10-09 10:33:00-04:00,2019-10-09 15:00:00-04:00,long,7689.38138584795,7722.0,cutoff,32.62,2019-10-01,-1447.23
2019-10-10,2019-10-10 09:32:00-04:00,2019-10-10 15:00:00-04:00,long,7696.477520459155,7738.75,cutoff,42.27,2019-09-27,-1404.96
2019-10-11,2019-10-11 09:38:00-04:00,2019-10-11 12:32:00-04:00,long,7861.212031713488,7861.212031713488,BE,0.0,2019-09-19,-1404.96
2019-10-14,2019-10-14 09:32:00-04:00,2019-10-14 15:00:00-04:00,long,7861.212031713488,7864.5,cutoff,3.29,2019-09-19,-1401.67
2019-10-15,2019-10-15 09:31:00-04:00,2019-10-15 15:00:00-04:00,short,7884.881813648036,7962.0,cutoff,-77.12,2019-09-26,-1478.79
2019-10-16,2019-10-16 09:31:00-04:00,2019-10-16 15:00:00-04:00,short,7922.282429616186,7932.25,cutoff,-9.97,2019-10-14,-1488.76
2019-10-17,2019-10-17 09:31:00-04:00,2019-10-17 10:16:00-04:00,short,7985.241452461576,7985.241452461576,BE,0.0,2019-10-16,-1488.76
2019-10-17,2019-10-17 10:50:00-04:00,2019-10-17 11:37:00-04:00,short,7943.843644046412,7943.843644046412,BE,0.0,2019-10-11,-1488.76
2019-10-18,2019-10-18 09:34:00-04:00,2019-10-18 15:00:00-04:00,short,7950.682805928566,7895.75,cutoff,54.93,2019-09-24,-1433.83
2019-10-21,2019-10-21 09:32:00-04:00,2019-10-21 10:26:00-04:00,short,7922.282429616186,7922.282429616186,BE,0.0,2019-10-14,-1433.83
2019-10-22,2019-10-22 09:34:00-04:00,2019-10-22 15:00:00-04:00,short,7985.241452461576,7904.0,cutoff,81.24,2019-10-16,-1352.59
2019-10-23,2019-10-23 09:32:00-04:00,2019-10-23 15:00:00-04:00,long,7864.133547538424,7874.25,cutoff,10.12,2019-10-16,-1342.47
2019-10-24,2019-10-24 09:59:00-04:00,2019-10-24 15:00:00-04:00,short,7934.28716641723,7960.0,cutoff,-25.71,2019-10-23,-1368.18
2019-10-25,2019-10-25 09:31:00-04:00,2019-10-25 15:00:00-04:00,short,7943.843644046412,8025.0,cutoff,-81.16,2019-10-11,-1449.34
2019-10-30,2019-10-30 09:41:00-04:00,2019-10-30 15:00:00-04:00,short,8042.103174462123,8078.75,cutoff,-36.65,2019-10-17,-1485.99
2019-11-01,2019-11-01 09:48:00-04:00,2019-11-01 15:00:00-04:00,short,8131.993040967976,8146.25,cutoff,-14.26,2019-10-30,-1500.25
2019-11-05,2019-11-05 10:11:00-05:00,2019-11-05 15:00:00-05:00,short,8206.423598005367,8228.25,cutoff,-21.83,2019-11-01,-1522.08
2019-11-06,2019-11-06 10:33:00-05:00,2019-11-06 15:00:00-05:00,short,8184.4999706264025,8195.5,cutoff,-11.0,2019-10-31,-1533.08
2019-11-07,2019-11-07 10:16:00-05:00,2019-11-07 15:00:00-05:00,short,8264.95911284065,8234.75,cutoff,30.21,2019-11-06,-1502.87
2019-11-08,2019-11-08 10:00:00-05:00,2019-11-08 15:00:00-05:00,short,8206.423598005367,8234.5,cutoff,-28.08,2019-11-01,-1530.95
2019-11-12,2019-11-12 09:36:00-05:00,2019-11-12 15:00:00-05:00,short,8264.95911284065,8252.5,cutoff,12.46,2019-11-06,-1518.49
2019-11-13,2019-11-13 10:19:00-05:00,2019-11-13 15:00:00-05:00,short,8264.95911284065,8264.75,cutoff,0.21,2019-11-06,-1518.28
2019-11-15,2019-11-15 09:40:00-05:00,2019-11-15 15:00:00-05:00,short,8303.323514829619,8310.0,cutoff,-6.68,2019-11-14,-1524.96
2019-11-18,2019-11-18 09:31:00-05:00,2019-11-18 10:44:00-05:00,short,8306.876726080602,8306.876726080602,BE,0.0,2019-11-07,-1524.96
2019-11-18,2019-11-18 10:45:00-05:00,2019-11-18 15:00:00-05:00,short,8308.599787545481,8340.0,cutoff,-31.4,2019-11-13,-1556.36
2019-11-19,2019-11-19 10:51:00-05:00,2019-11-19 15:00:00-05:00,short,8325.258197873129,8350.5,cutoff,-25.24,2019-11-12,-1581.6
2019-11-20,2019-11-20 09:33:00-05:00,2019-11-20 15:00:00-05:00,short,8325.258197873129,8275.75,cutoff,49.51,2019-11-12,-1532.09
2019-11-21,2019-11-21 09:32:00-05:00,2019-11-21 11:04:00-05:00,short,8277.901738044486,8277.901738044486,BE,0.0,2019-11-04,-1532.09
2019-11-22,2019-11-22 09:33:00-05:00,2019-11-22 15:00:00-05:00,short,8282.358070710947,8270.25,cutoff,12.11,2019-11-08,-1519.98
2019-11-25,2019-11-25 09:31:00-05:00,2019-11-25 15:00:00-05:00,short,8325.258197873129,8364.75,cutoff,-39.49,2019-11-12,-1559.47
2019-11-26,2019-11-26 09:33:00-05:00,2019-11-26 15:00:00-05:00,short,8376.35031894704,8393.5,cutoff,-17.15,2019-11-20,-1576.62
2019-11-27,2019-11-27 09:35:00-05:00,2019-11-27 15:00:00-05:00,short,8414.82412027431,8441.25,cutoff,-26.43,2019-11-19,-1603.05
2019-11-29,2019-11-29 09:39:00-05:00,2019-11-29 13:14:00-05:00,short,8430.878668123245,8422.5,cutoff,8.38,2019-11-26,-1594.67
2019-12-02,2019-12-02 09:31:00-05:00,2019-12-02 10:35:00-05:00,long,8403.609446385071,8278.609446385071,SL,-125.0,2019-11-28,-1719.67
2019-12-03,2019-12-03 09:31:00-05:00,2019-12-03 10:48:00-05:00,long,8199.616802126871,8199.616802126871,BE,0.0,2019-11-12,-1719.67
2019-12-03,2019-12-03 10:50:00-05:00,2019-12-03 15:00:00-05:00,long,8188.025212454519,8229.75,cutoff,41.72,2019-11-13,-1677.95
2019-12-04,2019-12-04 09:31:00-05:00,2019-12-04 12:16:00-05:00,long,8296.92587972569,8296.92587972569,BE,0.0,2019-11-19,-1677.95
2019-12-05,2019-12-05 10:01:00-05:00,2019-12-05 14:11:00-05:00,short,8303.323514829619,8303.323514829619,BE,0.0,2019-11-14,-1677.95
2019-12-06,2019-12-06 09:33:00-05:00,2019-12-06 15:00:00-05:00,short,8376.35031894704,8400.5,cutoff,-24.15,2019-11-20,-1702.1
2019-12-09,2019-12-09 09:33:00-05:00,2019-12-09 15:00:00-05:00,short,8398.595757435996,8381.75,cutoff,16.85,2019-12-05,-1685.25
2019-12-10,2019-12-10 09:31:00-05:00,2019-12-10 15:00:00-05:00,short,8363.69098040014,8371.25,cutoff,-7.56,2019-11-18,-1692.81
2019-12-11,2019-12-11 09:34:00-05:00,2019-12-11 15:00:00-05:00,short,8372.8689328482,8407.5,cutoff,-34.63,2019-12-04,-1727.44
2019-12-12,2019-12-12 09:32:00-05:00,2019-12-12 15:00:00-05:00,short,8400.926662617732,8445.5,cutoff,-44.57,2019-11-25,-1772.01
2019-12-13,2019-12-13 09:33:00-05:00,2019-12-13 15:00:00-05:00,short,8478.390553614929,8522.5,cutoff,-44.11,2019-11-28,-1816.12
2019-12-16,2019-12-16 09:45:00-05:00,2019-12-16 15:00:00-05:00,short,8594.903059526845,8607.25,cutoff,-12.35,2019-12-13,-1828.47
2019-12-26,2019-12-26 09:45:00-05:00,2019-12-26 15:00:00-05:00,short,8756.55477276877,8786.5,cutoff,-29.95,2019-12-20,-1858.42
2019-12-27,2019-12-27 10:00:00-05:00,2019-12-27 15:00:00-05:00,short,8782.73314635241,8807.0,cutoff,-24.27,2019-12-24,-1882.69
2019-12-30,2019-12-30 09:31:00-05:00,2019-12-30 15:00:00-05:00,short,8782.73314635241,8732.5,cutoff,50.23,2019-12-24,-1832.46
2020-01-03,2020-01-03 09:31:00-05:00,2020-01-03 15:00:00-05:00,short,8802.974011948314,8840.5,cutoff,-37.53,2019-12-26,-1869.99
2020-01-06,2020-01-06 09:32:00-05:00,2020-01-06 15:00:00-05:00,short,8756.55477276877,8840.25,cutoff,-83.7,2019-12-20,-1953.69
2020-01-07,2020-01-07 09:31:00-05:00,2020-01-07 15:00:00-05:00,short,8866.069153070002,8871.0,cutoff,-4.93,2020-01-06,-1958.62
2020-01-08,2020-01-08 09:31:00-05:00,2020-01-08 15:00:00-05:00,short,8866.069153070002,8949.75,cutoff,-83.68,2020-01-06,-2042.3
2020-01-14,2020-01-14 09:33:00-05:00,2020-01-14 10:18:00-05:00,short,9071.2517145137,9071.2517145137,BE,0.0,2020-01-09,-2042.3
2020-01-15,2020-01-15 09:33:00-05:00,2020-01-15 15:00:00-05:00,short,9071.2517145137,9061.25,cutoff,10.0,2020-01-09,-2032.3
2020-01-16,2020-01-16 09:32:00-05:00,2020-01-16 15:00:00-05:00,short,9099.826386829876,9105.25,cutoff,-5.42,2020-01-10,-2037.72
2020-01-17,2020-01-17 09:35:00-05:00,2020-01-17 10:27:00-05:00,short,9163.275526241003,9163.275526241003,BE,0.0,2020-01-16,-2037.72
2020-01-17,2020-01-17 10:54:00-05:00,2020-01-17 11:59:00-05:00,short,9146.7649540932,9146.7649540932,BE,0.0,2020-01-14,-2037.72
2020-01-20,2020-01-20 10:36:00-05:00,2020-01-20 12:59:00-05:00,short,9163.275526241003,9175.75,cutoff,-12.47,2020-01-16,-2050.19
2020-01-21,2020-01-21 09:31:00-05:00,2020-01-21 15:00:00-05:00,short,9163.275526241003,9172.0,cutoff,-8.72,2020-01-16,-2058.91
2020-01-22,2020-01-22 09:32:00-05:00,2020-01-22 15:00:00-05:00,short,9221.951137059525,9228.0,cutoff,-6.05,2020-01-21,-2064.96
2020-01-23,2020-01-23 09:35:00-05:00,2020-01-23 15:00:00-05:00,long,9157.475099792833,9225.75,cutoff,68.27,2020-01-22,-1996.69
2020-01-24,2020-01-24 09:33:00-05:00,2020-01-24 15:00:00-05:00,short,9274.55896358009,9154.75,cutoff,119.81,2020-01-23,-1876.88
2020-01-27,2020-01-27 09:31:00-05:00,2020-01-27 15:00:00-05:00,short,8938.511204763956,8977.5,cutoff,-38.99,2020-01-07,-1915.87
2020-01-28,2020-01-28 10:15:00-05:00,2020-01-28 15:00:00-05:00,long,9036.224473758997,9111.25,cutoff,75.03,2020-01-16,-1840.84
2020-01-29,2020-01-29 09:32:00-05:00,2020-01-29 14:00:00-05:00,short,9146.7649540932,9146.7649540932,BE,0.0,2020-01-14,-1840.84
2020-01-30,2020-01-30 09:32:00-05:00,2020-01-30 15:00:00-05:00,short,9071.2517145137,9099.25,cutoff,-28.0,2020-01-09,-1868.84
2020-01-31,2020-01-31 09:31:00-05:00,2020-01-31 15:00:00-05:00,short,9172.368400168922,9024.25,cutoff,148.12,2020-01-30,-1720.72
2020-02-03,2020-02-03 09:35:00-05:00,2020-02-03 15:00:00-05:00,short,9071.2517145137,9125.75,cutoff,-54.5,2020-01-09,-1775.22
2020-02-04,2020-02-04 09:40:00-05:00,2020-02-04 15:00:00-05:00,short,9236.007077102986,9348.5,cutoff,-112.49,2020-01-17,-1887.71
2020-02-05,2020-02-05 10:28:00-05:00,2020-02-05 15:00:00-05:00,short,9348.254114766065,9384.5,cutoff,-36.25,2020-01-24,-1923.96
2020-02-11,2020-02-11 09:32:00-05:00,2020-02-11 15:00:00-05:00,short,9567.69569543655,9535.0,cutoff,32.7,2020-02-05,-1891.26
2020-02-12,2020-02-12 09:57:00-05:00,2020-02-12 15:00:00-05:00,short,9567.69569543655,9607.25,cutoff,-39.55,2020-02-05,-1930.81
2020-02-13,2020-02-13 09:31:00-05:00,2020-02-13 15:00:00-05:00,short,9567.69569543655,9634.25,cutoff,-66.55,2020-02-05,-1997.36
2020-02-18,2020-02-18 09:36:00-05:00,2020-02-18 10:29:00-05:00,long,9599.132847106972,9599.132847106972,BE,0.0,2020-02-17,-1997.36
2020-02-19,2020-02-19 09:36:00-05:00,2020-02-19 15:00:00-05:00,short,9706.908512159982,9742.0,cutoff,-35.09,2020-02-14,-2032.45
2020-02-20,2020-02-20 09:32:00-05:00,2020-02-20 10:45:00-05:00,short,9717.242152893028,9717.242152893028,BE,0.0,2020-02-17,-2032.45
2020-02-21,2020-02-21 09:31:00-05:00,2020-02-21 10:46:00-05:00,long,9599.132847106972,9474.132847106972,SL,-125.0,2020-02-17,-2157.45
2020-02-24,2020-02-24 09:31:00-05:00,2020-02-24 15:00:00-05:00,short,9129.367389830451,9166.25,cutoff,-36.88,2020-01-28,-2194.33
2020-02-25,2020-02-25 09:32:00-05:00,2020-02-25 10:32:00-05:00,long,9156.767105704166,9031.767105704166,SL,-125.0,2020-02-04,-2319.33
2020-02-26,2020-02-26 09:31:00-05:00,2020-02-26 12:05:00-05:00,long,8918.445404286935,8918.445404286935,BE,0.0,2020-02-03,-2319.33
2020-03-02,2020-03-02 10:23:00-05:00,2020-03-02 11:17:00-05:00,long,8445.94165863763,8627.75,TP,181.81,2020-02-27,-2137.52
2020-03-03,2020-03-03 09:53:00-05:00,2020-03-03 10:00:00-05:00,short,8786.173929144847,8911.173929144847,SL,-125.0,2020-03-02,-2262.52
2020-03-04,2020-03-04 09:35:00-05:00,2020-03-04 10:54:00-05:00,long,8724.757467992544,8724.757467992544,BE,0.0,2020-02-26,-2262.52
2020-03-05,2020-03-05 09:32:00-05:00,2020-03-05 12:39:00-05:00,long,8724.757467992544,8724.757467992544,BE,0.0,2020-02-26,-2262.52
2020-03-06,2020-03-06 09:33:00-05:00,2020-03-06 10:20:00-05:00,long,8445.94165863763,8445.94165863763,BE,0.0,2020-02-27,-2262.52
2020-03-06,2020-03-06 10:21:00-05:00,2020-03-06 15:00:00-05:00,short,8455.361761076416,8338.0,cutoff,117.36,2020-02-28,-2145.16
2020-03-10,2020-03-10 09:36:00-04:00,2020-03-10 10:40:00-04:00,long,8168.335010242776,8168.335010242776,BE,0.0,2020-03-06,-2145.16
2020-03-11,2020-03-11 09:39:00-04:00,2020-03-11 12:49:00-04:00,long,8168.335010242776,8043.335010242776,SL,-125.0,2020-03-06,-2270.16
2020-03-12,2020-03-12 10:55:00-04:00,2020-03-12 11:13:00-04:00,long,7595.5999259774835,7470.5999259774835,SL,-125.0,2020-03-09,-2395.16
2020-03-13,2020-03-13 09:39:00-04:00,2020-03-13 09:56:00-04:00,long,7595.5999259774835,7470.5999259774835,SL,-125.0,2020-03-09,-2520.16
2020-03-16,2020-03-16 09:45:00-04:00,2020-03-16 10:34:00-04:00,long,7148.930845396486,7331.0,TP,182.07,2020-03-12,-2338.09
2020-03-17,2020-03-17 09:31:00-04:00,2020-03-17 09:44:00-04:00,long,7148.930845396486,7023.930845396486,SL,-125.0,2020-03-12,-2463.09
2020-03-18,2020-03-18 09:34:00-04:00,2020-03-18 11:05:00-04:00,long,7148.930845396486,7148.930845396486,BE,0.0,2020-03-12,-2463.09
2020-03-19,2020-03-19 09:31:00-04:00,2020-03-19 09:41:00-04:00,long,7148.930845396486,7023.930845396486,SL,-125.0,2020-03-12,-2588.09
2020-03-23,2020-03-23 09:31:00-04:00,2020-03-23 11:03:00-04:00,long,6909.848085171,6909.848085171,BE,0.0,2020-03-16,-2588.09
2020-03-25,2020-03-25 09:31:00-04:00,2020-03-25 09:36:00-04:00,short,7511.458736501807,7636.458736501807,SL,-125.0,2020-03-18,-2713.09
2020-03-26,2020-03-26 09:33:00-04:00,2020-03-26 10:18:00-04:00,short,7562.472908087322,7687.472908087322,SL,-125.0,2020-03-17,-2838.09
2020-03-27,2020-03-27 09:32:00-04:00,2020-03-27 11:09:00-04:00,short,7668.104140993251,7668.104140993251,BE,0.0,2020-03-19,-2838.09
2020-03-30,2020-03-30 09:31:00-04:00,2020-03-30 11:20:00-04:00,short,7684.401914829,7809.401914829,SL,-125.0,2020-03-16,-2963.09
2020-03-31,2020-03-31 09:50:00-04:00,2020-03-31 10:15:00-04:00,short,7817.194154603514,7942.194154603514,SL,-125.0,2020-03-12,-3088.09
2020-04-01,2020-04-01 09:31:00-04:00,2020-04-01 12:02:00-04:00,long,7578.254553993011,7578.254553993011,BE,0.0,2020-03-31,-3088.09
2020-04-02,2020-04-02 09:34:00-04:00,2020-04-02 10:19:00-04:00,short,7511.458736501807,7511.458736501807,BE,0.0,2020-03-18,-3088.09
2020-04-02,2020-04-02 10:31:00-04:00,2020-04-02 15:00:00-04:00,short,7562.472908087322,7542.0,cutoff,20.47,2020-03-17,-3067.62
2020-04-03,2020-04-03 09:32:00-04:00,2020-04-03 10:17:00-04:00,long,7595.5999259774835,7595.5999259774835,BE,0.0,2020-03-09,-3067.62
2020-04-03,2020-04-03 10:19:00-04:00,2020-04-03 13:33:00-04:00,long,7578.254553993011,7453.254553993011,SL,-125.0,2020-03-31,-3192.62
2020-04-06,2020-04-06 09:34:00-04:00,2020-04-06 12:11:00-04:00,short,7776.1441766463295,7901.1441766463295,SL,-125.0,2020-04-01,-3317.62
2020-04-07,2020-04-07 10:17:00-04:00,2020-04-07 11:28:00-04:00,short,8151.870446006989,8151.870446006989,BE,0.0,2020-03-31,-3317.62
2020-04-08,2020-04-08 09:31:00-04:00,2020-04-08 11:20:00-04:00,short,8151.870446006989,8151.870446006989,BE,0.0,2020-03-31,-3317.62
2020-04-09,2020-04-09 09:43:00-04:00,2020-04-09 15:00:00-04:00,short,8316.921889912834,8178.75,cutoff,138.17,2020-04-08,-3179.45
2020-04-14,2020-04-14 09:34:00-04:00,2020-04-14 12:17:00-04:00,short,8503.366634118818,8628.366634118818,SL,-125.0,2020-04-07,-3304.45
2020-04-15,2020-04-15 09:45:00-04:00,2020-04-15 14:38:00-04:00,short,8503.366634118818,8628.366634118818,SL,-125.0,2020-04-07,-3429.45
2020-04-16,2020-04-16 10:58:00-04:00,2020-04-16 15:00:00-04:00,short,8708.551354323605,8700.75,cutoff,7.8,2020-04-15,-3421.65
2020-04-17,2020-04-17 10:49:00-04:00,2020-04-17 11:40:00-04:00,short,8747.26428880827,8747.26428880827,BE,0.0,2020-04-14,-3421.65
2020-04-20,2020-04-20 09:31:00-04:00,2020-04-20 15:00:00-04:00,short,8747.26428880827,8734.0,cutoff,13.26,2020-04-14,-3408.39
2020-04-21,2020-04-21 09:33:00-04:00,2020-04-21 10:35:00-04:00,long,8627.887119112991,8502.887119112991,SL,-125.0,2020-04-17,-3533.39
2020-04-22,2020-04-22 09:41:00-04:00,2020-04-22 10:27:00-04:00,long,8582.137175759435,8582.137175759435,BE,0.0,2020-04-20,-3533.39
2020-04-23,2020-04-23 09:33:00-04:00,2020-04-23 15:00:00-04:00,short,8708.551354323605,8700.5,cutoff,8.05,2020-04-15,-3525.34
2020-04-24,2020-04-24 09:34:00-04:00,2020-04-24 11:02:00-04:00,long,8627.887119112991,8627.887119112991,BE,0.0,2020-04-17,-3525.34
2020-04-27,2020-04-27 09:40:00-04:00,2020-04-27 15:00:00-04:00,short,8842.999663098304,8824.25,cutoff,18.75,2020-04-21,-3506.59
2020-04-28,2020-04-28 09:38:00-04:00,2020-04-28 15:00:00-04:00,short,8865.073814760846,8722.5,cutoff,142.57,2020-04-16,-3364.02
2020-04-29,2020-04-29 09:34:00-04:00,2020-04-29 13:57:00-04:00,short,8842.999663098304,8967.999663098304,SL,-125.0,2020-04-21,-3489.02
2020-04-30,2020-04-30 09:57:00-04:00,2020-04-30 15:00:00-04:00,short,9007.919103666587,8922.25,cutoff,85.67,2020-04-27,-3403.35
2020-05-01,2020-05-01 09:32:00-04:00,2020-05-01 15:00:00-04:00,short,8823.787808365498,8725.75,cutoff,98.04,2020-04-24,-3305.31
2020-05-04,2020-05-04 09:31:00-04:00,2020-05-04 15:00:00-04:00,long,8664.168440473153,8775.5,cutoff,111.33,2020-04-29,-3193.98
2020-05-05,2020-05-05 09:32:00-04:00,2020-05-05 15:00:00-04:00,short,8919.612824240565,9018.5,cutoff,-98.89,2020-04-20,-3292.87
2020-05-06,2020-05-06 09:31:00-04:00,2020-05-06 10:27:00-04:00,short,8990.858694596722,8990.858694596722,BE,0.0,2020-05-01,-3292.87
2020-05-06,2020-05-06 10:35:00-04:00,2020-05-06 15:00:00-04:00,short,9007.919103666587,9017.0,cutoff,-9.08,2020-04-27,-3301.95
2020-05-07,2020-05-07 09:32:00-04:00,2020-05-07 11:43:00-04:00,short,9089.472760753619,9089.472760753619,BE,0.0,2020-04-28,-3301.95
2020-05-08,2020-05-08 09:51:00-04:00,2020-05-08 15:00:00-04:00,short,9157.354943061793,9185.0,cutoff,-27.65,2020-04-30,-3329.6
2020-05-11,2020-05-11 09:31:00-04:00,2020-05-11 13:03:00-04:00,short,9157.354943061793,9282.354943061793,SL,-125.0,2020-04-30,-3454.6
2020-05-12,2020-05-12 09:54:00-04:00,2020-05-12 15:00:00-04:00,short,9243.358037197813,9272.75,cutoff,-29.39,2020-05-07,-3483.99
2020-05-13,2020-05-13 09:32:00-04:00,2020-05-13 10:57:00-04:00,long,9133.997746364592,9133.997746364592,BE,0.0,2020-05-12,-3483.99
2020-05-14,2020-05-14 09:44:00-04:00,2020-05-14 15:00:00-04:00,long,8918.141962802187,8985.25,cutoff,67.11,2020-05-07,-3416.88
2020-05-15,2020-05-15 09:32:00-04:00,2020-05-15 15:00:00-04:00,short,8990.858694596722,9076.75,cutoff,-85.89,2020-05-01,-3502.77
2020-05-18,2020-05-18 10:40:00-04:00,2020-05-18 15:00:00-04:00,short,9313.583457105504,9325.25,cutoff,-11.67,2020-05-08,-3514.44
2020-05-19,2020-05-19 09:31:00-04:00,2020-05-19 15:00:00-04:00,short,9331.220279581725,9352.25,cutoff,-21.03,2020-05-13,-3535.47
2020-05-20,2020-05-20 09:31:00-04:00,2020-05-20 15:00:00-04:00,short,9425.837628444118,9475.75,cutoff,-49.91,2020-05-18,-3585.38
2020-05-21,2020-05-21 09:32:00-04:00,2020-05-21 15:00:00-04:00,short,9477.127253635408,9384.5,cutoff,92.63,2020-05-12,-3492.75
2020-05-22,2020-05-22 09:40:00-04:00,2020-05-22 15:00:00-04:00,short,9331.220279581725,9403.0,cutoff,-71.78,2020-05-13,-3564.53
2020-05-26,2020-05-26 09:51:00-04:00,2020-05-26 15:00:00-04:00,short,9515.473595904761,9448.75,cutoff,66.72,2020-05-22,-3497.81
2020-05-27,2020-05-27 09:36:00-04:00,2020-05-27 14:00:00-04:00,short,9345.592256990116,9345.592256990116,BE,0.0,2020-05-11,-3497.81
2020-05-28,2020-05-28 09:36:00-04:00,2020-05-28 12:52:00-04:00,short,9425.837628444118,9550.837628444118,SL,-125.0,2020-05-18,-3622.81
2020-05-29,2020-05-29 09:47:00-04:00,2020-05-29 14:09:00-04:00,short,9477.127253635408,9477.127253635408,BE,0.0,2020-05-12,-3622.81
2020-06-01,2020-06-01 09:31:00-04:00,2020-06-01 15:00:00-04:00,short,9515.473595904761,9593.5,cutoff,-78.03,2020-05-22,-3700.84
2020-06-02,2020-06-02 09:49:00-04:00,2020-06-02 15:00:00-04:00,short,9570.428051686125,9606.25,cutoff,-35.82,2020-05-28,-3736.66
2020-06-03,2020-06-03 09:33:00-04:00,2020-06-03 10:18:00-04:00,short,9681.300958053465,9681.300958053465,BE,0.0,2020-06-01,-3736.66
2020-06-04,2020-06-04 09:31:00-04:00,2020-06-04 15:00:00-04:00,short,9681.300958053465,9595.5,cutoff,85.8,2020-06-01,-3650.86
2020-06-05,2020-06-05 09:34:00-04:00,2020-06-05 11:24:00-04:00,short,9681.300958053465,9806.300958053465,SL,-125.0,2020-06-01,-3775.86
2020-06-08,2020-06-08 09:33:00-04:00,2020-06-08 10:50:00-04:00,short,9806.712435909762,9806.712435909762,BE,0.0,2020-06-03,-3775.86
2020-06-09,2020-06-09 09:31:00-04:00,2020-06-09 10:16:00-04:00,short,9876.439724086249,9876.439724086249,BE,0.0,2020-06-05,-3775.86
2020-06-09,2020-06-09 10:45:00-04:00,2020-06-09 15:00:00-04:00,short,9943.600120332674,9985.25,cutoff,-41.65,2020-06-08,-3817.51
2020-06-11,2020-06-11 09:32:00-04:00,2020-06-11 12:56:00-04:00,short,9943.600120332674,9739.5,TP,204.1,2020-06-08,-3613.41
2020-06-12,2020-06-12 09:31:00-04:00,2020-06-12 11:04:00-04:00,short,9806.712435909762,9617.25,TP,189.46,2020-06-03,-3423.95
2020-06-15,2020-06-15 09:33:00-04:00,2020-06-15 12:03:00-04:00,short,9515.473595904761,9640.473595904761,SL,-125.0,2020-05-22,-3548.95
2020-06-16,2020-06-16 10:18:00-04:00,2020-06-16 11:00:00-04:00,short,9998.480141994416,9818.25,TP,180.23,2020-06-12,-3368.72
2020-06-17,2020-06-17 09:33:00-04:00,2020-06-17 10:53:00-04:00,short,9998.480141994416,9998.480141994416,BE,0.0,2020-06-12,-3368.72
2020-06-17,2020-06-17 10:55:00-04:00,2020-06-17 11:59:00-04:00,short,10005.261489168231,10005.261489168231,BE,0.0,2020-06-09,-3368.72
2020-06-18,2020-06-18 10:34:00-04:00,2020-06-18 15:00:00-04:00,short,9943.600120332674,9950.0,cutoff,-6.4,2020-06-08,-3375.12
2020-06-19,2020-06-19 09:32:00-04:00,2020-06-19 15:00:00-04:00,short,10095.593960731061,9983.75,cutoff,111.84,2020-06-11,-3263.28
2020-06-22,2020-06-22 09:31:00-04:00,2020-06-22 15:00:00-04:00,short,10005.261489168231,10113.25,cutoff,-107.99,2020-06-09,-3371.27
2020-06-23,2020-06-23 09:36:00-04:00,2020-06-23 15:00:00-04:00,short,10174.123908644677,10245.0,cutoff,-70.88,2020-06-22,-3442.15
2020-06-24,2020-06-24 09:31:00-04:00,2020-06-24 11:46:00-04:00,short,10182.93066509671,9963.75,TP,219.18,2020-06-10,-3222.97
2020-06-25,2020-06-25 09:33:00-04:00,2020-06-25 10:28:00-04:00,short,10005.261489168231,10005.261489168231,BE,0.0,2020-06-09,-3222.97
2020-06-25,2020-06-25 10:30:00-04:00,2020-06-25 11:18:00-04:00,short,9998.480141994416,9998.480141994416,BE,0.0,2020-06-12,-3222.97
2020-06-26,2020-06-26 09:40:00-04:00,2020-06-26 10:23:00-04:00,long,10028.20739703227,9903.20739703227,SL,-125.0,2020-06-23,-3347.97
2020-06-29,2020-06-29 09:31:00-04:00,2020-06-29 10:16:00-04:00,long,9831.876091355323,9831.876091355323,BE,0.0,2020-06-22,-3347.97
2020-06-29,2020-06-29 10:19:00-04:00,2020-06-29 15:00:00-04:00,short,9837.12935375815,9895.5,cutoff,-58.37,2020-06-04,-3406.34
2020-07-01,2020-07-01 09:31:00-04:00,2020-07-01 15:00:00-04:00,short,10164.240165724947,10264.25,cutoff,-100.01,2020-06-17,-3506.35
2020-07-02,2020-07-02 09:31:00-04:00,2020-07-02 15:00:00-04:00,short,10378.76301438694,10399.5,cutoff,-20.74,2020-06-24,-3527.09
2020-07-03,2020-07-03 10:25:00-04:00,2020-07-03 12:22:00-04:00,short,10344.29260296773,10344.29260296773,BE,0.0,2020-06-23,-3527.09
2020-07-06,2020-07-06 10:00:00-04:00,2020-07-06 15:00:00-04:00,short,10530.716111433376,10553.75,cutoff,-23.03,2020-07-02,-3550.12
2020-07-07,2020-07-07 10:12:00-04:00,2020-07-07 15:00:00-04:00,short,10645.149837633802,10586.75,cutoff,58.4,2020-07-06,-3491.72
2020-07-09,2020-07-09 10:50:00-04:00,2020-07-09 12:04:00-04:00,short,10645.149837633802,10645.149837633802,BE,0.0,2020-07-06,-3491.72
2020-07-10,2020-07-10 10:01:00-04:00,2020-07-10 13:22:00-04:00,short,10645.149837633802,10770.149837633802,SL,-125.0,2020-07-06,-3616.72
2020-07-14,2020-07-14 09:31:00-04:00,2020-07-14 10:13:00-04:00,long,10495.390551888184,10370.390551888184,SL,-125.0,2020-07-10,-3741.72
2020-07-15,2020-07-15 09:44:00-04:00,2020-07-15 12:05:00-04:00,short,10760.297956841667,10574.75,TP,185.55,2020-07-08,-3556.17
2020-07-16,2020-07-16 09:34:00-04:00,2020-07-16 15:00:00-04:00,long,10556.529124282211,10573.0,cutoff,16.47,2020-07-09,-3539.7
2020-07-17,2020-07-17 09:32:00-04:00,2020-07-17 14:16:00-04:00,short,10645.149837633802,10645.149837633802,BE,0.0,2020-07-06,-3539.7
2020-07-20,2020-07-20 09:45:00-04:00,2020-07-20 10:39:00-04:00,short,10645.149837633802,10770.149837633802,SL,-125.0,2020-07-06,-3664.7
2020-07-21,2020-07-21 09:41:00-04:00,2020-07-21 15:00:00-04:00,short,10908.882006067528,10900.25,cutoff,8.63,2020-07-20,-3656.07
2020-07-22,2020-07-22 09:31:00-04:00,2020-07-22 15:00:00-04:00,short,10835.830557059622,10817.0,cutoff,18.83,2020-07-14,-3637.24
2020-07-23,2020-07-23 09:31:00-04:00,2020-07-23 10:36:00-04:00,short,10831.229683998485,10831.229683998485,BE,0.0,2020-07-17,-3637.24
2020-07-23,2020-07-23 10:40:00-04:00,2020-07-23 13:48:00-04:00,short,10835.830557059622,10611.5,TP,224.33,2020-07-14,-3412.91
2020-07-24,2020-07-24 09:32:00-04:00,2020-07-24 10:34:00-04:00,long,10402.458341307061,10402.458341307061,BE,0.0,2020-07-07,-3412.91
2020-07-24,2020-07-24 10:39:00-04:00,2020-07-24 13:13:00-04:00,long,10405.520316001515,10405.520316001515,BE,0.0,2020-07-17,-3412.91
2020-07-27,2020-07-27 09:32:00-04:00,2020-07-27 15:00:00-04:00,short,10530.716111433376,10626.25,cutoff,-95.53,2020-07-02,-3508.44
2020-07-28,2020-07-28 09:31:00-04:00,2020-07-28 11:39:00-04:00,short,10637.79850387766,10637.79850387766,BE,0.0,2020-07-24,-3508.44
2020-07-29,2020-07-29 10:37:00-04:00,2020-07-29 11:28:00-04:00,short,10637.79850387766,10637.79850387766,BE,0.0,2020-07-24,-3508.44
2020-07-30,2020-07-30 09:55:00-04:00,2020-07-30 10:52:00-04:00,long,10556.529124282211,10556.529124282211,BE,0.0,2020-07-09,-3508.44
2020-07-31,2020-07-31 09:35:00-04:00,2020-07-31 15:00:00-04:00,short,10835.830557059622,10800.25,cutoff,35.58,2020-07-14,-3472.86
2020-08-03,2020-08-03 09:33:00-04:00,2020-08-03 15:00:00-04:00,short,11023.64486768893,11061.25,cutoff,-37.61,2020-07-22,-3510.47
2020-08-04,2020-08-04 09:38:00-04:00,2020-08-04 15:00:00-04:00,short,11022.153653034926,11026.5,cutoff,-4.35,2020-07-23,-3514.82
2020-08-05,2020-08-05 09:51:00-04:00,2020-08-05 15:00:00-04:00,short,11106.176913153135,11109.25,cutoff,-3.07,2020-07-31,-3517.89
2020-08-06,2020-08-06 09:35:00-04:00,2020-08-06 14:30:00-04:00,short,11106.176913153135,11231.176913153135,SL,-125.0,2020-07-31,-3642.89
2020-08-07,2020-08-07 10:52:00-04:00,2020-08-07 14:32:00-04:00,short,11257.399972883184,11057.75,TP,199.65,2020-08-05,-3443.24
2020-08-10,2020-08-10 09:53:00-04:00,2020-08-10 15:00:00-04:00,short,11106.176913153135,11081.75,cutoff,24.43,2020-07-31,-3418.81
2020-08-11,2020-08-11 09:45:00-04:00,2020-08-11 11:02:00-04:00,short,11023.64486768893,11023.64486768893,BE,0.0,2020-07-22,-3418.81
2020-08-12,2020-08-12 09:48:00-04:00,2020-08-12 12:06:00-04:00,short,11023.64486768893,11148.64486768893,SL,-125.0,2020-07-22,-3543.81
2020-08-13,2020-08-13 09:31:00-04:00,2020-08-13 15:00:00-04:00,short,11180.134608496011,11151.75,cutoff,28.38,2020-07-21,-3515.43
2020-08-14,2020-08-14 09:31:00-04:00,2020-08-14 15:00:00-04:00,short,11197.561633940055,11146.25,cutoff,51.31,2020-08-04,-3464.12
2020-08-17,2020-08-17 09:31:00-04:00,2020-08-17 15:00:00-04:00,short,11226.37510379692,11292.5,cutoff,-66.12,2020-08-12,-3530.24
2020-08-18,2020-08-18 09:35:00-04:00,2020-08-18 11:09:00-04:00,short,11353.428427392624,11353.428427392624,BE,0.0,2020-08-13,-3530.24
2020-08-19,2020-08-19 09:34:00-04:00,2020-08-19 10:24:00-04:00,short,11393.494372271074,11393.494372271074,BE,0.0,2020-08-17,-3530.24
2020-08-20,2020-08-20 09:35:00-04:00,2020-08-20 14:20:00-04:00,short,11308.249889090679,11433.249889090679,SL,-125.0,2020-08-10,-3655.24
2020-08-21,2020-08-21 09:45:00-04:00,2020-08-21 15:00:00-04:00,short,11503.059627482893,11554.5,cutoff,-51.44,2020-08-20,-3706.68
2020-08-24,2020-08-24 09:58:00-04:00,2020-08-24 15:00:00-04:00,short,11657.182826359074,11570.25,cutoff,86.93,2020-08-21,-3619.75
2020-08-26,2020-08-26 09:34:00-04:00,2020-08-26 12:05:00-04:00,short,11773.882955083516,11898.882955083516,SL,-125.0,2020-08-25,-3744.75
2020-08-27,2020-08-27 09:40:00-04:00,2020-08-27 15:00:00-04:00,short,11933.125742119906,11961.25,cutoff,-28.12,2020-08-26,-3772.87
2020-09-01,2020-09-01 09:32:00-04:00,2020-09-01 15:00:00-04:00,short,12175.52827197218,12274.75,cutoff,-99.22,2020-08-28,-3872.09
2020-09-03,2020-09-03 09:38:00-04:00,2020-09-03 10:38:00-04:00,short,12206.825693556519,12022.75,TP,184.08,2020-08-27,-3688.01
2020-09-03,2020-09-03 10:46:00-04:00,2020-09-03 11:18:00-04:00,long,11938.563043583583,11813.563043583583,SL,-125.0,2020-09-01,-3813.01
2020-09-04,2020-09-04 09:31:00-04:00,2020-09-04 09:53:00-04:00,short,11773.882955083516,11584.75,TP,189.13,2020-08-25,-3623.88
2020-09-04,2020-09-04 09:55:00-04:00,2020-09-04 10:32:00-04:00,short,11549.90659303957,11366.25,TP,183.66,2020-08-19,-3440.22
2020-09-04,2020-09-04 10:33:00-04:00,2020-09-04 10:43:00-04:00,short,11353.428427392624,11164.75,TP,188.68,2020-08-13,-3251.54
2020-09-04,2020-09-04 10:45:00-04:00,2020-09-04 10:55:00-04:00,short,11198.889330594502,11323.889330594502,SL,-125.0,2020-08-11,-3376.54
2020-09-07,2020-09-07 09:56:00-04:00,2020-09-07 12:59:00-04:00,long,11457.682293514365,11501.25,cutoff,43.57,2020-08-24,-3332.97
2020-09-08,2020-09-08 09:31:00-04:00,2020-09-08 10:14:00-04:00,short,11226.37510379692,11351.37510379692,SL,-125.0,2020-08-12,-3457.97
2020-09-09,2020-09-09 09:33:00-04:00,2020-09-09 10:20:00-04:00,long,11253.833137562138,11253.833137562138,BE,0.0,2020-09-07,-3457.97
2020-09-09,2020-09-09 10:28:00-04:00,2020-09-09 11:15:00-04:00,short,11353.428427392624,11353.428427392624,BE,0.0,2020-08-13,-3457.97
2020-09-10,2020-09-10 09:31:00-04:00,2020-09-10 14:15:00-04:00,short,11503.059627482893,11294.0,TP,209.06,2020-08-20,-3248.91
2020-09-11,2020-09-11 09:31:00-04:00,2020-09-11 09:58:00-04:00,long,11253.833137562138,11128.833137562138,SL,-125.0,2020-09-07,-3373.91
2020-09-14,2020-09-14 09:33:00-04:00,2020-09-14 13:16:00-04:00,long,11216.34340696043,11216.34340696043,BE,0.0,2020-08-19,-3373.91
2020-09-15,2020-09-15 09:38:00-04:00,2020-09-15 15:00:00-04:00,long,11427.367044916484,11441.25,cutoff,13.88,2020-08-25,-3360.03
2020-09-16,2020-09-16 09:32:00-04:00,2020-09-16 13:26:00-04:00,long,11457.682293514365,11332.682293514365,SL,-125.0,2020-08-24,-3485.03
2020-09-17,2020-09-17 09:32:00-04:00,2020-09-17 12:09:00-04:00,long,10986.003952631198,10986.003952631198,BE,0.0,2020-09-09,-3485.03
2020-09-18,2020-09-18 09:31:00-04:00,2020-09-18 10:49:00-04:00,long,11108.132855575252,10983.132855575252,SL,-125.0,2020-09-04,-3610.03
2020-09-21,2020-09-21 09:38:00-04:00,2020-09-21 10:25:00-04:00,long,10727.425618727215,10727.425618727215,BE,0.0,2020-09-17,-3610.03
2020-09-22,2020-09-22 09:42:00-04:00,2020-09-22 14:14:00-04:00,short,11009.021196622394,11134.021196622394,SL,-125.0,2020-09-21,-3735.03
2020-09-23,2020-09-23 09:36:00-04:00,2020-09-23 11:59:00-04:00,long,11108.132855575252,10983.132855575252,SL,-125.0,2020-09-04,-3860.03
2020-09-24,2020-09-24 09:34:00-04:00,2020-09-24 10:17:00-04:00,long,10727.425618727215,10914.5,TP,187.07,2020-09-17,-3672.96
2020-09-24,2020-09-24 10:18:00-04:00,2020-09-24 10:32:00-04:00,long,10928.374158194558,10803.374158194558,SL,-125.0,2020-09-11,-3797.96
2020-09-25,2020-09-25 09:31:00-04:00,2020-09-25 14:31:00-04:00,long,10889.008297915436,11074.0,TP,184.99,2020-09-23,-3612.97
2020-09-28,2020-09-28 09:41:00-04:00,2020-09-28 13:40:00-04:00,short,11326.604011271396,11326.604011271396,BE,0.0,2020-09-18,-3612.97
2020-09-29,2020-09-29 09:34:00-04:00,2020-09-29 15:00:00-04:00,short,11360.491702084564,11345.25,cutoff,15.24,2020-09-23,-3597.73
2020-09-30,2020-09-30 09:32:00-04:00,2020-09-30 11:47:00-04:00,short,11360.491702084564,11485.491702084564,SL,-125.0,2020-09-23,-3722.73
2020-10-01,2020-10-01 09:48:00-04:00,2020-10-01 10:35:00-04:00,short,11532.33747309487,11532.33747309487,BE,0.0,2020-09-28,-3722.73
2020-10-01,2020-10-01 10:37:00-04:00,2020-10-01 11:27:00-04:00,short,11533.578562867373,11533.578562867373,BE,0.0,2020-09-29,-3722.73
2020-10-02,2020-10-02 09:31:00-04:00,2020-10-02 15:00:00-04:00,short,11360.491702084564,11301.5,cutoff,58.99,2020-09-23,-3663.74
2020-10-05,2020-10-05 09:35:00-04:00,2020-10-05 15:00:00-04:00,long,11332.60493006846,11463.0,cutoff,130.4,2020-10-01,-3533.34
2020-10-08,2020-10-08 09:32:00-04:00,2020-10-08 15:00:00-04:00,short,11565.107239575818,11534.0,cutoff,31.11,2020-10-05,-3502.23
2020-10-09,2020-10-09 09:32:00-04:00,2020-10-09 15:00:00-04:00,short,11596.252640737981,11673.0,cutoff,-76.75,2020-10-07,-3578.98
2020-10-13,2020-10-13 09:33:00-04:00,2020-10-13 10:23:00-04:00,short,12105.637823000776,12105.637823000776,BE,0.0,2020-10-12,-3578.98
2020-10-14,2020-10-14 09:36:00-04:00,2020-10-14 12:26:00-04:00,short,12105.637823000776,11923.25,TP,182.39,2020-10-12,-3396.59
2020-10-15,2020-10-15 09:31:00-04:00,2020-10-15 15:00:00-04:00,short,11794.396357206313,11850.25,cutoff,-55.85,2020-10-09,-3452.44
2020-10-19,2020-10-19 09:55:00-04:00,2020-10-19 10:45:00-04:00,long,11886.27611815851,11761.27611815851,SL,-125.0,2020-10-13,-3577.44
2020-10-20,2020-10-20 09:37:00-04:00,2020-10-20 10:55:00-04:00,long,11639.793848318743,11639.793848318743,BE,0.0,2020-10-19,-3577.44
2020-10-21,2020-10-21 09:48:00-04:00,2020-10-21 14:56:00-04:00,short,11749.39506993154,11749.39506993154,BE,0.0,2020-10-01,-3577.44
2020-10-22,2020-10-22 09:32:00-04:00,2020-10-22 10:24:00-04:00,long,11712.862176999224,11587.862176999224,SL,-125.0,2020-10-12,-3702.44
2020-10-23,2020-10-23 09:33:00-04:00,2020-10-23 15:00:00-04:00,long,11639.793848318743,11621.5,cutoff,-18.29,2020-10-19,-3720.73
2020-10-26,2020-10-26 09:31:00-04:00,2020-10-26 13:39:00-04:00,short,11596.252640737981,11368.25,TP,228.0,2020-10-07,-3492.73
2020-10-27,2020-10-27 09:45:00-04:00,2020-10-27 10:48:00-04:00,short,11565.107239575818,11565.107239575818,BE,0.0,2020-10-05,-3492.73
2020-10-27,2020-10-27 10:53:00-04:00,2020-10-27 12:30:00-04:00,long,11559.063209803786,11559.063209803786,BE,0.0,2020-10-15,-3492.73
2020-10-28,2020-10-28 09:31:00-04:00,2020-10-28 09:52:00-04:00,long,11408.97091315812,11283.97091315812,SL,-125.0,2020-10-22,-3617.73
2020-10-29,2020-10-29 09:39:00-04:00,2020-10-29 14:37:00-04:00,long,11190.997359262019,11435.75,TP,244.75,2020-10-07,-3372.98
2020-10-30,2020-10-30 09:34:00-04:00,2020-10-30 10:13:00-04:00,long,11247.116288424255,11122.116288424255,SL,-125.0,2020-10-06,-3497.98
2020-11-02,2020-11-02 09:53:00-05:00,2020-11-02 11:20:00-05:00,long,11190.997359262019,11065.997359262019,SL,-125.0,2020-10-07,-3622.98
2020-11-03,2020-11-03 09:55:00-05:00,2020-11-03 15:00:00-05:00,long,11190.997359262019,11273.75,cutoff,82.75,2020-10-07,-3540.23
2020-11-04,2020-11-04 09:33:00-05:00,2020-11-04 10:22:00-05:00,short,11667.350479194514,11792.350479194514,SL,-125.0,2020-10-28,-3665.23
2020-11-05,2020-11-05 09:33:00-05:00,2020-11-05 15:00:00-05:00,short,11991.199723329857,12101.75,cutoff,-110.55,2020-11-04,-3775.78
2020-11-06,2020-11-06 09:33:00-05:00,2020-11-06 10:27:00-05:00,short,11991.199723329857,11991.199723329857,BE,0.0,2020-11-04,-3775.78
2020-11-09,2020-11-09 09:31:00-05:00,2020-11-09 14:30:00-05:00,short,12186.030810509164,11999.75,TP,186.28,2020-10-16,-3589.5
2020-11-10,2020-11-10 09:32:00-05:00,2020-11-10 10:21:00-05:00,long,11736.362818279254,11611.362818279254,SL,-125.0,2020-11-06,-3714.5
2020-11-11,2020-11-11 09:36:00-05:00,2020-11-11 15:00:00-05:00,long,11749.344189490836,11844.0,cutoff,94.66,2020-10-16,-3619.84
2020-11-12,2020-11-12 09:31:00-05:00,2020-11-12 15:00:00-05:00,short,11926.02908684188,11804.25,cutoff,121.78,2020-10-22,-3498.06
2020-11-13,2020-11-13 09:31:00-05:00,2020-11-13 14:58:00-05:00,short,11904.375147228217,11904.375147228217,BE,0.0,2020-10-20,-3498.06
2020-11-16,2020-11-16 09:32:00-05:00,2020-11-16 11:10:00-05:00,short,11904.375147228217,12029.375147228217,SL,-125.0,2020-10-20,-3623.06
2020-11-17,2020-11-17 09:46:00-05:00,2020-11-17 15:00:00-05:00,short,11991.199723329857,12012.0,cutoff,-20.8,2020-11-04,-3643.86
2020-11-18,2020-11-18 09:39:00-05:00,2020-11-18 11:14:00-05:00,short,11982.847299040208,11982.847299040208,BE,0.0,2020-11-11,-3643.86
2020-11-19,2020-11-19 09:32:00-05:00,2020-11-19 15:00:00-05:00,short,11875.730155823774,11992.25,cutoff,-116.52,2020-10-23,-3760.38
2020-11-20,2020-11-20 09:50:00-05:00,2020-11-20 15:00:00-05:00,short,11982.847299040208,11980.0,cutoff,2.85,2020-11-11,-3757.53
2020-11-23,2020-11-23 09:45:00-05:00,2020-11-23 15:00:00-05:00,short,11991.199723329857,11918.0,cutoff,73.2,2020-11-04,-3684.33
2020-11-24,2020-11-24 09:33:00-05:00,2020-11-24 10:38:00-05:00,short,11943.547030998563,11943.547030998563,BE,0.0,2020-11-10,-3684.33
2020-11-24,2020-11-24 10:51:00-05:00,2020-11-24 15:00:00-05:00,short,11982.847299040208,12073.25,cutoff,-90.4,2020-11-11,-3774.73
2020-11-25,2020-11-25 09:32:00-05:00,2020-11-25 10:51:00-05:00,short,12119.74645437204,12119.74645437204,BE,0.0,2020-11-20,-3774.73
2020-11-25,2020-11-25 10:58:00-05:00,2020-11-25 12:14:00-05:00,short,12109.372943648514,12109.372943648514,BE,0.0,2020-11-12,-3774.73
2020-11-26,2020-11-26 10:14:00-05:00,2020-11-26 12:59:00-05:00,short,12188.735131210404,12153.75,cutoff,34.99,2020-11-17,-3739.74
2020-11-27,2020-11-27 10:14:00-05:00,2020-11-27 13:14:00-05:00,short,12264.887181720746,12273.25,cutoff,-8.36,2020-11-06,-3748.1
2020-11-30,2020-11-30 09:36:00-05:00,2020-11-30 14:40:00-05:00,short,12264.887181720746,12264.887181720746,BE,0.0,2020-11-06,-3748.1
2020-12-01,2020-12-01 10:02:00-05:00,2020-12-01 11:05:00-05:00,short,12410.052418330972,12410.052418330972,BE,0.0,2020-11-27,-3748.1
2020-12-02,2020-12-02 09:44:00-05:00,2020-12-02 11:52:00-05:00,short,12329.636626829917,12454.636626829917,SL,-125.0,2020-11-26,-3873.1
2020-12-04,2020-12-04 09:36:00-05:00,2020-12-04 15:00:00-05:00,short,12463.418605308005,12517.75,cutoff,-54.33,2020-11-09,-3927.43
2020-12-07,2020-12-07 09:39:00-05:00,2020-12-07 15:00:00-05:00,short,12567.753382056055,12581.75,cutoff,-14.0,2020-12-01,-3941.43
2020-12-08,2020-12-08 09:31:00-05:00,2020-12-08 11:59:00-05:00,short,12586.464225177839,12586.464225177839,BE,0.0,2020-12-02,-3941.43
2020-12-09,2020-12-09 10:17:00-05:00,2020-12-09 13:56:00-05:00,short,12586.464225177839,12375.25,TP,211.21,2020-12-02,-3730.22
2020-12-10,2020-12-10 09:31:00-05:00,2020-12-10 10:08:00-05:00,short,12270.439816503806,12395.439816503806,SL,-125.0,2020-11-25,-3855.22
2020-12-11,2020-12-11 09:33:00-05:00,2020-12-11 10:51:00-05:00,long,12306.297441328374,12306.297441328374,BE,0.0,2020-12-03,-3855.22
2020-12-14,2020-12-14 09:31:00-05:00,2020-12-14 15:00:00-05:00,short,12447.31473883935,12518.5,cutoff,-71.19,2020-11-30,-3926.41
2020-12-15,2020-12-15 09:31:00-05:00,2020-12-15 10:21:00-05:00,short,12569.580163178834,12569.580163178834,BE,0.0,2020-12-10,-3926.41
2020-12-16,2020-12-16 09:38:00-05:00,2020-12-16 10:23:00-05:00,short,12586.464225177839,12586.464225177839,BE,0.0,2020-12-02,-3926.41
2020-12-17,2020-12-17 09:32:00-05:00,2020-12-17 15:00:00-05:00,short,12743.687013793919,12729.75,cutoff,13.94,2020-12-08,-3912.47
2020-12-18,2020-12-18 09:45:00-05:00,2020-12-18 15:00:00-05:00,short,12743.687013793919,12663.25,cutoff,80.44,2020-12-08,-3832.03
2020-12-21,2020-12-21 09:49:00-05:00,2020-12-21 15:00:00-05:00,long,12570.712238347565,12682.0,cutoff,111.29,2020-12-17,-3720.74
2020-12-22,2020-12-22 09:48:00-05:00,2020-12-22 10:33:00-05:00,short,12722.324964145053,12722.324964145053,BE,0.0,2020-12-07,-3720.74
2020-12-22,2020-12-22 10:34:00-05:00,2020-12-22 15:00:00-05:00,short,12726.133997689696,12697.25,cutoff,28.88,2020-12-15,-3691.86
2020-12-23,2020-12-23 09:48:00-05:00,2020-12-23 15:00:00-05:00,short,12660.327558671626,12701.0,cutoff,-40.67,2020-12-03,-3732.53
2020-12-24,2020-12-24 09:31:00-05:00,2020-12-24 13:14:00-05:00,short,12672.466798747515,12703.0,cutoff,-30.53,2020-12-14,-3763.06
2020-12-28,2020-12-28 09:31:00-05:00,2020-12-28 11:02:00-05:00,short,12816.798684725329,12816.798684725329,BE,0.0,2020-12-21,-3763.06
2020-12-29,2020-12-29 09:33:00-05:00,2020-12-29 15:00:00-05:00,short,12901.412761652435,12844.0,cutoff,57.41,2020-12-17,-3705.65
2020-12-30,2020-12-30 09:31:00-05:00,2020-12-30 15:00:00-05:00,short,12901.412761652435,12848.0,cutoff,53.41,2020-12-17,-3652.24
2021-01-04,2021-01-04 09:34:00-05:00,2021-01-04 11:07:00-05:00,short,12901.412761652435,12713.75,TP,187.66,2020-12-17,-3464.58
2021-01-05,2021-01-05 09:31:00-05:00,2021-01-05 14:30:00-05:00,short,12672.466798747515,12797.466798747515,SL,-125.0,2020-12-14,-3589.58
2021-01-06,2021-01-06 09:33:00-05:00,2021-01-06 11:23:00-05:00,long,12570.712238347565,12761.0,TP,190.29,2020-12-17,-3399.29
2021-01-07,2021-01-07 09:31:00-05:00,2021-01-07 10:04:00-05:00,short,12743.687013793919,12868.687013793919,SL,-125.0,2020-12-08,-3524.29
2021-01-08,2021-01-08 09:31:00-05:00,2021-01-08 15:00:00-05:00,short,13020.927210784295,13042.75,cutoff,-21.82,2021-01-07,-3546.11
2021-01-11,2021-01-11 09:31:00-05:00,2021-01-11 10:16:00-05:00,short,12972.891274962194,12972.891274962194,BE,0.0,2020-12-28,-3546.11
2021-01-12,2021-01-12 09:31:00-05:00,2021-01-12 11:15:00-05:00,short,12918.69840014535,12918.69840014535,BE,0.0,2021-01-05,-3546.11
2021-01-13,2021-01-13 09:33:00-05:00,2021-01-13 15:00:00-05:00,short,12901.412761652435,12989.25,cutoff,-87.84,2020-12-17,-3633.95
2021-01-14,2021-01-14 10:45:00-05:00,2021-01-14 15:00:00-05:00,short,13020.927210784295,12949.0,cutoff,71.93,2021-01-07,-3562.02
2021-01-15,2021-01-15 09:31:00-05:00,2021-01-15 15:00:00-05:00,short,12901.412761652435,12829.75,cutoff,71.66,2020-12-17,-3490.36
2021-01-18,2021-01-18 10:01:00-05:00,2021-01-18 12:59:00-05:00,long,12812.15602345845,12814.0,cutoff,1.84,2021-01-08,-3488.52
2021-01-19,2021-01-19 09:32:00-05:00,2021-01-19 15:00:00-05:00,short,12900.844260317794,12985.75,cutoff,-84.91,2020-12-22,-3573.43
2021-01-20,2021-01-20 09:31:00-05:00,2021-01-20 11:23:00-05:00,short,13129.140117721747,13254.140117721747,SL,-125.0,2021-01-15,-3698.43
2021-01-21,2021-01-21 10:17:00-05:00,2021-01-21 15:00:00-05:00,short,13373.571867454353,13405.25,cutoff,-31.68,2021-01-20,-3730.11
2021-01-22,2021-01-22 09:46:00-05:00,2021-01-22 11:52:00-05:00,short,13373.571867454353,13373.571867454353,BE,0.0,2021-01-20,-3730.11
2021-01-25,2021-01-25 09:34:00-05:00,2021-01-25 10:19:00-05:00,short,13530.829602947819,13530.829602947819,BE,0.0,2021-01-21,-3730.11
2021-01-25,2021-01-25 11:00:00-05:00,2021-01-25 15:00:00-05:00,short,13373.571867454353,13436.5,cutoff,-62.93,2021-01-20,-3793.04
2021-01-27,2021-01-27 09:32:00-05:00,2021-01-27 11:30:00-05:00,long,13281.87280141763,13281.87280141763,BE,0.0,2021-01-26,-3793.04
2021-01-28,2021-01-28 09:33:00-05:00,2021-01-28 10:57:00-05:00,short,13161.060130644688,13286.060130644688,SL,-125.0,2021-01-11,-3918.04
2021-01-29,2021-01-29 09:32:00-05:00,2021-01-29 10:17:00-05:00,short,13106.257554902917,13106.257554902917,BE,0.0,2021-01-04,-3918.04
2021-01-29,2021-01-29 10:20:00-05:00,2021-01-29 12:40:00-05:00,short,13108.910184604236,12910.25,TP,198.66,2021-01-12,-3719.38
2021-02-01,2021-02-01 09:33:00-05:00,2021-02-01 10:28:00-05:00,short,13085.890264484906,13085.890264484906,BE,0.0,2021-01-13,-3719.38
2021-02-01,2021-02-01 10:41:00-05:00,2021-02-01 12:02:00-05:00,short,13081.986247428205,13206.986247428205,SL,-125.0,2021-01-19,-3844.38
2021-02-02,2021-02-02 09:32:00-05:00,2021-02-02 15:00:00-05:00,short,13373.571867454353,13488.5,cutoff,-114.93,2021-01-20,-3959.31
2021-02-03,2021-02-03 09:33:00-05:00,2021-02-03 12:40:00-05:00,short,13481.905753848854,13481.905753848854,BE,0.0,2021-01-28,-3959.31
2021-02-05,2021-02-05 10:03:00-05:00,2021-02-05 15:00:00-05:00,short,13530.829602947819,13594.5,cutoff,-63.67,2021-01-21,-4022.98
2021-02-08,2021-02-08 09:34:00-05:00,2021-02-08 15:00:00-05:00,short,13646.840190149836,13639.75,cutoff,7.09,2021-02-04,-4015.89
2021-02-09,2021-02-09 09:35:00-05:00,2021-02-09 15:00:00-05:00,short,13679.37719858237,13705.0,cutoff,-25.62,2021-01-26,-4041.51
2021-02-10,2021-02-10 10:21:00-05:00,2021-02-10 14:26:00-05:00,short,13646.840190149836,13646.840190149836,BE,0.0,2021-02-04,-4041.51
2021-02-11,2021-02-11 09:52:00-05:00,2021-02-11 15:00:00-05:00,short,13688.795702475387,13689.25,cutoff,-0.45,2021-01-25,-4041.96
2021-02-12,2021-02-12 09:33:00-05:00,2021-02-12 15:00:00-05:00,short,13679.37719858237,13742.25,cutoff,-62.87,2021-01-26,-4104.83
2021-02-15,2021-02-15 09:31:00-05:00,2021-02-15 12:59:00-05:00,short,13852.90228910213,13872.0,cutoff,-19.1,2021-02-09,-4123.93
2021-02-16,2021-02-16 09:32:00-05:00,2021-02-16 10:22:00-05:00,short,13852.90228910213,13852.90228910213,BE,0.0,2021-02-09,-4123.93
2021-02-16,2021-02-16 10:29:00-05:00,2021-02-16 15:00:00-05:00,short,13863.442729351453,13773.75,cutoff,89.69,2021-02-12,-4034.24
2021-02-17,2021-02-17 09:31:00-05:00,2021-02-17 10:55:00-05:00,short,13646.840190149836,13646.840190149836,BE,0.0,2021-02-04,-4034.24
2021-02-18,2021-02-18 09:31:00-05:00,2021-02-18 15:00:00-05:00,long,13538.96792257611,13643.0,cutoff,104.03,2021-02-11,-3930.21
2021-02-19,2021-02-19 09:32:00-05:00,2021-02-19 10:58:00-05:00,short,13679.37719858237,13679.37719858237,BE,0.0,2021-01-26,-3930.21
2021-02-22,2021-02-22 09:33:00-05:00,2021-02-22 15:00:00-05:00,long,13388.678340404182,13330.75,cutoff,-57.93,2021-02-05,-3988.14
2021-02-23,2021-02-23 09:39:00-05:00,2021-02-23 10:51:00-05:00,long,12876.969246151146,13074.0,TP,197.03,2021-01-28,-3791.11
2021-02-25,2021-02-25 09:34:00-05:00,2021-02-25 10:36:00-05:00,long,13244.01621934458,13119.01621934458,SL,-125.0,2021-02-03,-3916.11
2021-02-26,2021-02-26 09:31:00-05:00,2021-02-26 10:10:00-05:00,long,12933.843969004327,12808.843969004327,SL,-125.0,2021-02-25,-4041.11
2021-03-01,2021-03-01 10:22:00-05:00,2021-03-01 15:00:00-05:00,long,13138.126875704074,13272.25,cutoff,134.12,2021-02-02,-3906.99
2021-03-02,2021-03-02 09:31:00-05:00,2021-03-02 15:00:00-05:00,short,13294.905916763611,13166.75,cutoff,128.16,2021-02-23,-3778.83
2021-03-03,2021-03-03 09:35:00-05:00,2021-03-03 10:03:00-05:00,long,13016.401124013051,12891.401124013051,SL,-125.0,2021-03-02,-3903.83
2021-03-04,2021-03-04 09:47:00-05:00,2021-03-04 10:05:00-05:00,long,12664.61277273122,12539.61277273122,SL,-125.0,2021-03-03,-4028.83
2021-03-05,2021-03-05 09:32:00-05:00,2021-03-05 09:53:00-05:00,long,12543.721079432133,12418.721079432133,SL,-125.0,2021-02-26,-4153.83
2021-03-08,2021-03-08 09:31:00-05:00,2021-03-08 11:11:00-05:00,long,12599.719083236389,12599.719083236389,BE,0.0,2021-02-23,-4153.83
2021-03-09,2021-03-09 09:31:00-05:00,2021-03-09 13:02:00-05:00,long,12599.719083236389,12795.75,TP,196.03,2021-02-23,-3957.8
2021-03-10,2021-03-10 09:31:00-05:00,2021-03-10 10:29:00-05:00,long,12933.843969004327,12808.843969004327,SL,-125.0,2021-02-25,-4082.8
2021-03-11,2021-03-11 09:34:00-05:00,2021-03-11 10:40:00-05:00,short,12996.127816601733,12996.127816601733,BE,0.0,2021-03-04,-4082.8
2021-03-12,2021-03-12 09:31:00-05:00,2021-03-12 10:16:00-05:00,long,12855.840824947016,12855.840824947016,BE,0.0,2021-03-01,-4082.8
2021-03-12,2021-03-12 10:27:00-05:00,2021-03-12 15:00:00-05:00,long,12792.389509275923,12909.25,cutoff,116.86,2021-02-24,-3965.94
2021-03-15,2021-03-15 09:33:00-04:00,2021-03-15 15:00:00-04:00,short,12909.141971053332,13019.5,cutoff,-110.36,2021-03-08,-4076.3
2021-03-16,2021-03-16 09:32:00-04:00,2021-03-16 15:00:00-04:00,short,13171.475961304095,13124.25,cutoff,47.23,2021-03-11,-4029.07
2021-03-17,2021-03-17 09:33:00-04:00,2021-03-17 14:11:00-04:00,short,12996.127816601733,13121.127816601733,SL,-125.0,2021-03-04,-4154.07
2021-03-18,2021-03-18 09:31:00-04:00,2021-03-18 12:09:00-04:00,short,12996.127816601733,12996.127816601733,BE,0.0,2021-03-04,-4154.07
2021-03-19,2021-03-19 09:39:00-04:00,2021-03-19 15:00:00-04:00,long,12792.389509275923,12876.75,cutoff,84.36,2021-02-24,-4069.71
2021-03-22,2021-03-22 09:52:00-04:00,2021-03-22 12:22:00-04:00,short,12996.127816601733,13121.127816601733,SL,-125.0,2021-03-04,-4194.71
2021-03-23,2021-03-23 09:33:00-04:00,2021-03-23 15:00:00-04:00,short,13090.352101714769,13043.25,cutoff,47.1,2021-03-12,-4147.61
2021-03-24,2021-03-24 09:38:00-04:00,2021-03-24 13:13:00-04:00,long,13016.401124013051,12891.401124013051,SL,-125.0,2021-03-02,-4272.61
2021-03-25,2021-03-25 09:32:00-04:00,2021-03-25 10:30:00-04:00,long,12727.008373529017,12727.008373529017,BE,0.0,2021-03-15,-4272.61
2021-03-25,2021-03-25 10:32:00-04:00,2021-03-25 11:25:00-04:00,long,12739.774038695905,12614.774038695905,SL,-125.0,2021-03-11,-4397.61
2021-03-26,2021-03-26 09:31:00-04:00,2021-03-26 11:24:00-04:00,long,12767.107598941599,12767.107598941599,BE,0.0,2021-03-17,-4397.61
2021-03-29,2021-03-29 09:31:00-04:00,2021-03-29 10:09:00-04:00,long,12945.071957511602,12820.071957511602,SL,-125.0,2021-03-16,-4522.61
2021-03-30,2021-03-30 09:31:00-04:00,2021-03-30 11:11:00-04:00,short,12884.42255597324,12884.42255597324,BE,0.0,2021-03-05,-4522.61
2021-03-31,2021-03-31 09:35:00-04:00,2021-03-31 10:40:00-04:00,short,12980.679089774212,13105.679089774212,SL,-125.0,2021-03-25,-4647.61
2021-04-01,2021-04-01 09:36:00-04:00,2021-04-01 15:00:00-04:00,short,13279.716633298362,13301.5,cutoff,-21.78,2021-03-24,-4669.39
2021-04-05,2021-04-05 09:33:00-04:00,2021-04-05 12:19:00-04:00,short,13438.997987515359,13563.997987515359,SL,-125.0,2021-04-01,-4794.39
2021-04-08,2021-04-08 09:33:00-04:00,2021-04-08 10:45:00-04:00,short,13739.329262634976,13739.329262634976,BE,0.0,2021-04-06,-4794.39
2021-04-09,2021-04-09 10:04:00-04:00,2021-04-09 11:33:00-04:00,short,13739.329262634976,13739.329262634976,BE,0.0,2021-04-06,-4794.39
2021-04-12,2021-04-12 09:52:00-04:00,2021-04-12 15:00:00-04:00,short,13752.062079921416,13783.25,cutoff,-31.19,2021-04-07,-4825.58
2021-04-13,2021-04-13 09:31:00-04:00,2021-04-13 15:00:00-04:00,short,13883.3727833234,13969.75,cutoff,-86.38,2021-04-08,-4911.96
2021-04-14,2021-04-14 10:24:00-04:00,2021-04-14 15:00:00-04:00,short,13940.822384174495,13806.25,cutoff,134.57,2021-04-12,-4777.39
2021-04-15,2021-04-15 09:31:00-04:00,2021-04-15 15:00:00-04:00,short,13940.822384174495,14001.25,cutoff,-60.43,2021-04-12,-4837.82
2021-04-19,2021-04-19 10:34:00-04:00,2021-04-19 15:00:00-04:00,short,13940.822384174495,13885.5,cutoff,55.32,2021-04-12,-4782.5
2021-04-20,2021-04-20 09:36:00-04:00,2021-04-20 15:00:00-04:00,short,13883.3727833234,13744.0,cutoff,139.37,2021-04-08,-4643.13
2021-04-21,2021-04-21 09:34:00-04:00,2021-04-21 11:34:00-04:00,short,13739.329262634976,13864.329262634976,SL,-125.0,2021-04-06,-4768.13
2021-04-22,2021-04-22 09:33:00-04:00,2021-04-22 15:00:00-04:00,short,13883.3727833234,13761.75,cutoff,121.62,2021-04-08,-4646.51
2021-04-23,2021-04-23 09:32:00-04:00,2021-04-23 15:00:00-04:00,long,13807.528061776498,13961.25,cutoff,153.72,2021-04-14,-4492.79
2021-04-26,2021-04-26 09:31:00-04:00,2021-04-26 15:00:00-04:00,short,13940.822384174495,14021.25,cutoff,-80.43,2021-04-12,-4573.22
2021-04-27,2021-04-27 09:54:00-04:00,2021-04-27 11:52:00-04:00,short,13960.89952263272,13960.89952263272,BE,0.0,2021-04-21,-4573.22
2021-04-28,2021-04-28 09:48:00-04:00,2021-04-28 15:00:00-04:00,short,13940.822384174495,13953.5,cutoff,-12.68,2021-04-12,-4585.9
2021-04-29,2021-04-29 09:56:00-04:00,2021-04-29 14:42:00-04:00,short,13960.89952263272,13960.89952263272,BE,0.0,2021-04-21,-4585.9
2021-04-30,2021-04-30 09:32:00-04:00,2021-04-30 15:00:00-04:00,short,13873.479850750839,13856.5,cutoff,16.98,2021-04-09,-4568.92
2021-05-03,2021-05-03 09:41:00-04:00,2021-05-03 15:00:00-04:00,short,13873.479850750839,13812.75,cutoff,60.73,2021-04-09,-4508.19
2021-05-04,2021-05-04 09:33:00-04:00,2021-05-04 10:12:00-04:00,long,13623.32431093971,13498.32431093971,SL,-125.0,2021-04-23,-4633.19
2021-05-05,2021-05-05 09:35:00-04:00,2021-05-05 15:00:00-04:00,long,13619.677615825505,13542.25,cutoff,-77.43,2021-04-12,-4710.62
2021-05-06,2021-05-06 10:21:00-04:00,2021-05-06 12:35:00-04:00,long,13388.96846679183,13569.25,TP,180.28,2021-05-05,-4530.34
2021-05-07,2021-05-07 09:32:00-04:00,2021-05-07 10:20:00-04:00,short,13677.48205119757,13802.48205119757,SL,-125.0,2021-05-06,-4655.34
2021-05-10,2021-05-10 09:38:00-04:00,2021-05-10 14:15:00-04:00,long,13547.10047736728,13422.10047736728,SL,-125.0,2021-04-21,-4780.34
2021-05-11,2021-05-11 09:59:00-04:00,2021-05-11 10:38:00-04:00,long,13256.14294880243,13131.14294880243,SL,-125.0,2021-05-06,-4905.34
2021-05-14,2021-05-14 09:59:00-04:00,2021-05-14 15:00:00-04:00,long,13256.14294880243,13417.0,cutoff,160.86,2021-05-06,-4744.48
2021-05-17,2021-05-17 10:01:00-04:00,2021-05-17 11:10:00-04:00,long,13256.14294880243,13256.14294880243,BE,0.0,2021-05-06,-4744.48
2021-05-18,2021-05-18 10:29:00-04:00,2021-05-18 15:00:00-04:00,short,13378.42608889639,13269.25,cutoff,109.18,2021-05-12,-4635.3
2021-05-19,2021-05-19 09:47:00-04:00,2021-05-19 14:32:00-04:00,long,13034.817106139166,13216.75,TP,181.93,2021-05-14,-4453.37
2021-05-20,2021-05-20 09:41:00-04:00,2021-05-20 11:51:00-04:00,short,13378.42608889639,13503.42608889639,SL,-125.0,2021-05-12,-4578.37
2021-05-21,2021-05-21 09:31:00-04:00,2021-05-21 15:00:00-04:00,short,13556.392993626328,13442.5,cutoff,113.89,2021-05-20,-4464.48
2021-05-24,2021-05-24 09:31:00-04:00,2021-05-24 15:00:00-04:00,long,13495.178507508765,13678.75,cutoff,183.57,2021-05-07,-4280.91
2021-05-25,2021-05-25 09:32:00-04:00,2021-05-25 15:00:00-04:00,short,13721.457519968146,13644.0,cutoff,77.46,2021-05-21,-4203.45
2021-05-26,2021-05-26 09:34:00-04:00,2021-05-26 15:00:00-04:00,long,13686.343941088197,13702.5,cutoff,16.16,2021-04-30,-4187.29
2021-05-27,2021-05-27 09:31:00-04:00,2021-05-27 15:00:00-04:00,long,13686.343941088197,13665.0,cutoff,-21.34,2021-04-30,-4208.63
2021-05-28,2021-05-28 09:38:00-04:00,2021-05-28 10:23:00-04:00,short,13721.457519968146,13721.457519968146,BE,0.0,2021-05-21,-4208.63
2021-05-28,2021-05-28 10:44:00-04:00,2021-05-28 15:00:00-04:00,long,13725.04197896484,13732.25,cutoff,7.21,2021-05-03,-4201.42
2021-05-31,2021-05-31 09:31:00-04:00,2021-05-31 12:59:00-04:00,short,13677.48205119757,13654.75,cutoff,22.73,2021-05-06,-4178.69
2021-06-01,2021-06-01 09:40:00-04:00,2021-06-01 15:00:00-04:00,short,13760.993648234806,13689.25,cutoff,71.74,2021-05-24,-4106.95
2021-06-02,2021-06-02 09:33:00-04:00,2021-06-02 15:00:00-04:00,short,13677.48205119757,13636.75,cutoff,40.73,2021-05-06,-4066.22
2021-06-03,2021-06-03 09:33:00-04:00,2021-06-03 10:56:00-04:00,short,13556.392993626328,13556.392993626328,BE,0.0,2021-05-20,-4066.22
2021-06-04,2021-06-04 10:01:00-04:00,2021-06-04 15:00:00-04:00,short,13721.457519968146,13775.0,cutoff,-53.54,2021-05-21,-4119.76
2021-06-07,2021-06-07 09:35:00-04:00,2021-06-07 12:15:00-04:00,short,13760.993648234806,13760.993648234806,BE,0.0,2021-05-24,-4119.76
2021-06-08,2021-06-08 09:31:00-04:00,2021-06-08 15:00:00-04:00,short,13876.402438307223,13829.75,cutoff,46.65,2021-06-07,-4073.11
2021-06-09,2021-06-09 09:33:00-04:00,2021-06-09 15:00:00-04:00,short,13876.402438307223,13840.25,cutoff,36.15,2021-06-07,-4036.96
2021-06-10,2021-06-10 09:32:00-04:00,2021-06-10 09:49:00-04:00,short,13822.413257335193,13947.413257335193,SL,-125.0,2021-06-02,-4161.96
2021-06-14,2021-06-14 09:48:00-04:00,2021-06-14 11:27:00-04:00,short,14029.2275428399,14029.2275428399,BE,0.0,2021-06-09,-4161.96
2021-06-15,2021-06-15 09:35:00-04:00,2021-06-15 10:20:00-04:00,short,14078.729232540587,14078.729232540587,BE,0.0,2021-06-10,-4161.96
2021-06-15,2021-06-15 10:22:00-04:00,2021-06-15 15:00:00-04:00,short,14088.939740383306,14022.75,cutoff,66.19,2021-06-11,-4095.77
2021-06-16,2021-06-16 09:38:00-04:00,2021-06-16 14:43:00-04:00,short,14047.020903090288,13861.75,TP,185.27,2021-06-08,-3910.5
2021-06-17,2021-06-17 09:58:00-04:00,2021-06-17 11:26:00-04:00,short,14029.2275428399,14154.2275428399,SL,-125.0,2021-06-09,-4035.5
2021-06-18,2021-06-18 09:31:00-04:00,2021-06-18 15:00:00-04:00,short,14078.729232540587,14039.0,cutoff,39.73,2021-06-10,-3995.77
2021-06-21,2021-06-21 09:54:00-04:00,2021-06-21 15:00:00-04:00,short,14029.2275428399,14127.25,cutoff,-98.02,2021-06-09,-4093.79
2021-06-22,2021-06-22 09:35:00-04:00,2021-06-22 15:00:00-04:00,short,14152.666148882203,14237.5,cutoff,-84.83,2021-06-14,-4178.62
2021-06-23,2021-06-23 09:31:00-04:00,2021-06-23 15:00:00-04:00,short,14282.770750377364,14280.75,cutoff,2.02,2021-06-22,-4176.6
2021-06-29,2021-06-29 09:37:00-04:00,2021-06-29 10:33:00-04:00,short,14504.101715677834,14504.101715677834,BE,0.0,2021-06-24,-4176.6
2021-06-29,2021-06-29 10:46:00-04:00,2021-06-29 11:45:00-04:00,short,14518.83836334389,14518.83836334389,BE,0.0,2021-06-25,-4176.6
2021-07-01,2021-07-01 10:22:00-04:00,2021-07-01 15:00:00-04:00,short,14518.83836334389,14542.75,cutoff,-23.91,2021-06-25,-4200.51
2021-07-02,2021-07-02 09:32:00-04:00,2021-07-02 15:00:00-04:00,short,14643.198381504113,14690.0,cutoff,-46.8,2021-06-29,-4247.31
2021-07-06,2021-07-06 09:32:00-04:00,2021-07-06 15:00:00-04:00,short,14769.97071956765,14746.25,cutoff,23.72,2021-07-02,-4223.59
2021-07-07,2021-07-07 10:05:00-04:00,2021-07-07 11:46:00-04:00,short,14806.114928665245,14806.114928665245,BE,0.0,2021-07-05,-4223.59
2021-07-08,2021-07-08 09:31:00-04:00,2021-07-08 10:21:00-04:00,long,14596.385071334755,14596.385071334755,BE,0.0,2021-07-05,-4223.59
2021-07-08,2021-07-08 10:29:00-04:00,2021-07-08 11:24:00-04:00,short,14643.198381504113,14643.198381504113,BE,0.0,2021-06-29,-4223.59
2021-07-09,2021-07-09 09:31:00-04:00,2021-07-09 12:40:00-04:00,short,14691.405258742223,14816.405258742223,SL,-125.0,2021-06-30,-4348.59
2021-07-12,2021-07-12 09:32:00-04:00,2021-07-12 15:00:00-04:00,short,14887.391992382349,14851.25,cutoff,36.14,2021-07-06,-4312.45
2021-07-13,2021-07-13 09:31:00-04:00,2021-07-13 11:32:00-04:00,short,14868.276518067436,14993.276518067436,SL,-125.0,2021-07-09,-4437.45
2021-07-15,2021-07-15 09:32:00-04:00,2021-07-15 15:00:00-04:00,short,14868.276518067436,14777.75,cutoff,90.53,2021-07-09,-4346.92
2021-07-16,2021-07-16 09:34:00-04:00,2021-07-16 15:00:00-04:00,short,14868.276518067436,14706.5,cutoff,161.78,2021-07-09,-4185.14
2021-07-19,2021-07-19 09:32:00-04:00,2021-07-19 15:00:00-04:00,long,14526.598481932564,14485.25,cutoff,-41.35,2021-07-09,-4226.49
2021-07-20,2021-07-20 09:38:00-04:00,2021-07-20 13:04:00-04:00,long,14526.598481932564,14723.5,TP,196.9,2021-07-09,-4029.59
2021-07-21,2021-07-21 09:31:00-04:00,2021-07-21 15:00:00-04:00,short,14714.46651690565,14787.75,cutoff,-73.28,2021-07-19,-4102.87
2021-07-22,2021-07-22 09:31:00-04:00,2021-07-22 15:00:00-04:00,short,14868.276518067436,14923.0,cutoff,-54.72,2021-07-09,-4157.59
2021-07-23,2021-07-23 10:38:00-04:00,2021-07-23 15:00:00-04:00,short,15016.540561816731,15101.25,cutoff,-84.71,2021-07-16,-4242.3
2021-07-26,2021-07-26 09:34:00-04:00,2021-07-26 15:00:00-04:00,short,15057.337714992897,15118.25,cutoff,-60.91,2021-07-15,-4303.21
2021-07-27,2021-07-27 09:44:00-04:00,2021-07-27 11:29:00-04:00,short,15063.460081295536,14871.0,TP,192.46,2021-07-13,-4110.75
2021-07-28,2021-07-28 09:31:00-04:00,2021-07-28 10:16:00-04:00,short,15016.540561816731,15016.540561816731,BE,0.0,2021-07-16,-4110.75
2021-07-28,2021-07-28 10:17:00-04:00,2021-07-28 15:00:00-04:00,short,15034.330091202091,15008.75,cutoff,25.58,2021-07-07,-4085.17
2021-07-29,2021-07-29 09:32:00-04:00,2021-07-29 15:00:00-04:00,short,15016.540561816731,15054.0,cutoff,-37.46,2021-07-16,-4122.63
2021-07-30,2021-07-30 09:33:00-04:00,2021-07-30 15:00:00-04:00,short,14887.391992382349,14954.25,cutoff,-66.86,2021-07-06,-4189.49
2021-08-02,2021-08-02 09:31:00-04:00,2021-08-02 11:06:00-04:00,short,15034.330091202091,15034.330091202091,BE,0.0,2021-07-07,-4189.49
2021-08-03,2021-08-03 09:55:00-04:00,2021-08-03 15:00:00-04:00,long,14921.995893743886,15025.25,cutoff,103.25,2021-07-26,-4086.24
2021-08-04,2021-08-04 09:31:00-04:00,2021-08-04 12:00:00-04:00,short,15057.337714992897,15057.337714992897,BE,0.0,2021-07-15,-4086.24
2021-08-05,2021-08-05 09:33:00-04:00,2021-08-05 15:00:00-04:00,short,15086.052130476923,15152.25,cutoff,-66.2,2021-07-30,-4152.44
2021-08-06,2021-08-06 09:31:00-04:00,2021-08-06 10:31:00-04:00,short,15120.247136821468,15120.247136821468,BE,0.0,2021-07-14,-4152.44
2021-08-09,2021-08-09 09:31:00-04:00,2021-08-09 10:30:00-04:00,short,15131.453675077988,15131.453675077988,BE,0.0,2021-07-23,-4152.44
2021-08-09,2021-08-09 10:55:00-04:00,2021-08-09 11:59:00-04:00,short,15120.247136821468,15120.247136821468,BE,0.0,2021-07-14,-4152.44
2021-08-10,2021-08-10 09:34:00-04:00,2021-08-10 15:00:00-04:00,short,15131.453675077988,15052.5,cutoff,78.95,2021-07-23,-4073.49
2021-08-11,2021-08-11 09:39:00-04:00,2021-08-11 15:00:00-04:00,short,15086.052130476923,15013.75,cutoff,72.3,2021-07-30,-4001.19
2021-08-12,2021-08-12 09:35:00-04:00,2021-08-12 15:00:00-04:00,long,14970.770581591882,15075.5,cutoff,104.73,2021-08-06,-3896.46
2021-08-13,2021-08-13 09:35:00-04:00,2021-08-13 15:00:00-04:00,short,15086.052130476923,15107.75,cutoff,-21.7,2021-07-30,-3918.16
2021-08-16,2021-08-16 09:31:00-04:00,2021-08-16 14:08:00-04:00,short,15086.052130476923,15086.052130476923,BE,0.0,2021-07-30,-3918.16
2021-08-17,2021-08-17 09:36:00-04:00,2021-08-17 10:28:00-04:00,short,15012.191094334647,15012.191094334647,BE,0.0,2021-07-22,-3918.16
2021-08-18,2021-08-18 09:51:00-04:00,2021-08-18 15:00:00-04:00,short,15012.191094334647,14988.5,cutoff,23.69,2021-07-22,-3894.47
2021-08-19,2021-08-19 09:32:00-04:00,2021-08-19 15:00:00-04:00,long,14820.000132088157,14935.25,cutoff,115.25,2021-08-02,-3779.22
2021-08-20,2021-08-20 09:31:00-04:00,2021-08-20 15:00:00-04:00,long,14966.471670240944,15065.5,cutoff,99.03,2021-08-10,-3680.19
2021-08-23,2021-08-23 09:32:00-04:00,2021-08-23 11:34:00-04:00,short,15160.25267047382,15285.25267047382,SL,-125.0,2021-08-12,-3805.19
2021-08-24,2021-08-24 10:09:00-04:00,2021-08-24 11:18:00-04:00,short,15364.265950275054,15364.265950275054,BE,0.0,2021-08-23,-3805.19
2021-08-25,2021-08-25 10:08:00-04:00,2021-08-25 11:43:00-04:00,short,15364.265950275054,15364.265950275054,BE,0.0,2021-08-23,-3805.19
2021-08-26,2021-08-26 10:06:00-04:00,2021-08-26 15:00:00-04:00,short,15364.265950275054,15294.0,cutoff,70.27,2021-08-23,-3734.92
2021-08-27,2021-08-27 09:40:00-04:00,2021-08-27 10:17:00-04:00,short,15293.903329759056,15418.903329759056,SL,-125.0,2021-08-10,-3859.92
2021-08-30,2021-08-30 09:33:00-04:00,2021-08-30 13:52:00-04:00,short,15484.655610356942,15609.655610356942,SL,-125.0,2021-08-24,-3984.92
2021-08-31,2021-08-31 09:37:00-04:00,2021-08-31 10:24:00-04:00,short,15552.237212514417,15552.237212514417,BE,0.0,2021-08-27,-3984.92
2021-09-01,2021-09-01 09:44:00-04:00,2021-09-01 10:29:00-04:00,short,15671.691483257986,15671.691483257986,BE,0.0,2021-08-30,-3984.92
2021-09-02,2021-09-02 09:34:00-04:00,2021-09-02 15:00:00-04:00,short,15671.691483257986,15598.5,cutoff,73.19,2021-08-30,-3911.73
2021-09-07,2021-09-07 10:49:00-04:00,2021-09-07 11:55:00-04:00,short,15671.691483257986,15671.691483257986,BE,0.0,2021-08-30,-3911.73
2021-09-08,2021-09-08 10:38:00-04:00,2021-09-08 11:32:00-04:00,long,15570.883865846456,15570.883865846456,BE,0.0,2021-09-06,-3911.73
2021-09-09,2021-09-09 09:45:00-04:00,2021-09-09 15:00:00-04:00,short,15671.691483257986,15597.75,cutoff,73.94,2021-08-30,-3837.79
2021-09-10,2021-09-10 10:33:00-04:00,2021-09-10 11:18:00-04:00,long,15570.883865846456,15570.883865846456,BE,0.0,2021-09-06,-3837.79
2021-09-13,2021-09-13 09:32:00-04:00,2021-09-13 11:19:00-04:00,short,15552.237212514417,15366.25,TP,185.99,2021-08-27,-3651.8
2021-09-14,2021-09-14 09:32:00-04:00,2021-09-14 14:20:00-04:00,long,15501.736134071361,15376.736134071361,SL,-125.0,2021-09-02,-3776.8
2021-09-15,2021-09-15 09:31:00-04:00,2021-09-15 15:00:00-04:00,long,15415.380775283047,15476.5,cutoff,61.12,2021-08-31,-3715.68
2021-09-16,2021-09-16 09:34:00-04:00,2021-09-16 15:00:00-04:00,long,15461.689060791025,15493.5,cutoff,31.81,2021-09-10,-3683.87
2021-09-17,2021-09-17 09:36:00-04:00,2021-09-17 11:53:00-04:00,long,15415.380775283047,15290.380775283047,SL,-125.0,2021-08-31,-3808.87
2021-09-20,2021-09-20 09:32:00-04:00,2021-09-20 11:50:00-04:00,long,15103.137787485583,14978.137787485583,SL,-125.0,2021-08-27,-3933.87
2021-09-21,2021-09-21 09:56:00-04:00,2021-09-21 10:54:00-04:00,long,15103.137787485583,14978.137787485583,SL,-125.0,2021-08-27,-4058.87
2021-09-22,2021-09-22 10:08:00-04:00,2021-09-22 14:00:00-04:00,long,15103.137787485583,15103.137787485583,BE,0.0,2021-08-27,-4058.87
2021-09-23,2021-09-23 09:31:00-04:00,2021-09-23 15:00:00-04:00,long,15224.9403948474,15330.0,cutoff,105.06,2021-09-13,-3953.81
2021-09-24,2021-09-24 09:39:00-04:00,2021-09-24 10:33:00-04:00,long,15224.9403948474,15224.9403948474,BE,0.0,2021-09-13,-3953.81
2021-09-24,2021-09-24 10:39:00-04:00,2021-09-24 15:00:00-04:00,long,15241.178088679098,15302.5,cutoff,61.32,2021-09-16,-3892.49
2021-09-27,2021-09-27 09:32:00-04:00,2021-09-27 15:00:00-04:00,long,15177.757575355927,15198.25,cutoff,20.49,2021-09-15,-3872.0
2021-09-28,2021-09-28 09:33:00-04:00,2021-09-28 10:15:00-04:00,long,14996.315256417569,14871.315256417569,SL,-125.0,2021-09-23,-3997.0
2021-09-29,2021-09-29 09:32:00-04:00,2021-09-29 10:31:00-04:00,long,14832.556144648473,14832.556144648473,BE,0.0,2021-09-21,-3997.0
2021-09-29,2021-09-29 10:36:00-04:00,2021-09-29 13:41:00-04:00,long,14839.076622902856,14714.076622902856,SL,-125.0,2021-09-22,-4122.0
2021-09-30,2021-09-30 09:37:00-04:00,2021-09-30 11:48:00-04:00,long,14859.188804951025,14734.188804951025,SL,-125.0,2021-09-20,-4247.0
2021-10-01,2021-10-01 09:31:00-04:00,2021-10-01 10:15:00-04:00,long,14700.565788853175,14575.565788853175,SL,-125.0,2021-09-28,-4372.0
2021-10-04,2021-10-04 09:32:00-04:00,2021-10-04 09:48:00-04:00,long,14700.565788853175,14575.565788853175,SL,-125.0,2021-09-28,-4497.0
2021-10-05,2021-10-05 10:05:00-04:00,2021-10-05 15:00:00-04:00,long,14599.441719688431,14733.25,cutoff,133.81,2021-09-29,-4363.19
2021-10-06,2021-10-06 09:41:00-04:00,2021-10-06 11:21:00-04:00,long,14599.441719688431,14599.441719688431,BE,0.0,2021-09-29,-4363.19
2021-10-07,2021-10-07 09:59:00-04:00,2021-10-07 15:00:00-04:00,short,14955.978758632344,14927.25,cutoff,28.73,2021-10-04,-4334.46
2021-10-08,2021-10-08 09:36:00-04:00,2021-10-08 10:39:00-04:00,long,14859.188804951025,14859.188804951025,BE,0.0,2021-09-20,-4334.46
2021-10-08,2021-10-08 10:40:00-04:00,2021-10-08 11:33:00-04:00,long,14839.076622902856,14839.076622902856,BE,0.0,2021-09-22,-4334.46
2021-10-11,2021-10-11 09:35:00-04:00,2021-10-11 15:00:00-04:00,short,14790.825392440318,14795.75,cutoff,-4.92,2021-10-05,-4339.38
2021-10-12,2021-10-12 09:32:00-04:00,2021-10-12 15:00:00-04:00,long,14720.10499822078,14670.25,cutoff,-49.85,2021-10-08,-4389.23
2021-10-13,2021-10-13 09:33:00-04:00,2021-10-13 15:00:00-04:00,long,14720.10499822078,14744.0,cutoff,23.9,2021-10-08,-4365.33
2021-10-14,2021-10-14 09:43:00-04:00,2021-10-14 15:00:00-04:00,short,14938.793156548334,15039.5,cutoff,-100.71,2021-10-13,-4466.04
2021-10-15,2021-10-15 09:32:00-04:00,2021-10-15 10:19:00-04:00,short,15065.183280311569,15065.183280311569,BE,0.0,2021-09-29,-4466.04
2021-10-15,2021-10-15 10:29:00-04:00,2021-10-15 15:00:00-04:00,long,15050.330935754642,15115.25,cutoff,64.92,2021-09-24,-4401.12
2021-10-18,2021-10-18 09:35:00-04:00,2021-10-18 11:07:00-04:00,short,15065.183280311569,15190.183280311569,SL,-125.0,2021-09-29,-4526.12
2021-10-19,2021-10-19 10:58:00-04:00,2021-10-19 11:44:00-04:00,short,15374.50773238502,15374.50773238502,BE,0.0,2021-09-27,-4526.12
2021-10-21,2021-10-21 09:41:00-04:00,2021-10-21 15:00:00-04:00,short,15374.50773238502,15440.5,cutoff,-65.99,2021-09-27,-4592.11
2021-10-27,2021-10-27 09:35:00-04:00,2021-10-27 13:24:00-04:00,short,15579.37207458463,15704.37207458463,SL,-125.0,2021-10-22,-4717.11
2021-11-01,2021-11-01 09:39:00-04:00,2021-11-01 10:26:00-04:00,short,15820.419023836192,15820.419023836192,BE,0.0,2021-10-29,-4717.11
2021-11-01,2021-11-01 10:39:00-04:00,2021-11-01 15:00:00-04:00,short,15806.826487759488,15825.75,cutoff,-18.92,2021-10-26,-4736.03
2021-11-05,2021-11-05 09:33:00-04:00,2021-11-05 15:00:00-04:00,short,16425.401381401833,16368.25,cutoff,57.15,2021-11-04,-4678.88
2021-11-09,2021-11-09 09:58:00-05:00,2021-11-09 11:12:00-05:00,long,16240.353578456474,16240.353578456474,BE,0.0,2021-11-05,-4678.88
2021-11-10,2021-11-10 09:32:00-05:00,2021-11-10 13:06:00-05:00,long,16056.304931374681,16056.304931374681,BE,0.0,2021-11-09,-4678.88
2021-11-11,2021-11-11 09:38:00-05:00,2021-11-11 10:42:00-05:00,short,16076.619466408012,16076.619466408012,BE,0.0,2021-11-02,-4678.88
2021-11-12,2021-11-12 09:33:00-05:00,2021-11-12 10:45:00-05:00,short,16076.619466408012,16076.619466408012,BE,0.0,2021-11-02,-4678.88
2021-11-15,2021-11-15 09:32:00-05:00,2021-11-15 15:00:00-05:00,short,16237.909274838707,16175.0,cutoff,62.91,2021-11-12,-4615.97
2021-11-16,2021-11-16 09:36:00-05:00,2021-11-16 10:22:00-05:00,short,16237.909274838707,16237.909274838707,BE,0.0,2021-11-12,-4615.97
2021-11-18,2021-11-18 09:31:00-05:00,2021-11-18 11:18:00-05:00,short,16386.3542351281,16386.3542351281,BE,0.0,2021-11-16,-4615.97
2021-11-19,2021-11-19 09:32:00-05:00,2021-11-19 15:00:00-05:00,short,16533.348439223577,16582.25,cutoff,-48.9,2021-11-08,-4664.87
2021-11-22,2021-11-22 10:04:00-05:00,2021-11-22 11:56:00-05:00,short,16756.992745632924,16502.75,TP,254.24,2021-11-19,-4410.63
2021-11-23,2021-11-23 09:44:00-05:00,2021-11-23 10:38:00-05:00,long,16358.632254367074,16233.632254367074,SL,-125.0,2021-11-19,-4535.63
2021-11-24,2021-11-24 09:31:00-05:00,2021-11-24 15:00:00-05:00,long,16172.026560776421,16324.5,cutoff,152.47,2021-11-08,-4383.16
2021-11-25,2021-11-25 09:35:00-05:00,2021-11-25 12:59:00-05:00,short,16386.3542351281,16404.5,cutoff,-18.15,2021-11-16,-4401.31
2021-11-26,2021-11-26 09:31:00-05:00,2021-11-26 11:25:00-05:00,short,16273.028589163645,16051.0,TP,222.03,2021-11-11,-4179.28
2021-11-29,2021-11-29 09:31:00-05:00,2021-11-29 12:34:00-05:00,short,16273.028589163645,16398.028589163645,SL,-125.0,2021-11-11,-4304.28
2021-11-30,2021-11-30 09:33:00-05:00,2021-11-30 10:36:00-05:00,long,16358.632254367074,16358.632254367074,BE,0.0,2021-11-19,-4304.28
2021-11-30,2021-11-30 10:51:00-05:00,2021-11-30 15:00:00-05:00,short,16273.028589163645,16150.75,cutoff,122.28,2021-11-11,-4182.0
2021-12-01,2021-12-01 10:03:00-05:00,2021-12-01 12:59:00-05:00,long,16358.632254367074,16233.632254367074,SL,-125.0,2021-11-19,-4307.0
2021-12-02,2021-12-02 09:33:00-05:00,2021-12-02 10:18:00-05:00,long,15853.909696935905,15853.909696935905,BE,0.0,2021-11-10,-4307.0
2021-12-02,2021-12-02 10:24:00-05:00,2021-12-02 11:47:00-05:00,long,15871.965725161293,15871.965725161293,BE,0.0,2021-11-12,-4307.0
2021-12-03,2021-12-03 09:32:00-05:00,2021-12-03 09:49:00-05:00,long,16056.304931374681,15931.304931374681,SL,-125.0,2021-11-09,-4432.0
2021-12-07,2021-12-07 09:33:00-05:00,2021-12-07 14:01:00-05:00,long,16143.1823643428,16323.25,TP,180.07,2021-11-17,-4251.93
2021-12-08,2021-12-08 09:32:00-05:00,2021-12-08 15:00:00-05:00,short,16273.028589163645,16367.75,cutoff,-94.72,2021-11-11,-4346.65
2021-12-09,2021-12-09 09:32:00-05:00,2021-12-09 13:47:00-05:00,long,16358.632254367074,16233.632254367074,SL,-125.0,2021-11-19,-4471.65
2021-12-10,2021-12-10 09:45:00-05:00,2021-12-10 10:35:00-05:00,long,16226.186692272446,16226.186692272446,BE,0.0,2021-11-25,-4471.65
2021-12-10,2021-12-10 10:36:00-05:00,2021-12-10 11:43:00-05:00,short,16221.309859915767,16221.309859915767,BE,0.0,2021-12-02,-4471.65
2021-12-13,2021-12-13 10:24:00-05:00,2021-12-13 15:00:00-05:00,long,16226.186692272446,16192.75,cutoff,-33.44,2021-11-25,-4505.09
2021-12-14,2021-12-14 09:38:00-05:00,2021-12-14 10:55:00-05:00,long,15931.566400186064,15806.566400186064,SL,-125.0,2021-11-24,-4630.09
2021-12-15,2021-12-15 09:32:00-05:00,2021-12-15 12:20:00-05:00,long,15869.1494347324,15744.1494347324,SL,-125.0,2021-12-07,-4755.09
2021-12-16,2021-12-16 09:41:00-05:00,2021-12-16 10:07:00-05:00,long,16226.186692272446,16101.186692272446,SL,-125.0,2021-11-25,-4880.09
2021-12-17,2021-12-17 09:42:00-05:00,2021-12-17 10:50:00-05:00,long,15660.17671606175,15861.5,TP,201.32,2021-12-14,-4678.77
2021-12-17,2021-12-17 10:56:00-05:00,2021-12-17 12:07:00-05:00,long,15869.1494347324,15744.1494347324,SL,-125.0,2021-12-07,-4803.77
2021-12-20,2021-12-20 10:58:00-05:00,2021-12-20 15:00:00-05:00,long,15538.9746333709,15596.75,cutoff,57.78,2021-12-03,-4745.99
2021-12-21,2021-12-21 10:03:00-05:00,2021-12-21 14:39:00-05:00,long,15660.17671606175,15926.75,TP,266.57,2021-12-14,-4479.42
2021-12-22,2021-12-22 09:31:00-05:00,2021-12-22 15:00:00-05:00,long,15951.094167052801,16115.0,cutoff,163.91,2021-11-26,-4315.51
2021-12-23,2021-12-23 09:32:00-05:00,2021-12-23 13:28:00-05:00,short,16200.362242887906,16325.362242887906,SL,-125.0,2021-12-22,-4440.51
2021-12-27,2021-12-27 09:32:00-05:00,2021-12-27 11:13:00-05:00,short,16403.39085923301,16528.39085923301,SL,-125.0,2021-12-23,-4565.51
2021-12-28,2021-12-28 09:32:00-05:00,2021-12-28 10:35:00-05:00,short,16572.19648581951,16572.19648581951,BE,0.0,2021-12-01,-4565.51
2021-12-28,2021-12-28 10:43:00-05:00,2021-12-28 11:54:00-05:00,short,16546.317585297707,16546.317585297707,BE,0.0,2021-12-08,-4565.51
2021-12-29,2021-12-29 09:31:00-05:00,2021-12-29 15:00:00-05:00,short,16544.69953135999,16498.25,cutoff,46.45,2021-12-13,-4519.06
2021-12-30,2021-12-30 09:36:00-05:00,2021-12-30 15:00:00-05:00,short,16514.47586666108,16524.25,cutoff,-9.77,2021-12-10,-4528.83
2021-12-31,2021-12-31 09:31:00-05:00,2021-12-31 10:19:00-05:00,short,16420.0253666291,16420.0253666291,BE,0.0,2021-12-03,-4528.83
2021-12-31,2021-12-31 10:26:00-05:00,2021-12-31 11:28:00-05:00,short,16403.39085923301,16403.39085923301,BE,0.0,2021-12-23,-4528.83
2022-01-03,2022-01-03 09:34:00-05:00,2022-01-03 13:41:00-05:00,short,16444.1005652676,16444.1005652676,BE,0.0,2021-12-07,-4528.83
2022-01-04,2022-01-04 10:29:00-05:00,2022-01-04 11:00:00-05:00,short,16403.39085923301,16223.25,TP,180.14,2021-12-23,-4348.69
2022-01-05,2022-01-05 09:31:00-05:00,2022-01-05 10:25:00-05:00,short,16200.362242887906,16200.362242887906,BE,0.0,2021-12-22,-4348.69
2022-01-05,2022-01-05 10:28:00-05:00,2022-01-05 12:37:00-05:00,long,16203.634290688531,16078.634290688531,SL,-125.0,2021-12-31,-4473.69
2022-01-06,2022-01-06 09:36:00-05:00,2022-01-06 10:06:00-05:00,short,15823.338074885565,15641.5,TP,181.84,2021-12-20,-4291.85
2022-01-06,2022-01-06 10:09:00-05:00,2022-01-06 10:57:00-05:00,long,15654.603758391648,15846.5,TP,191.9,2021-12-15,-4099.95
2022-01-07,2022-01-07 09:31:00-05:00,2022-01-07 10:38:00-05:00,long,15750.887757112094,15625.887757112094,SL,-125.0,2021-12-22,-4224.95
2022-01-10,2022-01-10 09:31:00-05:00,2022-01-10 10:02:00-05:00,long,15355.536925114435,15230.536925114435,SL,-125.0,2021-12-20,-4349.95
2022-01-11,2022-01-11 10:12:00-05:00,2022-01-11 11:06:00-05:00,short,15645.538295963997,15645.538295963997,BE,0.0,2022-01-10,-4349.95
2022-01-12,2022-01-12 09:35:00-05:00,2022-01-12 10:31:00-05:00,long,15946.121477519668,15946.121477519668,BE,0.0,2021-12-16,-4349.95
2022-01-13,2022-01-13 09:31:00-05:00,2022-01-13 10:32:00-05:00,long,15946.121477519668,15821.121477519668,SL,-125.0,2021-12-16,-4474.95
2022-01-14,2022-01-14 09:33:00-05:00,2022-01-14 11:07:00-05:00,long,15446.47747178147,15446.47747178147,BE,0.0,2021-12-17,-4474.95
2022-01-18,2022-01-18 09:35:00-05:00,2022-01-18 11:08:00-05:00,long,15288.82998890561,15288.82998890561,BE,0.0,2022-01-11,-4474.95
2022-01-19,2022-01-19 09:33:00-05:00,2022-01-19 10:27:00-05:00,long,15288.82998890561,15288.82998890561,BE,0.0,2022-01-11,-4474.95
2022-01-20,2022-01-20 10:38:00-05:00,2022-01-20 14:12:00-05:00,long,15288.82998890561,15163.82998890561,SL,-125.0,2022-01-11,-4599.95
2022-01-26,2022-01-26 10:45:00-05:00,2022-01-26 12:46:00-05:00,long,14333.793796523118,14526.5,TP,192.71,2022-01-21,-4407.24
2022-01-27,2022-01-27 09:33:00-05:00,2022-01-27 10:23:00-05:00,long,14333.793796523118,14333.793796523118,BE,0.0,2022-01-21,-4407.24
2022-01-28,2022-01-28 09:33:00-05:00,2022-01-28 09:48:00-05:00,long,13994.623343442407,13869.623343442407,SL,-125.0,2022-01-27,-4532.24
2022-01-31,2022-01-31 09:39:00-05:00,2022-01-31 10:07:00-05:00,short,14545.049395246057,14670.049395246057,SL,-125.0,2022-01-24,-4657.24
2022-02-01,2022-02-01 10:02:00-05:00,2022-02-01 10:47:00-05:00,short,14779.71291498388,14779.71291498388,BE,0.0,2022-01-26,-4657.24
2022-02-02,2022-02-02 09:31:00-05:00,2022-02-02 11:09:00-05:00,long,15125.980470062965,15000.980470062965,SL,-125.0,2022-01-14,-4782.24
2022-02-03,2022-02-03 09:38:00-05:00,2022-02-03 14:55:00-05:00,short,14779.71291498388,14589.0,TP,190.71,2022-01-26,-4591.53
2022-02-04,2022-02-04 09:35:00-05:00,2022-02-04 10:16:00-05:00,long,14452.756770548807,14635.5,TP,182.74,2022-02-03,-4408.79
2022-02-04,2022-02-04 10:18:00-05:00,2022-02-04 11:16:00-05:00,short,14659.001656557593,14471.75,TP,187.25,2022-01-27,-4221.54
2022-02-07,2022-02-07 09:42:00-05:00,2022-02-07 11:50:00-05:00,short,14779.71291498388,14597.5,TP,182.21,2022-01-26,-4039.33
2022-02-08,2022-02-08 09:31:00-05:00,2022-02-08 10:17:00-05:00,short,14545.049395246057,14545.049395246057,BE,0.0,2022-01-24,-4039.33
2022-02-08,2022-02-08 10:45:00-05:00,2022-02-08 11:46:00-05:00,short,14579.523183272082,14704.523183272082,SL,-125.0,2022-01-25,-4164.33
2022-02-09,2022-02-09 09:33:00-05:00,2022-02-09 10:36:00-05:00,short,14934.757318438846,14934.757318438846,BE,0.0,2022-01-31,-4164.33
2022-02-10,2022-02-10 09:31:00-05:00,2022-02-10 09:51:00-05:00,short,14768.196394257095,14893.196394257095,SL,-125.0,2022-02-08,-4289.33
2022-02-11,2022-02-11 09:35:00-05:00,2022-02-11 11:16:00-05:00,long,14686.470129208425,14561.470129208425,SL,-125.0,2022-02-09,-4414.33
2022-02-14,2022-02-14 09:32:00-05:00,2022-02-14 13:53:00-05:00,long,14196.16912268458,14196.16912268458,BE,0.0,2022-02-04,-4414.33
2022-02-15,2022-02-15 09:31:00-05:00,2022-02-15 10:21:00-05:00,long,14461.172062692864,14461.172062692864,BE,0.0,2022-02-07,-4414.33
2022-02-15,2022-02-15 10:22:00-05:00,2022-02-15 12:47:00-05:00,long,14452.756770548807,14452.756770548807,BE,0.0,2022-02-03,-4414.33
2022-02-16,2022-02-16 09:32:00-05:00,2022-02-16 15:00:00-05:00,long,14470.41572822041,14587.0,cutoff,116.58,2022-02-10,-4297.75
2022-02-17,2022-02-17 09:32:00-05:00,2022-02-17 10:46:00-05:00,long,14452.756770548807,14327.756770548807,SL,-125.0,2022-02-03,-4422.75
2022-02-18,2022-02-18 09:31:00-05:00,2022-02-18 10:30:00-05:00,long,14196.16912268458,14071.16912268458,SL,-125.0,2022-02-04,-4547.75
2022-02-21,2022-02-21 09:46:00-05:00,2022-02-21 10:48:00-05:00,long,13810.601816727918,13810.601816727918,BE,0.0,2022-01-25,-4547.75
2022-02-22,2022-02-22 09:33:00-05:00,2022-02-22 10:29:00-05:00,long,13887.148206149974,14084.5,TP,197.35,2022-02-18,-4350.4
2022-02-22,2022-02-22 10:43:00-05:00,2022-02-22 11:53:00-05:00,long,13994.623343442407,13869.623343442407,SL,-125.0,2022-01-27,-4475.4
2022-02-23,2022-02-23 09:31:00-05:00,2022-02-23 10:00:00-05:00,long,13994.623343442407,13869.623343442407,SL,-125.0,2022-01-27,-4600.4
2022-02-25,2022-02-25 09:31:00-05:00,2022-02-25 12:05:00-05:00,long,13943.896446618513,14149.5,TP,205.6,2022-02-14,-4394.8
2022-02-28,2022-02-28 09:39:00-05:00,2022-02-28 10:41:00-05:00,short,14078.253565031777,14203.253565031777,SL,-125.0,2022-02-21,-4519.8
2022-03-01,2022-03-01 09:32:00-05:00,2022-03-01 10:43:00-05:00,long,14167.059511726718,14167.059511726718,BE,0.0,2022-02-17,-4519.8
2022-03-02,2022-03-02 09:43:00-05:00,2022-03-02 10:29:00-05:00,short,14078.253565031777,14078.253565031777,BE,0.0,2022-02-21,-4519.8
2022-03-03,2022-03-03 09:32:00-05:00,2022-03-03 10:44:00-05:00,short,14321.309474498965,14109.25,TP,212.06,2022-02-28,-4307.74
2022-03-04,2022-03-04 09:31:00-05:00,2022-03-04 10:11:00-05:00,long,13953.51822142953,13828.51822142953,SL,-125.0,2022-03-03,-4432.74
2022-03-07,2022-03-07 09:34:00-05:00,2022-03-07 09:59:00-05:00,long,13812.940525501035,13687.940525501035,SL,-125.0,2022-02-28,-4557.74
2022-03-08,2022-03-08 09:44:00-05:00,2022-03-08 09:54:00-05:00,long,13364.883448128021,13239.883448128021,SL,-125.0,2022-03-07,-4682.74
2022-03-09,2022-03-09 09:31:00-05:00,2022-03-09 15:00:00-05:00,long,13583.380709007208,13723.0,cutoff,139.62,2022-02-22,-4543.12
2022-03-10,2022-03-10 10:18:00-05:00,2022-03-10 10:51:00-05:00,long,13583.380709007208,13458.380709007208,SL,-125.0,2022-02-22,-4668.12
2022-03-11,2022-03-11 09:38:00-05:00,2022-03-11 10:09:00-05:00,long,13650.556040944171,13525.556040944171,SL,-125.0,2022-02-25,-4793.12
2022-03-14,2022-03-14 09:47:00-04:00,2022-03-14 11:20:00-04:00,long,13285.748383831722,13285.748383831722,BE,0.0,2022-03-09,-4793.12
2022-03-15,2022-03-15 10:32:00-04:00,2022-03-15 12:03:00-04:00,long,13285.748383831722,13285.748383831722,BE,0.0,2022-03-09,-4793.12
2022-03-16,2022-03-16 09:31:00-04:00,2022-03-16 10:15:00-04:00,short,13656.920458119774,13781.920458119774,SL,-125.0,2022-02-24,-4918.12
2022-03-17,2022-03-17 09:39:00-04:00,2022-03-17 13:26:00-04:00,short,13889.501616168278,14014.501616168278,SL,-125.0,2022-03-09,-5043.12
2022-03-18,2022-03-18 09:36:00-04:00,2022-03-18 10:10:00-04:00,short,14078.253565031777,14203.253565031777,SL,-125.0,2022-02-21,-5168.12
2022-03-21,2022-03-21 09:38:00-04:00,2022-03-21 11:25:00-04:00,short,14418.448845951578,14418.448845951578,BE,0.0,2022-03-18,-5168.12
2022-03-22,2022-03-22 09:31:00-04:00,2022-03-22 10:09:00-04:00,short,14418.448845951578,14543.448845951578,SL,-125.0,2022-03-18,-5293.12
2022-03-24,2022-03-24 10:19:00-04:00,2022-03-24 11:01:00-04:00,short,14453.856455113139,14578.856455113139,SL,-125.0,2022-03-01,-5418.12
2022-03-25,2022-03-25 09:31:00-04:00,2022-03-25 10:24:00-04:00,short,14773.78829240921,14773.78829240921,BE,0.0,2022-03-23,-5418.12
2022-03-25,2022-03-25 10:27:00-04:00,2022-03-25 15:00:00-04:00,short,14757.37972984562,14738.5,cutoff,18.88,2022-03-22,-5399.24
2022-03-28,2022-03-28 09:31:00-04:00,2022-03-28 09:55:00-04:00,short,14773.78829240921,14898.78829240921,SL,-125.0,2022-03-23,-5524.24
2022-03-29,2022-03-29 10:15:00-04:00,2022-03-29 13:47:00-04:00,short,15057.055654262684,15182.055654262684,SL,-125.0,2022-03-28,-5649.24
2022-03-31,2022-03-31 10:02:00-04:00,2022-03-31 13:13:00-04:00,long,14970.528899214507,14970.528899214507,BE,0.0,2022-03-30,-5649.24
2022-04-01,2022-04-01 09:50:00-04:00,2022-04-01 10:39:00-04:00,long,14854.153631311128,14854.153631311128,BE,0.0,2022-03-29,-5649.24
2022-04-04,2022-04-04 09:40:00-04:00,2022-04-04 11:05:00-04:00,short,14969.360156797778,15094.360156797778,SL,-125.0,2022-03-25,-5774.24
2022-04-05,2022-04-05 09:31:00-04:00,2022-04-05 10:46:00-04:00,short,15120.949102656632,14938.25,TP,182.7,2022-04-01,-5591.54
2022-04-05,2022-04-05 10:53:00-04:00,2022-04-05 15:00:00-04:00,short,14969.360156797778,14870.5,cutoff,98.86,2022-03-25,-5492.68
2022-04-06,2022-04-06 09:44:00-04:00,2022-04-06 14:16:00-04:00,long,14535.264843202222,14410.264843202222,SL,-125.0,2022-03-25,-5617.68
2022-04-07,2022-04-07 09:35:00-04:00,2022-04-07 11:29:00-04:00,long,14535.264843202222,14410.264843202222,SL,-125.0,2022-03-25,-5742.68
2022-04-08,2022-04-08 09:34:00-04:00,2022-04-08 10:31:00-04:00,short,14418.448845951578,14418.448845951578,BE,0.0,2022-03-18,-5742.68
2022-04-11,2022-04-11 09:31:00-04:00,2022-04-11 10:49:00-04:00,long,14161.646099407772,14036.646099407772,SL,-125.0,2022-04-08,-5867.68
2022-04-12,2022-04-12 09:31:00-04:00,2022-04-12 10:37:00-04:00,long,14161.646099407772,14161.646099407772,BE,0.0,2022-04-08,-5867.68
2022-04-12,2022-04-12 10:48:00-04:00,2022-04-12 12:07:00-04:00,long,14121.37027015438,14121.37027015438,BE,0.0,2022-03-22,-5867.68
2022-04-13,2022-04-13 09:47:00-04:00,2022-04-13 15:00:00-04:00,long,14039.052082115206,14204.5,cutoff,165.45,2022-03-21,-5702.23
2022-04-14,2022-04-14 09:40:00-04:00,2022-04-14 10:09:00-04:00,long,14161.646099407772,14036.646099407772,SL,-125.0,2022-04-08,-5827.23
2022-04-18,2022-04-18 09:31:00-04:00,2022-04-18 11:22:00-04:00,long,13887.260336477626,13887.260336477626,BE,0.0,2022-04-14,-5827.23
2022-04-19,2022-04-19 09:31:00-04:00,2022-04-19 10:17:00-04:00,long,13887.260336477626,14072.0,TP,184.74,2022-04-14,-5642.49
2022-04-19,2022-04-19 11:00:00-04:00,2022-04-19 14:11:00-04:00,long,14121.37027015438,14121.37027015438,BE,0.0,2022-03-22,-5642.49
2022-04-20,2022-04-20 09:31:00-04:00,2022-04-20 10:01:00-04:00,short,14264.07134928854,14083.75,TP,180.32,2022-04-19,-5462.17
2022-04-21,2022-04-21 09:34:00-04:00,2022-04-21 11:32:00-04:00,short,14264.07134928854,14077.5,TP,186.57,2022-04-19,-5275.6
2022-04-22,2022-04-22 09:39:00-04:00,2022-04-22 11:41:00-04:00,long,13687.236151831392,13562.236151831392,SL,-125.0,2022-04-13,-5400.6
2022-04-25,2022-04-25 10:40:00-04:00,2022-04-25 11:15:00-04:00,long,13403.10441149463,13278.10441149463,SL,-125.0,2022-04-22,-5525.6
2022-04-26,2022-04-26 09:31:00-04:00,2022-04-26 09:54:00-04:00,long,13403.10441149463,13278.10441149463,SL,-125.0,2022-04-22,-5650.6
2022-04-27,2022-04-27 10:14:00-04:00,2022-04-27 12:34:00-04:00,long,13003.087684320895,13194.75,TP,191.66,2022-04-25,-5458.94
2022-04-29,2022-04-29 09:57:00-04:00,2022-04-29 10:17:00-04:00,long,13403.10441149463,13278.10441149463,SL,-125.0,2022-04-22,-5583.94
2022-05-02,2022-05-02 09:31:00-04:00,2022-05-02 14:19:00-04:00,long,12850.993023867017,12725.993023867017,SL,-125.0,2022-04-28,-5708.94
2022-05-03,2022-05-03 09:31:00-04:00,2022-05-03 10:43:00-04:00,long,13003.087684320895,13003.087684320895,BE,0.0,2022-04-25,-5708.94
2022-05-03,2022-05-03 10:44:00-04:00,2022-05-03 14:42:00-04:00,long,13000.695168842729,13000.695168842729,BE,0.0,2022-04-26,-5708.94
2022-05-04,2022-05-04 10:00:00-04:00,2022-05-04 14:46:00-04:00,long,13003.087684320895,13224.25,TP,221.16,2022-04-25,-5487.78
2022-05-05,2022-05-05 09:46:00-04:00,2022-05-05 10:22:00-04:00,short,13243.875556755043,13052.75,TP,191.13,2022-05-02,-5296.65
2022-05-05,2022-05-05 10:31:00-04:00,2022-05-05 11:09:00-04:00,long,13003.087684320895,12878.087684320895,SL,-125.0,2022-04-25,-5421.65
2022-05-06,2022-05-06 09:32:00-04:00,2022-05-06 09:36:00-04:00,long,12750.137825006215,12625.137825006215,SL,-125.0,2022-05-03,-5546.65
2022-05-09,2022-05-09 09:31:00-04:00,2022-05-09 10:28:00-04:00,long,12476.874443244957,12351.874443244957,SL,-125.0,2022-05-02,-5671.65
2022-05-10,2022-05-10 09:34:00-04:00,2022-05-10 09:48:00-04:00,long,12476.874443244957,12351.874443244957,SL,-125.0,2022-05-02,-5796.65
2022-05-11,2022-05-11 09:46:00-04:00,2022-05-11 10:52:00-04:00,long,12307.665710997568,12307.665710997568,BE,0.0,2022-05-06,-5796.65
2022-05-12,2022-05-12 09:49:00-04:00,2022-05-12 10:56:00-04:00,long,11852.015796082807,12055.25,TP,203.23,2022-05-11,-5593.42
2022-05-13,2022-05-13 09:33:00-04:00,2022-05-13 10:30:00-04:00,long,12122.912972747228,12318.25,TP,195.34,2022-05-10,-5398.08
2022-05-13,2022-05-13 10:44:00-04:00,2022-05-13 13:55:00-04:00,long,12307.665710997568,12307.665710997568,BE,0.0,2022-05-06,-5398.08
2022-05-16,2022-05-16 09:31:00-04:00,2022-05-16 10:33:00-04:00,long,12307.665710997568,12307.665710997568,BE,0.0,2022-05-06,-5398.08
2022-05-17,2022-05-17 09:31:00-04:00,2022-05-17 10:42:00-04:00,long,12476.874443244957,12351.874443244957,SL,-125.0,2022-05-02,-5523.08
2022-05-18,2022-05-18 09:42:00-04:00,2022-05-18 10:29:00-04:00,long,12307.665710997568,12307.665710997568,BE,0.0,2022-05-06,-5523.08
2022-05-18,2022-05-18 10:38:00-04:00,2022-05-18 12:28:00-04:00,short,12268.313117446343,12084.25,TP,184.06,2022-05-12,-5339.02
2022-05-19,2022-05-19 09:46:00-04:00,2022-05-19 11:40:00-04:00,long,11852.015796082807,12033.0,TP,180.98,2022-05-11,-5158.04
2022-05-20,2022-05-20 09:31:00-04:00,2022-05-20 10:21:00-04:00,long,12005.07189869616,11880.07189869616,SL,-125.0,2022-05-16,-5283.04
2022-05-23,2022-05-23 09:32:00-04:00,2022-05-23 15:00:00-04:00,long,11852.015796082807,11995.75,cutoff,143.73,2022-05-11,-5139.31
2022-05-24,2022-05-24 09:37:00-04:00,2022-05-24 10:01:00-04:00,long,11779.567880580866,11654.567880580866,SL,-125.0,2022-05-13,-5264.31
2022-05-25,2022-05-25 09:34:00-04:00,2022-05-25 14:07:00-04:00,long,11779.567880580866,11779.567880580866,BE,0.0,2022-05-13,-5264.31
2022-05-26,2022-05-26 09:43:00-04:00,2022-05-26 10:20:00-04:00,short,12058.985649560062,12183.985649560062,SL,-125.0,2022-05-25,-5389.31
2022-05-27,2022-05-27 09:42:00-04:00,2022-05-27 15:00:00-04:00,long,12476.874443244957,12615.5,cutoff,138.63,2022-05-02,-5250.68
2022-05-30,2022-05-30 09:37:00-04:00,2022-05-30 12:59:00-04:00,long,12750.137825006215,12810.0,cutoff,59.86,2022-05-03,-5190.82
2022-05-31,2022-05-31 09:34:00-04:00,2022-05-31 15:00:00-04:00,long,12581.52690726071,12632.0,cutoff,50.47,2022-05-30,-5140.35
2022-06-01,2022-06-01 09:31:00-04:00,2022-06-01 10:38:00-04:00,short,12783.688544628802,12586.75,TP,196.94,2022-05-09,-4943.41
2022-06-01,2022-06-01 10:39:00-04:00,2022-06-01 14:22:00-04:00,short,12595.80310130384,12595.80310130384,BE,0.0,2022-05-16,-4943.41
2022-06-02,2022-06-02 09:49:00-04:00,2022-06-02 10:34:00-04:00,short,12554.182119419134,12554.182119419134,BE,0.0,2022-05-13,-4943.41
2022-06-02,2022-06-02 10:47:00-04:00,2022-06-02 12:42:00-04:00,long,12581.52690726071,12774.5,TP,192.97,2022-05-30,-4750.44
2022-06-03,2022-06-03 09:32:00-04:00,2022-06-03 15:00:00-04:00,short,12705.734203917193,12577.0,cutoff,128.73,2022-05-11,-4621.71
2022-06-06,2022-06-06 09:35:00-04:00,2022-06-06 12:32:00-04:00,short,12748.128693461784,12561.5,TP,186.63,2022-05-17,-4435.08
2022-06-07,2022-06-07 09:31:00-04:00,2022-06-07 10:36:00-04:00,long,12439.248149815852,12631.5,TP,192.25,2022-06-03,-4242.83
2022-06-07,2022-06-07 10:46:00-04:00,2022-06-07 15:00:00-04:00,short,12705.734203917193,12666.5,cutoff,39.23,2022-05-11,-4203.6
2022-06-08,2022-06-08 09:49:00-04:00,2022-06-08 10:34:00-04:00,short,12748.128693461784,12748.128693461784,BE,0.0,2022-05-17,-4203.6
2022-06-08,2022-06-08 10:36:00-04:00,2022-06-08 11:21:00-04:00,short,12764.47816450088,12764.47816450088,BE,0.0,2022-06-07,-4203.6
2022-06-09,2022-06-09 09:31:00-04:00,2022-06-09 15:00:00-04:00,short,12554.182119419134,12439.75,cutoff,114.43,2022-05-13,-4089.17
2022-06-10,2022-06-10 09:31:00-04:00,2022-06-10 11:04:00-04:00,short,12058.985649560062,11876.25,TP,182.74,2022-05-25,-3906.43
2022-06-13,2022-06-13 09:34:00-04:00,2022-06-13 10:18:00-04:00,long,11557.214238785939,11432.214238785939,SL,-125.0,2022-05-19,-4031.43
2022-06-14,2022-06-14 09:31:00-04:00,2022-06-14 10:30:00-04:00,long,11412.8317476103,11287.8317476103,SL,-125.0,2022-05-24,-4156.43
2022-06-15,2022-06-15 09:36:00-04:00,2022-06-15 14:04:00-04:00,long,11463.889350439938,11463.889350439938,BE,0.0,2022-05-25,-4156.43
2022-06-16,2022-06-16 09:54:00-04:00,2022-06-16 10:50:00-04:00,long,11257.956617134842,11132.956617134842,SL,-125.0,2022-06-15,-4281.43
2022-06-17,2022-06-17 09:31:00-04:00,2022-06-17 10:19:00-04:00,long,11219.639261064722,11219.639261064722,BE,0.0,2022-06-13,-4281.43
2022-06-21,2022-06-21 09:32:00-04:00,2022-06-21 10:00:00-04:00,short,11507.124027557198,11632.124027557198,SL,-125.0,2022-06-17,-4406.43
2022-06-22,2022-06-22 09:31:00-04:00,2022-06-22 10:14:00-04:00,short,11507.124027557198,11632.124027557198,SL,-125.0,2022-06-17,-4531.43
2022-06-23,2022-06-23 09:31:00-04:00,2022-06-23 10:21:00-04:00,short,11673.508306826196,11673.508306826196,BE,0.0,2022-06-14,-4531.43
2022-06-23,2022-06-23 10:51:00-04:00,2022-06-23 13:01:00-04:00,long,11689.07406564783,11564.07406564783,SL,-125.0,2022-06-10,-4656.43
2022-06-24,2022-06-24 09:32:00-04:00,2022-06-24 10:00:00-04:00,short,11874.846477759074,11999.846477759074,SL,-125.0,2022-06-22,-4781.43
2022-06-27,2022-06-27 09:31:00-04:00,2022-06-27 09:41:00-04:00,long,12198.89683549912,12073.89683549912,SL,-125.0,2022-06-07,-4906.43
2022-06-29,2022-06-29 09:45:00-04:00,2022-06-29 15:00:00-04:00,long,11573.314839174785,11660.25,cutoff,86.94,2022-06-24,-4819.49
2022-06-30,2022-06-30 09:33:00-04:00,2022-06-30 11:23:00-04:00,short,11554.674231574641,11554.674231574641,BE,0.0,2022-06-16,-4819.49
2022-07-01,2022-07-01 09:33:00-04:00,2022-07-01 11:08:00-04:00,short,11507.124027557198,11507.124027557198,BE,0.0,2022-06-17,-4819.49
2022-07-04,2022-07-04 09:44:00-04:00,2022-07-04 11:01:00-04:00,short,11550.179976842752,11550.179976842752,BE,0.0,2022-06-20,-4819.49
2022-07-05,2022-07-05 10:14:00-04:00,2022-07-05 12:23:00-04:00,short,11507.124027557198,11632.124027557198,SL,-125.0,2022-06-17,-4944.49
2022-07-06,2022-07-06 09:31:00-04:00,2022-07-06 10:24:00-04:00,short,11818.83622306228,11818.83622306228,BE,0.0,2022-06-21,-4944.49
2022-07-06,2022-07-06 10:31:00-04:00,2022-07-06 11:21:00-04:00,short,11834.978672108253,11834.978672108253,BE,0.0,2022-06-30,-4944.49
2022-07-07,2022-07-07 09:33:00-04:00,2022-07-07 11:18:00-04:00,short,11946.652302507984,12071.652302507984,SL,-125.0,2022-06-29,-5069.49
2022-07-08,2022-07-08 09:39:00-04:00,2022-07-08 11:22:00-04:00,short,12064.931469469657,12189.931469469657,SL,-125.0,2022-07-06,-5194.49
2022-07-11,2022-07-11 09:37:00-04:00,2022-07-11 10:38:00-04:00,short,11946.652302507984,11946.652302507984,BE,0.0,2022-06-29,-5194.49
2022-07-12,2022-07-12 09:47:00-04:00,2022-07-12 15:00:00-04:00,short,11946.652302507984,11829.5,cutoff,117.15,2022-06-29,-5077.34
2022-07-13,2022-07-13 09:31:00-04:00,2022-07-13 10:43:00-04:00,long,11573.314839174785,11757.75,TP,184.44,2022-06-24,-4892.9
2022-07-13,2022-07-13 10:44:00-04:00,2022-07-13 12:52:00-04:00,short,11796.79142886207,11796.79142886207,BE,0.0,2022-07-01,-4892.9
2022-07-14,2022-07-14 09:31:00-04:00,2022-07-14 14:43:00-04:00,long,11624.902893102582,11810.25,TP,185.35,2022-07-12,-4707.55
2022-07-15,2022-07-15 09:32:00-04:00,2022-07-15 10:17:00-04:00,short,11946.652302507984,11946.652302507984,BE,0.0,2022-06-29,-4707.55
2022-07-18,2022-07-18 09:46:00-04:00,2022-07-18 11:40:00-04:00,short,12162.60462922617,12162.60462922617,BE,0.0,2022-07-15,-4707.55
2022-07-19,2022-07-19 09:31:00-04:00,2022-07-19 10:26:00-04:00,short,12064.931469469657,12064.931469469657,BE,0.0,2022-07-06,-4707.55
2022-07-20,2022-07-20 09:31:00-04:00,2022-07-20 10:29:00-04:00,short,12267.331807828947,12392.331807828947,SL,-125.0,2022-07-19,-4832.55
2022-07-21,2022-07-21 09:37:00-04:00,2022-07-21 12:06:00-04:00,short,12442.439464275212,12567.439464275212,SL,-125.0,2022-06-27,-4957.55
2022-07-25,2022-07-25 09:38:00-04:00,2022-07-25 15:00:00-04:00,long,12367.146538999308,12292.0,cutoff,-75.15,2022-07-22,-5032.7
2022-07-26,2022-07-26 09:31:00-04:00,2022-07-26 14:53:00-04:00,short,12286.607287286239,12106.25,TP,180.36,2022-07-08,-4852.34
2022-07-27,2022-07-27 09:33:00-04:00,2022-07-27 10:14:00-04:00,short,12292.55352235163,12417.55352235163,SL,-125.0,2022-07-11,-4977.34
2022-07-28,2022-07-28 09:31:00-04:00,2022-07-28 11:24:00-04:00,short,12639.16047529935,12639.16047529935,BE,0.0,2022-07-25,-4977.34
2022-07-29,2022-07-29 09:42:00-04:00,2022-07-29 15:00:00-04:00,short,12860.228461000692,12959.5,cutoff,-99.27,2022-07-22,-5076.61
2022-08-01,2022-08-01 09:33:00-04:00,2022-08-01 09:52:00-04:00,short,12860.228461000692,12985.228461000692,SL,-125.0,2022-07-22,-5201.61
2022-08-02,2022-08-02 10:11:00-04:00,2022-08-02 10:52:00-04:00,short,12860.228461000692,12985.228461000692,SL,-125.0,2022-07-22,-5326.61
2022-08-03,2022-08-03 09:38:00-04:00,2022-08-03 11:40:00-04:00,short,13088.189952220942,13213.189952220942,SL,-125.0,2022-07-29,-5451.61
2022-08-04,2022-08-04 09:35:00-04:00,2022-08-04 12:28:00-04:00,short,13312.843340278974,13312.843340278974,BE,0.0,2022-08-03,-5451.61
2022-08-05,2022-08-05 10:02:00-04:00,2022-08-05 15:00:00-04:00,short,13213.492773728021,13167.0,cutoff,46.49,2022-08-01,-5405.12
2022-08-08,2022-08-08 09:33:00-04:00,2022-08-08 15:00:00-04:00,short,13312.843340278974,13147.5,cutoff,165.34,2022-08-03,-5239.78
2022-08-09,2022-08-09 09:31:00-04:00,2022-08-09 15:00:00-04:00,long,13061.266921843504,13030.75,cutoff,-30.52,2022-08-04,-5270.3
2022-08-10,2022-08-10 09:33:00-04:00,2022-08-10 10:40:00-04:00,short,13312.843340278974,13312.843340278974,BE,0.0,2022-08-03,-5270.3
2022-08-11,2022-08-11 09:32:00-04:00,2022-08-11 15:00:00-04:00,short,13494.733078156496,13320.25,cutoff,174.48,2022-08-04,-5095.82
2022-08-12,2022-08-12 10:10:00-04:00,2022-08-12 11:01:00-04:00,short,13439.758793471228,13439.758793471228,BE,0.0,2022-08-05,-5095.82
2022-08-15,2022-08-15 09:43:00-04:00,2022-08-15 10:28:00-04:00,short,13561.306199819333,13561.306199819333,BE,0.0,2022-08-08,-5095.82
2022-08-16,2022-08-16 09:54:00-04:00,2022-08-16 11:16:00-04:00,short,13606.256169569082,13606.256169569082,BE,0.0,2022-08-12,-5095.82
2022-08-17,2022-08-17 09:32:00-04:00,2022-08-17 14:03:00-04:00,short,13539.715846427483,13539.715846427483,BE,0.0,2022-08-10,-5095.82
2022-08-18,2022-08-18 09:44:00-04:00,2022-08-18 10:40:00-04:00,short,13494.733078156496,13494.733078156496,BE,0.0,2022-08-04,-5095.82
2022-08-19,2022-08-19 09:32:00-04:00,2022-08-19 10:10:00-04:00,long,13416.578272901235,13291.578272901235,SL,-125.0,2022-08-16,-5220.82
2022-08-22,2022-08-22 09:31:00-04:00,2022-08-22 15:00:00-04:00,short,13088.189952220942,12903.5,cutoff,184.69,2022-07-29,-5036.13
2022-08-23,2022-08-23 09:43:00-04:00,2022-08-23 11:01:00-04:00,long,12890.741206528772,12890.741206528772,BE,0.0,2022-08-05,-5036.13
2022-08-24,2022-08-24 09:31:00-04:00,2022-08-24 15:00:00-04:00,long,12890.741206528772,12939.75,cutoff,49.01,2022-08-05,-4987.12
2022-08-25,2022-08-25 10:17:00-04:00,2022-08-25 15:00:00-04:00,long,13061.266921843504,13065.5,cutoff,4.23,2022-08-04,-4982.89
2022-08-26,2022-08-26 09:35:00-04:00,2022-08-26 10:02:00-04:00,long,13148.997800446936,13023.997800446936,SL,-125.0,2022-08-19,-5107.89
2022-08-30,2022-08-30 10:46:00-04:00,2022-08-30 13:12:00-04:00,long,12284.974091751095,12284.974091751095,BE,0.0,2022-08-29,-5107.89
2022-09-02,2022-09-02 10:01:00-04:00,2022-09-02 12:33:00-04:00,long,12284.974091751095,12284.974091751095,BE,0.0,2022-08-29,-5107.89
2022-09-05,2022-09-05 09:36:00-04:00,2022-09-05 12:59:00-04:00,long,12122.82003138804,12136.0,cutoff,13.18,2022-09-02,-5094.71
2022-09-06,2022-09-06 09:32:00-04:00,2022-09-06 10:01:00-04:00,long,12122.82003138804,11997.82003138804,SL,-125.0,2022-09-02,-5219.71
2022-09-07,2022-09-07 09:49:00-04:00,2022-09-07 15:00:00-04:00,long,12122.82003138804,12271.75,cutoff,148.93,2022-09-02,-5070.78
2022-09-08,2022-09-08 09:34:00-04:00,2022-09-08 11:00:00-04:00,long,12122.82003138804,12343.25,TP,220.43,2022-09-02,-4850.35
2022-09-09,2022-09-09 09:32:00-04:00,2022-09-09 11:40:00-04:00,short,12452.290778087321,12577.290778087321,SL,-125.0,2022-09-08,-4975.35
2022-09-12,2022-09-12 09:34:00-04:00,2022-09-12 15:00:00-04:00,short,12763.025908248905,12795.5,cutoff,-32.47,2022-08-29,-5007.82
2022-09-13,2022-09-13 09:42:00-04:00,2022-09-13 14:55:00-04:00,short,12452.290778087321,12226.5,TP,225.79,2022-09-08,-4782.03
2022-09-14,2022-09-14 09:33:00-04:00,2022-09-14 10:26:00-04:00,long,12122.82003138804,12122.82003138804,BE,0.0,2022-09-02,-4782.03
2022-09-14,2022-09-14 10:44:00-04:00,2022-09-14 11:29:00-04:00,long,12201.692910855389,12201.692910855389,BE,0.0,2022-09-13,-4782.03
2022-09-15,2022-09-15 09:31:00-04:00,2022-09-15 10:28:00-04:00,long,12122.82003138804,12122.82003138804,BE,0.0,2022-09-02,-4782.03
2022-09-16,2022-09-16 09:40:00-04:00,2022-09-16 10:29:00-04:00,long,11841.776479599794,11841.776479599794,BE,0.0,2022-09-07,-4782.03
2022-09-19,2022-09-19 09:46:00-04:00,2022-09-19 15:00:00-04:00,long,11913.313166161024,11946.25,cutoff,32.94,2022-09-15,-4749.09
2022-09-20,2022-09-20 09:31:00-04:00,2022-09-20 15:00:00-04:00,long,11913.313166161024,11906.25,cutoff,-7.06,2022-09-15,-4756.15
2022-09-21,2022-09-21 09:34:00-04:00,2022-09-21 10:48:00-04:00,long,11943.492632717136,11943.492632717136,BE,0.0,2022-09-05,-4756.15
2022-09-22,2022-09-22 09:37:00-04:00,2022-09-22 11:23:00-04:00,long,11635.459348674045,11510.459348674045,SL,-125.0,2022-09-16,-4881.15
2022-09-23,2022-09-23 09:39:00-04:00,2022-09-23 14:12:00-04:00,long,11406.62824728022,11281.62824728022,SL,-125.0,2022-09-22,-5006.15
2022-09-27,2022-09-27 10:09:00-04:00,2022-09-27 11:23:00-04:00,long,11406.62824728022,11406.62824728022,BE,0.0,2022-09-22,-5006.15
2022-09-28,2022-09-28 10:30:00-04:00,2022-09-28 11:15:00-04:00,long,11406.62824728022,11406.62824728022,BE,0.0,2022-09-22,-5006.15
2022-09-29,2022-09-29 10:03:00-04:00,2022-09-29 15:00:00-04:00,long,11205.345983893674,11106.5,cutoff,-98.85,2022-09-27,-5105.0
2022-09-30,2022-09-30 09:31:00-04:00,2022-09-30 10:17:00-04:00,long,11200.453623716281,11200.453623716281,BE,0.0,2022-09-23,-5105.0
2022-10-03,2022-10-03 09:31:00-04:00,2022-10-03 15:00:00-04:00,long,11109.481280546639,11343.0,cutoff,233.52,2022-09-26,-4871.48
2022-10-04,2022-10-04 09:49:00-04:00,2022-10-04 15:00:00-04:00,short,11592.732172153286,11636.5,cutoff,-43.77,2022-09-28,-4915.25
2022-10-05,2022-10-05 10:03:00-04:00,2022-10-05 11:36:00-04:00,short,11443.811619535041,11443.811619535041,BE,0.0,2022-09-30,-4915.25
2022-10-06,2022-10-06 09:32:00-04:00,2022-10-06 15:00:00-04:00,long,11620.722659826417,11556.5,cutoff,-64.22,2022-09-19,-4979.47
2022-10-07,2022-10-07 09:31:00-04:00,2022-10-07 11:20:00-04:00,long,11320.090857567091,11195.090857567091,SL,-125.0,2022-10-06,-5104.47
2022-10-10,2022-10-10 09:31:00-04:00,2022-10-10 10:09:00-04:00,long,11109.481280546639,10984.481280546639,SL,-125.0,2022-09-26,-5229.47
2022-10-11,2022-10-11 09:56:00-04:00,2022-10-11 14:55:00-04:00,long,10839.30938560433,10839.30938560433,BE,0.0,2022-10-03,-5229.47
2022-10-12,2022-10-12 09:31:00-04:00,2022-10-12 10:16:00-04:00,long,10839.30938560433,10839.30938560433,BE,0.0,2022-10-03,-5229.47
2022-10-12,2022-10-12 10:17:00-04:00,2022-10-12 15:00:00-04:00,long,10828.911918928978,10857.0,cutoff,28.09,2022-10-10,-5201.38
2022-10-13,2022-10-13 09:53:00-04:00,2022-10-13 11:16:00-04:00,long,10612.661745419522,10800.0,TP,187.34,2022-10-12,-5014.04
2022-10-14,2022-10-14 09:34:00-04:00,2022-10-14 10:00:00-04:00,long,11109.481280546639,10984.481280546639,SL,-125.0,2022-09-26,-5139.04
2022-10-17,2022-10-17 09:37:00-04:00,2022-10-17 10:34:00-04:00,long,11076.392827846714,11076.392827846714,BE,0.0,2022-09-28,-5139.04
2022-10-17,2022-10-17 10:51:00-04:00,2022-10-17 15:00:00-04:00,long,11058.028823651668,11113.75,cutoff,55.72,2022-10-07,-5083.32
2022-10-18,2022-10-18 09:31:00-04:00,2022-10-18 10:26:00-04:00,long,11406.62824728022,11281.62824728022,SL,-125.0,2022-09-22,-5208.32
2022-10-19,2022-10-19 09:32:00-04:00,2022-10-19 15:00:00-04:00,short,11160.575769298055,11103.25,cutoff,57.33,2022-10-11,-5150.99
2022-10-20,2022-10-20 09:31:00-04:00,2022-10-20 10:09:00-04:00,short,11160.575769298055,11285.575769298055,SL,-125.0,2022-10-11,-5275.99
2022-10-21,2022-10-21 09:31:00-04:00,2022-10-21 12:06:00-04:00,long,11007.926225819625,11221.75,TP,213.82,2022-09-29,-5062.17
2022-10-24,2022-10-24 09:32:00-04:00,2022-10-24 15:00:00-04:00,long,11320.090857567091,11478.75,cutoff,158.66,2022-10-06,-4903.51
2022-10-25,2022-10-25 09:31:00-04:00,2022-10-25 11:39:00-04:00,short,11564.971176348332,11689.971176348332,SL,-125.0,2022-10-07,-5028.51
2022-10-26,2022-10-26 09:32:00-04:00,2022-10-26 10:38:00-04:00,short,11482.102199235662,11607.102199235662,SL,-125.0,2022-10-20,-5153.51
2022-10-27,2022-10-27 09:32:00-04:00,2022-10-27 10:25:00-04:00,short,11443.811619535041,11443.811619535041,BE,0.0,2022-09-30,-5153.51
2022-10-27,2022-10-27 10:31:00-04:00,2022-10-27 14:24:00-04:00,short,11436.856393169684,11252.75,TP,184.11,2022-10-19,-4969.4
2022-10-28,2022-10-28 09:33:00-04:00,2022-10-28 10:30:00-04:00,short,11282.132898557971,11407.132898557971,SL,-125.0,2022-10-17,-5094.4
2022-10-31,2022-10-31 09:31:00-04:00,2022-10-31 15:00:00-04:00,short,11520.847326126568,11468.5,cutoff,52.35,2022-10-14,-5042.05
2022-11-01,2022-11-01 09:46:00-04:00,2022-11-01 10:58:00-04:00,short,11548.815267270762,11365.0,TP,183.82,2022-10-28,-4858.23
2022-11-02,2022-11-02 09:31:00-04:00,2022-11-02 12:36:00-04:00,long,11320.090857567091,11195.090857567091,SL,-125.0,2022-10-06,-4983.23
2022-11-03,2022-11-03 09:34:00-04:00,2022-11-03 15:00:00-04:00,long,10828.911918928978,10809.5,cutoff,-19.41,2022-10-10,-5002.64
2022-11-04,2022-11-04 09:32:00-04:00,2022-11-04 09:44:00-04:00,long,10890.143606830316,10765.143606830316,SL,-125.0,2022-10-19,-5127.64
2022-11-07,2022-11-07 09:36:00-05:00,2022-11-07 10:24:00-05:00,long,10890.143606830316,10890.143606830316,BE,0.0,2022-10-19,-5127.64
2022-11-08,2022-11-08 09:33:00-05:00,2022-11-08 13:58:00-05:00,long,11032.598508387524,11032.598508387524,BE,0.0,2022-10-24,-5127.64
2022-11-09,2022-11-09 09:32:00-05:00,2022-11-09 10:33:00-05:00,long,10973.809732729238,10973.809732729238,BE,0.0,2022-10-28,-5127.64
2022-11-10,2022-11-10 09:41:00-05:00,2022-11-10 12:05:00-05:00,long,11295.296535945847,11476.75,TP,181.45,2022-10-25,-4946.19
2022-11-11,2022-11-11 09:45:00-05:00,2022-11-11 13:02:00-05:00,short,11657.433404218707,11782.433404218707,SL,-125.0,2022-10-18,-5071.19
2022-11-14,2022-11-14 09:35:00-05:00,2022-11-14 13:26:00-05:00,short,11747.73290059356,11872.73290059356,SL,-125.0,2022-10-26,-5196.19
2022-11-16,2022-11-16 09:31:00-05:00,2022-11-16 15:00:00-05:00,long,11815.542669975848,11767.25,cutoff,-48.29,2022-11-15,-5244.48
2022-11-17,2022-11-17 09:36:00-05:00,2022-11-17 15:00:00-05:00,long,11592.448534422849,11683.75,cutoff,91.3,2022-11-16,-5153.18
2022-11-18,2022-11-18 09:49:00-05:00,2022-11-18 15:00:00-05:00,short,11747.73290059356,11668.0,cutoff,79.73,2022-10-26,-5073.45
2022-11-21,2022-11-21 09:35:00-05:00,2022-11-21 15:00:00-05:00,short,11642.144347547288,11588.75,cutoff,53.39,2022-11-10,-5020.06
2022-11-22,2022-11-22 09:31:00-05:00,2022-11-22 10:32:00-05:00,long,11592.448534422849,11592.448534422849,BE,0.0,2022-11-16,-5020.06
2022-11-22,2022-11-22 10:49:00-05:00,2022-11-22 11:41:00-05:00,short,11642.144347547288,11642.144347547288,BE,0.0,2022-11-10,-5020.06
2022-11-23,2022-11-23 09:37:00-05:00,2022-11-23 15:00:00-05:00,short,11790.142005674923,11865.0,cutoff,-74.86,2022-11-22,-5094.92
2022-11-24,2022-11-24 09:42:00-05:00,2022-11-24 12:59:00-05:00,short,11911.900365803349,11910.75,cutoff,1.15,2022-11-11,-5093.77
2022-11-25,2022-11-25 09:31:00-05:00,2022-11-25 11:28:00-05:00,long,11787.196029486602,11787.196029486602,BE,0.0,2022-11-24,-5093.77
2022-11-29,2022-11-29 09:35:00-05:00,2022-11-29 10:55:00-05:00,long,11592.448534422849,11592.448534422849,BE,0.0,2022-11-16,-5093.77
2022-11-30,2022-11-30 09:31:00-05:00,2022-11-30 10:45:00-05:00,long,11531.556497706162,11531.556497706162,BE,0.0,2022-11-28,-5093.77
2022-12-01,2022-12-01 09:31:00-05:00,2022-12-01 10:53:00-05:00,short,12047.663495039484,12047.663495039484,BE,0.0,2022-11-18,-5093.77
2022-12-01,2022-12-01 10:56:00-05:00,2022-12-01 15:00:00-05:00,short,12035.428970513398,12083.0,cutoff,-47.57,2022-11-24,-5141.34
2022-12-02,2022-12-02 09:33:00-05:00,2022-12-02 15:00:00-05:00,short,11911.900365803349,11988.5,cutoff,-76.6,2022-11-11,-5217.94
2022-12-05,2022-12-05 09:35:00-05:00,2022-12-05 15:00:00-05:00,short,11951.589013564688,11768.0,cutoff,183.59,2022-11-25,-5034.35
2022-12-06,2022-12-06 09:31:00-05:00,2022-12-06 10:00:00-05:00,long,11787.196029486602,11662.196029486602,SL,-125.0,2022-11-24,-5159.35
2022-12-07,2022-12-07 09:35:00-05:00,2022-12-07 15:00:00-05:00,long,11549.211504960516,11500.5,cutoff,-48.71,2022-11-18,-5208.06
2022-12-08,2022-12-08 09:31:00-05:00,2022-12-08 15:00:00-05:00,long,11555.739174620234,11626.5,cutoff,70.76,2022-11-14,-5137.3
2022-12-09,2022-12-09 09:31:00-05:00,2022-12-09 15:00:00-05:00,long,11592.448534422849,11658.0,cutoff,65.55,2022-11-16,-5071.75
2022-12-12,2022-12-12 09:32:00-05:00,2022-12-12 10:28:00-05:00,short,11702.160192032788,11702.160192032788,BE,0.0,2022-11-30,-5071.75
2022-12-12,2022-12-12 10:30:00-05:00,2022-12-12 15:00:00-05:00,long,11677.698355199149,11761.75,cutoff,84.05,2022-12-02,-4987.7
2022-12-13,2022-12-13 10:32:00-05:00,2022-12-13 12:19:00-05:00,short,12101.919002100312,11899.0,TP,202.92,2022-12-05,-4784.78
2022-12-14,2022-12-14 09:31:00-05:00,2022-12-14 14:34:00-05:00,short,11951.589013564688,11754.75,TP,196.84,2022-11-25,-4587.94
2022-12-15,2022-12-15 09:31:00-05:00,2022-12-15 11:18:00-05:00,short,11702.160192032788,11485.75,TP,216.41,2022-11-30,-4371.53
2022-12-16,2022-12-16 09:33:00-05:00,2022-12-16 10:37:00-05:00,long,11443.71813437147,11318.71813437147,SL,-125.0,2022-11-21,-4496.53
2022-12-19,2022-12-19 09:32:00-05:00,2022-12-19 11:40:00-05:00,long,11315.876460299049,11190.876460299049,SL,-125.0,2022-12-08,-4621.53
2022-12-20,2022-12-20 09:32:00-05:00,2022-12-20 11:17:00-05:00,long,11121.328961004048,11121.328961004048,BE,0.0,2022-12-19,-4621.53
2022-12-21,2022-12-21 09:32:00-05:00,2022-12-21 15:00:00-05:00,long,11199.22694931163,11340.75,cutoff,141.52,2022-12-16,-4480.01
2022-12-22,2022-12-22 09:39:00-05:00,2022-12-22 11:11:00-05:00,long,11121.328961004048,10996.328961004048,SL,-125.0,2022-12-19,-4605.01
2022-12-23,2022-12-23 09:33:00-05:00,2022-12-23 15:00:00-05:00,long,11036.300929721321,11071.0,cutoff,34.7,2022-12-21,-4570.31
2022-12-27,2022-12-27 09:45:00-05:00,2022-12-27 13:56:00-05:00,long,10915.475907871558,10915.475907871558,BE,0.0,2022-12-20,-4570.31
2022-12-28,2022-12-28 10:26:00-05:00,2022-12-28 12:00:00-05:00,long,10915.475907871558,10790.475907871558,SL,-125.0,2022-12-20,-4695.31
2022-12-29,2022-12-29 09:36:00-05:00,2022-12-29 15:00:00-05:00,long,10906.194220248482,11030.25,cutoff,124.06,2022-12-22,-4571.25
2022-12-30,2022-12-30 09:31:00-05:00,2022-12-30 15:00:00-05:00,long,10915.475907871558,10904.75,cutoff,-10.73,2022-12-20,-4581.98
2023-01-03,2023-01-03 09:33:00-05:00,2023-01-03 10:30:00-05:00,short,11119.219818904501,10936.0,TP,183.22,2022-12-28,-4398.76
2023-01-03,2023-01-03 10:31:00-05:00,2023-01-03 15:00:00-05:00,long,10915.475907871558,10938.0,cutoff,22.52,2022-12-20,-4376.24
2023-01-04,2023-01-04 09:42:00-05:00,2023-01-04 10:04:00-05:00,long,11036.300929721321,10911.300929721321,SL,-125.0,2022-12-21,-4501.24
2023-01-05,2023-01-05 09:31:00-05:00,2023-01-05 15:00:00-05:00,long,10906.194220248482,10878.5,cutoff,-27.69,2022-12-22,-4528.93
2023-01-06,2023-01-06 09:36:00-05:00,2023-01-06 09:44:00-05:00,long,10915.475907871558,10790.475907871558,SL,-125.0,2022-12-20,-4653.93
2023-01-09,2023-01-09 09:31:00-05:00,2023-01-09 10:46:00-05:00,short,11232.564966598495,11357.564966598495,SL,-125.0,2022-12-27,-4778.93
2023-01-10,2023-01-10 09:33:00-05:00,2023-01-10 10:29:00-05:00,long,11199.22694931163,11199.22694931163,BE,0.0,2022-12-16,-4778.93
2023-01-10,2023-01-10 10:45:00-05:00,2023-01-10 15:00:00-05:00,long,11121.328961004048,11249.25,cutoff,127.92,2022-12-19,-4651.01
2023-01-11,2023-01-11 10:10:00-05:00,2023-01-11 11:15:00-05:00,short,11365.024092128442,11365.024092128442,BE,0.0,2022-12-20,-4651.01
2023-01-12,2023-01-12 09:37:00-05:00,2023-01-12 12:37:00-05:00,short,11423.199070278679,11548.199070278679,SL,-125.0,2022-12-21,-4776.01
2023-01-13,2023-01-13 09:33:00-05:00,2023-01-13 13:40:00-05:00,short,11430.629767914592,11555.629767914592,SL,-125.0,2023-01-09,-4901.01
2023-01-17,2023-01-17 10:00:00-05:00,2023-01-17 12:05:00-05:00,short,11631.48996521479,11631.48996521479,BE,0.0,2023-01-13,-4901.01
2023-01-18,2023-01-18 09:31:00-05:00,2023-01-18 13:26:00-05:00,short,11716.054661598511,11505.25,TP,210.8,2023-01-12,-4690.21
2023-01-19,2023-01-19 09:31:00-05:00,2023-01-19 15:00:00-05:00,long,11413.349099754087,11426.5,cutoff,13.15,2023-01-17,-4677.06
2023-01-20,2023-01-20 09:33:00-05:00,2023-01-20 11:29:00-05:00,short,11402.930779751518,11527.930779751518,SL,-125.0,2022-12-22,-4802.06
2023-01-23,2023-01-23 09:35:00-05:00,2023-01-23 10:22:00-05:00,short,11716.054661598511,11841.054661598511,SL,-125.0,2023-01-12,-4927.06
2023-01-24,2023-01-24 09:32:00-05:00,2023-01-24 15:00:00-05:00,short,11869.08571788345,11918.25,cutoff,-49.16,2023-01-18,-4976.22
2023-01-25,2023-01-25 09:32:00-05:00,2023-01-25 15:00:00-05:00,long,11693.33517488565,11859.0,cutoff,165.66,2023-01-24,-4810.56
2023-01-26,2023-01-26 09:32:00-05:00,2023-01-26 14:42:00-05:00,short,12061.53982511435,12061.53982511435,BE,0.0,2023-01-24,-4810.56
2023-01-30,2023-01-30 10:25:00-05:00,2023-01-30 11:16:00-05:00,short,12061.53982511435,12061.53982511435,BE,0.0,2023-01-24,-4810.56
2023-01-31,2023-01-31 10:30:00-05:00,2023-01-31 15:00:00-05:00,short,12061.53982511435,12111.5,cutoff,-49.96,2023-01-24,-4860.52
2023-02-06,2023-02-06 10:20:00-05:00,2023-02-06 15:00:00-05:00,long,12500.098735179718,12530.5,cutoff,30.4,2023-02-02,-4830.12
2023-02-07,2023-02-07 09:31:00-05:00,2023-02-07 12:52:00-05:00,long,12500.098735179718,12694.75,TP,194.65,2023-02-02,-4635.47
2023-02-08,2023-02-08 09:36:00-05:00,2023-02-08 15:00:00-05:00,short,12719.843876099361,12566.75,cutoff,153.09,2023-02-06,-4482.38
2023-02-09,2023-02-09 09:36:00-05:00,2023-02-09 14:42:00-05:00,short,12679.456137181118,12477.25,TP,202.21,2023-02-07,-4280.17
2023-02-10,2023-02-10 09:40:00-05:00,2023-02-10 10:45:00-05:00,long,12340.168862818882,12340.168862818882,BE,0.0,2023-02-07,-4280.17
2023-02-10,2023-02-10 10:52:00-05:00,2023-02-10 11:37:00-05:00,long,12320.31182394092,12320.31182394092,BE,0.0,2023-02-03,-4280.17
2023-02-13,2023-02-13 10:53:00-05:00,2023-02-13 14:47:00-05:00,long,12492.511587784786,12492.511587784786,BE,0.0,2023-02-09,-4280.17
2023-02-14,2023-02-14 09:42:00-05:00,2023-02-14 10:38:00-05:00,long,12500.098735179718,12500.098735179718,BE,0.0,2023-02-02,-4280.17
2023-02-14,2023-02-14 10:39:00-05:00,2023-02-14 11:26:00-05:00,long,12492.511587784786,12492.511587784786,BE,0.0,2023-02-09,-4280.17
2023-02-15,2023-02-15 09:42:00-05:00,2023-02-15 11:06:00-05:00,short,12614.653492198106,12614.653492198106,BE,0.0,2023-02-13,-4280.17
2023-02-16,2023-02-16 09:37:00-05:00,2023-02-16 15:00:00-05:00,long,12500.098735179718,12652.25,cutoff,152.15,2023-02-02,-4128.02
2023-02-17,2023-02-17 09:37:00-05:00,2023-02-17 10:22:00-05:00,long,12377.141552724202,12377.141552724202,BE,0.0,2023-02-15,-4128.02
2023-02-17,2023-02-17 10:42:00-05:00,2023-02-17 15:00:00-05:00,long,12344.34054521155,12391.25,cutoff,46.91,2023-02-16,-4081.11
2023-02-20,2023-02-20 10:10:00-05:00,2023-02-20 12:59:00-05:00,long,12377.141552724202,12366.75,cutoff,-10.39,2023-02-15,-4091.5
2023-02-21,2023-02-21 09:39:00-05:00,2023-02-21 13:35:00-05:00,long,12259.764318305486,12134.764318305486,SL,-125.0,2023-02-20,-4216.5
2023-02-22,2023-02-22 09:31:00-05:00,2023-02-22 15:00:00-05:00,long,12122.640010897961,12063.25,cutoff,-59.39,2023-02-10,-4275.89
2023-02-23,2023-02-23 09:38:00-05:00,2023-02-23 11:28:00-05:00,long,12200.096507801894,12075.096507801894,SL,-125.0,2023-02-13,-4400.89
2023-02-24,2023-02-24 09:44:00-05:00,2023-02-24 15:00:00-05:00,long,11986.569081537058,12006.0,cutoff,19.43,2023-02-01,-4381.46
2023-02-27,2023-02-27 09:31:00-05:00,2023-02-27 10:36:00-05:00,long,12122.640010897961,12122.640010897961,BE,0.0,2023-02-10,-4381.46
2023-02-28,2023-02-28 09:34:00-05:00,2023-02-28 15:00:00-05:00,long,12041.934029496524,12124.5,cutoff,82.57,2023-02-21,-4298.89
2023-03-01,2023-03-01 09:32:00-05:00,2023-03-01 15:00:00-05:00,long,12041.934029496524,11951.0,cutoff,-90.93,2023-02-21,-4389.82
2023-03-02,2023-03-02 09:55:00-05:00,2023-03-02 10:42:00-05:00,long,11896.630632581931,11896.630632581931,BE,0.0,2023-02-28,-4389.82
2023-03-03,2023-03-03 09:35:00-05:00,2023-03-03 15:00:00-05:00,long,12122.640010897961,12304.75,cutoff,182.11,2023-02-10,-4207.71
2023-03-06,2023-03-06 09:34:00-05:00,2023-03-06 13:09:00-05:00,long,12377.141552724202,12377.141552724202,BE,0.0,2023-02-15,-4207.71
2023-03-07,2023-03-07 09:33:00-05:00,2023-03-07 15:00:00-05:00,short,12335.463802876478,12146.5,cutoff,188.96,2023-02-22,-4018.75
2023-03-08,2023-03-08 09:31:00-05:00,2023-03-08 15:00:00-05:00,long,12200.096507801894,12179.75,cutoff,-20.35,2023-02-13,-4039.1
2023-03-09,2023-03-09 09:47:00-05:00,2023-03-09 10:32:00-05:00,short,12315.940277770056,12315.940277770056,BE,0.0,2023-02-27,-4039.1
2023-03-09,2023-03-09 10:33:00-05:00,2023-03-09 13:43:00-05:00,short,12335.463802876478,12153.75,TP,181.71,2023-02-22,-3857.39
2023-03-10,2023-03-10 09:31:00-05:00,2023-03-10 09:48:00-05:00,long,11990.36684265277,11865.36684265277,SL,-125.0,2023-03-08,-3982.39
2023-03-13,2023-03-13 09:31:00-04:00,2023-03-13 11:02:00-04:00,long,11892.536197123522,12087.5,TP,194.96,2023-02-22,-3787.43
2023-03-14,2023-03-14 09:35:00-04:00,2023-03-14 11:24:00-04:00,short,12213.8751113092,12338.8751113092,SL,-125.0,2023-03-10,-3912.43
2023-03-15,2023-03-15 09:31:00-04:00,2023-03-15 10:59:00-04:00,short,12238.518763479362,12238.518763479362,BE,0.0,2023-03-01,-3912.43
2023-03-16,2023-03-16 09:31:00-04:00,2023-03-16 10:47:00-04:00,short,12344.409548221498,12469.409548221498,SL,-125.0,2023-03-03,-4037.43
2023-03-20,2023-03-20 09:38:00-04:00,2023-03-20 15:00:00-04:00,short,12574.322326522724,12661.75,cutoff,-87.43,2023-03-16,-4124.86
2023-03-21,2023-03-21 09:32:00-04:00,2023-03-21 13:28:00-04:00,short,12804.894940581522,12804.894940581522,BE,0.0,2023-03-20,-4124.86
2023-03-23,2023-03-23 10:27:00-04:00,2023-03-23 14:45:00-04:00,short,12950.11013849888,12763.5,TP,186.61,2023-03-17,-3938.25
2023-03-24,2023-03-24 09:34:00-04:00,2023-03-24 10:26:00-04:00,short,12804.894940581522,12804.894940581522,BE,0.0,2023-03-20,-3938.25
2023-03-27,2023-03-27 09:46:00-04:00,2023-03-27 15:00:00-04:00,short,12950.11013849888,12856.25,cutoff,93.86,2023-03-17,-3844.39
2023-03-28,2023-03-28 09:33:00-04:00,2023-03-28 15:00:00-04:00,long,12736.870630244797,12682.75,cutoff,-54.12,2023-03-27,-3898.51
2023-03-30,2023-03-30 09:32:00-04:00,2023-03-30 10:21:00-04:00,short,13064.150579592297,13064.150579592297,BE,0.0,2023-03-22,-3898.51
2023-03-30,2023-03-30 10:24:00-04:00,2023-03-30 15:00:00-04:00,short,13081.252403799639,13066.25,cutoff,15.0,2023-03-23,-3883.51
2023-03-31,2023-03-31 09:31:00-04:00,2023-03-31 12:25:00-04:00,short,13102.629369755203,13227.629369755203,SL,-125.0,2023-03-27,-4008.51
2023-04-03,2023-04-03 09:33:00-04:00,2023-04-03 15:00:00-04:00,short,13229.398844923153,13225.25,cutoff,4.15,2023-03-30,-4004.36
2023-04-04,2023-04-04 09:36:00-04:00,2023-04-04 10:21:00-04:00,short,13276.531225931143,13276.531225931143,BE,0.0,2023-03-31,-4004.36
2023-04-05,2023-04-05 10:19:00-04:00,2023-04-05 15:00:00-04:00,long,13100.946936245124,13076.25,cutoff,-24.7,2023-04-04,-4029.06
2023-04-06,2023-04-06 09:31:00-04:00,2023-04-06 12:00:00-04:00,short,13008.379541218379,13133.379541218379,SL,-125.0,2023-03-24,-4154.06
2023-04-10,2023-04-10 09:37:00-04:00,2023-04-10 10:22:00-04:00,short,13008.379541218379,13008.379541218379,BE,0.0,2023-03-24,-4154.06
2023-04-11,2023-04-11 09:42:00-04:00,2023-04-11 15:00:00-04:00,long,13100.946936245124,13127.25,cutoff,26.3,2023-04-04,-4127.76
2023-04-12,2023-04-12 09:41:00-04:00,2023-04-12 11:13:00-04:00,long,13100.946936245124,12975.946936245124,SL,-125.0,2023-04-04,-4252.76
2023-04-13,2023-04-13 09:31:00-04:00,2023-04-13 13:12:00-04:00,short,13044.435005252406,13169.435005252406,SL,-125.0,2023-03-29,-4377.76
2023-04-14,2023-04-14 09:38:00-04:00,2023-04-14 15:00:00-04:00,short,13194.007949922367,13167.5,cutoff,26.51,2023-04-06,-4351.25
2023-04-17,2023-04-17 09:36:00-04:00,2023-04-17 15:00:00-04:00,short,13194.007949922367,13143.25,cutoff,50.76,2023-04-06,-4300.49
2023-04-18,2023-04-18 09:31:00-04:00,2023-04-18 15:00:00-04:00,short,13276.531225931143,13159.25,cutoff,117.28,2023-03-31,-4183.21
2023-04-19,2023-04-19 09:33:00-04:00,2023-04-19 15:00:00-04:00,short,13102.629369755203,13207.0,cutoff,-104.37,2023-03-27,-4287.58
2023-04-20,2023-04-20 09:32:00-04:00,2023-04-20 15:00:00-04:00,short,13081.252403799639,13090.25,cutoff,-9.0,2023-03-23,-4296.58
2023-04-21,2023-04-21 09:34:00-04:00,2023-04-21 15:00:00-04:00,long,13062.13261025822,13086.75,cutoff,24.62,2023-04-03,-4271.96
2023-04-24,2023-04-24 09:31:00-04:00,2023-04-24 10:35:00-04:00,long,13062.13261025822,13062.13261025822,BE,0.0,2023-04-03,-4271.96
2023-04-24,2023-04-24 10:36:00-04:00,2023-04-24 15:00:00-04:00,long,13049.068378614229,13052.5,cutoff,3.43,2023-04-18,-4268.53
2023-04-25,2023-04-25 09:46:00-04:00,2023-04-25 14:12:00-04:00,long,12969.69249010037,12844.69249010037,SL,-125.0,2023-04-05,-4393.53
2023-04-26,2023-04-26 09:31:00-04:00,2023-04-26 15:00:00-04:00,long,12931.882433696444,12887.75,cutoff,-44.13,2023-04-24,-4437.66
2023-04-27,2023-04-27 09:33:00-04:00,2023-04-27 15:00:00-04:00,long,13017.100469293404,13236.25,cutoff,219.15,2023-04-17,-4218.51
2023-04-28,2023-04-28 09:31:00-04:00,2023-04-28 15:00:00-04:00,short,13239.617566303556,13285.25,cutoff,-45.63,2023-04-24,-4264.14
2023-05-01,2023-05-01 09:50:00-04:00,2023-05-01 10:56:00-04:00,short,13317.369563930908,13317.369563930908,BE,0.0,2023-04-11,-4264.14
2023-05-01,2023-05-01 10:58:00-04:00,2023-05-01 12:28:00-04:00,short,13317.524530706596,13317.524530706596,BE,0.0,2023-04-17,-4264.14
2023-05-02,2023-05-02 10:12:00-04:00,2023-05-02 15:00:00-04:00,short,13239.617566303556,13205.75,cutoff,33.87,2023-04-24,-4230.27
2023-05-03,2023-05-03 09:34:00-04:00,2023-05-03 15:00:00-04:00,short,13195.157886365982,13247.0,cutoff,-51.84,2023-04-10,-4282.11
2023-05-04,2023-05-04 09:32:00-04:00,2023-05-04 15:00:00-04:00,long,13049.068378614229,13060.5,cutoff,11.43,2023-04-18,-4270.68
2023-05-05,2023-05-05 09:31:00-04:00,2023-05-05 10:36:00-04:00,short,13135.420594916273,13260.420594916273,SL,-125.0,2023-04-25,-4395.68
2023-05-10,2023-05-10 09:32:00-04:00,2023-05-10 15:00:00-04:00,short,13410.064913270078,13394.25,cutoff,15.81,2023-04-28,-4379.87
2023-05-11,2023-05-11 09:45:00-04:00,2023-05-11 10:48:00-04:00,short,13410.064913270078,13410.064913270078,BE,0.0,2023-04-28,-4379.87
2023-05-11,2023-05-11 10:55:00-04:00,2023-05-11 15:00:00-04:00,short,13411.199002032656,13464.25,cutoff,-53.05,2023-05-09,-4432.92
2023-05-12,2023-05-12 09:51:00-04:00,2023-05-12 15:00:00-04:00,short,13458.181621385771,13343.5,cutoff,114.68,2023-04-18,-4318.24
2023-05-15,2023-05-15 09:31:00-04:00,2023-05-15 11:12:00-04:00,short,13410.064913270078,13410.064913270078,BE,0.0,2023-04-28,-4318.24
2023-05-16,2023-05-16 09:31:00-04:00,2023-05-16 15:00:00-04:00,short,13454.855520657635,13536.0,cutoff,-81.14,2023-05-02,-4399.38
2023-05-19,2023-05-19 10:09:00-04:00,2023-05-19 10:54:00-04:00,short,13876.997621295763,13876.997621295763,BE,0.0,2023-05-18,-4399.38
2023-05-22,2023-05-22 09:34:00-04:00,2023-05-22 15:00:00-04:00,short,13876.997621295763,13922.25,cutoff,-45.25,2023-05-18,-4444.63
2023-05-23,2023-05-23 09:56:00-04:00,2023-05-23 15:00:00-04:00,short,13876.997621295763,13742.0,cutoff,135.0,2023-05-18,-4309.63
2023-05-24,2023-05-24 09:34:00-04:00,2023-05-24 15:00:00-04:00,short,13654.647370426488,13613.5,cutoff,41.15,2023-05-17,-4268.48
2023-05-25,2023-05-25 09:38:00-04:00,2023-05-25 10:28:00-04:00,short,13876.997621295763,13876.997621295763,BE,0.0,2023-05-18,-4268.48
2023-05-26,2023-05-26 09:33:00-04:00,2023-05-26 10:18:00-04:00,short,14037.217523662237,14162.217523662237,SL,-125.0,2023-05-19,-4393.48
2023-05-30,2023-05-30 09:33:00-04:00,2023-05-30 15:00:00-04:00,short,14500.603669049202,14423.75,cutoff,76.85,2023-05-29,-4316.63
2023-05-31,2023-05-31 10:50:00-04:00,2023-05-31 13:30:00-04:00,short,14320.83787356036,14320.83787356036,BE,0.0,2023-05-26,-4316.63
2023-06-01,2023-06-01 09:35:00-04:00,2023-06-01 13:24:00-04:00,long,14264.119260834668,14451.75,TP,187.63,2023-05-30,-4129.0
2023-06-02,2023-06-02 09:48:00-04:00,2023-06-02 10:43:00-04:00,short,14550.866559532675,14550.866559532675,BE,0.0,2023-05-31,-4129.0
2023-06-06,2023-06-06 09:48:00-04:00,2023-06-06 15:00:00-04:00,short,14550.866559532675,14585.5,cutoff,-34.63,2023-05-31,-4163.63
2023-06-07,2023-06-07 10:29:00-04:00,2023-06-07 13:44:00-04:00,short,14550.866559532675,14363.25,TP,187.62,2023-05-31,-3976.01
2023-06-08,2023-06-08 10:07:00-04:00,2023-06-08 15:00:00-04:00,long,14398.542957657737,14484.0,cutoff,85.46,2023-06-06,-3890.55
2023-06-12,2023-06-12 09:33:00-04:00,2023-06-12 10:23:00-04:00,short,14796.265242329355,14796.265242329355,BE,0.0,2023-06-07,-3890.55
2023-06-16,2023-06-16 09:38:00-04:00,2023-06-16 15:00:00-04:00,short,15385.305026003243,15313.75,cutoff,71.56,2023-06-15,-3818.99
2023-06-20,2023-06-20 09:48:00-04:00,2023-06-20 15:00:00-04:00,short,15302.861882702957,15248.75,cutoff,54.11,2023-06-13,-3764.88
2023-06-21,2023-06-21 09:56:00-04:00,2023-06-21 11:19:00-04:00,long,15127.861700125628,15002.861700125628,SL,-125.0,2023-06-19,-3889.88
2023-06-22,2023-06-22 10:15:00-04:00,2023-06-22 15:00:00-04:00,long,15127.861700125628,15189.5,cutoff,61.64,2023-06-19,-3828.24
2023-06-26,2023-06-26 10:00:00-04:00,2023-06-26 11:18:00-04:00,long,15127.861700125628,15002.861700125628,SL,-125.0,2023-06-19,-3953.24
2023-06-27,2023-06-27 09:31:00-04:00,2023-06-27 10:24:00-04:00,short,14933.600874196422,14933.600874196422,BE,0.0,2023-06-12,-3953.24
2023-06-27,2023-06-27 10:29:00-04:00,2023-06-27 15:00:00-04:00,long,14948.069973996757,15106.0,cutoff,157.93,2023-06-15,-3795.31
2023-06-28,2023-06-28 09:42:00-04:00,2023-06-28 15:00:00-04:00,short,15097.764370310375,15123.0,cutoff,-25.24,2023-06-27,-3820.55
2023-06-29,2023-06-29 09:32:00-04:00,2023-06-29 10:22:00-04:00,short,15097.764370310375,15097.764370310375,BE,0.0,2023-06-27,-3820.55
2023-06-30,2023-06-30 09:31:00-04:00,2023-06-30 15:00:00-04:00,short,15255.780357455948,15347.25,cutoff,-91.47,2023-06-22,-3912.02
2023-07-03,2023-07-03 09:31:00-04:00,2023-07-03 10:23:00-04:00,short,15364.888299874372,15364.888299874372,BE,0.0,2023-06-19,-3912.02
2023-07-04,2023-07-04 09:34:00-04:00,2023-07-04 12:59:00-04:00,short,15364.888299874372,15344.5,cutoff,20.39,2023-06-19,-3891.63
2023-07-05,2023-07-05 09:41:00-04:00,2023-07-05 15:00:00-04:00,short,15364.888299874372,15375.0,cutoff,-10.11,2023-06-19,-3901.74
2023-07-06,2023-07-06 09:31:00-04:00,2023-07-06 12:34:00-04:00,short,15212.592497052523,15212.592497052523,BE,0.0,2023-06-23,-3901.74
2023-07-07,2023-07-07 09:32:00-04:00,2023-07-07 10:17:00-04:00,long,15217.434278627898,15217.434278627898,BE,0.0,2023-07-03,-3901.74
2023-07-07,2023-07-07 10:25:00-04:00,2023-07-07 15:00:00-04:00,long,15222.97180417187,15301.25,cutoff,78.28,2023-06-16,-3823.46
2023-07-10,2023-07-10 09:32:00-04:00,2023-07-10 15:00:00-04:00,short,15212.592497052523,15188.5,cutoff,24.09,2023-06-23,-3799.37
2023-07-11,2023-07-11 09:34:00-04:00,2023-07-11 11:03:00-04:00,short,15212.592497052523,15212.592497052523,BE,0.0,2023-06-23,-3799.37
2023-07-12,2023-07-12 09:48:00-04:00,2023-07-12 15:00:00-04:00,short,15454.584264870435,15452.0,cutoff,2.58,2023-06-20,-3796.79
2023-07-17,2023-07-17 09:59:00-04:00,2023-07-17 15:00:00-04:00,short,15737.212499807722,15825.75,cutoff,-88.54,2023-07-13,-3885.33
2023-07-20,2023-07-20 10:00:00-04:00,2023-07-20 10:33:00-04:00,long,15853.012583429381,15728.012583429381,SL,-125.0,2023-07-19,-4010.33
2023-07-21,2023-07-21 09:52:00-04:00,2023-07-21 15:00:00-04:00,long,15627.390811500729,15575.75,cutoff,-51.64,2023-07-18,-4061.97
2023-07-24,2023-07-24 09:32:00-04:00,2023-07-24 15:00:00-04:00,long,15602.940801120098,15564.75,cutoff,-38.19,2023-07-20,-4100.16
2023-07-25,2023-07-25 09:35:00-04:00,2023-07-25 15:00:00-04:00,short,15629.844376715555,15688.5,cutoff,-58.66,2023-07-12,-4158.82
2023-07-26,2023-07-26 09:31:00-04:00,2023-07-26 15:00:00-04:00,long,15627.390811500729,15632.5,cutoff,5.11,2023-07-18,-4153.71
2023-07-27,2023-07-27 09:35:00-04:00,2023-07-27 13:31:00-04:00,long,15853.012583429381,15728.012583429381,SL,-125.0,2023-07-19,-4278.71
2023-07-28,2023-07-28 09:31:00-04:00,2023-07-28 11:20:00-04:00,short,15737.212499807722,15862.212499807722,SL,-125.0,2023-07-13,-4403.71
2023-07-31,2023-07-31 09:34:00-04:00,2023-07-31 15:00:00-04:00,long,15853.012583429381,15850.75,cutoff,-2.26,2023-07-19,-4405.97
2023-08-01,2023-08-01 09:32:00-04:00,2023-08-01 10:28:00-04:00,short,15778.833445787948,15778.833445787948,BE,0.0,2023-07-25,-4405.97
2023-08-02,2023-08-02 09:34:00-04:00,2023-08-02 10:55:00-04:00,long,15627.390811500729,15502.390811500729,SL,-125.0,2023-07-18,-4530.97
2023-08-03,2023-08-03 09:32:00-04:00,2023-08-03 12:46:00-04:00,short,15390.16854075785,15515.16854075785,SL,-125.0,2023-07-11,-4655.97
2023-08-04,2023-08-04 09:34:00-04:00,2023-08-04 10:03:00-04:00,long,15547.187672567197,15422.187672567197,SL,-125.0,2023-07-14,-4780.97
2023-08-07,2023-08-07 09:31:00-04:00,2023-08-07 15:00:00-04:00,long,15440.166554212052,15449.5,cutoff,9.33,2023-07-25,-4771.64
2023-08-08,2023-08-08 09:31:00-04:00,2023-08-08 10:57:00-04:00,long,15359.097887679556,15234.097887679556,SL,-125.0,2023-07-24,-4896.64
2023-08-09,2023-08-09 10:52:00-04:00,2023-08-09 15:00:00-04:00,long,15237.655694235033,15272.5,cutoff,34.84,2023-08-04,-4861.8
2023-08-10,2023-08-10 10:07:00-04:00,2023-08-10 11:02:00-04:00,long,15424.48130455583,15299.48130455583,SL,-125.0,2023-07-21,-4986.8
2023-08-11,2023-08-11 09:40:00-04:00,2023-08-11 11:07:00-04:00,long,15088.731762423424,15088.731762423424,BE,0.0,2023-08-10,-4986.8
2023-08-14,2023-08-14 09:43:00-04:00,2023-08-14 15:00:00-04:00,long,15088.731762423424,15214.75,cutoff,126.02,2023-08-10,-4860.78
2023-08-15,2023-08-15 09:31:00-04:00,2023-08-15 15:00:00-04:00,long,15219.073341420524,15161.5,cutoff,-57.57,2023-08-07,-4918.35
2023-08-16,2023-08-16 09:40:00-04:00,2023-08-16 11:31:00-04:00,long,15088.731762423424,15088.731762423424,BE,0.0,2023-08-10,-4918.35
2023-08-17,2023-08-17 09:31:00-04:00,2023-08-17 10:34:00-04:00,long,14990.540533081286,14865.540533081286,SL,-125.0,2023-08-15,-5043.35
2023-08-21,2023-08-21 09:33:00-04:00,2023-08-21 13:38:00-04:00,short,14823.580191280835,14948.580191280835,SL,-125.0,2023-08-18,-5168.35
2023-08-22,2023-08-22 09:37:00-04:00,2023-08-22 15:00:00-04:00,short,15046.702045487342,14974.5,cutoff,72.2,2023-08-21,-5096.15
2023-08-23,2023-08-23 09:45:00-04:00,2023-08-23 10:49:00-04:00,short,15046.702045487342,15171.702045487342,SL,-125.0,2023-08-21,-5221.15
2023-08-24,2023-08-24 09:32:00-04:00,2023-08-24 10:33:00-04:00,short,15295.195975187766,15079.75,TP,215.45,2023-08-14,-5005.7
2023-08-24,2023-08-24 10:44:00-04:00,2023-08-24 15:00:00-04:00,short,15046.702045487342,14960.25,cutoff,86.45,2023-08-21,-4919.25
2023-08-25,2023-08-25 09:31:00-04:00,2023-08-25 10:24:00-04:00,long,14907.749306880967,14907.749306880967,BE,0.0,2023-08-16,-4919.25
2023-08-25,2023-08-25 10:25:00-04:00,2023-08-25 10:53:00-04:00,long,14901.54356216347,14776.54356216347,SL,-125.0,2023-08-11,-5044.25
2023-08-28,2023-08-28 09:37:00-04:00,2023-08-28 15:00:00-04:00,long,15088.731762423424,15050.25,cutoff,-38.48,2023-08-10,-5082.73
2023-08-29,2023-08-29 09:33:00-04:00,2023-08-29 10:37:00-04:00,long,15088.731762423424,15305.75,TP,217.02,2023-08-10,-4865.71
2023-08-29,2023-08-29 10:38:00-04:00,2023-08-29 15:00:00-04:00,short,15303.33143783653,15404.25,cutoff,-100.92,2023-08-11,-4966.63
2023-08-30,2023-08-30 09:39:00-04:00,2023-08-30 15:00:00-04:00,short,15420.584466918714,15507.0,cutoff,-86.42,2023-08-15,-5053.05
2023-08-31,2023-08-31 09:31:00-04:00,2023-08-31 15:00:00-04:00,short,15532.052676827978,15553.75,cutoff,-21.7,2023-08-09,-5074.75
2023-09-01,2023-09-01 09:33:00-04:00,2023-09-01 15:00:00-04:00,short,15629.551658579476,15491.0,cutoff,138.55,2023-08-07,-4936.2
2023-09-04,2023-09-04 09:35:00-04:00,2023-09-04 12:59:00-04:00,short,15569.768237576576,15523.75,cutoff,46.02,2023-08-10,-4890.18
2023-09-05,2023-09-05 10:52:00-04:00,2023-09-05 12:00:00-04:00,short,15532.052676827978,15532.052676827978,BE,0.0,2023-08-09,-4890.18
2023-09-06,2023-09-06 10:01:00-04:00,2023-09-06 12:55:00-04:00,long,15439.378375806675,15314.378375806675,SL,-125.0,2023-09-04,-5015.18
2023-09-07,2023-09-07 09:33:00-04:00,2023-09-07 15:00:00-04:00,short,15178.222756936233,15289.75,cutoff,-111.53,2023-08-17,-5126.71
2023-09-08,2023-09-08 09:31:00-04:00,2023-09-08 15:00:00-04:00,short,15295.195975187766,15270.75,cutoff,24.45,2023-08-14,-5102.26
2023-09-11,2023-09-11 09:32:00-04:00,2023-09-11 13:26:00-04:00,short,15629.449940807615,15629.449940807615,BE,0.0,2023-08-30,-5102.26
2023-09-12,2023-09-12 09:31:00-04:00,2023-09-12 15:00:00-04:00,short,15589.592104097457,15503.25,cutoff,86.34,2023-08-24,-5015.92
2023-09-13,2023-09-13 10:10:00-04:00,2023-09-13 15:00:00-04:00,short,15496.462916416425,15554.5,cutoff,-58.04,2023-09-08,-5073.96
2023-09-14,2023-09-14 09:50:00-04:00,2023-09-14 15:00:00-04:00,short,15589.592104097457,15687.0,cutoff,-97.41,2023-08-24,-5171.37
2023-09-15,2023-09-15 09:33:00-04:00,2023-09-15 13:34:00-04:00,short,15589.592104097457,15386.75,TP,202.84,2023-08-24,-4968.53
2023-09-18,2023-09-18 09:32:00-04:00,2023-09-18 10:38:00-04:00,long,15370.480522393795,15370.480522393795,BE,0.0,2023-09-15,-4968.53
2023-09-19,2023-09-19 09:31:00-04:00,2023-09-19 15:00:00-04:00,long,15336.432534736363,15348.5,cutoff,12.07,2023-08-31,-4956.46
2023-09-20,2023-09-20 09:31:00-04:00,2023-09-20 15:00:00-04:00,long,15389.281890276656,15302.5,cutoff,-86.78,2023-09-01,-5043.24
2023-09-25,2023-09-25 09:32:00-04:00,2023-09-25 15:00:00-04:00,long,14797.891152351334,14874.75,cutoff,76.86,2023-09-21,-4966.38
2023-09-26,2023-09-26 09:50:00-04:00,2023-09-26 15:00:00-04:00,long,14797.891152351334,14707.5,cutoff,-90.39,2023-09-21,-5056.77
2023-09-27,2023-09-27 09:35:00-04:00,2023-09-27 13:21:00-04:00,long,14756.293148302426,14631.293148302426,SL,-125.0,2023-09-22,-5181.77
2023-09-28,2023-09-28 10:01:00-04:00,2023-09-28 15:00:00-04:00,long,14756.293148302426,14843.75,cutoff,87.46,2023-09-22,-5094.31
2023-09-29,2023-09-29 09:34:00-04:00,2023-09-29 15:00:00-04:00,short,15007.11661205743,14902.75,cutoff,104.37,2023-09-26,-4989.94
2023-10-02,2023-10-02 09:34:00-04:00,2023-10-02 11:21:00-04:00,short,14905.250582524115,15030.250582524115,SL,-125.0,2023-09-28,-5114.94
2023-10-03,2023-10-03 09:33:00-04:00,2023-10-03 14:25:00-04:00,short,14905.250582524115,14692.25,TP,213.0,2023-09-28,-4901.94
2023-10-04,2023-10-04 09:43:00-04:00,2023-10-04 15:00:00-04:00,long,14797.891152351334,14870.75,cutoff,72.86,2023-09-21,-4829.08
2023-10-05,2023-10-05 09:31:00-04:00,2023-10-05 14:40:00-04:00,short,14905.250582524115,14905.250582524115,BE,0.0,2023-09-28,-4829.08
2023-10-06,2023-10-06 09:35:00-04:00,2023-10-06 10:20:00-04:00,long,14756.293148302426,14756.293148302426,BE,0.0,2023-09-22,-4829.08
2023-10-06,2023-10-06 10:27:00-04:00,2023-10-06 12:10:00-04:00,long,14828.962669985114,15043.75,TP,214.79,2023-09-29,-4614.29
2023-10-09,2023-10-09 09:31:00-04:00,2023-10-09 13:37:00-04:00,short,15007.11661205743,15132.11661205743,SL,-125.0,2023-09-26,-4739.29
2023-10-10,2023-10-10 09:32:00-04:00,2023-10-10 15:00:00-04:00,long,15203.87977436983,15277.25,cutoff,73.37,2023-09-18,-4665.92
2023-10-11,2023-10-11 09:38:00-04:00,2023-10-11 15:00:00-04:00,long,15370.480522393795,15325.25,cutoff,-45.23,2023-09-15,-4711.15
2023-10-12,2023-10-12 09:42:00-04:00,2023-10-12 13:08:00-04:00,long,15370.480522393795,15370.480522393795,BE,0.0,2023-09-15,-4711.15
2023-10-13,2023-10-13 10:48:00-04:00,2023-10-13 11:52:00-04:00,long,15252.130723958366,15127.130723958366,SL,-125.0,2023-09-20,-4836.15
2023-10-16,2023-10-16 09:31:00-04:00,2023-10-16 10:30:00-04:00,short,15187.912330014886,15312.912330014886,SL,-125.0,2023-09-29,-4961.15
2023-10-17,2023-10-17 09:36:00-04:00,2023-10-17 11:15:00-04:00,short,15114.11544197032,15239.11544197032,SL,-125.0,2023-10-02,-5086.15
2023-10-18,2023-10-18 09:31:00-04:00,2023-10-18 15:00:00-04:00,short,15142.142363656174,15061.75,cutoff,80.39,2023-10-03,-5005.76
2023-10-19,2023-10-19 09:49:00-04:00,2023-10-19 10:35:00-04:00,short,15030.213529050536,15030.213529050536,BE,0.0,2023-09-25,-5005.76
2023-10-19,2023-10-19 10:53:00-04:00,2023-10-19 12:00:00-04:00,long,15016.660984992119,15016.660984992119,BE,0.0,2023-10-10,-5005.76
2023-10-20,2023-10-20 09:31:00-04:00,2023-10-20 10:51:00-04:00,long,14828.962669985114,14703.962669985114,SL,-125.0,2023-09-29,-5130.76
2023-10-23,2023-10-23 09:31:00-04:00,2023-10-23 12:59:00-04:00,long,14603.25838794257,14831.25,TP,227.99,2023-09-26,-4902.77
2023-10-24,2023-10-24 09:35:00-04:00,2023-10-24 15:00:00-04:00,long,14811.455813199624,14827.75,cutoff,16.29,2023-10-09,-4886.48
2023-10-25,2023-10-25 09:34:00-04:00,2023-10-25 12:41:00-04:00,long,14679.63455802968,14554.63455802968,SL,-125.0,2023-10-02,-5011.48
2023-10-26,2023-10-26 09:51:00-04:00,2023-10-26 12:07:00-04:00,long,14341.862903533696,14216.862903533696,SL,-125.0,2023-10-23,-5136.48
2023-10-27,2023-10-27 09:45:00-04:00,2023-10-27 14:06:00-04:00,long,14341.862903533696,14216.862903533696,SL,-125.0,2023-10-23,-5261.48
2023-10-30,2023-10-30 09:31:00-04:00,2023-10-30 10:21:00-04:00,long,14341.862903533696,14341.862903533696,BE,0.0,2023-10-23,-5261.48
2023-10-31,2023-10-31 09:37:00-04:00,2023-10-31 15:00:00-04:00,long,14341.862903533696,14484.25,cutoff,142.39,2023-10-23,-5119.09
2023-11-01,2023-11-01 09:31:00-04:00,2023-11-01 15:00:00-04:00,long,14524.195341913888,14659.0,cutoff,134.8,2023-10-06,-4984.29
2023-11-02,2023-11-02 09:32:00-04:00,2023-11-02 15:00:00-04:00,long,14905.635809277657,14998.75,cutoff,93.11,2023-10-17,-4891.18
2023-11-03,2023-11-03 09:31:00-04:00,2023-11-03 13:57:00-04:00,short,15070.892577085335,15195.892577085335,SL,-125.0,2023-10-20,-5016.18
2023-11-06,2023-11-06 09:32:00-05:00,2023-11-06 15:00:00-05:00,long,15225.448835444564,15207.0,cutoff,-18.45,2023-10-12,-5034.63
2023-11-07,2023-11-07 09:37:00-05:00,2023-11-07 15:00:00-05:00,long,15225.448835444564,15387.0,cutoff,161.55,2023-10-12,-4873.08
2023-11-08,2023-11-08 10:03:00-05:00,2023-11-08 11:16:00-05:00,short,15362.709554818362,15362.709554818362,BE,0.0,2023-11-06,-4873.08
2023-11-09,2023-11-09 10:08:00-05:00,2023-11-09 15:00:00-05:00,short,15360.114190722343,15261.75,cutoff,98.36,2023-10-17,-4774.72
2023-11-10,2023-11-10 09:38:00-05:00,2023-11-10 12:06:00-05:00,short,15343.319510651938,15468.319510651938,SL,-125.0,2023-10-18,-4899.72
2023-11-13,2023-11-13 09:32:00-05:00,2023-11-13 10:46:00-05:00,short,15537.907141189105,15537.907141189105,BE,0.0,2023-11-08,-4899.72
2023-11-20,2023-11-20 09:58:00-05:00,2023-11-20 10:57:00-05:00,short,15994.229960445984,15994.229960445984,BE,0.0,2023-11-17,-4899.72
2023-11-20,2023-11-20 10:59:00-05:00,2023-11-20 15:00:00-05:00,short,15999.786834905073,16094.75,cutoff,-94.96,2023-11-14,-4994.68
2023-11-21,2023-11-21 09:32:00-05:00,2023-11-21 15:00:00-05:00,short,15994.229960445984,15986.0,cutoff,8.23,2023-11-17,-4986.45
2023-11-22,2023-11-22 09:36:00-05:00,2023-11-22 15:00:00-05:00,short,16158.55957440403,16055.5,cutoff,103.06,2023-11-21,-4883.39
2023-11-24,2023-11-24 09:31:00-05:00,2023-11-24 11:36:00-05:00,short,16015.643291059818,16015.643291059818,BE,0.0,2023-11-16,-4883.39
2023-11-27,2023-11-27 09:33:00-05:00,2023-11-27 15:00:00-05:00,short,15999.786834905073,16025.5,cutoff,-25.71,2023-11-14,-4909.1
2023-11-28,2023-11-28 09:32:00-05:00,2023-11-28 10:39:00-05:00,short,15999.786834905073,15999.786834905073,BE,0.0,2023-11-14,-4909.1
2023-11-28,2023-11-28 10:40:00-05:00,2023-11-28 15:00:00-05:00,short,16015.643291059818,16021.5,cutoff,-5.86,2023-11-16,-4914.96
2023-11-29,2023-11-29 09:31:00-05:00,2023-11-29 15:00:00-05:00,short,16164.611367656795,16064.5,cutoff,100.11,2023-11-23,-4814.85
2023-11-30,2023-11-30 09:41:00-05:00,2023-11-30 15:00:00-05:00,short,15994.229960445984,15925.0,cutoff,69.23,2023-11-17,-4745.62
2023-12-01,2023-12-01 09:34:00-05:00,2023-12-01 10:25:00-05:00,long,15888.614926757957,15888.614926757957,BE,0.0,2023-11-24,-4745.62
2023-12-04,2023-12-04 09:31:00-05:00,2023-12-04 10:34:00-05:00,long,15858.33844747602,15733.33844747602,SL,-125.0,2023-11-22,-4870.62
2023-12-05,2023-12-05 09:31:00-05:00,2023-12-05 15:00:00-05:00,long,15801.229707511544,15898.75,cutoff,97.52,2023-11-15,-4773.1
2023-12-06,2023-12-06 09:32:00-05:00,2023-12-06 15:00:00-05:00,short,15999.786834905073,15867.25,cutoff,132.54,2023-11-14,-4640.56
2023-12-07,2023-12-07 09:35:00-05:00,2023-12-07 11:15:00-05:00,long,15958.763632343205,15958.763632343205,BE,0.0,2023-11-23,-4640.56
2023-12-08,2023-12-08 09:31:00-05:00,2023-12-08 15:00:00-05:00,short,15994.229960445984,16113.5,cutoff,-119.27,2023-11-17,-4759.83
2023-12-11,2023-12-11 09:31:00-05:00,2023-12-11 13:03:00-05:00,short,16300.91155252398,16425.91155252398,SL,-125.0,2023-11-22,-4884.83
2023-12-12,2023-12-12 10:06:00-05:00,2023-12-12 10:51:00-05:00,short,16478.359105597912,16478.359105597912,BE,0.0,2023-12-11,-4884.83
2023-12-13,2023-12-13 09:57:00-05:00,2023-12-13 14:35:00-05:00,short,16603.712106069477,16728.712106069477,SL,-125.0,2023-12-12,-5009.83
2023-12-19,2023-12-19 09:31:00-05:00,2023-12-19 15:00:00-05:00,short,16980.404600724352,17000.25,cutoff,-19.85,2023-12-14,-5029.68
2023-12-20,2023-12-20 09:36:00-05:00,2023-12-20 15:00:00-05:00,short,16999.357653136416,16842.25,cutoff,157.11,2023-12-18,-4872.57
2023-12-21,2023-12-21 09:31:00-05:00,2023-12-21 15:00:00-05:00,short,16957.667825366458,16885.0,cutoff,72.67,2023-12-15,-4799.9
2023-12-22,2023-12-22 09:35:00-05:00,2023-12-22 15:00:00-05:00,short,16999.357653136416,16987.0,cutoff,12.36,2023-12-18,-4787.54
2023-12-27,2023-12-27 10:12:00-05:00,2023-12-27 11:42:00-05:00,short,17091.796474788527,17091.796474788527,BE,0.0,2023-12-19,-4787.54
2023-12-28,2023-12-28 09:31:00-05:00,2023-12-28 15:00:00-05:00,short,17154.551837927178,17115.5,cutoff,39.05,2023-12-26,-4748.49
2023-12-29,2023-12-29 09:31:00-05:00,2023-12-29 15:00:00-05:00,short,17095.629411503687,17041.75,cutoff,53.88,2023-12-21,-4694.61
2024-01-02,2024-01-02 09:31:00-05:00,2024-01-02 09:49:00-05:00,long,16868.892254296217,16743.892254296217,SL,-125.0,2023-12-22,-4819.61
2024-01-03,2024-01-03 09:31:00-05:00,2024-01-03 15:00:00-05:00,long,16606.828216044698,16590.5,cutoff,-16.33,2024-01-02,-4835.94
2024-01-04,2024-01-04 09:32:00-05:00,2024-01-04 15:00:00-05:00,short,16478.359105597912,16486.75,cutoff,-8.39,2023-12-11,-4844.33
2024-01-05,2024-01-05 09:34:00-05:00,2024-01-05 15:00:00-05:00,short,16478.359105597912,16424.75,cutoff,53.61,2023-12-11,-4790.72
2024-01-08,2024-01-08 09:57:00-05:00,2024-01-08 13:47:00-05:00,short,16603.712106069477,16728.712106069477,SL,-125.0,2023-12-12,-4915.72
2024-01-09,2024-01-09 09:44:00-05:00,2024-01-09 15:00:00-05:00,long,16671.720399275648,16828.25,cutoff,156.53,2023-12-14,-4759.19
2024-01-10,2024-01-10 09:38:00-05:00,2024-01-10 15:00:00-05:00,long,16868.892254296217,16980.5,cutoff,111.61,2023-12-22,-4647.58
2024-01-11,2024-01-11 09:32:00-05:00,2024-01-11 11:14:00-05:00,short,16999.357653136416,16807.5,TP,191.86,2023-12-18,-4455.72
2024-01-12,2024-01-12 09:31:00-05:00,2024-01-12 15:00:00-05:00,long,17003.61585585585,16951.25,cutoff,-52.37,2023-12-28,-4508.09
2024-01-15,2024-01-15 09:36:00-05:00,2024-01-15 10:30:00-05:00,short,16957.667825366458,16957.667825366458,BE,0.0,2023-12-15,-4508.09
2024-01-16,2024-01-16 09:41:00-05:00,2024-01-16 14:12:00-05:00,long,16886.198162072822,16886.198162072822,BE,0.0,2023-12-26,-4508.09
2024-01-17,2024-01-17 09:33:00-05:00,2024-01-17 10:41:00-05:00,short,16779.531086708965,16779.531086708965,BE,0.0,2024-01-03,-4508.09
2024-01-18,2024-01-18 09:31:00-05:00,2024-01-18 10:30:00-05:00,short,17043.921783955302,17043.921783955302,BE,0.0,2024-01-02,-4508.09
2024-01-18,2024-01-18 10:33:00-05:00,2024-01-18 15:00:00-05:00,short,17013.626595573453,17100.75,cutoff,-87.12,2024-01-17,-4595.21
2024-01-19,2024-01-19 09:54:00-05:00,2024-01-19 13:13:00-05:00,short,17209.447723507175,17334.447723507175,SL,-125.0,2023-12-29,-4720.21
2024-01-24,2024-01-24 10:29:00-05:00,2024-01-24 11:22:00-05:00,short,17717.829133271625,17717.829133271625,BE,0.0,2024-01-22,-4720.21
2024-01-25,2024-01-25 10:20:00-05:00,2024-01-25 11:13:00-05:00,short,17717.829133271625,17717.829133271625,BE,0.0,2024-01-22,-4720.21
2024-01-26,2024-01-26 09:32:00-05:00,2024-01-26 15:00:00-05:00,long,17539.538613486155,17562.5,cutoff,22.96,2024-01-25,-4697.25
2024-01-29,2024-01-29 09:32:00-05:00,2024-01-29 10:22:00-05:00,long,17539.538613486155,17539.538613486155,BE,0.0,2024-01-25,-4697.25
2024-01-29,2024-01-29 11:00:00-05:00,2024-01-29 15:00:00-05:00,long,17524.716559417848,17626.25,cutoff,101.53,2024-01-24,-4595.72
2024-01-30,2024-01-30 10:02:00-05:00,2024-01-30 15:00:00-05:00,short,17629.672967767547,17590.25,cutoff,39.42,2024-01-23,-4556.3
2024-01-31,2024-01-31 09:31:00-05:00,2024-01-31 15:00:00-05:00,long,17386.561549636164,17379.25,cutoff,-7.31,2024-01-26,-4563.61
2024-02-01,2024-02-01 09:31:00-05:00,2024-02-01 10:53:00-05:00,long,17306.577032232453,17306.577032232453,BE,0.0,2024-01-23,-4563.61
2024-02-02,2024-02-02 09:31:00-05:00,2024-02-02 12:14:00-05:00,long,17499.8258490337,17694.25,TP,194.42,2024-01-30,-4369.19
2024-02-05,2024-02-05 09:31:00-05:00,2024-02-05 12:38:00-05:00,short,17717.829133271625,17717.829133271625,BE,0.0,2024-01-22,-4369.19
2024-02-06,2024-02-06 09:36:00-05:00,2024-02-06 15:00:00-05:00,short,17717.829133271625,17635.75,cutoff,82.08,2024-01-22,-4287.11
2024-02-07,2024-02-07 09:48:00-05:00,2024-02-07 10:52:00-05:00,short,17748.83118594841,17873.83118594841,SL,-125.0,2024-02-02,-4412.11
2024-02-08,2024-02-08 09:35:00-05:00,2024-02-08 15:00:00-05:00,short,17846.033440582152,17863.25,cutoff,-17.22,2024-01-24,-4429.33
2024-02-09,2024-02-09 09:31:00-05:00,2024-02-09 13:03:00-05:00,short,17902.655592144743,18027.655592144743,SL,-125.0,2024-02-05,-4554.33
2024-02-13,2024-02-13 09:32:00-05:00,2024-02-13 10:31:00-05:00,short,17629.672967767547,17754.672967767547,SL,-125.0,2024-01-23,-4679.33
2024-02-14,2024-02-14 09:31:00-05:00,2024-02-14 10:19:00-05:00,short,17812.5491509663,17812.5491509663,BE,0.0,2024-01-30,-4679.33
2024-02-14,2024-02-14 10:28:00-05:00,2024-02-14 15:00:00-05:00,short,17846.033440582152,17796.75,cutoff,49.28,2024-01-24,-4630.05
2024-02-15,2024-02-15 09:31:00-05:00,2024-02-15 13:17:00-05:00,short,17902.655592144743,17902.655592144743,BE,0.0,2024-02-05,-4630.05
2024-02-16,2024-02-16 09:32:00-05:00,2024-02-16 09:55:00-05:00,long,17892.693496105894,17767.693496105894,SL,-125.0,2024-02-12,-4755.05
2024-02-20,2024-02-20 09:31:00-05:00,2024-02-20 10:30:00-05:00,short,17696.40815614748,17504.5,TP,191.91,2024-01-29,-4563.14
2024-02-20,2024-02-20 10:32:00-05:00,2024-02-20 12:04:00-05:00,long,17489.094407855257,17489.094407855257,BE,0.0,2024-02-05,-4563.14
2024-02-21,2024-02-21 09:31:00-05:00,2024-02-21 15:00:00-05:00,short,17498.85533146069,17406.0,cutoff,92.86,2024-02-01,-4470.28
2024-02-22,2024-02-22 09:31:00-05:00,2024-02-22 13:26:00-05:00,short,17902.655592144743,18027.655592144743,SL,-125.0,2024-02-05,-4595.28
2024-02-23,2024-02-23 09:52:00-05:00,2024-02-23 15:00:00-05:00,short,18108.59940195433,18014.5,cutoff,94.1,2024-02-22,-4501.18
2024-02-26,2024-02-26 09:45:00-05:00,2024-02-26 15:00:00-05:00,short,18002.50445409766,18016.5,cutoff,-14.0,2024-02-07,-4515.18
2024-02-27,2024-02-27 09:38:00-05:00,2024-02-27 15:00:00-05:00,short,18002.50445409766,18027.0,cutoff,-24.5,2024-02-07,-4539.68
2024-02-28,2024-02-28 09:32:00-05:00,2024-02-28 10:58:00-05:00,short,17928.521777387923,17928.521777387923,BE,0.0,2024-02-19,-4539.68
2024-02-28,2024-02-28 11:00:00-05:00,2024-02-28 15:00:00-05:00,short,17946.099026789314,17914.5,cutoff,31.6,2024-02-06,-4508.08
2024-02-29,2024-02-29 09:31:00-05:00,2024-02-29 15:00:00-05:00,short,18061.60039774282,18037.25,cutoff,24.35,2024-02-15,-4483.73
2024-03-01,2024-03-01 10:00:00-05:00,2024-03-01 12:58:00-05:00,short,18166.181503894106,18291.181503894106,SL,-125.0,2024-02-12,-4608.73
2024-03-04,2024-03-04 09:33:00-05:00,2024-03-04 10:25:00-05:00,short,18304.993269119543,18304.993269119543,BE,0.0,2024-03-01,-4608.73
2024-03-04,2024-03-04 10:30:00-05:00,2024-03-04 15:00:00-05:00,short,18294.340730792937,18331.25,cutoff,-36.91,2024-02-23,-4645.64
2024-03-05,2024-03-05 09:33:00-05:00,2024-03-05 13:53:00-05:00,short,18095.335055077107,17899.75,TP,195.59,2024-02-09,-4450.05
2024-03-06,2024-03-06 09:33:00-05:00,2024-03-06 11:50:00-05:00,short,18108.59940195433,18108.59940195433,BE,0.0,2024-02-22,-4450.05
2024-03-07,2024-03-07 09:31:00-05:00,2024-03-07 11:58:00-05:00,short,18181.861360565214,18306.861360565214,SL,-125.0,2024-02-27,-4575.05
2024-03-08,2024-03-08 09:31:00-05:00,2024-03-08 12:53:00-05:00,short,18312.70562963195,18121.5,TP,191.21,2024-03-06,-4383.84
2024-03-11,2024-03-11 09:32:00-04:00,2024-03-11 10:19:00-04:00,short,18186.182175311445,18186.182175311445,BE,0.0,2024-02-26,-4383.84
2024-03-11,2024-03-11 10:20:00-04:00,2024-03-11 11:30:00-04:00,long,18169.62004403596,18169.62004403596,BE,0.0,2024-03-04,-4383.84
2024-03-12,2024-03-12 09:45:00-04:00,2024-03-12 10:23:00-04:00,short,18208.031808653133,18333.031808653133,SL,-125.0,2024-02-29,-4508.84
2024-03-13,2024-03-13 09:40:00-04:00,2024-03-13 13:10:00-04:00,short,18390.720229220504,18390.720229220504,BE,0.0,2024-03-07,-4508.84
2024-03-14,2024-03-14 09:37:00-04:00,2024-03-14 15:00:00-04:00,short,18390.720229220504,18252.25,cutoff,138.47,2024-03-07,-4370.37
2024-03-15,2024-03-15 09:38:00-04:00,2024-03-15 15:00:00-04:00,long,18110.28403168082,18083.25,cutoff,-27.03,2024-03-08,-4397.4
2024-03-18,2024-03-18 09:31:00-04:00,2024-03-18 15:00:00-04:00,short,18304.993269119543,18277.75,cutoff,27.24,2024-03-01,-4370.16
2024-03-19,2024-03-19 09:31:00-04:00,2024-03-19 15:00:00-04:00,long,18110.28403168082,18266.0,cutoff,155.72,2024-03-08,-4214.44
2024-03-20,2024-03-20 09:35:00-04:00,2024-03-20 14:00:00-04:00,short,18304.993269119543,18304.993269119543,BE,0.0,2024-03-01,-4214.44
2024-03-22,2024-03-22 09:47:00-04:00,2024-03-22 15:00:00-04:00,long,18500.875677885975,18595.0,cutoff,94.12,2024-03-21,-4120.32
2024-03-25,2024-03-25 09:32:00-04:00,2024-03-25 15:00:00-04:00,short,18468.12995596404,18568.0,cutoff,-99.87,2024-03-04,-4220.19
2024-03-26,2024-03-26 09:31:00-04:00,2024-03-26 15:00:00-04:00,short,18569.96596831918,18554.5,cutoff,15.47,2024-03-08,-4204.72
2024-03-27,2024-03-27 09:36:00-04:00,2024-03-27 15:00:00-04:00,long,18500.875677885975,18419.75,cutoff,-81.13,2024-03-21,-4285.85
2024-03-28,2024-03-28 09:31:00-04:00,2024-03-28 15:00:00-04:00,short,18490.317014751516,18498.75,cutoff,-8.43,2024-03-20,-4294.28
2024-04-01,2024-04-01 09:31:00-04:00,2024-04-01 15:00:00-04:00,short,18490.317014751516,18468.75,cutoff,21.57,2024-03-20,-4272.71
2024-04-02,2024-04-02 09:33:00-04:00,2024-04-02 15:00:00-04:00,long,18265.28429594975,18278.0,cutoff,12.72,2024-03-25,-4259.99
2024-04-03,2024-04-03 09:33:00-04:00,2024-04-03 15:00:00-04:00,long,18265.28429594975,18397.75,cutoff,132.47,2024-03-25,-4127.52
2024-04-04,2024-04-04 09:32:00-04:00,2024-04-04 12:04:00-04:00,short,18542.060069309577,18542.060069309577,BE,0.0,2024-04-03,-4127.52
2024-04-05,2024-04-05 09:37:00-04:00,2024-04-05 11:05:00-04:00,long,18110.28403168082,18295.0,TP,184.72,2024-03-08,-3942.8
2024-04-08,2024-04-08 09:31:00-04:00,2024-04-08 10:22:00-04:00,short,18320.328722424594,18320.328722424594,BE,0.0,2024-03-19,-3942.8
2024-04-08,2024-04-08 10:27:00-04:00,2024-04-08 11:27:00-04:00,long,18332.642898587055,18332.642898587055,BE,0.0,2024-03-28,-3942.8
2024-04-09,2024-04-09 09:31:00-04:00,2024-04-09 10:42:00-04:00,short,18396.966272373546,18211.5,TP,185.47,2024-04-05,-3757.33
2024-04-09,2024-04-09 10:43:00-04:00,2024-04-09 15:00:00-04:00,long,18186.20885245448,18251.5,cutoff,65.29,2024-03-13,-3692.04
2024-04-10,2024-04-10 09:45:00-04:00,2024-04-10 15:00:00-04:00,long,18186.20885245448,18128.25,cutoff,-57.96,2024-03-13,-3750.0
2024-04-11,2024-04-11 09:35:00-04:00,2024-04-11 14:48:00-04:00,long,18265.28429594975,18489.25,TP,223.97,2024-03-25,-3526.03
2024-04-12,2024-04-12 09:32:00-04:00,2024-04-12 15:00:00-04:00,short,18320.328722424594,18134.5,cutoff,185.83,2024-03-19,-3340.2
2024-04-15,2024-04-15 09:35:00-04:00,2024-04-15 12:24:00-04:00,long,18265.28429594975,18140.28429594975,SL,-125.0,2024-03-25,-3465.2
2024-04-16,2024-04-16 10:16:00-04:00,2024-04-16 15:00:00-04:00,long,17925.796277575406,17950.25,cutoff,24.45,2024-03-19,-3440.75
2024-04-17,2024-04-17 09:35:00-04:00,2024-04-17 10:52:00-04:00,long,17918.533727626454,17793.533727626454,SL,-125.0,2024-04-05,-3565.75
2024-04-18,2024-04-18 09:31:00-04:00,2024-04-18 15:00:00-04:00,long,17645.446462686647,17533.75,cutoff,-111.7,2024-04-16,-3677.45
2024-04-19,2024-04-19 10:14:00-04:00,2024-04-19 12:04:00-04:00,long,17410.581461499758,17285.581461499758,SL,-125.0,2024-04-18,-3802.45
2024-04-22,2024-04-22 10:26:00-04:00,2024-04-22 13:56:00-04:00,long,17196.693493607636,17388.5,TP,191.81,2024-04-19,-3610.64
2024-04-23,2024-04-23 09:56:00-04:00,2024-04-23 14:28:00-04:00,short,17525.21619148364,17650.21619148364,SL,-125.0,2024-04-22,-3735.64
2024-04-24,2024-04-24 09:33:00-04:00,2024-04-24 10:18:00-04:00,short,17727.306506392364,17727.306506392364,BE,0.0,2024-04-19,-3735.64
2024-04-24,2024-04-24 10:36:00-04:00,2024-04-24 15:00:00-04:00,short,17720.605247732077,17612.75,cutoff,107.86,2024-04-23,-3627.78
2024-04-25,2024-04-25 10:15:00-04:00,2024-04-25 15:00:00-04:00,long,17410.581461499758,17527.0,cutoff,116.42,2024-04-18,-3511.36
2024-04-26,2024-04-26 09:34:00-04:00,2024-04-26 10:54:00-04:00,short,17727.306506392364,17852.306506392364,SL,-125.0,2024-04-19,-3636.36
2024-04-29,2024-04-29 09:31:00-04:00,2024-04-29 13:38:00-04:00,short,17928.001554531023,17928.001554531023,BE,0.0,2024-04-24,-3636.36
2024-04-30,2024-04-30 09:44:00-04:00,2024-04-30 10:47:00-04:00,short,17878.293538500242,17878.293538500242,BE,0.0,2024-04-18,-3636.36
2024-05-01,2024-05-01 09:33:00-04:00,2024-05-01 14:41:00-04:00,long,17470.19823312563,17650.25,TP,180.05,2024-04-26,-3456.31
2024-05-02,2024-05-02 09:31:00-04:00,2024-05-02 10:08:00-04:00,long,17556.498445468977,17431.498445468977,SL,-125.0,2024-04-24,-3581.31
2024-05-03,2024-05-03 09:45:00-04:00,2024-05-03 10:44:00-04:00,short,17980.92676687437,17980.92676687437,BE,0.0,2024-04-26,-3581.31
2024-05-03,2024-05-03 10:50:00-04:00,2024-05-03 15:00:00-04:00,long,17956.945343366726,18009.0,cutoff,52.05,2024-04-10,-3529.26
2024-05-06,2024-05-06 09:32:00-04:00,2024-05-06 15:00:00-04:00,long,18044.312855743767,18145.5,cutoff,101.19,2024-04-11,-3428.07
2024-05-07,2024-05-07 10:00:00-04:00,2024-05-07 15:00:00-04:00,short,18198.797989743463,18194.5,cutoff,4.3,2024-05-03,-3423.77
2024-05-08,2024-05-08 09:31:00-04:00,2024-05-08 10:47:00-04:00,short,18099.553537313353,18224.553537313353,SL,-125.0,2024-04-16,-3548.77
2024-05-09,2024-05-09 09:45:00-04:00,2024-05-09 15:00:00-04:00,long,18118.82569679723,18231.75,cutoff,112.92,2024-04-12,-3435.85
2024-05-10,2024-05-10 09:35:00-04:00,2024-05-10 15:00:00-04:00,short,18318.397605320453,18256.25,cutoff,62.15,2024-05-08,-3373.7
2024-05-14,2024-05-14 09:45:00-04:00,2024-05-14 15:00:00-04:00,short,18318.397605320453,18409.75,cutoff,-91.35,2024-05-08,-3465.05
2024-05-15,2024-05-15 09:59:00-04:00,2024-05-15 11:55:00-04:00,short,18479.93747753404,18604.93747753404,SL,-125.0,2024-05-10,-3590.05
2024-05-16,2024-05-16 09:33:00-04:00,2024-05-16 15:00:00-04:00,short,18684.124682415186,18695.5,cutoff,-11.38,2024-05-15,-3601.43
2024-05-20,2024-05-20 09:34:00-04:00,2024-05-20 15:00:00-04:00,short,18684.124682415186,18748.75,cutoff,-64.63,2024-05-15,-3666.06
2024-05-21,2024-05-21 09:31:00-04:00,2024-05-21 15:00:00-04:00,short,18684.124682415186,18769.5,cutoff,-85.38,2024-05-15,-3751.44
2024-05-22,2024-05-22 10:00:00-04:00,2024-05-22 11:05:00-04:00,short,18830.790448757154,18830.790448757154,BE,0.0,2024-05-16,-3751.44
2024-05-23,2024-05-23 09:34:00-04:00,2024-05-23 13:56:00-04:00,short,18941.475837723636,18736.0,TP,205.48,2024-05-22,-3545.96
2024-05-24,2024-05-24 09:46:00-04:00,2024-05-24 11:13:00-04:00,short,18786.526075226036,18911.526075226036,SL,-125.0,2024-05-17,-3670.96
2024-05-28,2024-05-28 09:53:00-04:00,2024-05-28 15:00:00-04:00,short,18863.21698544889,18867.25,cutoff,-4.03,2024-05-20,-3674.99
2024-05-29,2024-05-29 09:43:00-04:00,2024-05-29 15:00:00-04:00,short,18786.526075226036,18825.25,cutoff,-38.72,2024-05-17,-3713.71
2024-05-30,2024-05-30 09:34:00-04:00,2024-05-30 15:00:00-04:00,long,18730.6884868419,18670.5,cutoff,-60.19,2024-05-23,-3773.9
2024-05-31,2024-05-31 09:31:00-04:00,2024-05-31 10:15:00-04:00,long,18603.078808509206,18478.078808509206,SL,-125.0,2024-05-29,-3898.9
2024-06-03,2024-06-03 09:41:00-04:00,2024-06-03 10:50:00-04:00,long,18730.6884868419,18605.6884868419,SL,-125.0,2024-05-23,-4023.9
2024-06-04,2024-06-04 09:34:00-04:00,2024-06-04 10:22:00-04:00,long,18588.785948066085,18588.785948066085,BE,0.0,2024-05-24,-4023.9
2024-06-04,2024-06-04 10:37:00-04:00,2024-06-04 11:27:00-04:00,long,18603.078808509206,18603.078808509206,BE,0.0,2024-05-29,-4023.9
2024-06-05,2024-06-05 09:31:00-04:00,2024-06-05 11:13:00-04:00,short,18830.790448757154,18955.790448757154,SL,-125.0,2024-05-16,-4148.9
2024-06-06,2024-06-06 09:47:00-04:00,2024-06-06 15:00:00-04:00,short,19078.028660465738,19066.0,cutoff,12.03,2024-05-28,-4136.87
2024-06-07,2024-06-07 09:31:00-04:00,2024-06-07 12:55:00-04:00,short,19013.149331717745,19138.149331717745,SL,-125.0,2024-05-27,-4261.87
2024-06-10,2024-06-10 09:34:00-04:00,2024-06-10 10:20:00-04:00,short,19013.149331717745,19013.149331717745,BE,0.0,2024-05-27,-4261.87
2024-06-10,2024-06-10 10:30:00-04:00,2024-06-10 15:00:00-04:00,short,19039.743026956778,19077.0,cutoff,-37.26,2024-06-05,-4299.13
2024-06-11,2024-06-11 09:34:00-04:00,2024-06-11 10:24:00-04:00,short,19078.028660465738,19078.028660465738,BE,0.0,2024-05-28,-4299.13
2024-06-21,2024-06-21 09:31:00-04:00,2024-06-21 10:17:00-04:00,long,19992.384046385865,19992.384046385865,BE,0.0,2024-06-20,-4299.13
2024-06-25,2024-06-25 09:38:00-04:00,2024-06-25 11:16:00-04:00,short,19803.81760183625,19928.81760183625,SL,-125.0,2024-06-13,-4424.13
2024-06-26,2024-06-26 09:53:00-04:00,2024-06-26 15:00:00-04:00,long,19992.384046385865,19951.75,cutoff,-40.63,2024-06-20,-4464.76
2024-06-27,2024-06-27 09:33:00-04:00,2024-06-27 15:00:00-04:00,short,20035.72334406313,20043.25,cutoff,-7.53,2024-06-25,-4472.29
2024-06-28,2024-06-28 09:47:00-04:00,2024-06-28 10:10:00-04:00,short,20121.3664627391,20246.3664627391,SL,-125.0,2024-06-17,-4597.29
2024-07-01,2024-07-01 10:14:00-04:00,2024-07-01 14:23:00-04:00,long,19824.90114202006,20028.0,TP,203.1,2024-06-28,-4394.19
2024-07-02,2024-07-02 09:33:00-04:00,2024-07-02 13:09:00-04:00,short,20035.72334406313,20160.72334406313,SL,-125.0,2024-06-25,-4519.19
2024-07-04,2024-07-04 10:17:00-04:00,2024-07-04 12:59:00-04:00,short,20374.096228592298,20381.25,cutoff,-7.15,2024-06-19,-4526.34
2024-07-05,2024-07-05 09:47:00-04:00,2024-07-05 11:18:00-04:00,short,20444.240953614135,20569.240953614135,SL,-125.0,2024-06-20,-4651.34
2024-07-10,2024-07-10 10:10:00-04:00,2024-07-10 12:22:00-04:00,short,20791.771230340233,20791.771230340233,BE,0.0,2024-07-08,-4651.34
2024-07-11,2024-07-11 10:22:00-04:00,2024-07-11 12:07:00-04:00,short,20666.147815335862,20485.25,TP,180.9,2024-07-05,-4470.44
2024-07-12,2024-07-12 09:33:00-04:00,2024-07-12 10:00:00-04:00,short,20444.240953614135,20569.240953614135,SL,-125.0,2024-06-20,-4595.44
2024-07-15,2024-07-15 09:41:00-04:00,2024-07-15 11:21:00-04:00,short,20666.147815335862,20791.147815335862,SL,-125.0,2024-07-05,-4720.44
2024-07-16,2024-07-16 09:34:00-04:00,2024-07-16 15:00:00-04:00,short,20666.147815335862,20590.0,cutoff,76.15,2024-07-05,-4644.29
2024-07-17,2024-07-17 09:32:00-04:00,2024-07-17 10:07:00-04:00,long,20256.45953439659,20131.45953439659,SL,-125.0,2024-07-04,-4769.29
2024-07-18,2024-07-18 09:42:00-04:00,2024-07-18 10:27:00-04:00,long,20061.96743978424,20061.96743978424,BE,0.0,2024-07-03,-4769.29
2024-07-18,2024-07-18 10:35:00-04:00,2024-07-18 11:23:00-04:00,long,19956.62531162463,19831.62531162463,SL,-125.0,2024-07-17,-4894.29
2024-07-19,2024-07-19 09:37:00-04:00,2024-07-19 11:29:00-04:00,long,19869.377816091834,19744.377816091834,SL,-125.0,2024-07-18,-5019.29
2024-07-22,2024-07-22 09:39:00-04:00,2024-07-22 11:28:00-04:00,long,19956.62531162463,19831.62531162463,SL,-125.0,2024-07-17,-5144.29
2024-07-23,2024-07-23 09:31:00-04:00,2024-07-23 10:45:00-04:00,long,19956.62531162463,19956.62531162463,BE,0.0,2024-07-17,-5144.29
2024-07-24,2024-07-24 09:34:00-04:00,2024-07-24 10:13:00-04:00,long,19594.193933182516,19469.193933182516,SL,-125.0,2024-07-19,-5269.29
2024-07-29,2024-07-29 09:49:00-04:00,2024-07-29 11:01:00-04:00,long,19320.565941390036,19195.565941390036,SL,-125.0,2024-07-24,-5394.29
2024-07-31,2024-07-31 09:34:00-04:00,2024-07-31 14:41:00-04:00,long,19320.565941390036,19505.25,TP,184.68,2024-07-24,-5209.61
2024-08-01,2024-08-01 09:31:00-04:00,2024-08-01 09:56:00-04:00,short,19544.119562947533,19669.119562947533,SL,-125.0,2024-07-30,-5334.61
2024-08-02,2024-08-02 09:41:00-04:00,2024-08-02 09:52:00-04:00,long,18719.653445721407,18594.653445721407,SL,-125.0,2024-07-25,-5459.61
2024-08-06,2024-08-06 10:03:00-04:00,2024-08-06 12:15:00-04:00,long,18164.805856265015,18351.0,TP,186.19,2024-08-02,-5273.42
2024-08-07,2024-08-07 09:32:00-04:00,2024-08-07 10:45:00-04:00,short,18519.82576537015,18519.82576537015,BE,0.0,2024-08-06,-5273.42
2024-08-08,2024-08-08 09:37:00-04:00,2024-08-08 10:28:00-04:00,long,18164.805856265015,18348.5,TP,183.69,2024-08-02,-5089.73
2024-08-09,2024-08-09 09:39:00-04:00,2024-08-09 10:49:00-04:00,short,18519.82576537015,18519.82576537015,BE,0.0,2024-08-06,-5089.73
2024-08-12,2024-08-12 09:31:00-04:00,2024-08-12 10:16:00-04:00,short,18663.84995837113,18663.84995837113,BE,0.0,2024-08-08,-5089.73
2024-08-12,2024-08-12 10:27:00-04:00,2024-08-12 11:22:00-04:00,long,18719.653445721407,18719.653445721407,BE,0.0,2024-07-25,-5089.73
2024-08-13,2024-08-13 09:34:00-04:00,2024-08-13 10:33:00-04:00,long,18864.471746059433,18864.471746059433,BE,0.0,2024-07-26,-5089.73
2024-08-14,2024-08-14 09:35:00-04:00,2024-08-14 10:12:00-04:00,long,19093.91177850638,18968.91177850638,SL,-125.0,2024-07-31,-5214.73
2024-08-15,2024-08-15 09:51:00-04:00,2024-08-15 11:42:00-04:00,short,19417.278253940567,19542.278253940567,SL,-125.0,2024-07-26,-5339.73
2024-08-16,2024-08-16 10:05:00-04:00,2024-08-16 10:51:00-04:00,short,19544.119562947533,19544.119562947533,BE,0.0,2024-07-30,-5339.73
2024-08-16,2024-08-16 10:52:00-04:00,2024-08-16 11:37:00-04:00,short,19552.346554278593,19552.346554278593,BE,0.0,2024-07-25,-5339.73
2024-08-19,2024-08-19 09:38:00-04:00,2024-08-19 12:51:00-04:00,short,19563.28084561538,19688.28084561538,SL,-125.0,2024-07-29,-5464.73
2024-08-20,2024-08-20 09:48:00-04:00,2024-08-20 15:00:00-04:00,short,19879.934058609964,19851.75,cutoff,28.18,2024-07-24,-5436.55
2024-08-21,2024-08-21 09:57:00-04:00,2024-08-21 15:00:00-04:00,short,19881.348724452895,19904.25,cutoff,-22.9,2024-08-01,-5459.45
2024-08-22,2024-08-22 10:34:00-04:00,2024-08-22 11:46:00-04:00,short,19881.348724452895,19700.25,TP,181.1,2024-08-01,-5278.35
2024-08-23,2024-08-23 09:31:00-04:00,2024-08-23 10:48:00-04:00,long,19718.054097770917,19718.054097770917,BE,0.0,2024-08-22,-5278.35
2024-08-23,2024-08-23 10:49:00-04:00,2024-08-23 11:18:00-04:00,short,19669.08822149362,19794.08822149362,SL,-125.0,2024-07-31,-5403.35
2024-08-26,2024-08-26 09:34:00-04:00,2024-08-26 10:31:00-04:00,short,19801.40781865498,19597.75,TP,203.66,2024-08-19,-5199.69
2024-08-26,2024-08-26 10:41:00-04:00,2024-08-26 15:00:00-04:00,short,19544.119562947533,19615.5,cutoff,-71.38,2024-07-30,-5271.07
2024-08-27,2024-08-27 09:38:00-04:00,2024-08-27 11:14:00-04:00,long,19470.180575569306,19666.75,TP,196.57,2024-08-23,-5074.5
2024-08-28,2024-08-28 09:33:00-04:00,2024-08-28 11:07:00-04:00,short,19643.32445003435,19437.75,TP,205.57,2024-08-15,-4868.93
2024-08-29,2024-08-29 09:50:00-04:00,2024-08-29 10:35:00-04:00,long,19609.87105978644,19609.87105978644,BE,0.0,2024-08-20,-4868.93
2024-08-29,2024-08-29 10:36:00-04:00,2024-08-29 14:28:00-04:00,long,19629.212552148034,19504.212552148034,SL,-125.0,2024-08-21,-4993.93
2024-08-30,2024-08-30 10:01:00-04:00,2024-08-30 10:57:00-04:00,long,19609.87105978644,19484.87105978644,SL,-125.0,2024-08-20,-5118.93
2024-09-02,2024-09-02 09:41:00-04:00,2024-09-02 12:59:00-04:00,long,19629.212552148034,19647.0,cutoff,17.79,2024-08-21,-5101.14
2024-09-03,2024-09-03 09:31:00-04:00,2024-09-03 10:00:00-04:00,long,19436.24414338785,19311.24414338785,SL,-125.0,2024-08-26,-5226.14
2024-09-04,2024-09-04 09:42:00-04:00,2024-09-04 10:57:00-04:00,short,18954.167203917663,19079.167203917663,SL,-125.0,2024-08-12,-5351.14
2024-09-05,2024-09-05 09:35:00-04:00,2024-09-05 10:00:00-04:00,short,18954.167203917663,19079.167203917663,SL,-125.0,2024-08-12,-5476.14
2024-09-06,2024-09-06 09:40:00-04:00,2024-09-06 10:25:00-04:00,long,18787.370575135792,18662.370575135792,SL,-125.0,2024-08-14,-5601.14
2024-09-09,2024-09-09 09:31:00-04:00,2024-09-09 10:30:00-04:00,long,18605.78967459617,18605.78967459617,BE,0.0,2024-09-04,-5601.14
2024-09-09,2024-09-09 10:32:00-04:00,2024-09-09 15:00:00-04:00,long,18588.802171752275,18604.0,cutoff,15.2,2024-09-05,-5585.94
2024-09-10,2024-09-10 09:34:00-04:00,2024-09-10 11:51:00-04:00,long,18787.370575135792,18662.370575135792,SL,-125.0,2024-08-14,-5710.94
2024-09-11,2024-09-11 10:39:00-04:00,2024-09-11 11:46:00-04:00,long,18605.78967459617,18797.0,TP,191.21,2024-09-04,-5519.73
2024-09-12,2024-09-12 09:31:00-04:00,2024-09-12 13:57:00-04:00,long,19227.07384076628,19446.25,TP,219.18,2024-08-27,-5300.55
2024-09-13,2024-09-13 09:34:00-04:00,2024-09-13 10:30:00-04:00,long,19436.24414338785,19436.24414338785,BE,0.0,2024-08-26,-5300.55
2024-09-13,2024-09-13 10:32:00-04:00,2024-09-13 15:00:00-04:00,long,19440.876008721498,19513.25,cutoff,72.37,2024-09-02,-5228.18
2024-09-16,2024-09-16 09:32:00-04:00,2024-09-16 10:26:00-04:00,long,19629.212552148034,19629.212552148034,BE,0.0,2024-08-21,-5228.18
2024-09-16,2024-09-16 10:27:00-04:00,2024-09-16 15:00:00-04:00,long,19609.87105978644,19666.0,cutoff,56.13,2024-08-20,-5172.05
2024-09-17,2024-09-17 09:34:00-04:00,2024-09-17 13:45:00-04:00,short,19794.373991278502,19608.5,TP,185.87,2024-09-02,-4986.18
2024-09-18,2024-09-18 09:31:00-04:00,2024-09-18 11:46:00-04:00,long,19718.054097770917,19593.054097770917,SL,-125.0,2024-08-22,-5111.18
2024-09-19,2024-09-19 09:38:00-04:00,2024-09-19 10:32:00-04:00,short,20029.50585661215,20154.50585661215,SL,-125.0,2024-08-26,-5236.18
2024-09-20,2024-09-20 09:57:00-04:00,2024-09-20 12:50:00-04:00,short,20029.50585661215,20029.50585661215,BE,0.0,2024-08-26,-5236.18
2024-09-24,2024-09-24 10:10:00-04:00,2024-09-24 11:46:00-04:00,short,20031.687214054655,20156.687214054655,SL,-125.0,2024-09-17,-5361.18
2024-09-25,2024-09-25 10:15:00-04:00,2024-09-25 15:00:00-04:00,short,20264.48376077762,20190.25,cutoff,74.23,2024-09-20,-5286.95
2024-09-26,2024-09-26 10:06:00-04:00,2024-09-26 11:02:00-04:00,short,20409.398137686894,20216.75,TP,192.65,2024-09-25,-5094.3
2024-09-27,2024-09-27 09:32:00-04:00,2024-09-27 15:00:00-04:00,short,20354.416612917434,20248.25,cutoff,106.17,2024-09-19,-4988.13
2024-09-30,2024-09-30 10:04:00-04:00,2024-09-30 14:24:00-04:00,long,20192.811289334968,20067.811289334968,SL,-125.0,2024-09-26,-5113.13
2024-10-01,2024-10-01 09:32:00-04:00,2024-10-01 09:47:00-04:00,long,20192.811289334968,20067.811289334968,SL,-125.0,2024-09-26,-5238.13
2024-10-02,2024-10-02 09:31:00-04:00,2024-10-02 11:17:00-04:00,short,19938.759423010662,20063.759423010662,SL,-125.0,2024-09-18,-5363.13
2024-10-03,2024-10-03 09:32:00-04:00,2024-10-03 10:00:00-04:00,short,19938.759423010662,20063.759423010662,SL,-125.0,2024-09-18,-5488.13
2024-10-04,2024-10-04 09:32:00-04:00,2024-10-04 10:08:00-04:00,long,20192.811289334968,20067.811289334968,SL,-125.0,2024-09-26,-5613.13
2024-10-07,2024-10-07 09:32:00-04:00,2024-10-07 10:44:00-04:00,long,20143.4885118941,20143.4885118941,BE,0.0,2024-09-27,-5613.13
2024-10-08,2024-10-08 09:56:00-04:00,2024-10-08 15:00:00-04:00,long,20143.4885118941,20273.75,cutoff,130.26,2024-09-27,-5482.87
2024-10-09,2024-10-09 09:33:00-04:00,2024-10-09 11:12:00-04:00,short,20264.48376077762,20389.48376077762,SL,-125.0,2024-09-20,-5607.87
2024-10-10,2024-10-10 09:31:00-04:00,2024-10-10 12:00:00-04:00,short,20354.416612917434,20479.416612917434,SL,-125.0,2024-09-19,-5732.87
2024-10-11,2024-10-11 09:45:00-04:00,2024-10-11 10:27:00-04:00,short,20354.416612917434,20479.416612917434,SL,-125.0,2024-09-19,-5857.87
2024-10-14,2024-10-14 09:32:00-04:00,2024-10-14 15:00:00-04:00,short,20568.1364881059,20626.25,cutoff,-58.11,2024-09-27,-5915.98
2024-10-15,2024-10-15 09:51:00-04:00,2024-10-15 10:36:00-04:00,short,20616.47541862654,20423.5,TP,192.98,2024-10-10,-5723.0
2024-10-15,2024-10-15 10:37:00-04:00,2024-10-15 15:00:00-04:00,short,20409.398137686894,20330.25,cutoff,79.15,2024-09-25,-5643.85
2024-10-16,2024-10-16 09:31:00-04:00,2024-10-16 15:00:00-04:00,long,20303.56062921643,20362.0,cutoff,58.44,2024-10-14,-5585.41
2024-10-17,2024-10-17 09:31:00-04:00,2024-10-17 15:00:00-04:00,short,20549.36248371189,20431.75,cutoff,117.61,2024-10-09,-5467.8
2024-10-18,2024-10-18 09:45:00-04:00,2024-10-18 11:28:00-04:00,short,20509.27467220082,20509.27467220082,BE,0.0,2024-10-04,-5467.8
2024-10-21,2024-10-21 10:03:00-04:00,2024-10-21 15:00:00-04:00,short,20509.27467220082,20458.25,cutoff,51.02,2024-10-04,-5416.78
2024-10-22,2024-10-22 09:33:00-04:00,2024-10-22 13:38:00-04:00,short,20409.398137686894,20534.398137686894,SL,-125.0,2024-09-25,-5541.78
2024-10-23,2024-10-23 09:33:00-04:00,2024-10-23 10:32:00-04:00,short,20431.966431258297,20431.966431258297,BE,0.0,2024-09-30,-5541.78
2024-10-23,2024-10-23 11:00:00-04:00,2024-10-23 13:12:00-04:00,short,20396.14892815338,20210.5,TP,185.65,2024-10-08,-5356.13
2024-10-24,2024-10-24 09:48:00-04:00,2024-10-24 11:47:00-04:00,long,20303.56062921643,20303.56062921643,BE,0.0,2024-10-14,-5356.13
2024-10-25,2024-10-25 09:35:00-04:00,2024-10-25 10:01:00-04:00,short,20549.36248371189,20674.36248371189,SL,-125.0,2024-10-09,-5481.13
2024-10-28,2024-10-28 09:32:00-04:00,2024-10-28 10:21:00-04:00,short,20596.23447517919,20596.23447517919,BE,0.0,2024-10-01,-5481.13
2024-10-28,2024-10-28 10:25:00-04:00,2024-10-28 15:00:00-04:00,short,20584.71443989178,20523.5,cutoff,61.21,2024-10-24,-5419.92
2024-10-29,2024-10-29 09:45:00-04:00,2024-10-29 12:00:00-04:00,short,20509.27467220082,20634.27467220082,SL,-125.0,2024-10-04,-5544.92
2024-10-30,2024-10-30 09:31:00-04:00,2024-10-30 15:00:00-04:00,short,20667.24401157799,20604.75,cutoff,62.49,2024-10-11,-5482.43
2024-10-31,2024-10-31 09:31:00-04:00,2024-10-31 09:49:00-04:00,long,20303.56062921643,20178.56062921643,SL,-125.0,2024-10-14,-5607.43
2024-11-01,2024-11-01 09:35:00-04:00,2024-11-01 15:00:00-04:00,long,20101.14958137346,20166.25,cutoff,65.1,2024-10-10,-5542.33
2024-11-04,2024-11-04 09:31:00-05:00,2024-11-04 11:43:00-05:00,long,20101.14958137346,20101.14958137346,BE,0.0,2024-10-10,-5542.33
2024-11-05,2024-11-05 09:32:00-05:00,2024-11-05 15:00:00-05:00,long,20189.39204918327,20294.0,cutoff,104.61,2024-10-17,-5437.72
2024-11-06,2024-11-06 09:32:00-05:00,2024-11-06 13:02:00-05:00,short,20707.991886978132,20832.991886978132,SL,-125.0,2024-10-18,-5562.72
2024-11-11,2024-11-11 09:33:00-05:00,2024-11-11 15:00:00-05:00,short,21270.8590945764,21175.25,cutoff,95.61,2024-11-07,-5467.11
2024-11-15,2024-11-15 09:36:00-05:00,2024-11-15 12:15:00-05:00,short,20716.25851381381,20500.5,TP,215.76,2024-10-21,-5251.35
2024-11-18,2024-11-18 10:04:00-05:00,2024-11-18 11:24:00-05:00,short,20584.71443989178,20709.71443989178,SL,-125.0,2024-10-24,-5376.35
2024-11-19,2024-11-19 09:41:00-05:00,2024-11-19 10:29:00-05:00,short,20584.71443989178,20584.71443989178,BE,0.0,2024-10-24,-5376.35
2024-11-20,2024-11-20 09:44:00-05:00,2024-11-20 11:47:00-05:00,short,20662.143906139332,20662.143906139332,BE,0.0,2024-10-31,-5376.35
2024-11-21,2024-11-21 09:31:00-05:00,2024-11-21 09:38:00-05:00,short,20873.28056996522,20677.75,TP,195.53,2024-10-25,-5180.82
2024-11-21,2024-11-21 09:40:00-05:00,2024-11-21 10:54:00-05:00,short,20662.143906139332,20662.143906139332,BE,0.0,2024-10-31,-5180.82
2024-11-22,2024-11-22 09:32:00-05:00,2024-11-22 10:39:00-05:00,short,20811.795006614546,20811.795006614546,BE,0.0,2024-10-29,-5180.82
2024-11-22,2024-11-22 10:45:00-05:00,2024-11-22 12:50:00-05:00,short,20848.093765848396,20848.093765848396,BE,0.0,2024-10-28,-5180.82
2024-11-25,2024-11-25 09:32:00-05:00,2024-11-25 12:48:00-05:00,short,20993.111733587757,20802.5,TP,190.61,2024-11-06,-4990.21
2024-11-26,2024-11-26 09:34:00-05:00,2024-11-26 10:45:00-05:00,short,20993.111733587757,20993.111733587757,BE,0.0,2024-11-06,-4990.21
2024-11-27,2024-11-27 09:31:00-05:00,2024-11-27 10:27:00-05:00,long,20892.111380793085,20767.111380793085,SL,-125.0,2024-11-14,-5115.21
2024-11-28,2024-11-28 09:57:00-05:00,2024-11-28 11:27:00-05:00,long,20892.111380793085,20892.111380793085,BE,0.0,2024-11-14,-5115.21
2024-11-29,2024-11-29 09:31:00-05:00,2024-11-29 10:15:00-05:00,short,20842.995254350048,20967.995254350048,SL,-125.0,2024-11-18,-5240.21
2024-12-02,2024-12-02 09:32:00-05:00,2024-12-02 11:43:00-05:00,short,21107.046660596272,21232.046660596272,SL,-125.0,2024-11-29,-5365.21
2024-12-03,2024-12-03 09:31:00-05:00,2024-12-03 15:00:00-05:00,short,21147.605270926877,21254.75,cutoff,-107.14,2024-11-27,-5472.35
2024-12-04,2024-12-04 09:32:00-05:00,2024-12-04 15:00:00-05:00,short,21406.807232979983,21512.0,cutoff,-105.19,2024-11-12,-5577.54
2024-12-06,2024-12-06 09:49:00-05:00,2024-12-06 15:00:00-05:00,short,21596.018806749427,21635.5,cutoff,-39.48,2024-12-04,-5617.02
2024-12-09,2024-12-09 09:31:00-05:00,2024-12-09 15:00:00-05:00,short,21596.018806749427,21476.25,cutoff,119.77,2024-12-04,-5497.25
2024-12-10,2024-12-10 10:08:00-05:00,2024-12-10 15:00:00-05:00,short,21596.018806749427,21411.25,cutoff,184.77,2024-12-04,-5312.48
2024-12-11,2024-12-11 09:33:00-05:00,2024-12-11 10:08:00-05:00,short,21596.018806749427,21721.018806749427,SL,-125.0,2024-12-04,-5437.48
2024-12-12,2024-12-12 09:38:00-05:00,2024-12-12 10:23:00-05:00,short,21687.530920669866,21687.530920669866,BE,0.0,2024-12-05,-5437.48
2024-12-13,2024-12-13 09:43:00-05:00,2024-12-13 15:00:00-05:00,short,21869.341110276982,21801.25,cutoff,68.09,2024-12-11,-5369.39
2024-12-19,2024-12-19 09:31:00-05:00,2024-12-19 10:35:00-05:00,short,21687.530920669866,21500.25,TP,187.28,2024-12-05,-5182.11
2024-12-19,2024-12-19 10:40:00-05:00,2024-12-19 12:21:00-05:00,long,21492.24058955785,21492.24058955785,BE,0.0,2024-12-12,-5182.11
2024-12-20,2024-12-20 09:39:00-05:00,2024-12-20 10:27:00-05:00,short,21292.531888874582,21417.531888874582,SL,-125.0,2024-11-25,-5307.11
2024-12-23,2024-12-23 09:44:00-05:00,2024-12-23 10:10:00-05:00,long,21608.988638772324,21483.988638772324,SL,-125.0,2024-12-13,-5432.11
2024-12-24,2024-12-24 09:41:00-05:00,2024-12-24 11:47:00-05:00,short,21869.341110276982,21994.341110276982,SL,-125.0,2024-12-11,-5557.11
2024-12-26,2024-12-26 09:38:00-05:00,2024-12-26 10:38:00-05:00,short,22007.808684924697,22007.808684924697,BE,0.0,2024-12-19,-5557.11
2024-12-27,2024-12-27 09:37:00-05:00,2024-12-27 10:15:00-05:00,short,21764.75757263631,21577.75,TP,187.01,2024-12-06,-5370.1
2024-12-27,2024-12-27 10:23:00-05:00,2024-12-27 11:25:00-05:00,short,21596.018806749427,21596.018806749427,BE,0.0,2024-12-04,-5370.1
2024-12-30,2024-12-30 09:31:00-05:00,2024-12-30 15:00:00-05:00,long,21372.344079330134,21528.75,cutoff,156.41,2024-12-05,-5213.69
2025-01-02,2025-01-02 09:32:00-05:00,2025-01-02 12:29:00-05:00,short,21364.40750052978,21171.5,TP,192.91,2024-12-03,-5020.78
2025-01-03,2025-01-03 09:34:00-05:00,2025-01-03 14:47:00-05:00,long,21343.94368347066,21538.0,TP,194.06,2024-12-10,-4826.72
2025-01-06,2025-01-06 09:31:00-05:00,2025-01-06 10:46:00-05:00,short,21764.75757263631,21889.75757263631,SL,-125.0,2024-12-06,-4951.72
2025-01-07,2025-01-07 09:31:00-05:00,2025-01-07 10:07:00-05:00,short,21796.928107768268,21608.75,TP,188.18,2024-12-09,-4763.54
2025-01-07,2025-01-07 10:09:00-05:00,2025-01-07 10:38:00-05:00,long,21593.969909814354,21468.969909814354,SL,-125.0,2024-12-24,-4888.54
2025-01-08,2025-01-08 09:32:00-05:00,2025-01-08 12:27:00-05:00,long,21343.94368347066,21218.94368347066,SL,-125.0,2024-12-10,-5013.54
2025-01-10,2025-01-10 09:37:00-05:00,2025-01-10 10:00:00-05:00,long,21108.976305194254,20983.976305194254,SL,-125.0,2024-12-30,-5138.54
2025-01-13,2025-01-13 09:37:00-05:00,2025-01-13 10:29:00-05:00,long,20715.49254738771,20715.49254738771,BE,0.0,2025-01-10,-5138.54
2025-01-13,2025-01-13 10:41:00-05:00,2025-01-13 15:00:00-05:00,long,20812.622135091402,20905.5,cutoff,92.88,2024-12-20,-5045.66
2025-01-14,2025-01-14 09:31:00-05:00,2025-01-14 10:27:00-05:00,long,21031.8856662069,21031.8856662069,BE,0.0,2025-01-03,-5045.66
2025-01-14,2025-01-14 10:38:00-05:00,2025-01-14 11:54:00-05:00,long,20966.699659476093,20841.699659476093,SL,-125.0,2025-01-02,-5170.66
2025-01-15,2025-01-15 09:34:00-05:00,2025-01-15 11:51:00-05:00,long,21266.566315075303,21266.566315075303,BE,0.0,2024-12-19,-5170.66
2025-01-16,2025-01-16 09:48:00-05:00,2025-01-16 10:34:00-05:00,long,21370.860792927837,21370.860792927837,BE,0.0,2025-01-07,-5170.66
2025-01-16,2025-01-16 10:36:00-05:00,2025-01-16 11:39:00-05:00,long,21369.223516791924,21369.223516791924,BE,0.0,2024-12-27,-5170.66
2025-01-17,2025-01-17 09:31:00-05:00,2025-01-17 15:00:00-05:00,long,21593.969909814354,21622.0,cutoff,28.03,2024-12-24,-5142.63
2025-01-20,2025-01-20 09:31:00-05:00,2025-01-20 11:52:00-05:00,short,21727.127864908598,21727.127864908598,BE,0.0,2024-12-20,-5142.63
2025-01-21,2025-01-21 09:39:00-05:00,2025-01-21 10:29:00-05:00,short,21634.523694805746,21634.523694805746,BE,0.0,2024-12-30,-5142.63
2025-01-21,2025-01-21 10:32:00-05:00,2025-01-21 13:13:00-05:00,short,21627.173587494122,21752.173587494122,SL,-125.0,2025-01-08,-5267.63
2025-01-22,2025-01-22 09:31:00-05:00,2025-01-22 10:37:00-05:00,short,21913.918142038703,22038.918142038703,SL,-125.0,2024-12-23,-5392.63
2025-01-23,2025-01-23 09:33:00-05:00,2025-01-23 15:00:00-05:00,short,21888.13218343735,21953.75,cutoff,-65.62,2025-01-17,-5458.25
2025-01-24,2025-01-24 09:31:00-05:00,2025-01-24 15:00:00-05:00,short,22039.2246379133,21868.0,cutoff,171.22,2025-01-06,-5287.03
2025-01-27,2025-01-27 09:59:00-05:00,2025-01-27 10:57:00-05:00,long,21326.61781656265,21326.61781656265,BE,0.0,2025-01-17,-5287.03
2025-01-28,2025-01-28 09:42:00-05:00,2025-01-28 10:23:00-05:00,long,21187.005205197285,21413.25,TP,226.24,2025-01-16,-5060.79
2025-01-29,2025-01-29 09:42:00-05:00,2025-01-29 13:03:00-05:00,long,21503.086594849883,21378.086594849883,SL,-125.0,2025-01-20,-5185.79
2025-01-30,2025-01-30 09:36:00-05:00,2025-01-30 09:49:00-05:00,short,21612.9893337931,21737.9893337931,SL,-125.0,2025-01-03,-5310.79
2025-01-31,2025-01-31 09:31:00-05:00,2025-01-31 10:56:00-05:00,short,21822.843311433993,21947.843311433993,SL,-125.0,2025-01-29,-5435.79
2025-02-03,2025-02-03 09:40:00-05:00,2025-02-03 09:53:00-05:00,long,21298.78293912612,21173.78293912612,SL,-125.0,2025-01-30,-5560.79
2025-02-04,2025-02-04 09:39:00-05:00,2025-02-04 10:09:00-05:00,short,21513.00745261229,21638.00745261229,SL,-125.0,2025-01-10,-5685.79
2025-02-05,2025-02-05 09:31:00-05:00,2025-02-05 10:16:00-05:00,long,21536.260413812335,21536.260413812335,BE,0.0,2025-01-31,-5685.79
2025-02-05,2025-02-05 10:17:00-05:00,2025-02-05 11:38:00-05:00,short,21522.02838072801,21647.02838072801,SL,-125.0,2025-01-27,-5810.79
2025-02-06,2025-02-06 09:45:00-05:00,2025-02-06 10:30:00-05:00,short,21792.952727208594,21792.952727208594,BE,0.0,2025-02-05,-5810.79
2025-02-06,2025-02-06 10:37:00-05:00,2025-02-06 12:53:00-05:00,short,21822.843311433993,21822.843311433993,BE,0.0,2025-01-29,-5810.79
2025-02-07,2025-02-07 09:33:00-05:00,2025-02-07 10:11:00-05:00,short,21948.538405150117,21760.5,TP,188.04,2025-01-20,-5622.75
2025-02-07,2025-02-07 10:12:00-05:00,2025-02-07 14:30:00-05:00,long,21695.804153590565,21570.804153590565,SL,-125.0,2025-01-22,-5747.75
2025-02-10,2025-02-10 09:43:00-05:00,2025-02-10 15:00:00-05:00,short,21792.952727208594,21862.5,cutoff,-69.55,2025-02-05,-5817.3
2025-02-11,2025-02-11 09:36:00-05:00,2025-02-11 10:21:00-05:00,short,21792.952727208594,21792.952727208594,BE,0.0,2025-02-05,-5817.3
2025-02-11,2025-02-11 10:25:00-05:00,2025-02-11 15:00:00-05:00,short,21822.843311433993,21826.75,cutoff,-3.91,2025-01-29,-5821.21
2025-02-12,2025-02-12 09:31:00-05:00,2025-02-12 10:38:00-05:00,long,21536.260413812335,21733.75,TP,197.49,2025-01-31,-5623.72
2025-02-12,2025-02-12 10:44:00-05:00,2025-02-12 11:43:00-05:00,short,21724.619794802715,21724.619794802715,BE,0.0,2025-01-16,-5623.72
2025-02-13,2025-02-13 09:31:00-05:00,2025-02-13 10:38:00-05:00,short,21888.13218343735,22013.13218343735,SL,-125.0,2025-01-17,-5748.72
2025-02-14,2025-02-14 10:10:00-05:00,2025-02-14 10:56:00-05:00,short,22159.305308485862,22159.305308485862,BE,0.0,2025-02-13,-5748.72
2025-02-17,2025-02-17 09:46:00-05:00,2025-02-17 12:59:00-05:00,short,22212.350190881843,22235.25,cutoff,-22.9,2025-02-07,-5771.62
2025-02-18,2025-02-18 09:33:00-05:00,2025-02-18 15:00:00-05:00,short,22250.5219911343,22178.5,cutoff,72.02,2025-01-24,-5699.6
2025-02-19,2025-02-19 09:35:00-05:00,2025-02-19 11:11:00-05:00,short,22212.350190881843,22212.350190881843,BE,0.0,2025-02-07,-5699.6
2025-02-20,2025-02-20 09:31:00-05:00,2025-02-20 09:59:00-05:00,short,22212.350190881843,22030.75,TP,181.6,2025-02-07,-5518.0
2025-02-20,2025-02-20 10:00:00-05:00,2025-02-20 10:59:00-05:00,long,21982.87512247588,21982.87512247588,BE,0.0,2025-02-18,-5518.0
2025-02-20,2025-02-20 11:00:00-05:00,2025-02-20 15:00:00-05:00,short,22016.822171434134,22116.5,cutoff,-99.68,2025-02-06,-5617.68
2025-02-21,2025-02-21 09:32:00-05:00,2025-02-21 10:44:00-05:00,short,22159.305308485862,21962.0,TP,197.31,2025-02-13,-5420.37
2025-02-21,2025-02-21 10:46:00-05:00,2025-02-21 13:31:00-05:00,short,21979.59206087388,21797.0,TP,182.59,2025-01-30,-5237.78
2025-02-24,2025-02-24 09:32:00-05:00,2025-02-24 09:55:00-05:00,short,21792.952727208594,21608.0,TP,184.95,2025-02-05,-5052.83
2025-02-24,2025-02-24 10:01:00-05:00,2025-02-24 15:00:00-05:00,long,21536.260413812335,21553.75,cutoff,17.49,2025-01-31,-5035.34
2025-02-25,2025-02-25 09:43:00-05:00,2025-02-25 10:01:00-05:00,long,21320.281688566007,21195.281688566007,SL,-125.0,2025-01-29,-5160.34
2025-02-26,2025-02-26 09:39:00-05:00,2025-02-26 12:57:00-05:00,long,21247.86849815972,21247.86849815972,BE,0.0,2025-02-24,-5160.34
2025-02-27,2025-02-27 09:39:00-05:00,2025-02-27 09:43:00-05:00,long,21315.422272791406,21190.422272791406,SL,-125.0,2025-02-05,-5285.34
2025-02-28,2025-02-28 10:25:00-05:00,2025-02-28 11:12:00-05:00,long,20707.532251260138,20707.532251260138,BE,0.0,2025-02-27,-5285.34
2025-03-03,2025-03-03 09:43:00-05:00,2025-03-03 09:57:00-05:00,long,20953.828863134346,20828.828863134346,SL,-125.0,2025-02-26,-5410.34
2025-03-04,2025-03-04 10:00:00-05:00,2025-03-04 10:46:00-05:00,long,20196.21082559822,20196.21082559822,BE,0.0,2025-02-28,-5410.34
2025-03-07,2025-03-07 09:36:00-05:00,2025-03-07 10:28:00-05:00,long,20045.353394687612,20045.353394687612,BE,0.0,2025-03-05,-5410.34
2025-03-07,2025-03-07 10:32:00-05:00,2025-03-07 11:36:00-05:00,long,19963.50233256204,19838.50233256204,SL,-125.0,2025-03-06,-5535.34
2025-03-10,2025-03-10 09:32:00-04:00,2025-03-10 10:02:00-04:00,long,19847.34270773561,19722.34270773561,SL,-125.0,2025-03-04,-5660.34
2025-03-11,2025-03-11 10:03:00-04:00,2025-03-11 10:28:00-04:00,long,19447.50973136168,19322.50973136168,SL,-125.0,2025-03-10,-5785.34
2025-03-12,2025-03-12 09:34:00-04:00,2025-03-12 09:56:00-04:00,long,19729.831228780633,19604.831228780633,SL,-125.0,2025-03-07,-5910.34
2025-03-13,2025-03-13 09:51:00-04:00,2025-03-13 10:36:00-04:00,long,19447.50973136168,19447.50973136168,BE,0.0,2025-03-10,-5910.34
2025-03-14,2025-03-14 10:00:00-04:00,2025-03-14 11:26:00-04:00,long,19447.50973136168,19639.0,TP,191.49,2025-03-10,-5718.85
2025-03-17,2025-03-17 09:40:00-04:00,2025-03-17 13:50:00-04:00,short,19830.48773287708,19830.48773287708,BE,0.0,2025-03-14,-5718.85
2025-03-18,2025-03-18 09:31:00-04:00,2025-03-18 09:57:00-04:00,short,19872.263616735974,19686.75,TP,185.51,2025-03-11,-5533.34
2025-03-19,2025-03-19 09:42:00-04:00,2025-03-19 12:10:00-04:00,long,19729.831228780633,19910.5,TP,180.67,2025-03-07,-5352.67
2025-03-20,2025-03-20 09:32:00-04:00,2025-03-20 10:00:00-04:00,short,19830.48773287708,19955.48773287708,SL,-125.0,2025-03-14,-5477.67
2025-03-21,2025-03-21 09:58:00-04:00,2025-03-21 15:00:00-04:00,long,19729.831228780633,19859.75,cutoff,129.92,2025-03-07,-5347.75
2025-03-24,2025-03-24 09:33:00-04:00,2025-03-24 15:00:00-04:00,short,20270.254580858167,20366.25,cutoff,-96.0,2025-03-20,-5443.75
2025-03-25,2025-03-25 10:00:00-04:00,2025-03-25 15:00:00-04:00,short,20439.543771219367,20427.5,cutoff,12.04,2025-03-07,-5431.71
2025-03-26,2025-03-26 09:35:00-04:00,2025-03-26 10:24:00-04:00,short,20439.543771219367,20258.0,TP,181.54,2025-03-07,-5250.17
2025-03-26,2025-03-26 10:27:00-04:00,2025-03-26 14:47:00-04:00,short,20270.254580858167,20078.5,TP,191.75,2025-03-20,-5058.42
2025-03-27,2025-03-27 09:32:00-04:00,2025-03-27 11:59:00-04:00,long,20045.353394687612,20045.353394687612,BE,0.0,2025-03-05,-5058.42
2025-03-28,2025-03-28 09:32:00-04:00,2025-03-28 10:26:00-04:00,short,19872.263616735974,19671.5,TP,200.76,2025-03-11,-4857.66
2025-03-31,2025-03-31 09:31:00-04:00,2025-03-31 09:44:00-04:00,long,19132.060649987903,19007.060649987903,SL,-125.0,2025-03-13,-4982.66
2025-04-01,2025-04-01 09:33:00-04:00,2025-04-01 11:16:00-04:00,long,19384.17982819876,19571.75,TP,187.57,2025-03-21,-4795.09
2025-04-02,2025-04-02 09:36:00-04:00,2025-04-02 11:20:00-04:00,long,19437.620419141833,19629.75,TP,192.13,2025-03-20,-4602.96
2025-04-03,2025-04-03 09:32:00-04:00,2025-04-03 10:13:00-04:00,long,18997.15482466907,18872.15482466907,SL,-125.0,2025-04-02,-4727.96
2025-04-04,2025-04-04 10:50:00-04:00,2025-04-04 10:57:00-04:00,long,17658.120958752366,17850.25,TP,192.13,2025-04-04,-4535.83
2025-04-07,2025-04-07 10:12:00-04:00,2025-04-07 10:13:00-04:00,long,17658.120958752366,18067.25,TP,409.13,2025-04-04,-4126.7
2025-04-10,2025-04-10 09:31:00-04:00,2025-04-10 09:59:00-04:00,long,18790.769736152346,18665.769736152346,SL,-125.0,2025-03-31,-4251.7
2025-04-11,2025-04-11 09:46:00-04:00,2025-04-11 10:22:00-04:00,short,18574.754041247634,18344.5,TP,230.25,2025-04-04,-4021.45
2025-04-11,2025-04-11 10:23:00-04:00,2025-04-11 10:44:00-04:00,long,18286.418953500917,18475.75,TP,189.33,2025-04-10,-3832.12
2025-04-14,2025-04-14 09:32:00-04:00,2025-04-14 09:43:00-04:00,short,19224.331046499083,19024.0,TP,200.33,2025-04-10,-3631.79
2025-04-14,2025-04-14 09:44:00-04:00,2025-04-14 11:26:00-04:00,long,18997.15482466907,18997.15482466907,BE,0.0,2025-04-02,-3631.79
2025-04-15,2025-04-15 09:32:00-04:00,2025-04-15 10:13:00-04:00,short,19018.330734952433,19143.330734952433,SL,-125.0,2025-04-11,-3756.79
2025-04-16,2025-04-16 09:31:00-04:00,2025-04-16 13:31:00-04:00,long,18604.621901765408,18479.621901765408,SL,-125.0,2025-04-15,-3881.79
2025-04-17,2025-04-17 10:31:00-04:00,2025-04-17 14:04:00-04:00,long,18286.418953500917,18468.0,TP,181.58,2025-04-10,-3700.21
2025-04-21,2025-04-21 09:56:00-04:00,2025-04-21 10:16:00-04:00,long,18043.702403837182,17918.702403837182,SL,-125.0,2025-04-17,-3825.21
2025-04-22,2025-04-22 09:46:00-04:00,2025-04-22 12:11:00-04:00,long,18238.0404936951,18427.0,TP,188.96,2025-04-16,-3636.25
2025-04-23,2025-04-23 09:34:00-04:00,2025-04-23 11:32:00-04:00,long,18997.15482466907,18872.15482466907,SL,-125.0,2025-04-02,-3761.25
2025-04-24,2025-04-24 09:42:00-04:00,2025-04-24 10:00:00-04:00,short,18940.5845063049,19065.5845063049,SL,-125.0,2025-04-16,-3886.25
2025-04-25,2025-04-25 09:33:00-04:00,2025-04-25 10:12:00-04:00,short,19268.709598530542,19393.709598530542,SL,-125.0,2025-04-03,-4011.25
2025-04-28,2025-04-28 10:02:00-04:00,2025-04-28 15:00:00-04:00,short,19459.980263847654,19428.75,cutoff,31.23,2025-03-31,-3980.02
2025-04-29,2025-04-29 09:39:00-04:00,2025-04-29 09:50:00-04:00,short,19416.753098234592,19541.753098234592,SL,-125.0,2025-04-15,-4105.02
2025-04-30,2025-04-30 09:32:00-04:00,2025-04-30 10:19:00-04:00,short,19268.709598530542,19268.709598530542,BE,0.0,2025-04-03,-4105.02
2025-05-01,2025-05-01 10:00:00-04:00,2025-05-01 10:36:00-04:00,short,19883.0968747399,20008.0968747399,SL,-125.0,2025-04-28,-4230.02
2025-05-06,2025-05-06 09:31:00-04:00,2025-05-06 11:23:00-04:00,short,19815.290020174296,19940.290020174296,SL,-125.0,2025-04-29,-4355.02
2025-05-07,2025-05-07 09:31:00-04:00,2025-05-07 15:00:00-04:00,short,19883.0968747399,19886.5,cutoff,-3.4,2025-04-28,-4358.42
2025-05-08,2025-05-08 09:33:00-04:00,2025-05-08 11:20:00-04:00,short,20128.846013962007,20128.846013962007,BE,0.0,2025-05-06,-4358.42
2025-05-09,2025-05-09 09:35:00-04:00,2025-05-09 10:40:00-04:00,short,20263.837006537575,20083.25,TP,180.59,2025-05-01,-4177.83
2025-05-09,2025-05-09 10:49:00-04:00,2025-05-09 11:34:00-04:00,short,20128.846013962007,20128.846013962007,BE,0.0,2025-05-06,-4177.83
2025-05-13,2025-05-13 10:17:00-04:00,2025-05-13 15:00:00-04:00,short,21222.895093414,21326.75,cutoff,-103.85,2025-05-12,-4281.68
2025-05-16,2025-05-16 09:32:00-04:00,2025-05-16 15:00:00-04:00,short,21430.874914375905,21477.0,cutoff,-46.13,2025-05-13,-4327.81
2025-05-19,2025-05-19 10:07:00-04:00,2025-05-19 11:18:00-04:00,short,21430.874914375905,21430.874914375905,BE,0.0,2025-05-13,-4327.81
2025-05-20,2025-05-20 09:33:00-04:00,2025-05-20 10:39:00-04:00,short,21430.874914375905,21430.874914375905,BE,0.0,2025-05-13,-4327.81
2025-05-21,2025-05-21 10:01:00-04:00,2025-05-21 10:56:00-04:00,short,21430.874914375905,21430.874914375905,BE,0.0,2025-05-13,-4327.81
2025-05-22,2025-05-22 09:33:00-04:00,2025-05-22 10:56:00-04:00,long,21172.07384349611,21172.07384349611,BE,0.0,2025-05-20,-4327.81
2025-05-22,2025-05-22 10:59:00-04:00,2025-05-22 15:00:00-04:00,short,21222.895093414,21305.25,cutoff,-82.35,2025-05-12,-4410.16
2025-05-23,2025-05-23 09:31:00-04:00,2025-05-23 13:32:00-04:00,long,20848.158405671267,21049.75,TP,201.59,2025-05-22,-4208.57
2025-05-27,2025-05-27 09:35:00-04:00,2025-05-27 12:39:00-04:00,long,21217.734988096745,21429.75,TP,212.02,2025-05-16,-3996.55
2025-05-28,2025-05-28 09:32:00-04:00,2025-05-28 15:00:00-04:00,short,21513.310861378166,21468.25,cutoff,45.06,2025-05-26,-3951.49
2025-05-29,2025-05-29 09:32:00-04:00,2025-05-29 10:14:00-04:00,short,21612.80588287719,21423.5,TP,189.31,2025-05-27,-3762.18
2025-05-29,2025-05-29 10:25:00-04:00,2025-05-29 15:00:00-04:00,short,21430.874914375905,21363.0,cutoff,67.87,2025-05-13,-3694.31
2025-06-02,2025-06-02 09:38:00-04:00,2025-06-02 11:51:00-04:00,short,21430.874914375905,21430.874914375905,BE,0.0,2025-05-13,-3694.31
2025-06-03,2025-06-03 09:33:00-04:00,2025-06-03 11:03:00-04:00,short,21548.17602820053,21673.17602820053,SL,-125.0,2025-05-15,-3819.31
2025-06-04,2025-06-04 09:36:00-04:00,2025-06-04 11:06:00-04:00,short,21774.231123650083,21774.231123650083,BE,0.0,2025-05-28,-3819.31
2025-06-05,2025-06-05 09:33:00-04:00,2025-06-05 10:38:00-04:00,short,21806.20617937395,21806.20617937395,BE,0.0,2025-06-03,-3819.31
2025-06-05,2025-06-05 10:41:00-04:00,2025-06-05 11:17:00-04:00,short,21774.231123650083,21899.231123650083,SL,-125.0,2025-05-28,-3944.31
2025-06-06,2025-06-06 09:31:00-04:00,2025-06-06 15:00:00-04:00,short,21806.20617937395,21834.5,cutoff,-28.29,2025-06-03,-3972.6
2025-06-09,2025-06-09 09:36:00-04:00,2025-06-09 15:00:00-04:00,short,21774.231123650083,21869.75,cutoff,-95.52,2025-05-28,-4068.12
2025-06-11,2025-06-11 09:32:00-04:00,2025-06-11 15:00:00-04:00,short,21980.171524408106,21862.0,cutoff,118.17,2025-06-04,-3949.95
2025-06-13,2025-06-13 09:32:00-04:00,2025-06-13 11:15:00-04:00,short,21774.231123650083,21774.231123650083,BE,0.0,2025-05-28,-3949.95
2025-06-16,2025-06-16 09:32:00-04:00,2025-06-16 11:22:00-04:00,short,22095.40708023221,22220.40708023221,SL,-125.0,2025-06-12,-4074.95
2025-06-17,2025-06-17 09:45:00-04:00,2025-06-17 15:00:00-04:00,short,22048.378437910666,21977.25,cutoff,71.13,2025-06-05,-4003.82
2025-06-18,2025-06-18 09:31:00-04:00,2025-06-18 15:00:00-04:00,short,21986.976553121214,21918.5,cutoff,68.48,2025-06-13,-3935.34
2025-06-19,2025-06-19 09:31:00-04:00,2025-06-19 12:59:00-04:00,short,21774.231123650083,21703.0,cutoff,71.23,2025-05-28,-3864.11
2025-06-20,2025-06-20 09:31:00-04:00,2025-06-20 10:41:00-04:00,short,22095.40708023221,21909.25,TP,186.16,2025-06-12,-3677.95
2025-06-20,2025-06-20 10:50:00-04:00,2025-06-20 13:27:00-04:00,long,21823.793626264163,21823.793626264163,BE,0.0,2025-06-17,-3677.95
2025-06-23,2025-06-23 09:31:00-04:00,2025-06-23 12:33:00-04:00,long,21823.793626264163,21823.793626264163,BE,0.0,2025-06-17,-3677.95
2025-06-24,2025-06-24 09:31:00-04:00,2025-06-24 14:01:00-04:00,short,22302.46465015223,22427.46465015223,SL,-125.0,2025-06-18,-3802.95
2025-06-25,2025-06-25 09:33:00-04:00,2025-06-25 10:45:00-04:00,short,22516.453264443597,22516.453264443597,BE,0.0,2025-06-24,-3802.95
2025-06-26,2025-06-26 09:38:00-04:00,2025-06-26 13:31:00-04:00,short,22516.453264443597,22641.453264443597,SL,-125.0,2025-06-24,-3927.95
2025-06-27,2025-06-27 09:31:00-04:00,2025-06-27 15:00:00-04:00,short,22722.758394924076,22611.0,cutoff,111.76,2025-06-25,-3816.19
2025-07-01,2025-07-01 10:31:00-04:00,2025-07-01 15:00:00-04:00,short,22773.328162960443,22702.25,cutoff,71.08,2025-06-26,-3745.11
2025-07-02,2025-07-02 09:45:00-04:00,2025-07-02 13:02:00-04:00,short,22722.758394924076,22847.758394924076,SL,-125.0,2025-06-25,-3870.11
2025-07-03,2025-07-03 09:39:00-04:00,2025-07-03 11:38:00-04:00,short,22963.565131112424,23088.565131112424,SL,-125.0,2025-07-02,-3995.11
2025-07-07,2025-07-07 09:32:00-04:00,2025-07-07 15:00:00-04:00,short,22963.565131112424,22877.25,cutoff,86.32,2025-07-02,-3908.79
2025-07-09,2025-07-09 09:35:00-04:00,2025-07-09 15:00:00-04:00,short,23034.85071845072,23032.5,cutoff,2.35,2025-07-01,-3906.44
2025-07-10,2025-07-10 09:35:00-04:00,2025-07-10 13:53:00-04:00,short,23034.85071845072,23034.85071845072,BE,0.0,2025-07-01,-3906.44
2025-07-11,2025-07-11 09:57:00-04:00,2025-07-11 15:00:00-04:00,short,22963.565131112424,22976.75,cutoff,-13.18,2025-07-02,-3919.62
2025-07-14,2025-07-14 09:31:00-04:00,2025-07-14 10:17:00-04:00,short,22963.565131112424,22963.565131112424,BE,0.0,2025-07-02,-3919.62
2025-07-14,2025-07-14 10:58:00-04:00,2025-07-14 15:00:00-04:00,short,22990.650113436634,23051.5,cutoff,-60.85,2025-06-27,-3980.47
2025-07-15,2025-07-15 09:36:00-04:00,2025-07-15 15:00:00-04:00,short,23184.128315938666,23094.25,cutoff,89.88,2025-07-11,-3890.59
2025-07-16,2025-07-16 09:36:00-04:00,2025-07-16 11:12:00-04:00,short,23034.85071845072,23034.85071845072,BE,0.0,2025-07-01,-3890.59
2025-07-17,2025-07-17 09:42:00-04:00,2025-07-17 11:46:00-04:00,short,23120.43003053195,23245.43003053195,SL,-125.0,2025-07-04,-4015.59
2025-07-18,2025-07-18 09:38:00-04:00,2025-07-18 15:00:00-04:00,short,23273.31354959769,23203.5,cutoff,69.81,2025-07-09,-3945.78
2025-07-21,2025-07-21 09:36:00-04:00,2025-07-21 15:00:00-04:00,short,23315.830634039354,23390.5,cutoff,-74.67,2025-07-16,-4020.45
2025-07-22,2025-07-22 09:44:00-04:00,2025-07-22 15:00:00-04:00,short,23273.31354959769,23251.5,cutoff,21.81,2025-07-09,-3998.64
2025-07-23,2025-07-23 09:35:00-04:00,2025-07-23 11:53:00-04:00,short,23231.100082062927,23231.100082062927,BE,0.0,2025-07-03,-3998.64
2025-07-24,2025-07-24 09:37:00-04:00,2025-07-24 10:37:00-04:00,short,23354.46373998964,23354.46373998964,BE,0.0,2025-07-17,-3998.64
2025-07-25,2025-07-25 09:40:00-04:00,2025-07-25 15:00:00-04:00,short,23354.46373998964,23443.0,cutoff,-88.54,2025-07-17,-4087.18
2025-07-28,2025-07-28 09:33:00-04:00,2025-07-28 15:00:00-04:00,short,23478.925830070326,23462.5,cutoff,16.43,2025-07-23,-4070.75
2025-07-29,2025-07-29 09:31:00-04:00,2025-07-29 15:00:00-04:00,short,23624.97526779357,23478.25,cutoff,146.73,2025-07-22,-3924.02
2025-07-30,2025-07-30 09:31:00-04:00,2025-07-30 15:00:00-04:00,short,23478.925830070326,23412.25,cutoff,66.68,2025-07-23,-3857.34
2025-07-31,2025-07-31 09:32:00-04:00,2025-07-31 10:17:00-04:00,short,23675.83459590077,23675.83459590077,BE,0.0,2025-07-28,-3857.34
2025-07-31,2025-07-31 10:27:00-04:00,2025-07-31 13:32:00-04:00,short,23624.97526779357,23442.5,TP,182.48,2025-07-22,-3674.86
2025-08-01,2025-08-01 09:32:00-04:00,2025-08-01 09:45:00-04:00,long,23026.723166003285,22901.723166003285,SL,-125.0,2025-07-18,-3799.86
2025-08-04,2025-08-04 09:36:00-04:00,2025-08-04 13:10:00-04:00,short,23157.740492599638,23282.740492599638,SL,-125.0,2025-07-08,-3924.86
2025-08-05,2025-08-05 09:31:00-04:00,2025-08-05 10:16:00-04:00,short,23315.830634039354,23315.830634039354,BE,0.0,2025-07-16,-3924.86
2025-08-05,2025-08-05 10:18:00-04:00,2025-08-05 10:45:00-04:00,long,23293.79040409923,23168.79040409923,SL,-125.0,2025-07-28,-4049.86
2025-08-06,2025-08-06 09:31:00-04:00,2025-08-06 11:18:00-04:00,short,23184.128315938666,23309.128315938666,SL,-125.0,2025-07-11,-4174.86
2025-08-07,2025-08-07 09:31:00-04:00,2025-08-07 10:16:00-04:00,short,23601.613878410044,23601.613878410044,BE,0.0,2025-08-05,-4174.86
2025-08-07,2025-08-07 10:24:00-04:00,2025-08-07 13:38:00-04:00,short,23588.220500917443,23405.25,TP,182.97,2025-07-24,-3991.89
2025-08-08,2025-08-08 09:31:00-04:00,2025-08-08 10:33:00-04:00,short,23574.398521302704,23699.398521302704,SL,-125.0,2025-07-21,-4116.89
2025-08-11,2025-08-11 09:32:00-04:00,2025-08-11 15:00:00-04:00,short,23697.015357395983,23686.5,cutoff,10.52,2025-07-30,-4106.37
2025-08-12,2025-08-12 09:51:00-04:00,2025-08-12 11:05:00-04:00,short,23675.83459590077,23800.83459590077,SL,-125.0,2025-07-28,-4231.37
2025-08-13,2025-08-13 09:56:00-04:00,2025-08-13 15:00:00-04:00,short,24017.78030730159,23934.0,cutoff,83.78,2025-08-12,-4147.59
2025-08-14,2025-08-14 09:31:00-04:00,2025-08-14 10:39:00-04:00,short,23858.911226056676,23983.911226056676,SL,-125.0,2025-08-07,-4272.59
2025-08-15,2025-08-15 09:32:00-04:00,2025-08-15 15:00:00-04:00,short,23858.911226056676,23811.0,cutoff,47.91,2025-08-07,-4224.68
2025-08-18,2025-08-18 09:31:00-04:00,2025-08-18 15:00:00-04:00,long,23791.33191477614,23795.5,cutoff,4.17,2025-08-13,-4220.51
2025-08-19,2025-08-19 09:35:00-04:00,2025-08-19 13:01:00-04:00,short,23675.83459590077,23486.75,TP,189.08,2025-07-28,-4031.43
2025-08-20,2025-08-20 09:31:00-04:00,2025-08-20 09:53:00-04:00,short,23398.54778671259,23207.0,TP,191.55,2025-08-01,-3839.88
2025-08-20,2025-08-20 09:56:00-04:00,2025-08-20 15:00:00-04:00,long,23155.5267650799,23243.75,cutoff,88.22,2025-07-25,-3751.66
2025-08-21,2025-08-21 09:38:00-04:00,2025-08-21 10:38:00-04:00,long,23278.484642604017,23278.484642604017,BE,0.0,2025-07-30,-3751.66
2025-08-21,2025-08-21 10:55:00-04:00,2025-08-21 12:58:00-04:00,long,23293.79040409923,23168.79040409923,SL,-125.0,2025-07-28,-3876.66
2025-08-22,2025-08-22 09:38:00-04:00,2025-08-22 10:01:00-04:00,long,23278.484642604017,23461.0,TP,182.52,2025-07-30,-3694.14
2025-08-22,2025-08-22 10:04:00-04:00,2025-08-22 12:57:00-04:00,long,23509.184822348634,23509.184822348634,BE,0.0,2025-08-11,-3694.14
2025-08-25,2025-08-25 09:31:00-04:00,2025-08-25 15:00:00-04:00,long,23460.68991584859,23552.25,cutoff,91.56,2025-07-31,-3602.58
2025-08-26,2025-08-26 09:38:00-04:00,2025-08-26 15:00:00-04:00,long,23468.68801143708,23549.75,cutoff,81.06,2025-08-19,-3521.52
2025-08-27,2025-08-27 09:45:00-04:00,2025-08-27 15:00:00-04:00,long,23509.184822348634,23626.5,cutoff,117.32,2025-08-11,-3404.2
2025-08-28,2025-08-28 09:31:00-04:00,2025-08-28 10:55:00-04:00,short,23724.339417208048,23724.339417208048,BE,0.0,2025-08-26,-3404.2
2025-08-29,2025-08-29 09:31:00-04:00,2025-08-29 09:56:00-04:00,long,23646.978338376586,23521.978338376586,SL,-125.0,2025-08-14,-3529.2
2025-09-01,2025-09-01 09:31:00-04:00,2025-09-01 12:59:00-04:00,short,23460.87983826777,23502.25,cutoff,-41.37,2025-08-06,-3570.57
2025-09-02,2025-09-02 09:52:00-04:00,2025-09-02 10:38:00-04:00,long,23233.910582791952,23233.910582791952,BE,0.0,2025-08-26,-3570.57
2025-09-03,2025-09-03 10:05:00-04:00,2025-09-03 11:28:00-04:00,long,23430.34469269841,23430.34469269841,BE,0.0,2025-08-12,-3570.57
2025-09-04,2025-09-04 09:31:00-04:00,2025-09-04 15:00:00-04:00,long,23468.68801143708,23620.0,cutoff,151.31,2025-08-19,-3419.26
2025-09-05,2025-09-05 09:39:00-04:00,2025-09-05 10:28:00-04:00,short,23834.97845614906,23653.5,TP,181.48,2025-08-22,-3237.78
2025-09-05,2025-09-05 10:30:00-04:00,2025-09-05 11:02:00-04:00,long,23646.978338376586,23521.978338376586,SL,-125.0,2025-08-14,-3362.78
2025-09-08,2025-09-08 09:32:00-04:00,2025-09-08 12:37:00-04:00,long,23791.33191477614,23791.33191477614,BE,0.0,2025-08-13,-3362.78
2025-09-09,2025-09-09 09:31:00-04:00,2025-09-09 13:02:00-04:00,short,23834.97845614906,23834.97845614906,BE,0.0,2025-08-22,-3362.78
2025-09-10,2025-09-10 09:41:00-04:00,2025-09-10 15:00:00-04:00,short,23934.331686108046,23862.5,cutoff,71.83,2025-08-28,-3290.95
2025-09-11,2025-09-11 09:31:00-04:00,2025-09-11 10:33:00-04:00,short,23988.887704685447,23988.887704685447,BE,0.0,2025-08-18,-3290.95
2025-09-11,2025-09-11 10:34:00-04:00,2025-09-11 15:00:00-04:00,short,23990.56198856292,24033.75,cutoff,-43.19,2025-08-19,-3334.14
2025-09-12,2025-09-12 09:33:00-04:00,2025-09-12 15:00:00-04:00,short,24039.42526747664,24154.0,cutoff,-114.57,2025-09-08,-3448.71
2025-09-18,2025-09-18 09:31:00-04:00,2025-09-18 10:30:00-04:00,short,24669.905354290502,24794.905354290502,SL,-125.0,2025-09-15,-3573.71
2025-09-19,2025-09-19 09:34:00-04:00,2025-09-19 15:00:00-04:00,short,24757.18340133589,24825.0,cutoff,-67.82,2025-09-17,-3641.53
2025-09-23,2025-09-23 09:32:00-04:00,2025-09-23 13:41:00-04:00,short,25000.786126587627,24804.25,TP,196.54,2025-09-19,-3444.99
2025-09-24,2025-09-24 09:51:00-04:00,2025-09-24 15:00:00-04:00,short,24803.595250114304,24739.75,cutoff,63.85,2025-09-16,-3381.14
2025-09-25,2025-09-25 09:34:00-04:00,2025-09-25 13:43:00-04:00,long,24544.463873412373,24544.463873412373,BE,0.0,2025-09-19,-3381.14
2025-09-26,2025-09-26 09:31:00-04:00,2025-09-26 15:00:00-04:00,long,24601.656739631573,24725.5,cutoff,123.84,2025-09-22,-3257.3
2025-09-29,2025-09-29 09:43:00-04:00,2025-09-29 15:00:00-04:00,short,24895.717462472956,24842.75,cutoff,52.97,2025-09-25,-3204.33
2025-09-30,2025-09-30 09:37:00-04:00,2025-09-30 13:21:00-04:00,long,24749.71969537814,24749.71969537814,BE,0.0,2025-09-23,-3204.33
2025-10-01,2025-10-01 09:31:00-04:00,2025-10-01 11:38:00-04:00,short,24803.595250114304,24928.595250114304,SL,-125.0,2025-09-16,-3329.33
2025-10-02,2025-10-02 09:31:00-04:00,2025-10-02 15:00:00-04:00,short,25150.12594001621,25111.75,cutoff,38.38,2025-09-29,-3290.95
2025-10-03,2025-10-03 09:31:00-04:00,2025-10-03 11:17:00-04:00,short,25131.101610830938,25131.101610830938,BE,0.0,2025-09-24,-3290.95
2025-10-06,2025-10-06 09:44:00-04:00,2025-10-06 15:00:00-04:00,short,25131.101610830938,25238.25,cutoff,-107.15,2025-09-24,-3398.1
2025-10-07,2025-10-07 10:05:00-04:00,2025-10-07 11:47:00-04:00,short,25220.90530462186,25019.5,TP,201.41,2025-09-23,-3196.69
2025-10-08,2025-10-08 09:33:00-04:00,2025-10-08 11:50:00-04:00,short,25131.101610830938,25256.101610830938,SL,-125.0,2025-09-24,-3321.69
2025-10-09,2025-10-09 10:37:00-04:00,2025-10-09 15:00:00-04:00,short,25220.90530462186,25235.25,cutoff,-14.34,2025-09-23,-3336.03
2025-10-10,2025-10-10 11:00:00-04:00,2025-10-10 11:18:00-04:00,long,25072.03020890303,24947.03020890303,SL,-125.0,2025-10-10,-3461.03
2025-10-13,2025-10-13 09:32:00-04:00,2025-10-13 10:21:00-04:00,long,24831.005299050765,24831.005299050765,BE,0.0,2025-10-02,-3461.03
2025-10-13,2025-10-13 10:22:00-04:00,2025-10-13 15:00:00-04:00,long,24808.54367121914,24901.75,cutoff,93.21,2025-10-08,-3367.82
2025-10-14,2025-10-14 09:31:00-04:00,2025-10-14 09:38:00-04:00,long,24601.656739631573,24476.656739631573,SL,-125.0,2025-09-22,-3492.82
2025-10-15,2025-10-15 09:31:00-04:00,2025-10-15 10:10:00-04:00,short,24984.000597118462,25109.000597118462,SL,-125.0,2025-09-26,-3617.82
2025-10-16,2025-10-16 09:31:00-04:00,2025-10-16 10:16:00-04:00,short,25073.968260368427,25073.968260368427,BE,0.0,2025-09-22,-3617.82
2025-10-16,2025-10-16 10:17:00-04:00,2025-10-16 11:25:00-04:00,long,25072.03020890303,25072.03020890303,BE,0.0,2025-10-10,-3617.82
2025-10-17,2025-10-17 09:32:00-04:00,2025-10-17 10:15:00-04:00,long,24749.71969537814,24935.25,TP,185.53,2025-09-23,-3432.29
2025-10-17,2025-10-17 10:17:00-04:00,2025-10-17 10:40:00-04:00,long,24929.412269998484,24804.412269998484,SL,-125.0,2025-10-06,-3557.29
2025-10-20,2025-10-20 09:32:00-04:00,2025-10-20 10:53:00-04:00,short,25194.468641046944,25319.468641046944,SL,-125.0,2025-10-13,-3682.29
2025-10-21,2025-10-21 09:42:00-04:00,2025-10-21 10:37:00-04:00,short,25252.09866226461,25252.09866226461,BE,0.0,2025-10-17,-3682.29
2025-10-22,2025-10-22 09:36:00-04:00,2025-10-22 12:30:00-04:00,short,25194.468641046944,24957.0,TP,237.47,2025-10-13,-3444.82
2025-10-23,2025-10-23 09:31:00-04:00,2025-10-23 11:59:00-04:00,long,25006.67785392699,25192.5,TP,185.82,2025-10-07,-3259.0
2025-10-24,2025-10-24 09:31:00-04:00,2025-10-24 15:00:00-04:00,short,25454.087730001516,25543.75,cutoff,-89.66,2025-10-06,-3348.66
2025-10-28,2025-10-28 09:31:00-04:00,2025-10-28 12:02:00-04:00,short,26079.10496771575,26079.10496771575,BE,0.0,2025-10-27,-3348.66
2025-10-29,2025-10-29 09:55:00-04:00,2025-10-29 14:39:00-04:00,short,26300.264687610725,26101.5,TP,198.76,2025-10-28,-3149.9
2025-10-30,2025-10-30 09:36:00-04:00,2025-10-30 10:24:00-04:00,long,26019.877638426828,26019.877638426828,BE,0.0,2025-10-29,-3149.9
2025-10-30,2025-10-30 10:42:00-04:00,2025-10-30 12:11:00-04:00,short,26079.10496771575,26079.10496771575,BE,0.0,2025-10-27,-3149.9
2025-10-31,2025-10-31 10:05:00-04:00,2025-10-31 15:00:00-04:00,short,26079.10496771575,26014.5,cutoff,64.6,2025-10-27,-3085.3
2025-11-03,2025-11-03 10:31:00-05:00,2025-11-03 15:00:00-05:00,long,26019.877638426828,26116.5,cutoff,96.62,2025-10-29,-2988.68
2025-11-04,2025-11-04 09:33:00-05:00,2025-11-04 12:07:00-05:00,long,25705.554893746776,25705.554893746776,BE,0.0,2025-10-30,-2988.68
2025-11-05,2025-11-05 09:36:00-05:00,2025-11-05 09:53:00-05:00,short,25518.070219511428,25643.070219511428,SL,-125.0,2025-10-20,-3113.68
2025-11-06,2025-11-06 09:51:00-05:00,2025-11-06 10:02:00-05:00,long,25572.77003228425,25447.77003228425,SL,-125.0,2025-10-27,-3238.68
2025-11-07,2025-11-07 09:37:00-05:00,2025-11-07 10:23:00-05:00,long,24993.60266830834,24993.60266830834,BE,0.0,2025-10-21,-3238.68
2025-11-07,2025-11-07 10:41:00-05:00,2025-11-07 11:55:00-05:00,long,24881.414235082484,24756.414235082484,SL,-125.0,2025-10-22,-3363.68
2025-11-10,2025-11-10 09:31:00-05:00,2025-11-10 14:47:00-05:00,short,25579.835764917516,25704.835764917516,SL,-125.0,2025-10-22,-3488.68
2025-11-11,2025-11-11 09:50:00-05:00,2025-11-11 15:00:00-05:00,long,25572.77003228425,25663.75,cutoff,90.98,2025-10-27,-3397.7
2025-11-12,2025-11-12 09:31:00-05:00,2025-11-12 09:47:00-05:00,long,25705.554893746776,25580.554893746776,SL,-125.0,2025-10-30,-3522.7
2025-11-13,2025-11-13 09:33:00-05:00,2025-11-13 10:58:00-05:00,short,25453.09916771965,25232.25,TP,220.85,2025-11-07,-3301.85
2025-11-13,2025-11-13 10:59:00-05:00,2025-11-13 12:30:00-05:00,short,25252.09866226461,25252.09866226461,BE,0.0,2025-10-17,-3301.85
2025-11-14,2025-11-14 09:32:00-05:00,2025-11-14 09:46:00-05:00,long,24653.90083228035,24847.75,TP,193.85,2025-11-07,-3108.0
2025-11-14,2025-11-14 09:48:00-05:00,2025-11-14 10:43:00-05:00,long,24881.414235082484,25072.0,TP,190.59,2025-10-22,-2917.41
2025-11-17,2025-11-17 09:44:00-05:00,2025-11-17 10:09:00-05:00,long,25186.599602185648,25061.599602185648,SL,-125.0,2025-10-24,-3042.41
2025-11-18,2025-11-18 09:31:00-05:00,2025-11-18 09:52:00-05:00,long,24703.513119674288,24578.513119674288,SL,-125.0,2025-10-23,-3167.41
2025-11-19,2025-11-19 09:31:00-05:00,2025-11-19 09:51:00-05:00,long,24585.258299853253,24766.5,TP,181.24,2025-11-17,-2986.17
2025-11-20,2025-11-20 09:32:00-05:00,2025-11-20 11:10:00-05:00,long,25186.599602185648,25061.599602185648,SL,-125.0,2025-10-24,-3111.17
2025-11-21,2025-11-21 09:31:00-05:00,2025-11-21 09:46:00-05:00,long,24237.335041188107,24112.335041188107,SL,-125.0,2025-11-14,-3236.17
2025-11-24,2025-11-24 09:35:00-05:00,2025-11-24 10:45:00-05:00,short,24685.046496390183,24810.046496390183,SL,-125.0,2025-11-21,-3361.17
2025-11-25,2025-11-25 09:31:00-05:00,2025-11-25 09:45:00-05:00,long,24826.79042067689,24701.79042067689,SL,-125.0,2025-11-20,-3486.17
2025-11-26,2025-11-26 09:31:00-05:00,2025-11-26 15:00:00-05:00,long,25229.97463227871,25332.5,cutoff,102.53,2025-11-10,-3383.64
2025-11-27,2025-11-27 09:31:00-05:00,2025-11-27 12:59:00-05:00,short,25313.414958811893,25301.75,cutoff,11.66,2025-11-14,-3371.98
2025-11-28,2025-11-28 09:34:00-05:00,2025-11-28 10:21:00-05:00,long,25382.76732691323,25382.76732691323,BE,0.0,2025-11-04,-3371.98
2025-12-01,2025-12-01 09:31:00-05:00,2025-12-01 10:54:00-05:00,short,25287.387854159508,25412.387854159508,SL,-125.0,2025-11-19,-3496.98
2025-12-02,2025-12-02 09:33:00-05:00,2025-12-02 10:01:00-05:00,short,25516.991700146747,25641.991700146747,SL,-125.0,2025-11-17,-3621.98
2025-12-03,2025-12-03 09:31:00-05:00,2025-12-03 13:39:00-05:00,short,25516.991700146747,25641.991700146747,SL,-125.0,2025-11-17,-3746.98
2025-12-04,2025-12-04 09:35:00-05:00,2025-12-04 10:37:00-05:00,short,25607.58457932311,25607.58457932311,BE,0.0,2025-11-20,-3746.98
2025-12-04,2025-12-04 10:48:00-05:00,2025-12-04 11:48:00-05:00,short,25606.62300268882,25606.62300268882,BE,0.0,2025-12-01,-3746.98
2025-12-05,2025-12-05 10:00:00-05:00,2025-12-05 15:00:00-05:00,short,25804.97962875158,25737.75,cutoff,67.23,2025-12-03,-3679.75
2025-12-08,2025-12-08 09:37:00-05:00,2025-12-08 12:05:00-05:00,short,25816.058498009275,25627.5,TP,188.56,2025-11-13,-3491.19
2025-12-09,2025-12-09 09:31:00-05:00,2025-12-09 12:06:00-05:00,short,25607.58457932311,25732.58457932311,SL,-125.0,2025-11-20,-3616.19
2025-12-10,2025-12-10 09:37:00-05:00,2025-12-10 14:07:00-05:00,short,25607.58457932311,25732.58457932311,SL,-125.0,2025-11-20,-3741.19
2025-12-11,2025-12-11 09:31:00-05:00,2025-12-11 10:02:00-05:00,short,25606.62300268882,25425.75,TP,180.87,2025-12-01,-3560.32
2025-12-11,2025-12-11 10:08:00-05:00,2025-12-11 10:55:00-05:00,short,25516.991700146747,25516.991700146747,BE,0.0,2025-11-17,-3560.32
2025-12-11,2025-12-11 10:56:00-05:00,2025-12-11 13:36:00-05:00,short,25530.993644169746,25655.993644169746,SL,-125.0,2025-11-27,-3685.32
2025-12-12,2025-12-12 09:37:00-05:00,2025-12-12 10:24:00-05:00,short,25607.58457932311,25399.75,TP,207.83,2025-11-20,-3477.49
2025-12-12,2025-12-12 10:26:00-05:00,2025-12-12 10:58:00-05:00,long,25360.622668419237,25235.622668419237,SL,-125.0,2025-12-10,-3602.49
2025-12-15,2025-12-15 09:31:00-05:00,2025-12-15 10:03:00-05:00,short,25641.988813068652,25459.0,TP,182.99,2025-11-28,-3419.5
2025-12-15,2025-12-15 10:04:00-05:00,2025-12-15 10:25:00-05:00,long,25438.648571256614,25313.648571256614,SL,-125.0,2025-12-08,-3544.5
2025-12-16,2025-12-16 09:33:00-05:00,2025-12-16 10:32:00-05:00,short,25287.387854159508,25287.387854159508,BE,0.0,2025-11-19,-3544.5
2025-12-16,2025-12-16 10:37:00-05:00,2025-12-16 11:22:00-05:00,short,25241.61892892361,25241.61892892361,BE,0.0,2025-11-25,-3544.5
2025-12-17,2025-12-17 09:35:00-05:00,2025-12-17 09:46:00-05:00,long,25391.117997106376,25266.117997106376,SL,-125.0,2025-12-05,-3669.5
2025-12-18,2025-12-18 09:39:00-05:00,2025-12-18 10:40:00-05:00,long,25192.52037124842,25381.5,TP,188.98,2025-12-03,-3480.52
2025-12-18,2025-12-18 10:42:00-05:00,2025-12-18 12:09:00-05:00,long,25391.117997106376,25266.117997106376,SL,-125.0,2025-12-05,-3605.52
2025-12-19,2025-12-19 09:31:00-05:00,2025-12-19 13:00:00-05:00,long,25391.117997106376,25575.75,TP,184.63,2025-12-05,-3420.89
2025-12-22,2025-12-22 09:31:00-05:00,2025-12-22 15:00:00-05:00,short,25793.515304493496,25690.75,cutoff,102.77,2025-12-19,-3318.12
2025-12-23,2025-12-23 09:31:00-05:00,2025-12-23 10:52:00-05:00,short,25722.585118518815,25722.585118518815,BE,0.0,2025-12-17,-3318.12
2025-12-24,2025-12-24 09:31:00-05:00,2025-12-24 13:14:00-05:00,short,25804.97962875158,25864.75,cutoff,-59.77,2025-12-03,-3377.89
2025-12-26,2025-12-26 09:32:00-05:00,2025-12-26 10:31:00-05:00,short,25892.79147830685,25892.79147830685,BE,0.0,2025-12-09,-3377.89
2025-12-29,2025-12-29 09:34:00-05:00,2025-12-29 10:21:00-05:00,short,25722.585118518815,25722.585118518815,BE,0.0,2025-12-17,-3377.89
2025-12-30,2025-12-30 09:31:00-05:00,2025-12-30 10:24:00-05:00,short,25722.585118518815,25722.585118518815,BE,0.0,2025-12-17,-3377.89
2025-12-31,2025-12-31 09:33:00-05:00,2025-12-31 15:00:00-05:00,long,25656.490500087966,25535.75,cutoff,-120.74,2025-12-26,-3498.63
2026-01-02,2026-01-02 09:31:00-05:00,2026-01-02 10:22:00-05:00,short,25722.585118518815,25506.25,TP,216.34,2025-12-17,-3282.29
2026-01-02,2026-01-02 10:25:00-05:00,2026-01-02 11:01:00-05:00,long,25462.974683185756,25337.974683185756,SL,-125.0,2025-12-30,-3407.29
2026-01-05,2026-01-05 09:31:00-05:00,2026-01-05 15:00:00-05:00,long,25656.490500087966,25577.0,cutoff,-79.49,2025-12-26,-3486.78
2026-01-06,2026-01-06 09:31:00-05:00,2026-01-06 11:06:00-05:00,long,25656.490500087966,25656.490500087966,BE,0.0,2025-12-26,-3486.78
2026-01-07,2026-01-07 09:32:00-05:00,2026-01-07 11:00:00-05:00,short,25793.515304493496,25918.515304493496,SL,-125.0,2025-12-19,-3611.78
2026-01-08,2026-01-08 09:35:00-05:00,2026-01-08 15:00:00-05:00,short,25722.585118518815,25633.5,cutoff,89.09,2025-12-17,-3522.69
2026-01-09,2026-01-09 09:31:00-05:00,2026-01-09 10:37:00-05:00,long,25656.490500087966,25850.0,TP,193.51,2025-12-26,-3329.18
2026-01-09,2026-01-09 10:47:00-05:00,2026-01-09 11:56:00-05:00,short,25793.515304493496,25918.515304493496,SL,-125.0,2025-12-19,-3454.18
2026-01-12,2026-01-12 09:31:00-05:00,2026-01-12 09:51:00-05:00,short,25793.515304493496,25918.515304493496,SL,-125.0,2025-12-19,-3579.18
2026-01-13,2026-01-13 09:32:00-05:00,2026-01-13 11:39:00-05:00,short,25954.275316814244,25954.275316814244,BE,0.0,2025-12-30,-3579.18
2026-01-14,2026-01-14 09:33:00-05:00,2026-01-14 10:47:00-05:00,short,25722.585118518815,25531.0,TP,191.59,2025-12-17,-3387.59
2026-01-14,2026-01-14 10:48:00-05:00,2026-01-14 11:46:00-05:00,long,25493.017990644115,25493.017990644115,BE,0.0,2025-12-22,-3387.59
2026-01-15,2026-01-15 09:31:00-05:00,2026-01-15 10:35:00-05:00,short,25923.7220721326,25923.7220721326,BE,0.0,2025-12-23,-3387.59
2026-01-15,2026-01-15 10:36:00-05:00,2026-01-15 11:21:00-05:00,short,25919.391761961455,25919.391761961455,BE,0.0,2026-01-05,-3387.59
2026-01-16,2026-01-16 10:33:00-05:00,2026-01-16 13:00:00-05:00,long,25656.490500087966,25656.490500087966,BE,0.0,2025-12-26,-3387.59
2026-01-19,2026-01-19 10:01:00-05:00,2026-01-19 10:52:00-05:00,long,25317.811823945234,25317.811823945234,BE,0.0,2026-01-14,-3387.59
2026-01-20,2026-01-20 09:35:00-05:00,2026-01-20 13:40:00-05:00,long,25334.233238038545,25209.233238038545,SL,-125.0,2026-01-05,-3512.59
2026-01-21,2026-01-21 09:48:00-05:00,2026-01-21 10:35:00-05:00,long,25216.808747005507,25418.25,TP,201.44,2026-01-02,-3311.15
2026-01-21,2026-01-21 10:43:00-05:00,2026-01-21 11:30:00-05:00,long,25445.470612448855,25445.470612448855,BE,0.0,2025-12-29,-3311.15
2026-01-22,2026-01-22 09:35:00-05:00,2026-01-22 15:00:00-05:00,long,25656.490500087966,25639.5,cutoff,-16.99,2025-12-26,-3328.14
2026-01-23,2026-01-23 09:31:00-05:00,2026-01-23 10:35:00-05:00,short,25651.66379762444,25776.66379762444,SL,-125.0,2026-01-21,-3453.14
2026-01-27,2026-01-27 09:34:00-05:00,2026-01-27 11:19:00-05:00,short,25979.215460199313,26104.215460199313,SL,-125.0,2026-01-06,-3578.14
2026-01-28,2026-01-28 09:44:00-05:00,2026-01-28 15:00:00-05:00,short,26295.788974327792,26161.0,cutoff,134.79,2026-01-13,-3443.35
2026-01-29,2026-01-29 09:34:00-05:00,2026-01-29 09:53:00-05:00,short,26112.3292222113,25931.0,TP,181.33,2026-01-12,-3262.02
2026-01-29,2026-01-29 09:54:00-05:00,2026-01-29 10:31:00-05:00,short,25919.391761961455,25734.25,TP,185.14,2026-01-05,-3076.88
2026-01-29,2026-01-29 10:36:00-05:00,2026-01-29 10:53:00-05:00,long,25678.006280754824,25553.006280754824,SL,-125.0,2026-01-27,-3201.88
2026-01-30,2026-01-30 09:39:00-05:00,2026-01-30 10:46:00-05:00,short,25919.391761961455,25919.391761961455,BE,0.0,2026-01-05,-3201.88
2026-02-02,2026-02-02 09:32:00-05:00,2026-02-02 09:50:00-05:00,short,25651.66379762444,25776.66379762444,SL,-125.0,2026-01-21,-3326.88
2026-02-03,2026-02-03 09:56:00-05:00,2026-02-03 10:07:00-05:00,long,25678.006280754824,25553.006280754824,SL,-125.0,2026-01-27,-3451.88
2026-02-04,2026-02-04 09:31:00-05:00,2026-02-04 10:00:00-05:00,long,25298.049378233387,25173.049378233387,SL,-125.0,2026-01-23,-3576.88
2026-02-05,2026-02-05 09:35:00-05:00,2026-02-05 10:05:00-05:00,long,24804.71120237556,24679.71120237556,SL,-125.0,2026-01-21,-3701.88
2026-02-06,2026-02-06 09:40:00-05:00,2026-02-06 10:07:00-05:00,long,24887.126594782483,24762.126594782483,SL,-125.0,2026-02-04,-3826.88
2026-02-09,2026-02-09 09:31:00-05:00,2026-02-09 10:06:00-05:00,long,24985.343891027158,25178.5,TP,193.16,2026-01-20,-3633.72
2026-02-09,2026-02-09 10:38:00-05:00,2026-02-09 15:00:00-05:00,long,25260.473700829716,25399.25,cutoff,138.78,2026-02-03,-3494.94
2026-02-10,2026-02-10 09:36:00-05:00,2026-02-10 11:22:00-05:00,long,25336.47365130561,25336.47365130561,BE,0.0,2026-01-22,-3494.94
2026-02-11,2026-02-11 09:31:00-05:00,2026-02-11 09:57:00-05:00,long,25456.02172477811,25331.02172477811,SL,-125.0,2026-01-16,-3619.94
2026-02-12,2026-02-12 09:31:00-05:00,2026-02-12 09:57:00-05:00,long,25336.47365130561,25211.47365130561,SL,-125.0,2026-01-22,-3744.94
2026-02-13,2026-02-13 09:40:00-05:00,2026-02-13 10:27:00-05:00,long,24633.391857165167,24820.75,TP,187.36,2026-02-09,-3557.58
2026-02-13,2026-02-13 10:31:00-05:00,2026-02-13 10:46:00-05:00,long,24887.126594782483,24762.126594782483,SL,-125.0,2026-02-04,-3682.58
2026-02-17,2026-02-17 09:47:00-05:00,2026-02-17 09:55:00-05:00,long,24633.391857165167,24508.391857165167,SL,-125.0,2026-02-09,-3807.58
2026-02-18,2026-02-18 09:39:00-05:00,2026-02-18 10:04:00-05:00,long,24815.846860833517,24996.5,TP,180.65,2026-02-11,-3626.93
2026-02-18,2026-02-18 10:09:00-05:00,2026-02-18 13:52:00-05:00,long,25002.134426505407,25002.134426505407,BE,0.0,2026-02-10,-3626.93
2026-02-19,2026-02-19 09:35:00-05:00,2026-02-19 11:50:00-05:00,long,24815.846860833517,24815.846860833517,BE,0.0,2026-02-11,-3626.93
2026-02-20,2026-02-20 09:43:00-05:00,2026-02-20 10:33:00-05:00,long,24930.26001659254,24930.26001659254,BE,0.0,2026-02-12,-3626.93
2026-02-20,2026-02-20 10:40:00-05:00,2026-02-20 11:25:00-05:00,long,25002.134426505407,25002.134426505407,BE,0.0,2026-02-10,-3626.93
2026-02-23,2026-02-23 09:31:00-05:00,2026-02-23 09:45:00-05:00,long,25002.134426505407,24877.134426505407,SL,-125.0,2026-02-10,-3751.93
2026-02-24,2026-02-24 09:48:00-05:00,2026-02-24 15:00:00-05:00,long,24930.26001659254,25021.75,cutoff,91.49,2026-02-12,-3660.44
2026-02-25,2026-02-25 09:31:00-05:00,2026-02-25 09:58:00-05:00,short,25224.132890528406,25349.132890528406,SL,-125.0,2026-02-13,-3785.44
2026-02-26,2026-02-26 09:31:00-05:00,2026-02-26 10:12:00-05:00,short,25308.784126629384,25113.0,TP,195.78,2026-02-05,-3589.66
2026-02-26,2026-02-26 10:16:00-05:00,2026-02-26 10:34:00-05:00,long,25002.134426505407,24877.134426505407,SL,-125.0,2026-02-10,-3714.66
2026-02-27,2026-02-27 09:31:00-05:00,2026-02-27 12:10:00-05:00,long,24815.846860833517,25011.25,TP,195.4,2026-02-11,-3519.26
2026-03-02,2026-03-02 09:35:00-05:00,2026-03-02 11:47:00-05:00,long,24825.88513501576,25014.0,TP,188.11,2026-02-25,-3331.15
2026-03-03,2026-03-03 09:31:00-05:00,2026-03-03 10:04:00-05:00,long,24588.439612813825,24463.439612813825,SL,-125.0,2026-02-23,-3456.15
2026-03-04,2026-03-04 09:31:00-05:00,2026-03-04 10:31:00-05:00,long,24930.26001659254,25120.75,TP,190.49,2026-02-12,-3265.66
2026-03-04,2026-03-04 10:42:00-05:00,2026-03-04 13:32:00-05:00,short,25073.84211892498,25198.84211892498,SL,-125.0,2026-02-16,-3390.66
2026-03-05,2026-03-05 09:33:00-05:00,2026-03-05 10:00:00-05:00,short,25073.84211892498,25198.84211892498,SL,-125.0,2026-02-16,-3515.66
2026-03-06,2026-03-06 09:31:00-05:00,2026-03-06 10:40:00-05:00,long,24671.8667259376,24869.25,TP,197.38,2026-02-26,-3318.28
2026-03-06,2026-03-06 10:43:00-05:00,2026-03-06 15:00:00-05:00,long,24815.846860833517,24808.0,cutoff,-7.85,2026-02-11,-3326.13
2026-03-09,2026-03-09 09:33:00-04:00,2026-03-09 09:45:00-04:00,long,24473.331852930034,24348.331852930034,SL,-125.0,2026-02-19,-3451.13
2026-03-10,2026-03-10 09:32:00-04:00,2026-03-10 10:37:00-04:00,short,25073.84211892498,25073.84211892498,BE,0.0,2026-02-16,-3451.13
2026-03-10,2026-03-10 10:50:00-04:00,2026-03-10 11:35:00-04:00,short,25119.94149499076,25119.94149499076,BE,0.0,2026-03-06,-3451.13
2026-03-11,2026-03-11 09:32:00-04:00,2026-03-11 10:17:00-04:00,short,25073.84211892498,25073.84211892498,BE,0.0,2026-02-16,-3451.13
2026-03-11,2026-03-11 10:35:00-04:00,2026-03-11 11:20:00-04:00,short,24982.357602534,24982.357602534,BE,0.0,2026-03-03,-3451.13
2026-03-12,2026-03-12 09:53:00-04:00,2026-03-12 15:00:00-04:00,long,24671.8667259376,24599.5,cutoff,-72.37,2026-02-26,-3523.5
2026-03-13,2026-03-13 09:31:00-04:00,2026-03-13 10:17:00-04:00,long,24652.496682358294,24652.496682358294,BE,0.0,2026-03-11,-3523.5
2026-03-13,2026-03-13 10:22:00-04:00,2026-03-13 10:47:00-04:00,long,24671.8667259376,24546.8667259376,SL,-125.0,2026-02-26,-3648.5
2026-03-16,2026-03-16 09:31:00-04:00,2026-03-16 15:00:00-04:00,short,24871.55561687077,24919.75,cutoff,-48.19,2026-03-09,-3696.69
2026-03-17,2026-03-17 09:46:00-04:00,2026-03-17 15:00:00-04:00,short,25096.19805301506,25003.5,cutoff,92.7,2026-03-13,-3603.99
2026-03-18,2026-03-18 09:40:00-04:00,2026-03-18 14:52:00-04:00,short,24982.357602534,24784.5,TP,197.86,2026-03-03,-3406.13
2026-03-19,2026-03-19 09:31:00-04:00,2026-03-19 11:05:00-04:00,long,24344.81689536332,24542.25,TP,197.43,2026-02-24,-3208.7
2026-03-20,2026-03-20 09:42:00-04:00,2026-03-20 09:58:00-04:00,long,24425.060635027538,24300.060635027538,SL,-125.0,2026-03-04,-3333.7
2026-03-23,2026-03-23 09:32:00-04:00,2026-03-23 10:23:00-04:00,long,24475.95325548935,24664.5,TP,188.55,2026-02-27,-3145.15
2026-03-23,2026-03-23 10:24:00-04:00,2026-03-23 11:38:00-04:00,long,24671.8667259376,24546.8667259376,SL,-125.0,2026-02-26,-3270.15
2026-03-24,2026-03-24 09:31:00-04:00,2026-03-24 15:00:00-04:00,long,24257.42694698494,24275.25,cutoff,17.82,2026-03-13,-3252.33
2026-03-25,2026-03-25 09:36:00-04:00,2026-03-25 10:00:00-04:00,long,24475.95325548935,24350.95325548935,SL,-125.0,2026-02-27,-3377.33
2026-03-26,2026-03-26 09:39:00-04:00,2026-03-26 10:54:00-04:00,long,24069.165318483185,24069.165318483185,BE,0.0,2026-03-23,-3377.33
2026-03-26,2026-03-26 10:55:00-04:00,2026-03-26 12:11:00-04:00,long,24059.267397466,24059.267397466,BE,0.0,2026-03-03,-3377.33
2026-04-01,2026-04-01 09:31:00-04:00,2026-04-01 11:14:00-04:00,long,24069.165318483185,24262.5,TP,193.33,2026-03-23,-3184.0
2026-04-02,2026-04-02 09:32:00-04:00,2026-04-02 10:18:00-04:00,long,23773.656098496536,23968.0,TP,194.34,2026-03-26,-2989.66
2026-04-02,2026-04-02 10:19:00-04:00,2026-04-02 10:36:00-04:00,long,23979.81938312923,24167.25,TP,187.43,2026-03-09,-2802.23
2026-04-06,2026-04-06 09:32:00-04:00,2026-04-06 10:38:00-04:00,long,24338.008382877175,24338.008382877175,BE,0.0,2026-03-12,-2802.23
2026-04-06,2026-04-06 10:51:00-04:00,2026-04-06 11:40:00-04:00,short,24289.10131924296,24289.10131924296,BE,0.0,2026-04-02,-2802.23
2026-04-07,2026-04-07 10:05:00-04:00,2026-04-07 10:50:00-04:00,long,24069.165318483185,24069.165318483185,BE,0.0,2026-03-23,-2802.23
2026-04-07,2026-04-07 10:59:00-04:00,2026-04-07 12:56:00-04:00,long,24016.646824437845,24212.5,TP,195.85,2026-03-19,-2606.38
2026-04-08,2026-04-08 09:34:00-04:00,2026-04-08 10:56:00-04:00,short,25161.616617122825,24960.25,TP,201.37,2026-03-12,-2405.01
2026-04-08,2026-04-08 10:58:00-04:00,2026-04-08 12:03:00-04:00,short,24984.459681516815,25109.459681516815,SL,-125.0,2026-03-23,-2530.01
2026-04-09,2026-04-09 09:43:00-04:00,2026-04-09 11:19:00-04:00,short,25096.19805301506,25096.19805301506,BE,0.0,2026-03-13,-2530.01
2026-04-10,2026-04-10 10:11:00-04:00,2026-04-10 15:00:00-04:00,short,25273.09253845201,25261.25,cutoff,11.84,2026-03-16,-2518.17
2026-04-13,2026-04-13 09:49:00-04:00,2026-04-13 12:33:00-04:00,short,25273.09253845201,25398.09253845201,SL,-125.0,2026-03-16,-2643.17
2026-04-15,2026-04-15 09:32:00-04:00,2026-04-15 10:31:00-04:00,short,26016.020610526048,26141.020610526048,SL,-125.0,2026-04-14,-2768.17
2026-04-16,2026-04-16 09:37:00-04:00,2026-04-16 10:30:00-04:00,short,26366.73321562178,26366.73321562178,BE,0.0,2026-04-15,-2768.17
2026-04-17,2026-04-17 10:01:00-04:00,2026-04-17 11:36:00-04:00,short,26750.85865637195,26875.85865637195,SL,-125.0,2026-04-16,-2893.17
2026-04-20,2026-04-20 09:40:00-04:00,2026-04-20 15:00:00-04:00,short,26750.85865637195,26732.75,cutoff,18.11,2026-04-16,-2875.06
2026-04-21,2026-04-21 09:32:00-04:00,2026-04-21 10:11:00-04:00,short,26750.85865637195,26875.85865637195,SL,-125.0,2026-04-16,-3000.06
2026-04-23,2026-04-23 09:35:00-04:00,2026-04-23 10:24:00-04:00,short,27024.84370561633,27024.84370561633,BE,0.0,2026-04-17,-3000.06
2026-04-23,2026-04-23 10:55:00-04:00,2026-04-23 13:24:00-04:00,short,27079.941305396387,26894.5,TP,185.44,2026-04-20,-2814.62
2026-04-24,2026-04-24 10:13:00-04:00,2026-04-24 11:45:00-04:00,short,27267.134887108085,27392.134887108085,SL,-125.0,2026-04-22,-2939.62
2026-04-27,2026-04-27 09:46:00-04:00,2026-04-27 10:35:00-04:00,short,27362.418606603605,27362.418606603605,BE,0.0,2026-04-23,-2939.62
2026-04-28,2026-04-28 09:35:00-04:00,2026-04-28 15:00:00-04:00,short,27152.14330906941,27194.75,cutoff,-42.61,2026-04-21,-2982.23
2026-04-29,2026-04-29 09:34:00-04:00,2026-04-29 10:32:00-04:00,short,27152.14330906941,27277.14330906941,SL,-125.0,2026-04-21,-3107.23
2026-04-30,2026-04-30 09:34:00-04:00,2026-04-30 10:57:00-04:00,short,27362.418606603605,27362.418606603605,BE,0.0,2026-04-23,-3107.23
2026-05-01,2026-05-01 09:33:00-04:00,2026-05-01 09:55:00-04:00,short,27727.691212489073,27852.691212489073,SL,-125.0,2026-04-27,-3232.23
2026-05-04,2026-05-04 09:59:00-04:00,2026-05-04 12:07:00-04:00,short,27896.92021898806,27676.0,TP,220.92,2026-04-30,-3011.31
2026-05-05,2026-05-05 10:36:00-04:00,2026-05-05 11:37:00-04:00,short,28138.06154108305,28138.06154108305,BE,0.0,2026-05-01,-3011.31
2026-05-06,2026-05-06 09:31:00-04:00,2026-05-06 09:55:00-04:00,short,28380.887817756244,28505.887817756244,SL,-125.0,2026-05-05,-3136.31
2026-05-07,2026-05-07 09:33:00-04:00,2026-05-07 10:22:00-04:00,short,28768.042484818827,28893.042484818827,SL,-125.0,2026-05-06,-3261.31
2026-05-08,2026-05-08 10:58:00-04:00,2026-05-08 13:21:00-04:00,short,29174.65787972472,29299.65787972472,SL,-125.0,2026-05-07,-3386.31
2026-05-11,2026-05-11 09:32:00-04:00,2026-05-11 11:28:00-04:00,short,29422.9618069465,29422.9618069465,BE,0.0,2026-05-08,-3386.31
2026-05-12,2026-05-12 09:31:00-04:00,2026-05-12 11:14:00-04:00,short,29174.65787972472,28985.25,TP,189.41,2026-05-07,-3196.9
2026-05-13,2026-05-13 09:52:00-04:00,2026-05-13 10:53:00-04:00,short,29174.65787972472,29299.65787972472,SL,-125.0,2026-05-07,-3321.9
2026-05-14,2026-05-14 09:45:00-04:00,2026-05-14 10:36:00-04:00,short,29646.42303898361,29646.42303898361,BE,0.0,2026-05-12,-3321.9
2026-05-14,2026-05-14 10:37:00-04:00,2026-05-14 12:11:00-04:00,short,29656.73036561582,29781.73036561582,SL,-125.0,2026-05-13,-3446.9
2026-05-15,2026-05-15 09:38:00-04:00,2026-05-15 10:13:00-04:00,short,29174.65787972472,29299.65787972472,SL,-125.0,2026-05-07,-3571.9
2026-05-18,2026-05-18 09:45:00-04:00,2026-05-18 09:56:00-04:00,short,29174.65787972472,29299.65787972472,SL,-125.0,2026-05-07,-3696.9
2026-05-19,2026-05-19 09:35:00-04:00,2026-05-19 10:06:00-04:00,long,28951.360498886017,28826.360498886017,SL,-125.0,2026-05-11,-3821.9
2026-05-20,2026-05-20 09:35:00-04:00,2026-05-20 11:15:00-04:00,long,29084.62855805579,29315.75,TP,231.12,2026-05-14,-3590.78
2026-05-21,2026-05-21 10:23:00-04:00,2026-05-21 11:10:00-04:00,short,29174.65787972472,29174.65787972472,BE,0.0,2026-05-07,-3590.78
2026-05-22,2026-05-22 09:31:00-04:00,2026-05-22 10:56:00-04:00,short,29642.116120772633,29642.116120772633,BE,0.0,2026-05-21,-3590.78
2026-05-22,2026-05-22 10:57:00-04:00,2026-05-22 15:00:00-04:00,short,29646.42303898361,29650.5,cutoff,-4.08,2026-05-12,-3594.86
2026-05-25,2026-05-25 09:37:00-04:00,2026-05-25 11:10:00-04:00,short,29963.24644194421,29963.24644194421,BE,0.0,2026-05-14,-3594.86
2026-05-26,2026-05-26 09:45:00-04:00,2026-05-26 10:35:00-04:00,short,29963.24644194421,30088.24644194421,SL,-125.0,2026-05-14,-3719.86
2026-05-27,2026-05-27 09:45:00-04:00,2026-05-27 10:40:00-04:00,short,30009.455726915767,30009.455726915767,BE,0.0,2026-05-22,-3719.86
2026-05-28,2026-05-28 09:37:00-04:00,2026-05-28 10:12:00-04:00,short,30009.455726915767,30134.455726915767,SL,-125.0,2026-05-22,-3844.86
2026-05-29,2026-05-29 09:57:00-04:00,2026-05-29 10:43:00-04:00,short,30514.38147395403,30328.0,TP,186.38,2026-05-28,-3658.48
2026-05-29,2026-05-29 10:51:00-04:00,2026-05-29 15:00:00-04:00,short,30374.530427233534,30324.0,cutoff,50.53,2026-05-26,-3607.95
2026-06-01,2026-06-01 09:31:00-04:00,2026-06-01 10:16:00-04:00,short,30374.530427233534,30374.530427233534,BE,0.0,2026-05-26,-3607.95
2026-06-02,2026-06-02 09:31:00-04:00,2026-06-02 10:12:00-04:00,short,30514.38147395403,30639.38147395403,SL,-125.0,2026-05-28,-3732.95
2026-06-03,2026-06-03 09:49:00-04:00,2026-06-03 10:02:00-04:00,short,30514.38147395403,30639.38147395403,SL,-125.0,2026-05-28,-3857.95
2026-06-04,2026-06-04 09:31:00-04:00,2026-06-04 11:00:00-04:00,short,30248.501331652922,30373.501331652922,SL,-125.0,2026-05-25,-3982.95
2026-06-05,2026-06-05 09:36:00-04:00,2026-06-05 09:47:00-04:00,long,30011.076790907744,29886.076790907744,SL,-125.0,2026-05-29,-4107.95
