session_date,entry_time,exit_time,side,entry_price,exit_price,exit_reason,pnl,level_date,cum_pnl
2018-01-03,2018-01-03 09:31:00-05:00,2018-01-03 15:00:00-05:00,short,6529.134910517963,6581.0,cutoff,-51.87,2018-01-02,-51.87
2018-01-04,2018-01-04 09:44:00-05:00,2018-01-04 15:00:00-05:00,short,6591.363648739487,6598.25,cutoff,-6.89,2018-01-03,-58.76
2018-01-08,2018-01-08 09:32:00-05:00,2018-01-08 15:00:00-05:00,short,6660.819130484404,6682.25,cutoff,-21.43,2018-01-05,-80.19
2018-01-09,2018-01-09 09:32:00-05:00,2018-01-09 11:19:00-05:00,short,6700.852925468027,6700.852925468027,BE,0.0,2018-01-08,-80.19
2018-01-10,2018-01-10 09:31:00-05:00,2018-01-10 11:04:00-05:00,short,6660.819130484404,6660.819130484404,BE,0.0,2018-01-05,-80.19
2018-01-12,2018-01-12 09:39:00-05:00,2018-01-12 15:00:00-05:00,short,6723.20900170372,6763.25,cutoff,-40.04,2018-01-11,-120.23
2018-01-16,2018-01-16 10:38:00-05:00,2018-01-16 11:31:00-05:00,short,6809.770647884909,6809.770647884909,BE,0.0,2018-01-15,-120.23
2018-01-17,2018-01-17 09:34:00-05:00,2018-01-17 10:25:00-05:00,long,6767.812996567763,6767.812996567763,BE,0.0,2018-01-16,-120.23
2018-01-17,2018-01-17 10:31:00-05:00,2018-01-17 15:00:00-05:00,short,6767.641689094185,6823.75,cutoff,-56.11,2018-01-12,-176.34
2018-01-18,2018-01-18 09:38:00-05:00,2018-01-18 11:19:00-05:00,short,6825.380439588893,6825.380439588893,BE,0.0,2018-01-17,-176.34
2018-01-19,2018-01-19 10:09:00-05:00,2018-01-19 11:20:00-05:00,short,6825.380439588893,6825.380439588893,BE,0.0,2018-01-17,-176.34
2018-01-22,2018-01-22 10:09:00-05:00,2018-01-22 15:00:00-05:00,short,6862.577746742863,6893.75,cutoff,-31.17,2018-01-18,-207.51
2018-01-24,2018-01-24 10:14:00-05:00,2018-01-24 15:00:00-05:00,short,6998.255469793344,6947.75,cutoff,50.51,2018-01-23,-157.0
2018-01-25,2018-01-25 09:56:00-05:00,2018-01-25 10:47:00-05:00,long,6929.169585261671,6929.169585261671,BE,0.0,2018-01-24,-157.0
2018-01-29,2018-01-29 09:36:00-05:00,2018-01-29 15:00:00-05:00,short,6998.255469793344,7008.5,cutoff,-10.24,2018-01-23,-167.24
2018-01-30,2018-01-30 09:46:00-05:00,2018-01-30 10:46:00-05:00,long,6929.169585261671,6929.169585261671,BE,0.0,2018-01-24,-167.24
2018-02-01,2018-02-01 09:33:00-05:00,2018-02-01 14:20:00-05:00,long,6929.169585261671,6929.169585261671,BE,0.0,2018-01-24,-167.24
2018-02-02,2018-02-02 09:31:00-05:00,2018-02-02 15:00:00-05:00,long,6880.975997086674,6794.25,cutoff,-86.73,2018-01-25,-253.97
2018-02-05,2018-02-05 09:31:00-05:00,2018-02-05 10:25:00-05:00,short,6705.969460652561,6810.969460652561,SL,-105.0,2018-01-10,-358.97
2018-02-06,2018-02-06 09:55:00-05:00,2018-02-06 10:17:00-05:00,long,6590.6904546967335,6485.6904546967335,SL,-105.0,2018-02-05,-463.97
2018-02-07,2018-02-07 09:31:00-05:00,2018-02-07 12:47:00-05:00,long,6646.54099829628,6646.54099829628,BE,0.0,2018-01-11,-463.97
2018-02-08,2018-02-08 09:33:00-05:00,2018-02-08 10:55:00-05:00,long,6590.6904546967335,6485.6904546967335,SL,-105.0,2018-02-05,-568.97
2018-02-12,2018-02-12 09:36:00-05:00,2018-02-12 15:00:00-05:00,long,6489.755992857791,6539.5,cutoff,49.74,2018-02-08,-519.23
2018-02-13,2018-02-13 09:35:00-05:00,2018-02-13 15:00:00-05:00,long,6489.755992857791,6559.25,cutoff,69.49,2018-02-08,-449.74
2018-02-14,2018-02-14 09:36:00-05:00,2018-02-14 15:00:00-05:00,long,6547.2665921978705,6664.25,cutoff,116.98,2018-02-07,-332.76
2018-02-16,2018-02-16 09:33:00-05:00,2018-02-16 13:30:00-05:00,long,6786.128332725204,6786.128332725204,BE,0.0,2018-01-22,-332.76
2018-02-19,2018-02-19 11:00:00-05:00,2018-02-19 12:59:00-05:00,long,6759.618102312154,6779.75,cutoff,20.13,2018-02-02,-312.63
2018-02-20,2018-02-20 09:31:00-05:00,2018-02-20 15:00:00-05:00,short,6754.8584078021295,6790.25,cutoff,-35.39,2018-02-07,-348.02
2018-02-22,2018-02-22 09:32:00-05:00,2018-02-22 10:26:00-05:00,short,6811.866788508734,6811.866788508734,BE,0.0,2018-02-15,-348.02
2018-02-23,2018-02-23 09:32:00-05:00,2018-02-23 10:41:00-05:00,short,6811.866788508734,6811.866788508734,BE,0.0,2018-02-15,-348.02
2018-02-27,2018-02-27 09:59:00-05:00,2018-02-27 15:00:00-05:00,short,6971.006897687846,6940.25,cutoff,30.76,2018-02-02,-317.26
2018-02-28,2018-02-28 09:46:00-05:00,2018-02-28 10:55:00-05:00,long,6926.71319448983,6926.71319448983,BE,0.0,2018-02-27,-317.26
2018-03-01,2018-03-01 09:31:00-05:00,2018-03-01 10:32:00-05:00,short,6871.912614461429,6871.912614461429,BE,0.0,2018-02-22,-317.26
2018-03-01,2018-03-01 10:33:00-05:00,2018-03-01 15:00:00-05:00,short,6878.623273891219,6741.25,cutoff,137.37,2018-02-23,-179.89
2018-03-02,2018-03-02 09:31:00-05:00,2018-03-02 15:00:00-05:00,short,6684.944584107352,6764.0,cutoff,-79.06,2018-02-06,-258.95
2018-03-05,2018-03-05 09:51:00-05:00,2018-03-05 12:00:00-05:00,short,6766.743215011062,6871.743215011062,SL,-105.0,2018-03-02,-363.95
2018-03-06,2018-03-06 10:02:00-05:00,2018-03-06 10:47:00-05:00,long,6926.71319448983,6926.71319448983,BE,0.0,2018-02-27,-363.95
2018-03-07,2018-03-07 09:31:00-05:00,2018-03-07 15:00:00-05:00,short,6871.912614461429,6906.25,cutoff,-34.34,2018-02-22,-398.29
2018-03-08,2018-03-08 09:35:00-05:00,2018-03-08 11:14:00-05:00,short,6967.241668711537,6967.241668711537,BE,0.0,2018-03-01,-398.29
2018-03-09,2018-03-09 10:07:00-05:00,2018-03-09 15:00:00-05:00,short,7057.28680551017,7110.5,cutoff,-53.21,2018-02-27,-451.5
2018-03-13,2018-03-13 09:42:00-04:00,2018-03-13 15:00:00-04:00,short,7211.202029295153,7089.0,cutoff,122.2,2018-03-12,-329.3
2018-03-14,2018-03-14 09:33:00-04:00,2018-03-14 15:00:00-04:00,long,7096.922970704847,7073.75,cutoff,-23.17,2018-03-12,-352.47
2018-03-15,2018-03-15 09:36:00-04:00,2018-03-15 15:00:00-04:00,short,7057.28680551017,7057.0,cutoff,0.29,2018-02-27,-352.18
2018-03-19,2018-03-19 09:52:00-04:00,2018-03-19 15:00:00-04:00,short,6967.241668711537,6852.5,cutoff,114.74,2018-03-01,-237.44
2018-03-20,2018-03-20 09:34:00-04:00,2018-03-20 10:19:00-04:00,short,6887.536011889101,6887.536011889101,BE,0.0,2018-02-21,-237.44
2018-03-20,2018-03-20 10:43:00-04:00,2018-03-20 15:00:00-04:00,long,6901.578784055946,6909.5,cutoff,7.92,2018-03-19,-229.52
2018-03-21,2018-03-21 09:36:00-04:00,2018-03-21 14:41:00-04:00,long,6879.299880883785,6879.299880883785,BE,0.0,2018-02-26,-229.52
2018-03-22,2018-03-22 09:39:00-04:00,2018-03-22 10:30:00-04:00,long,6796.46474984932,6796.46474984932,BE,0.0,2018-03-07,-229.52
2018-03-22,2018-03-22 10:53:00-04:00,2018-03-22 12:26:00-04:00,short,6766.743215011062,6766.743215011062,BE,0.0,2018-03-02,-229.52
2018-03-23,2018-03-23 09:36:00-04:00,2018-03-23 14:58:00-04:00,long,6701.390659034367,6596.390659034367,SL,-105.0,2018-03-05,-334.52
2018-03-27,2018-03-27 09:33:00-04:00,2018-03-27 13:52:00-04:00,long,6796.46474984932,6691.46474984932,SL,-105.0,2018-03-07,-439.52
2018-03-28,2018-03-28 10:06:00-04:00,2018-03-28 10:43:00-04:00,long,6555.590673508264,6450.590673508264,SL,-105.0,2018-03-26,-544.52
2018-04-02,2018-04-02 09:40:00-04:00,2018-04-02 10:57:00-04:00,long,6555.590673508264,6450.590673508264,SL,-105.0,2018-03-26,-649.52
2018-04-03,2018-04-03 10:05:00-04:00,2018-04-03 11:59:00-04:00,long,6394.937625773999,6394.937625773999,BE,0.0,2018-04-02,-649.52
2018-04-04,2018-04-04 09:33:00-04:00,2018-04-04 10:34:00-04:00,long,6372.049355432237,6372.049355432237,BE,0.0,2018-03-29,-649.52
2018-04-05,2018-04-05 09:42:00-04:00,2018-04-05 11:02:00-04:00,short,6618.200644567763,6618.200644567763,BE,0.0,2018-03-29,-649.52
2018-04-06,2018-04-06 09:38:00-04:00,2018-04-06 10:23:00-04:00,short,6580.309822656636,6580.309822656636,BE,0.0,2018-04-03,-649.52
2018-04-06,2018-04-06 10:34:00-04:00,2018-04-06 14:25:00-04:00,long,6555.590673508264,6450.590673508264,SL,-105.0,2018-03-26,-754.52
2018-04-09,2018-04-09 09:56:00-04:00,2018-04-09 15:00:00-04:00,long,6533.187655664731,6569.25,cutoff,36.06,2018-04-05,-718.46
2018-04-10,2018-04-10 09:32:00-04:00,2018-04-10 15:00:00-04:00,long,6582.5845918092255,6624.5,cutoff,41.92,2018-03-23,-676.54
2018-04-11,2018-04-11 09:59:00-04:00,2018-04-11 15:00:00-04:00,short,6618.200644567763,6618.5,cutoff,-0.3,2018-03-29,-676.84
2018-04-12,2018-04-12 09:42:00-04:00,2018-04-12 15:00:00-04:00,short,6652.002550425705,6675.75,cutoff,-23.75,2018-03-28,-700.59
2018-04-13,2018-04-13 09:35:00-04:00,2018-04-13 15:00:00-04:00,long,6700.740780313456,6647.25,cutoff,-53.49,2018-03-22,-754.08
2018-04-16,2018-04-16 09:43:00-04:00,2018-04-16 15:00:00-04:00,short,6660.937374226001,6690.25,cutoff,-29.31,2018-04-02,-783.39
2018-04-17,2018-04-17 09:33:00-04:00,2018-04-17 15:00:00-04:00,short,6747.283059462454,6831.0,cutoff,-83.72,2018-04-16,-867.11
2018-04-18,2018-04-18 09:41:00-04:00,2018-04-18 10:36:00-04:00,short,6825.9822235486145,6825.9822235486145,BE,0.0,2018-04-17,-867.11
2018-04-19,2018-04-19 09:46:00-04:00,2018-04-19 15:00:00-04:00,short,6796.0404081907745,6775.25,cutoff,20.79,2018-03-23,-846.32
2018-04-20,2018-04-20 09:31:00-04:00,2018-04-20 15:00:00-04:00,long,6754.992006121582,6673.0,cutoff,-81.99,2018-04-18,-928.31
2018-04-23,2018-04-23 09:36:00-04:00,2018-04-23 10:24:00-04:00,short,6690.253399853834,6690.253399853834,BE,0.0,2018-04-11,-928.31
2018-04-23,2018-04-23 10:31:00-04:00,2018-04-23 12:24:00-04:00,long,6686.1427764513855,6686.1427764513855,BE,0.0,2018-04-17,-928.31
2018-04-24,2018-04-24 09:31:00-04:00,2018-04-24 11:05:00-04:00,long,6686.1427764513855,6581.1427764513855,SL,-105.0,2018-04-17,-1033.31
2018-04-25,2018-04-25 09:34:00-04:00,2018-04-25 15:00:00-04:00,long,6512.496600146166,6541.0,cutoff,28.5,2018-04-11,-1004.81
2018-04-26,2018-04-26 09:31:00-04:00,2018-04-26 15:00:00-04:00,long,6600.091940537546,6673.0,cutoff,72.91,2018-04-16,-931.9
2018-04-27,2018-04-27 09:31:00-04:00,2018-04-27 10:34:00-04:00,long,6744.784812561076,6639.784812561076,SL,-105.0,2018-04-19,-1036.9
2018-04-30,2018-04-30 09:31:00-04:00,2018-04-30 11:33:00-04:00,long,6672.83622656385,6672.83622656385,BE,0.0,2018-04-20,-1036.9
2018-05-01,2018-05-01 09:33:00-04:00,2018-05-01 11:01:00-04:00,long,6600.091940537546,6600.091940537546,BE,0.0,2018-04-16,-1036.9
2018-05-02,2018-05-02 09:31:00-04:00,2018-05-02 15:00:00-04:00,short,6690.253399853834,6682.0,cutoff,8.25,2018-04-11,-1028.65
2018-05-03,2018-05-03 09:31:00-04:00,2018-05-03 15:00:00-04:00,long,6612.5646574806215,6639.75,cutoff,27.19,2018-04-30,-1001.46
2018-05-04,2018-05-04 09:31:00-04:00,2018-05-04 10:39:00-04:00,short,6618.015361193202,6723.015361193202,SL,-105.0,2018-04-09,-1106.46
2018-05-07,2018-05-07 09:38:00-04:00,2018-05-07 15:00:00-04:00,short,6825.9822235486145,6828.75,cutoff,-2.77,2018-04-17,-1109.23
2018-05-08,2018-05-08 09:52:00-04:00,2018-05-08 15:00:00-04:00,short,6791.429923534902,6788.25,cutoff,3.18,2018-04-13,-1106.05
2018-05-09,2018-05-09 09:32:00-04:00,2018-05-09 15:00:00-04:00,short,6825.9822235486145,6897.5,cutoff,-71.52,2018-04-17,-1177.57
2018-05-11,2018-05-11 10:10:00-04:00,2018-05-11 15:00:00-04:00,short,6969.484773303996,6942.0,cutoff,27.48,2018-05-10,-1150.09
2018-05-14,2018-05-14 10:30:00-04:00,2018-05-14 11:20:00-04:00,short,7007.349699090812,7007.349699090812,BE,0.0,2018-05-11,-1150.09
2018-05-15,2018-05-15 09:32:00-04:00,2018-05-15 15:00:00-04:00,long,6900.775300909188,6874.5,cutoff,-26.28,2018-05-11,-1176.37
2018-05-16,2018-05-16 09:33:00-04:00,2018-05-16 15:00:00-04:00,long,6900.775300909188,6950.25,cutoff,49.47,2018-05-11,-1126.9
2018-05-17,2018-05-17 10:12:00-04:00,2018-05-17 12:40:00-04:00,long,6928.543047509258,6928.543047509258,BE,0.0,2018-05-14,-1126.9
2018-05-18,2018-05-18 09:31:00-04:00,2018-05-18 10:20:00-04:00,short,6887.469288124856,6887.469288124856,BE,0.0,2018-05-09,-1126.9
2018-05-18,2018-05-18 10:32:00-04:00,2018-05-18 15:00:00-04:00,short,6878.313510620334,6884.5,cutoff,-6.19,2018-05-07,-1133.09
2018-05-21,2018-05-21 09:31:00-04:00,2018-05-21 15:00:00-04:00,short,6935.473866313412,6899.5,cutoff,35.97,2018-05-18,-1097.12
2018-05-22,2018-05-22 09:58:00-04:00,2018-05-22 15:00:00-04:00,short,6935.473866313412,6915.75,cutoff,19.72,2018-05-18,-1077.4
2018-05-23,2018-05-23 09:41:00-04:00,2018-05-23 15:00:00-04:00,short,6872.813918585391,6937.5,cutoff,-64.69,2018-05-08,-1142.09
2018-05-24,2018-05-24 09:34:00-04:00,2018-05-24 14:21:00-04:00,short,6960.568010688974,6960.568010688974,BE,0.0,2018-05-16,-1142.09
2018-05-25,2018-05-25 09:46:00-04:00,2018-05-25 15:00:00-04:00,short,6960.568010688974,6959.25,cutoff,1.32,2018-05-16,-1140.77
2018-05-28,2018-05-28 09:35:00-04:00,2018-05-28 12:59:00-04:00,short,6973.725303921158,6992.5,cutoff,-18.77,2018-05-17,-1159.54
2018-05-29,2018-05-29 09:31:00-04:00,2018-05-29 15:00:00-04:00,short,6935.473866313412,6900.25,cutoff,35.22,2018-05-18,-1124.32
2018-05-30,2018-05-30 09:35:00-04:00,2018-05-30 10:31:00-04:00,short,6960.568010688974,6960.568010688974,BE,0.0,2018-05-16,-1124.32
2018-05-30,2018-05-30 10:42:00-04:00,2018-05-30 15:00:00-04:00,short,6969.484773303996,6988.5,cutoff,-19.02,2018-05-10,-1143.34
2018-05-31,2018-05-31 09:36:00-04:00,2018-05-31 15:00:00-04:00,short,6988.503726657311,6978.25,cutoff,10.25,2018-05-21,-1133.09
2018-06-01,2018-06-01 09:31:00-04:00,2018-06-01 15:00:00-04:00,short,7015.475265757081,7080.25,cutoff,-64.77,2018-05-30,-1197.86
2018-06-06,2018-06-06 10:05:00-04:00,2018-06-06 10:56:00-04:00,short,7156.635231374005,7156.635231374005,BE,0.0,2018-06-04,-1197.86
2018-06-07,2018-06-07 10:33:00-04:00,2018-06-07 15:00:00-04:00,short,7156.635231374005,7151.0,cutoff,5.64,2018-06-04,-1192.22
2018-06-08,2018-06-08 09:53:00-04:00,2018-06-08 11:07:00-04:00,short,7156.635231374005,7156.635231374005,BE,0.0,2018-06-04,-1192.22
2018-06-11,2018-06-11 09:46:00-04:00,2018-06-11 11:40:00-04:00,short,7194.487916844135,7194.487916844135,BE,0.0,2018-06-08,-1192.22
2018-06-12,2018-06-12 09:32:00-04:00,2018-06-12 10:45:00-04:00,short,7215.5639472394705,7215.5639472394705,BE,0.0,2018-06-05,-1192.22
2018-06-13,2018-06-13 09:58:00-04:00,2018-06-13 15:00:00-04:00,short,7254.301705073458,7258.5,cutoff,-4.2,2018-06-12,-1196.42
2018-06-14,2018-06-14 09:32:00-04:00,2018-06-14 15:00:00-04:00,short,7269.677208812118,7291.0,cutoff,-21.32,2018-06-07,-1217.74
2018-06-15,2018-06-15 09:32:00-04:00,2018-06-15 15:00:00-04:00,short,7269.677208812118,7287.0,cutoff,-17.32,2018-06-07,-1235.06
2018-06-18,2018-06-18 09:34:00-04:00,2018-06-18 15:00:00-04:00,long,7214.541889345101,7268.5,cutoff,53.96,2018-06-15,-1181.1
2018-06-19,2018-06-19 09:31:00-04:00,2018-06-19 10:48:00-04:00,short,7194.487916844135,7194.487916844135,BE,0.0,2018-06-08,-1181.1
2018-06-19,2018-06-19 10:57:00-04:00,2018-06-19 15:00:00-04:00,long,7199.085344323959,7248.75,cutoff,49.66,2018-06-13,-1131.44
2018-06-20,2018-06-20 09:42:00-04:00,2018-06-20 10:58:00-04:00,short,7303.289655676041,7303.289655676041,BE,0.0,2018-06-13,-1131.44
2018-06-21,2018-06-21 09:46:00-04:00,2018-06-21 15:00:00-04:00,short,7303.289655676041,7244.25,cutoff,59.04,2018-06-13,-1072.4
2018-06-22,2018-06-22 09:36:00-04:00,2018-06-22 15:00:00-04:00,long,7237.780430387864,7242.5,cutoff,4.72,2018-06-20,-1067.68
2018-06-25,2018-06-25 09:31:00-04:00,2018-06-25 15:00:00-04:00,short,7156.635231374005,7010.25,cutoff,146.39,2018-06-04,-921.29
2018-06-26,2018-06-26 09:31:00-04:00,2018-06-26 15:00:00-04:00,short,7092.43659505992,7107.25,cutoff,-14.81,2018-06-01,-936.1
2018-06-27,2018-06-27 09:31:00-04:00,2018-06-27 11:05:00-04:00,long,7117.6860527605295,7117.6860527605295,BE,0.0,2018-06-05,-936.1
2018-06-28,2018-06-28 09:39:00-04:00,2018-06-28 15:00:00-04:00,long,7002.0493217285275,7067.5,cutoff,65.45,2018-06-26,-870.65
2018-06-29,2018-06-29 09:31:00-04:00,2018-06-29 15:00:00-04:00,long,7092.637083155865,7102.75,cutoff,10.11,2018-06-08,-860.54
2018-07-02,2018-07-02 09:51:00-04:00,2018-07-02 15:00:00-04:00,long,7021.939275551633,7078.75,cutoff,56.81,2018-06-29,-803.73
2018-07-03,2018-07-03 09:31:00-04:00,2018-07-03 12:59:00-04:00,long,7133.197791187882,7028.197791187882,SL,-105.0,2018-06-07,-908.73
2018-07-04,2018-07-04 09:36:00-04:00,2018-07-04 13:00:00-04:00,long,7039.190675775948,7042.5,cutoff,3.31,2018-06-25,-905.42
2018-07-05,2018-07-05 09:39:00-04:00,2018-07-05 15:00:00-04:00,long,7092.637083155865,7114.0,cutoff,21.36,2018-06-08,-884.06
2018-07-06,2018-07-06 09:32:00-04:00,2018-07-06 15:00:00-04:00,long,7127.38217917601,7223.5,cutoff,96.12,2018-06-11,-787.94
2018-07-09,2018-07-09 09:55:00-04:00,2018-07-09 11:04:00-04:00,short,7262.911183414944,7262.911183414944,BE,0.0,2018-06-19,-787.94
2018-07-10,2018-07-10 09:36:00-04:00,2018-07-10 10:31:00-04:00,short,7303.289655676041,7303.289655676041,BE,0.0,2018-06-13,-787.94
2018-07-11,2018-07-11 09:32:00-04:00,2018-07-11 15:00:00-04:00,short,7262.911183414944,7268.75,cutoff,-5.84,2018-06-19,-793.78
2018-07-12,2018-07-12 10:07:00-04:00,2018-07-12 15:00:00-04:00,short,7328.303579632185,7373.75,cutoff,-45.45,2018-07-11,-839.23
2018-07-13,2018-07-13 09:46:00-04:00,2018-07-13 15:00:00-04:00,short,7382.841738048102,7388.5,cutoff,-5.66,2018-07-12,-844.89
2018-07-16,2018-07-16 09:37:00-04:00,2018-07-16 15:00:00-04:00,short,7406.569912336632,7368.25,cutoff,38.32,2018-06-21,-806.57
2018-07-17,2018-07-17 09:42:00-04:00,2018-07-17 15:00:00-04:00,short,7328.303579632185,7414.0,cutoff,-85.7,2018-07-11,-892.27
2018-07-18,2018-07-18 09:42:00-04:00,2018-07-18 11:15:00-04:00,short,7406.569912336632,7406.569912336632,BE,0.0,2018-06-21,-892.27
2018-07-19,2018-07-19 09:33:00-04:00,2018-07-19 11:25:00-04:00,short,7392.15471783367,7392.15471783367,BE,0.0,2018-07-17,-892.27
2018-07-20,2018-07-20 09:32:00-04:00,2018-07-20 10:28:00-04:00,short,7392.15471783367,7392.15471783367,BE,0.0,2018-07-17,-892.27
2018-07-23,2018-07-23 09:31:00-04:00,2018-07-23 10:39:00-04:00,short,7353.262237216476,7353.262237216476,BE,0.0,2018-07-10,-892.27
2018-07-24,2018-07-24 09:36:00-04:00,2018-07-24 15:00:00-04:00,short,7478.0641178731985,7411.5,cutoff,66.56,2018-07-18,-825.71
2018-07-25,2018-07-25 09:40:00-04:00,2018-07-25 10:33:00-04:00,short,7438.102087580435,7438.102087580435,BE,0.0,2018-07-20,-825.71
2018-07-26,2018-07-26 09:42:00-04:00,2018-07-26 11:21:00-04:00,short,7438.102087580435,7438.102087580435,BE,0.0,2018-07-20,-825.71
2018-07-27,2018-07-27 09:33:00-04:00,2018-07-27 15:00:00-04:00,short,7446.894584057618,7286.75,cutoff,160.14,2018-07-16,-665.57
2018-07-30,2018-07-30 09:35:00-04:00,2018-07-30 15:00:00-04:00,long,7271.051238919736,7208.75,cutoff,-62.3,2018-07-23,-727.87
2018-07-31,2018-07-31 09:43:00-04:00,2018-07-31 15:00:00-04:00,long,7250.612762783524,7259.5,cutoff,8.89,2018-07-10,-718.98
2018-08-01,2018-08-01 09:31:00-04:00,2018-08-01 11:33:00-04:00,long,7271.051238919736,7271.051238919736,BE,0.0,2018-07-23,-718.98
2018-08-02,2018-08-02 09:32:00-04:00,2018-08-02 15:00:00-04:00,long,7226.908261951898,7375.5,cutoff,148.59,2018-07-12,-570.39
2018-08-03,2018-08-03 09:31:00-04:00,2018-08-03 10:16:00-04:00,short,7392.15471783367,7392.15471783367,BE,0.0,2018-07-17,-570.39
2018-08-03,2018-08-03 10:18:00-04:00,2018-08-03 11:10:00-04:00,short,7382.841738048102,7382.841738048102,BE,0.0,2018-07-12,-570.39
2018-08-06,2018-08-06 09:32:00-04:00,2018-08-06 15:00:00-04:00,short,7392.15471783367,7441.0,cutoff,-48.85,2018-07-17,-619.24
2018-08-07,2018-08-07 09:34:00-04:00,2018-08-07 10:29:00-04:00,short,7478.0641178731985,7478.0641178731985,BE,0.0,2018-07-18,-619.24
2018-08-07,2018-08-07 10:30:00-04:00,2018-08-07 12:56:00-04:00,short,7481.544416078332,7481.544416078332,BE,0.0,2018-07-25,-619.24
2018-08-08,2018-08-08 09:32:00-04:00,2018-08-08 15:00:00-04:00,short,7459.432390640652,7484.25,cutoff,-24.82,2018-08-06,-644.06
2018-08-09,2018-08-09 09:31:00-04:00,2018-08-09 15:00:00-04:00,short,7478.0641178731985,7496.0,cutoff,-17.94,2018-07-18,-662.0
2018-08-10,2018-08-10 09:36:00-04:00,2018-08-10 10:21:00-04:00,short,7438.102087580435,7438.102087580435,BE,0.0,2018-07-20,-662.0
2018-08-10,2018-08-10 10:33:00-04:00,2018-08-10 15:00:00-04:00,short,7443.276347136951,7400.25,cutoff,43.03,2018-07-19,-618.97
2018-08-13,2018-08-13 09:33:00-04:00,2018-08-13 15:00:00-04:00,short,7438.102087580435,7422.5,cutoff,15.6,2018-07-20,-603.37
2018-08-14,2018-08-14 09:31:00-04:00,2018-08-14 10:36:00-04:00,short,7438.102087580435,7438.102087580435,BE,0.0,2018-07-20,-603.37
2018-08-14,2018-08-14 10:46:00-04:00,2018-08-14 15:00:00-04:00,short,7443.276347136951,7458.25,cutoff,-14.97,2018-07-19,-618.34
2018-08-15,2018-08-15 09:35:00-04:00,2018-08-15 15:00:00-04:00,short,7402.198761080264,7352.75,cutoff,49.45,2018-07-23,-568.89
2018-08-16,2018-08-16 09:31:00-04:00,2018-08-16 15:00:00-04:00,long,7414.922762406374,7399.5,cutoff,-15.42,2018-07-24,-584.31
2018-08-17,2018-08-17 09:31:00-04:00,2018-08-17 15:00:00-04:00,long,7360.173904777643,7401.5,cutoff,41.33,2018-08-16,-542.98
2018-08-20,2018-08-20 09:33:00-04:00,2018-08-20 14:02:00-04:00,short,7394.472462601092,7394.472462601092,BE,0.0,2018-07-30,-542.98
2018-08-21,2018-08-21 09:35:00-04:00,2018-08-21 11:21:00-04:00,long,7408.879532772222,7408.879532772222,BE,0.0,2018-08-08,-542.98
2018-08-22,2018-08-22 09:31:00-04:00,2018-08-22 15:00:00-04:00,short,7394.472462601092,7432.75,cutoff,-38.28,2018-07-30,-581.26
2018-08-23,2018-08-23 09:34:00-04:00,2018-08-23 15:00:00-04:00,short,7436.526712365974,7443.75,cutoff,-7.22,2018-08-17,-588.48
2018-08-24,2018-08-24 09:31:00-04:00,2018-08-24 15:00:00-04:00,short,7459.432390640652,7490.75,cutoff,-31.32,2018-08-06,-619.8
2018-08-27,2018-08-27 09:35:00-04:00,2018-08-27 15:00:00-04:00,short,7534.904976134861,7564.75,cutoff,-29.85,2018-08-09,-649.65
2018-08-29,2018-08-29 09:35:00-04:00,2018-08-29 15:00:00-04:00,short,7599.9516883498845,7658.75,cutoff,-58.8,2018-08-27,-708.45
2018-08-30,2018-08-30 09:31:00-04:00,2018-08-30 15:00:00-04:00,short,7655.839927072273,7643.0,cutoff,12.84,2018-08-29,-695.61
2018-08-31,2018-08-31 09:32:00-04:00,2018-08-31 15:00:00-04:00,short,7655.839927072273,7644.75,cutoff,11.09,2018-08-29,-684.52
2018-09-04,2018-09-04 09:34:00-04:00,2018-09-04 15:00:00-04:00,long,7633.061168833607,7631.75,cutoff,-1.31,2018-09-03,-685.83
2018-09-05,2018-09-05 09:33:00-04:00,2018-09-05 15:00:00-04:00,long,7604.500703523443,7533.25,cutoff,-71.25,2018-08-30,-757.08
2018-09-06,2018-09-06 09:40:00-04:00,2018-09-06 15:00:00-04:00,short,7506.425637004666,7443.5,cutoff,62.93,2018-08-24,-694.15
2018-09-07,2018-09-07 09:37:00-04:00,2018-09-07 15:00:00-04:00,long,7418.08594954187,7459.75,cutoff,41.66,2018-09-06,-652.49
2018-09-10,2018-09-10 09:31:00-04:00,2018-09-10 15:00:00-04:00,long,7472.1733116501155,7453.5,cutoff,-18.67,2018-08-27,-671.16
2018-09-11,2018-09-11 09:32:00-04:00,2018-09-11 15:00:00-04:00,long,7418.08594954187,7509.25,cutoff,91.16,2018-09-06,-580.0
2018-09-12,2018-09-12 09:32:00-04:00,2018-09-12 15:00:00-04:00,short,7505.206854948481,7468.25,cutoff,36.96,2018-08-23,-543.04
2018-09-13,2018-09-13 09:32:00-04:00,2018-09-13 15:00:00-04:00,short,7547.622652900693,7565.75,cutoff,-18.13,2018-09-10,-561.17
2018-09-14,2018-09-14 09:32:00-04:00,2018-09-14 11:21:00-04:00,long,7588.051325303866,7588.051325303866,BE,0.0,2018-08-31,-561.17
2018-09-17,2018-09-17 09:35:00-04:00,2018-09-17 15:00:00-04:00,long,7549.8898326392355,7497.5,cutoff,-52.39,2018-09-04,-613.56
2018-09-18,2018-09-18 09:31:00-04:00,2018-09-18 15:00:00-04:00,long,7472.6850581467515,7539.5,cutoff,66.81,2018-09-13,-546.75
2018-09-19,2018-09-19 09:33:00-04:00,2018-09-19 15:00:00-04:00,long,7542.660072927727,7503.5,cutoff,-39.16,2018-08-29,-585.91
2018-09-20,2018-09-20 09:37:00-04:00,2018-09-20 15:00:00-04:00,short,7571.28304460421,7605.0,cutoff,-33.72,2018-09-12,-619.63
2018-09-21,2018-09-21 09:39:00-04:00,2018-09-21 15:00:00-04:00,short,7631.354115860666,7567.75,cutoff,63.6,2018-09-17,-556.03
2018-09-24,2018-09-24 09:31:00-04:00,2018-09-24 15:00:00-04:00,long,7499.12113621541,7568.0,cutoff,68.88,2018-09-20,-487.15
2018-09-25,2018-09-25 09:36:00-04:00,2018-09-25 10:21:00-04:00,short,7571.28304460421,7571.28304460421,BE,0.0,2018-09-12,-487.15
2018-09-26,2018-09-26 09:32:00-04:00,2018-09-26 10:24:00-04:00,short,7612.28905045813,7612.28905045813,BE,0.0,2018-09-06,-487.15
2018-09-26,2018-09-26 10:31:00-04:00,2018-09-26 15:00:00-04:00,short,7616.4399418532485,7644.75,cutoff,-28.31,2018-09-13,-515.46
2018-09-27,2018-09-27 09:32:00-04:00,2018-09-27 15:00:00-04:00,short,7631.354115860666,7665.5,cutoff,-34.15,2018-09-17,-549.61
2018-09-28,2018-09-28 09:45:00-04:00,2018-09-28 15:00:00-04:00,long,7633.061168833607,7646.25,cutoff,13.19,2018-09-03,-536.42
2018-10-01,2018-10-01 09:32:00-04:00,2018-10-01 15:00:00-04:00,short,7702.894612183031,7679.5,cutoff,23.39,2018-09-05,-513.03
2018-10-02,2018-10-02 09:36:00-04:00,2018-10-02 15:00:00-04:00,short,7655.73495379054,7668.5,cutoff,-12.77,2018-09-14,-525.8
2018-10-03,2018-10-03 09:34:00-04:00,2018-10-03 15:00:00-04:00,short,7688.758399715875,7668.25,cutoff,20.51,2018-09-21,-505.29
2018-10-04,2018-10-04 09:31:00-04:00,2018-10-04 15:00:00-04:00,short,7629.202776166338,7504.25,cutoff,124.95,2018-09-25,-380.34
2018-10-05,2018-10-05 09:32:00-04:00,2018-10-05 11:51:00-04:00,long,7499.12113621541,7394.12113621541,SL,-105.0,2018-09-20,-485.34
2018-10-08,2018-10-08 09:46:00-04:00,2018-10-08 10:35:00-04:00,long,7405.59195539579,7405.59195539579,BE,0.0,2018-09-12,-485.34
2018-10-08,2018-10-08 10:37:00-04:00,2018-10-08 11:41:00-04:00,long,7408.134491863295,7303.134491863295,SL,-105.0,2018-10-05,-590.34
2018-10-09,2018-10-09 09:35:00-04:00,2018-10-09 12:44:00-04:00,long,7392.329907435796,7392.329907435796,BE,0.0,2018-09-18,-590.34
2018-10-10,2018-10-10 09:50:00-04:00,2018-10-10 14:43:00-04:00,long,7286.224538054712,7181.224538054712,SL,-105.0,2018-10-08,-695.34
2018-10-16,2018-10-16 09:58:00-04:00,2018-10-16 15:00:00-04:00,long,7182.158582793097,7259.25,cutoff,77.09,2018-10-10,-618.25
2018-10-17,2018-10-17 09:37:00-04:00,2018-10-17 15:00:00-04:00,long,7286.224538054712,7300.25,cutoff,14.03,2018-10-08,-604.22
2018-10-18,2018-10-18 09:31:00-04:00,2018-10-18 15:00:00-04:00,short,7262.201987091439,7141.0,cutoff,121.2,2018-10-16,-483.02
2018-10-19,2018-10-19 09:31:00-04:00,2018-10-19 11:32:00-04:00,long,7182.158582793097,7182.158582793097,BE,0.0,2018-10-10,-483.02
2018-10-22,2018-10-22 09:36:00-04:00,2018-10-22 15:00:00-04:00,long,7158.521950633014,7170.5,cutoff,11.98,2018-10-18,-471.04
2018-10-23,2018-10-23 09:33:00-04:00,2018-10-23 15:00:00-04:00,long,7032.3496815496055,7146.0,cutoff,113.65,2018-10-22,-357.39
2018-10-24,2018-10-24 09:51:00-04:00,2018-10-24 10:37:00-04:00,long,7078.70185016617,7078.70185016617,BE,0.0,2018-10-19,-357.39
2018-10-24,2018-10-24 10:38:00-04:00,2018-10-24 13:09:00-04:00,long,7072.798012908561,6967.798012908561,SL,-105.0,2018-10-16,-462.39
2018-10-25,2018-10-25 09:34:00-04:00,2018-10-25 15:00:00-04:00,long,6892.688591063061,7058.0,cutoff,165.31,2018-10-11,-297.08
2018-10-26,2018-10-26 09:46:00-04:00,2018-10-26 10:44:00-04:00,long,6878.649240398583,6773.649240398583,SL,-105.0,2018-10-23,-402.08
2018-10-29,2018-10-29 10:01:00-04:00,2018-10-29 14:41:00-04:00,short,6963.112061325928,6769.5,TP,193.61,2018-10-26,-208.47
2018-10-30,2018-10-30 10:09:00-04:00,2018-10-30 15:00:00-04:00,long,6762.610909414232,6774.75,cutoff,12.14,2018-10-25,-196.33
2018-10-31,2018-10-31 09:42:00-04:00,2018-10-31 15:00:00-04:00,short,6963.112061325928,7021.5,cutoff,-58.39,2018-10-26,-254.72
2018-11-01,2018-11-01 09:31:00-04:00,2018-11-01 15:00:00-04:00,long,6997.43029997219,7062.5,cutoff,65.07,2018-10-24,-189.65
2018-11-02,2018-11-02 09:31:00-04:00,2018-11-02 12:54:00-04:00,long,7032.3496815496055,6927.3496815496055,SL,-105.0,2018-10-22,-294.65
2018-11-05,2018-11-05 09:44:00-05:00,2018-11-05 15:00:00-05:00,long,6903.866612075746,6947.25,cutoff,43.38,2018-11-02,-251.27
2018-11-06,2018-11-06 09:31:00-05:00,2018-11-06 15:00:00-05:00,short,6963.112061325928,6955.25,cutoff,7.86,2018-10-26,-243.41
2018-11-07,2018-11-07 09:33:00-05:00,2018-11-07 14:31:00-05:00,short,7078.264090585768,7183.264090585768,SL,-105.0,2018-10-25,-348.41
2018-11-08,2018-11-08 09:31:00-05:00,2018-11-08 10:33:00-05:00,short,7183.883387924254,7183.883387924254,BE,0.0,2018-11-02,-348.41
2018-11-09,2018-11-09 09:34:00-05:00,2018-11-09 15:00:00-05:00,short,7104.642675752431,7035.0,cutoff,69.64,2018-11-01,-278.77
2018-11-12,2018-11-12 09:31:00-05:00,2018-11-12 10:45:00-05:00,long,6997.43029997219,6892.43029997219,SL,-105.0,2018-10-24,-383.77
2018-11-13,2018-11-13 09:31:00-05:00,2018-11-13 15:00:00-05:00,short,6889.683844244571,6843.0,cutoff,46.68,2018-10-30,-337.09
2018-11-14,2018-11-14 09:32:00-05:00,2018-11-14 11:25:00-05:00,long,6903.866612075746,6798.866612075746,SL,-105.0,2018-11-02,-442.09
2018-11-15,2018-11-15 09:31:00-05:00,2018-11-15 10:29:00-05:00,long,6746.40094134174,6746.40094134174,BE,0.0,2018-11-13,-442.09
2018-11-15,2018-11-15 10:51:00-05:00,2018-11-15 15:00:00-05:00,long,6758.138099856673,6898.5,cutoff,140.36,2018-11-14,-301.73
2018-11-16,2018-11-16 09:32:00-05:00,2018-11-16 11:46:00-05:00,long,6833.879910458791,6833.879910458791,BE,0.0,2018-11-06,-301.73
2018-11-19,2018-11-19 09:31:00-05:00,2018-11-19 10:24:00-05:00,long,6839.862157892273,6734.862157892273,SL,-105.0,2018-10-29,-406.73
2018-11-20,2018-11-20 09:38:00-05:00,2018-11-20 15:00:00-05:00,long,6537.816155755429,6526.0,cutoff,-11.82,2018-10-30,-418.55
2018-11-21,2018-11-21 09:31:00-05:00,2018-11-21 11:12:00-05:00,short,6638.488855974993,6638.488855974993,BE,0.0,2018-11-20,-418.55
2018-11-22,2018-11-22 10:23:00-05:00,2018-11-22 12:59:00-05:00,long,6537.816155755429,6521.0,cutoff,-16.82,2018-10-30,-435.37
2018-11-26,2018-11-26 09:33:00-05:00,2018-11-26 15:00:00-05:00,short,6623.8814122187305,6674.75,cutoff,-50.87,2018-11-22,-486.24
2018-11-27,2018-11-27 09:31:00-05:00,2018-11-27 15:00:00-05:00,short,6655.437697558632,6696.25,cutoff,-40.81,2018-11-23,-527.05
2018-11-28,2018-11-28 09:31:00-05:00,2018-11-28 15:00:00-05:00,long,6746.40094134174,6870.5,cutoff,124.1,2018-11-13,-402.95
2018-11-29,2018-11-29 09:33:00-05:00,2018-11-29 15:00:00-05:00,long,6903.866612075746,6941.5,cutoff,37.63,2018-11-02,-365.32
2018-11-30,2018-11-30 09:36:00-05:00,2018-11-30 15:00:00-05:00,short,6886.098901945612,6916.5,cutoff,-30.4,2018-11-15,-395.72
2018-12-03,2018-12-03 09:31:00-05:00,2018-12-03 15:00:00-05:00,long,7094.461029890275,7045.25,cutoff,-49.21,2018-11-08,-444.93
2018-12-04,2018-12-04 09:48:00-05:00,2018-12-04 13:43:00-05:00,short,7025.611900143327,6837.75,TP,187.86,2018-11-14,-257.07
2018-12-06,2018-12-06 09:32:00-05:00,2018-12-06 10:58:00-05:00,long,6672.739529536092,6672.739529536092,BE,0.0,2018-11-28,-257.07
2018-12-07,2018-12-07 09:31:00-05:00,2018-12-07 11:21:00-05:00,long,6803.071118634929,6698.071118634929,SL,-105.0,2018-11-29,-362.07
2018-12-10,2018-12-10 09:31:00-05:00,2018-12-10 15:00:00-05:00,short,6623.8814122187305,6663.75,cutoff,-39.87,2018-11-22,-401.94
2018-12-11,2018-12-11 09:33:00-05:00,2018-12-11 10:24:00-05:00,short,6780.964486024599,6780.964486024599,BE,0.0,2018-11-27,-401.94
2018-12-11,2018-12-11 10:25:00-05:00,2018-12-11 15:00:00-05:00,short,6790.939608582068,6723.0,cutoff,67.94,2018-12-06,-334.0
2018-12-12,2018-12-12 09:33:00-05:00,2018-12-12 14:28:00-05:00,long,6803.071118634929,6803.071118634929,BE,0.0,2018-11-29,-334.0
2018-12-13,2018-12-13 09:31:00-05:00,2018-12-13 10:29:00-05:00,long,6803.071118634929,6803.071118634929,BE,0.0,2018-11-29,-334.0
2018-12-13,2018-12-13 10:35:00-05:00,2018-12-13 11:44:00-05:00,short,6790.939608582068,6790.939608582068,BE,0.0,2018-12-06,-334.0
2018-12-14,2018-12-14 09:36:00-05:00,2018-12-14 11:50:00-05:00,long,6684.0145147739295,6684.0145147739295,BE,0.0,2018-12-11,-334.0
2018-12-17,2018-12-17 09:41:00-05:00,2018-12-17 13:00:00-05:00,long,6558.060391417932,6558.060391417932,BE,0.0,2018-12-06,-334.0
2018-12-18,2018-12-18 09:31:00-05:00,2018-12-18 10:21:00-05:00,long,6520.782070758194,6520.782070758194,BE,0.0,2018-11-26,-334.0
2018-12-18,2018-12-18 10:42:00-05:00,2018-12-18 15:00:00-05:00,long,6528.160513975401,6477.0,cutoff,-51.16,2018-11-27,-385.16
2018-12-19,2018-12-19 09:33:00-05:00,2018-12-19 14:00:00-05:00,long,6520.782070758194,6520.782070758194,BE,0.0,2018-11-26,-385.16
2018-12-20,2018-12-20 10:10:00-05:00,2018-12-20 11:22:00-05:00,long,6389.047532193428,6284.047532193428,SL,-105.0,2018-12-19,-490.16
2018-12-21,2018-12-21 10:08:00-05:00,2018-12-21 11:06:00-05:00,long,6225.741800107466,6225.741800107466,BE,0.0,2018-12-20,-490.16
2018-12-27,2018-12-27 09:59:00-05:00,2018-12-27 11:28:00-05:00,short,6171.807056911759,6171.807056911759,BE,0.0,2018-12-24,-490.16
2018-12-28,2018-12-28 09:46:00-05:00,2018-12-28 12:40:00-05:00,short,6340.354224240451,6340.354224240451,BE,0.0,2018-12-27,-490.16
2018-12-31,2018-12-31 09:57:00-05:00,2018-12-31 12:37:00-05:00,short,6340.354224240451,6340.354224240451,BE,0.0,2018-12-27,-490.16
2019-01-02,2019-01-02 09:35:00-05:00,2019-01-02 15:00:00-05:00,long,6225.741800107466,6372.0,cutoff,146.26,2018-12-20,-343.9
2019-01-03,2019-01-03 09:53:00-05:00,2019-01-03 15:00:00-05:00,long,6238.169923802291,6179.25,cutoff,-58.92,2018-12-31,-402.82
2019-01-04,2019-01-04 10:24:00-05:00,2019-01-04 13:07:00-05:00,short,6340.354224240451,6445.354224240451,SL,-105.0,2018-12-27,-507.82
2019-01-07,2019-01-07 09:31:00-05:00,2019-01-07 15:00:00-05:00,long,6434.122894312635,6486.0,cutoff,51.88,2018-12-18,-455.94
2019-01-08,2019-01-08 10:45:00-05:00,2019-01-08 11:33:00-05:00,long,6491.230944167768,6491.230944167768,BE,0.0,2018-12-10,-455.94
2019-01-10,2019-01-10 09:54:00-05:00,2019-01-10 15:00:00-05:00,short,6534.203628201894,6612.75,cutoff,-78.55,2019-01-07,-534.49
2019-01-14,2019-01-14 09:37:00-05:00,2019-01-14 15:00:00-05:00,short,6534.203628201894,6571.25,cutoff,-37.05,2019-01-07,-571.54
2019-01-15,2019-01-15 09:36:00-05:00,2019-01-15 15:00:00-05:00,short,6619.752105687365,6659.25,cutoff,-39.5,2018-12-18,-611.04
2019-01-16,2019-01-16 09:46:00-05:00,2019-01-16 15:00:00-05:00,short,6720.912585668611,6693.5,cutoff,27.41,2019-01-15,-583.63
2019-01-17,2019-01-17 09:31:00-05:00,2019-01-17 15:00:00-05:00,short,6658.400453387424,6717.5,cutoff,-59.1,2019-01-10,-642.73
2019-01-18,2019-01-18 09:52:00-05:00,2019-01-18 15:00:00-05:00,short,6748.819618762862,6786.5,cutoff,-37.68,2019-01-17,-680.41
2019-01-21,2019-01-21 09:45:00-05:00,2019-01-21 12:59:00-05:00,short,6748.819618762862,6761.5,cutoff,-12.68,2019-01-17,-693.09
2019-01-22,2019-01-22 09:51:00-05:00,2019-01-22 15:00:00-05:00,short,6720.912585668611,6629.0,cutoff,91.91,2019-01-15,-601.18
2019-01-23,2019-01-23 09:31:00-05:00,2019-01-23 10:18:00-05:00,long,6698.293668717168,6698.293668717168,BE,0.0,2019-01-21,-601.18
2019-01-23,2019-01-23 10:26:00-05:00,2019-01-23 15:00:00-05:00,long,6686.080997578746,6634.5,cutoff,-51.58,2019-01-18,-652.76
2019-01-24,2019-01-24 09:33:00-05:00,2019-01-24 15:00:00-05:00,short,6678.58359465701,6694.0,cutoff,-15.42,2019-01-09,-668.18
2019-01-25,2019-01-25 09:36:00-05:00,2019-01-25 15:00:00-05:00,short,6748.819618762862,6791.5,cutoff,-42.68,2019-01-17,-710.86
2019-01-28,2019-01-28 09:32:00-05:00,2019-01-28 15:00:00-05:00,long,6698.293668717168,6695.5,cutoff,-2.79,2019-01-21,-713.65
2019-01-29,2019-01-29 09:35:00-05:00,2019-01-29 15:00:00-05:00,long,6698.293668717168,6629.25,cutoff,-69.04,2019-01-21,-782.69
2019-01-30,2019-01-30 09:32:00-05:00,2019-01-30 10:44:00-05:00,short,6720.912585668611,6720.912585668611,BE,0.0,2019-01-15,-782.69
2019-01-31,2019-01-31 09:36:00-05:00,2019-01-31 15:00:00-05:00,short,6854.169002421254,6910.0,cutoff,-55.83,2019-01-18,-838.52
2019-02-07,2019-02-07 09:32:00-05:00,2019-02-07 10:20:00-05:00,long,6927.889636332791,6927.889636332791,BE,0.0,2019-02-06,-838.52
2019-02-07,2019-02-07 10:28:00-05:00,2019-02-07 15:00:00-05:00,short,6950.4835546835775,6888.0,cutoff,62.48,2019-01-31,-776.04
2019-02-08,2019-02-08 09:31:00-05:00,2019-02-08 15:00:00-05:00,short,6854.169002421254,6903.25,cutoff,-49.08,2019-01-18,-825.12
2019-02-11,2019-02-11 09:32:00-05:00,2019-02-11 15:00:00-05:00,short,6950.4835546835775,6906.5,cutoff,43.98,2019-01-31,-781.14
2019-02-12,2019-02-12 09:34:00-05:00,2019-02-12 15:00:00-05:00,short,6966.140952170355,7014.25,cutoff,-48.11,2019-02-04,-829.25
2019-02-13,2019-02-13 09:32:00-05:00,2019-02-13 10:21:00-05:00,short,7043.27827199871,7043.27827199871,BE,0.0,2019-02-12,-829.25
2019-02-14,2019-02-14 09:31:00-05:00,2019-02-14 15:00:00-05:00,long,6981.2659991287555,7034.5,cutoff,53.23,2019-02-13,-776.02
2019-02-15,2019-02-15 09:37:00-05:00,2019-02-15 10:22:00-05:00,short,7058.524825242923,7058.524825242923,BE,0.0,2019-02-05,-776.02
2019-02-15,2019-02-15 10:41:00-05:00,2019-02-15 15:00:00-05:00,short,7071.945814887033,7051.0,cutoff,20.95,2019-02-14,-755.07
2019-02-18,2019-02-18 09:54:00-05:00,2019-02-18 12:59:00-05:00,short,7071.945814887033,7080.75,cutoff,-8.8,2019-02-14,-763.87
2019-02-19,2019-02-19 09:35:00-05:00,2019-02-19 15:00:00-05:00,short,7058.524825242923,7093.25,cutoff,-34.73,2019-02-05,-798.6
2019-02-20,2019-02-20 10:40:00-05:00,2019-02-20 15:00:00-05:00,short,7103.860363667209,7066.25,cutoff,37.61,2019-02-06,-760.99
2019-02-21,2019-02-21 09:31:00-05:00,2019-02-21 12:01:00-05:00,short,7058.524825242923,7058.524825242923,BE,0.0,2019-02-05,-760.99
2019-02-22,2019-02-22 09:33:00-05:00,2019-02-22 15:00:00-05:00,short,7058.524825242923,7065.25,cutoff,-6.73,2019-02-05,-767.72
2019-02-26,2019-02-26 09:31:00-05:00,2019-02-26 15:00:00-05:00,long,7101.039941058964,7138.25,cutoff,37.21,2019-02-25,-730.51
2019-02-27,2019-02-27 09:31:00-05:00,2019-02-27 11:50:00-05:00,short,7103.860363667209,7103.860363667209,BE,0.0,2019-02-06,-730.51
2019-02-28,2019-02-28 09:33:00-05:00,2019-02-28 11:20:00-05:00,short,7110.376430518732,7110.376430518732,BE,0.0,2019-02-18,-730.51
2019-03-01,2019-03-01 10:02:00-05:00,2019-03-01 10:55:00-05:00,short,7137.312499692195,7137.312499692195,BE,0.0,2019-02-20,-730.51
2019-03-04,2019-03-04 09:32:00-05:00,2019-03-04 15:00:00-05:00,short,7203.210058941036,7131.75,cutoff,71.46,2019-02-25,-659.05
2019-03-05,2019-03-05 09:32:00-05:00,2019-03-05 15:00:00-05:00,long,7144.842172756819,7179.0,cutoff,34.16,2019-03-04,-624.89
2019-03-06,2019-03-06 09:33:00-05:00,2019-03-06 15:00:00-05:00,short,7162.944911961969,7125.25,cutoff,37.69,2019-02-28,-587.2
2019-03-07,2019-03-07 09:32:00-05:00,2019-03-07 15:00:00-05:00,long,7101.039941058964,7012.25,cutoff,-88.79,2019-02-25,-675.99
2019-03-08,2019-03-08 09:32:00-05:00,2019-03-08 15:00:00-05:00,long,6981.2659991287555,7026.75,cutoff,45.48,2019-02-13,-630.51
2019-03-11,2019-03-11 09:32:00-04:00,2019-03-11 15:00:00-04:00,long,7083.1318271171385,7185.0,cutoff,101.87,2019-03-01,-528.64
2019-03-12,2019-03-12 09:35:00-04:00,2019-03-12 15:00:00-04:00,short,7203.210058941036,7241.0,cutoff,-37.79,2019-02-25,-566.43
2019-03-13,2019-03-13 09:33:00-04:00,2019-03-13 15:00:00-04:00,short,7262.804382013026,7303.5,cutoff,-40.7,2019-03-12,-607.13
2019-03-15,2019-03-15 09:48:00-04:00,2019-03-15 15:00:00-04:00,short,7317.8442332462455,7350.25,cutoff,-32.41,2019-03-13,-639.54
2019-03-18,2019-03-18 09:58:00-04:00,2019-03-18 15:00:00-04:00,short,7364.223578148492,7357.75,cutoff,6.47,2019-03-15,-633.07
2019-03-20,2019-03-20 09:39:00-04:00,2019-03-20 15:00:00-04:00,short,7364.223578148492,7443.75,cutoff,-79.53,2019-03-15,-712.6
2019-03-21,2019-03-21 09:35:00-04:00,2019-03-21 14:11:00-04:00,short,7404.166306104591,7509.166306104591,SL,-105.0,2019-03-18,-817.6
2019-03-25,2019-03-25 09:31:00-04:00,2019-03-25 10:50:00-04:00,short,7332.254555376385,7332.254555376385,BE,0.0,2019-03-14,-817.6
2019-03-25,2019-03-25 11:00:00-04:00,2019-03-25 11:49:00-04:00,long,7337.82254636648,7337.82254636648,BE,0.0,2019-03-19,-817.6
2019-03-26,2019-03-26 09:57:00-04:00,2019-03-26 10:55:00-04:00,short,7433.002185272495,7433.002185272495,BE,0.0,2019-03-20,-817.6
2019-03-27,2019-03-27 09:31:00-04:00,2019-03-27 11:35:00-04:00,long,7397.189514019376,7292.189514019376,SL,-105.0,2019-03-22,-922.6
2019-03-28,2019-03-28 09:34:00-04:00,2019-03-28 11:00:00-04:00,long,7337.82254636648,7337.82254636648,BE,0.0,2019-03-19,-922.6
2019-03-29,2019-03-29 09:31:00-04:00,2019-03-29 15:00:00-04:00,long,7397.189514019376,7400.0,cutoff,2.81,2019-03-22,-919.79
2019-04-01,2019-04-01 10:13:00-04:00,2019-04-01 15:00:00-04:00,short,7453.638645063456,7499.0,cutoff,-45.36,2019-03-29,-965.15
2019-04-02,2019-04-02 09:59:00-04:00,2019-04-02 15:00:00-04:00,short,7490.028262531559,7524.0,cutoff,-33.97,2019-03-21,-999.12
2019-04-03,2019-04-03 09:33:00-04:00,2019-04-03 15:00:00-04:00,short,7556.688231456711,7564.25,cutoff,-7.56,2019-04-02,-1006.68
2019-04-04,2019-04-04 09:31:00-04:00,2019-04-04 15:00:00-04:00,short,7571.935485980624,7571.5,cutoff,0.44,2019-03-22,-1006.24
2019-04-08,2019-04-08 09:39:00-04:00,2019-04-08 15:00:00-04:00,short,7571.935485980624,7616.0,cutoff,-44.06,2019-03-22,-1050.3
2019-04-10,2019-04-10 10:49:00-04:00,2019-04-10 15:00:00-04:00,short,7622.528978544867,7620.5,cutoff,2.03,2019-04-03,-1048.27
2019-04-11,2019-04-11 09:34:00-04:00,2019-04-11 15:00:00-04:00,short,7642.527829229008,7606.5,cutoff,36.03,2019-04-04,-1012.24
2019-04-12,2019-04-12 09:31:00-04:00,2019-04-12 10:25:00-04:00,short,7647.411682774517,7647.411682774517,BE,0.0,2019-04-05,-1012.24
2019-04-12,2019-04-12 10:39:00-04:00,2019-04-12 13:05:00-04:00,short,7642.527829229008,7642.527829229008,BE,0.0,2019-04-04,-1012.24
2019-04-15,2019-04-15 09:34:00-04:00,2019-04-15 15:00:00-04:00,short,7658.0460071098805,7650.0,cutoff,8.05,2019-04-09,-1004.19
2019-04-17,2019-04-17 09:31:00-04:00,2019-04-17 15:00:00-04:00,short,7730.394273932708,7694.5,cutoff,35.89,2019-04-16,-968.3
2019-04-18,2019-04-18 09:34:00-04:00,2019-04-18 12:48:00-04:00,short,7708.943373859822,7708.943373859822,BE,0.0,2019-04-15,-968.3
2019-04-22,2019-04-22 09:53:00-04:00,2019-04-22 15:00:00-04:00,short,7694.1717674909305,7725.25,cutoff,-31.08,2019-04-12,-999.38
2019-04-23,2019-04-23 09:44:00-04:00,2019-04-23 15:00:00-04:00,short,7772.171559230863,7833.75,cutoff,-61.58,2019-04-18,-1060.96
2019-04-24,2019-04-24 10:10:00-04:00,2019-04-24 15:00:00-04:00,short,7831.777078718316,7825.25,cutoff,6.53,2019-04-23,-1054.43
2019-04-25,2019-04-25 10:56:00-04:00,2019-04-25 15:00:00-04:00,short,7831.777078718316,7851.75,cutoff,-19.97,2019-04-23,-1074.4
2019-04-26,2019-04-26 09:42:00-04:00,2019-04-26 15:00:00-04:00,short,7789.432332547307,7822.0,cutoff,-32.57,2019-04-17,-1106.97
2019-04-29,2019-04-29 09:52:00-04:00,2019-04-29 15:00:00-04:00,short,7831.777078718316,7864.75,cutoff,-32.97,2019-04-23,-1139.94
2019-04-30,2019-04-30 09:32:00-04:00,2019-04-30 15:00:00-04:00,short,7789.432332547307,7790.0,cutoff,-0.57,2019-04-17,-1140.51
2019-05-01,2019-05-01 10:08:00-04:00,2019-05-01 11:13:00-04:00,short,7849.304970506435,7849.304970506435,BE,0.0,2019-04-30,-1140.51
2019-05-02,2019-05-02 09:32:00-04:00,2019-05-02 15:00:00-04:00,short,7772.171559230863,7722.75,cutoff,49.42,2019-04-18,-1091.09
2019-05-03,2019-05-03 09:31:00-04:00,2019-05-03 15:00:00-04:00,long,7787.768622292595,7848.0,cutoff,60.23,2019-04-29,-1030.86
2019-05-06,2019-05-06 09:31:00-04:00,2019-05-06 14:48:00-04:00,short,7699.333072790703,7804.333072790703,SL,-105.0,2019-04-11,-1135.86
2019-05-07,2019-05-07 09:31:00-04:00,2019-05-07 15:00:00-04:00,short,7730.394273932708,7613.5,cutoff,116.89,2019-04-16,-1018.97
2019-05-08,2019-05-08 09:31:00-04:00,2019-05-08 10:22:00-04:00,long,7635.328440769137,7635.328440769137,BE,0.0,2019-04-18,-1018.97
2019-05-08,2019-05-08 10:25:00-04:00,2019-05-08 11:37:00-04:00,long,7643.692667452693,7643.692667452693,BE,0.0,2019-04-17,-1018.97
2019-05-09,2019-05-09 09:43:00-04:00,2019-05-09 15:00:00-04:00,long,7531.209619502675,7572.75,cutoff,41.54,2019-05-08,-977.43
2019-05-10,2019-05-10 09:40:00-04:00,2019-05-10 10:39:00-04:00,long,7575.056626140178,7470.056626140178,SL,-105.0,2019-04-15,-1082.43
2019-05-13,2019-05-13 09:32:00-04:00,2019-05-13 15:00:00-04:00,long,7422.426903526839,7372.25,cutoff,-50.18,2019-05-09,-1132.61
2019-05-15,2019-05-15 10:16:00-04:00,2019-05-15 15:00:00-04:00,long,7439.527338408123,7523.0,cutoff,83.47,2019-05-10,-1049.14
2019-05-16,2019-05-16 09:33:00-04:00,2019-05-16 11:42:00-04:00,short,7528.727749486024,7633.727749486024,SL,-105.0,2019-05-15,-1154.14
2019-05-17,2019-05-17 09:31:00-04:00,2019-05-17 15:00:00-04:00,short,7528.727749486024,7569.75,cutoff,-41.02,2019-05-15,-1195.16
2019-05-20,2019-05-20 10:27:00-04:00,2019-05-20 15:00:00-04:00,long,7422.426903526839,7380.75,cutoff,-41.68,2019-05-09,-1236.84
2019-05-21,2019-05-21 09:33:00-04:00,2019-05-21 15:00:00-04:00,long,7446.417643630048,7467.25,cutoff,20.83,2019-05-17,-1216.01
2019-05-22,2019-05-22 09:37:00-04:00,2019-05-22 10:34:00-04:00,long,7439.527338408123,7439.527338408123,BE,0.0,2019-05-10,-1216.01
2019-05-22,2019-05-22 10:52:00-04:00,2019-05-22 15:00:00-04:00,long,7446.417643630048,7455.25,cutoff,8.83,2019-05-17,-1207.18
2019-05-23,2019-05-23 09:45:00-04:00,2019-05-23 11:11:00-04:00,long,7312.929449834561,7312.929449834561,BE,0.0,2019-05-20,-1207.18
2019-05-24,2019-05-24 09:36:00-04:00,2019-05-24 15:00:00-04:00,long,7371.647120555797,7322.5,cutoff,-49.15,2019-05-21,-1256.33
2019-05-27,2019-05-27 09:33:00-04:00,2019-05-27 10:18:00-04:00,long,7312.929449834561,7312.929449834561,BE,0.0,2019-05-20,-1256.33
2019-05-28,2019-05-28 09:39:00-04:00,2019-05-28 15:00:00-04:00,short,7364.662584484247,7311.0,cutoff,53.66,2019-05-27,-1202.67
2019-05-29,2019-05-29 10:30:00-04:00,2019-05-29 15:00:00-04:00,long,7258.772250513976,7206.25,cutoff,-52.52,2019-05-15,-1255.19
2019-05-30,2019-05-30 09:37:00-04:00,2019-05-30 15:00:00-04:00,long,7258.772250513976,7237.75,cutoff,-21.02,2019-05-15,-1276.21
2019-05-31,2019-05-31 09:34:00-04:00,2019-05-31 15:00:00-04:00,long,7155.648976688797,7153.75,cutoff,-1.9,2019-05-29,-1278.11
2019-06-03,2019-06-03 09:47:00-04:00,2019-06-03 10:32:00-04:00,long,7085.460323473335,7085.460323473335,BE,0.0,2019-05-31,-1278.11
2019-06-04,2019-06-04 10:28:00-04:00,2019-06-04 15:00:00-04:00,long,7085.460323473335,7139.75,cutoff,54.29,2019-05-31,-1223.82
2019-06-05,2019-06-05 09:32:00-04:00,2019-06-05 15:00:00-04:00,short,7232.539676526665,7206.0,cutoff,26.54,2019-05-31,-1197.28
2019-06-06,2019-06-06 09:33:00-04:00,2019-06-06 10:38:00-04:00,short,7224.946166549782,7224.946166549782,BE,0.0,2019-06-03,-1197.28
2019-06-06,2019-06-06 10:41:00-04:00,2019-06-06 15:00:00-04:00,short,7232.539676526665,7259.0,cutoff,-26.46,2019-05-31,-1223.74
2019-06-07,2019-06-07 09:31:00-04:00,2019-06-07 15:00:00-04:00,long,7312.929449834561,7419.75,cutoff,106.82,2019-05-20,-1116.92
2019-06-10,2019-06-10 09:31:00-04:00,2019-06-10 15:00:00-04:00,short,7481.289402916763,7530.0,cutoff,-48.71,2019-05-14,-1165.63
2019-06-11,2019-06-11 10:04:00-04:00,2019-06-11 15:00:00-04:00,short,7584.364849485702,7513.0,cutoff,71.36,2019-06-10,-1094.27
2019-06-12,2019-06-12 09:31:00-04:00,2019-06-12 15:00:00-04:00,long,7501.81183407282,7479.0,cutoff,-22.81,2019-06-11,-1117.08
2019-06-13,2019-06-13 09:32:00-04:00,2019-06-13 11:06:00-04:00,long,7501.81183407282,7501.81183407282,BE,0.0,2019-06-11,-1117.08
2019-06-14,2019-06-14 09:31:00-04:00,2019-06-14 15:00:00-04:00,long,7501.81183407282,7513.0,cutoff,11.19,2019-06-11,-1105.89
2019-06-17,2019-06-17 09:34:00-04:00,2019-06-17 15:00:00-04:00,short,7524.477879444203,7560.25,cutoff,-35.77,2019-05-21,-1141.66
2019-06-18,2019-06-18 09:40:00-04:00,2019-06-18 15:00:00-04:00,short,7662.43816592718,7679.25,cutoff,-16.81,2019-06-11,-1158.47
2019-06-19,2019-06-19 09:36:00-04:00,2019-06-19 11:29:00-04:00,short,7662.43816592718,7662.43816592718,BE,0.0,2019-06-11,-1158.47
2019-06-20,2019-06-20 10:23:00-04:00,2019-06-20 11:08:00-04:00,short,7765.55530926014,7765.55530926014,BE,0.0,2019-06-18,-1158.47
2019-06-21,2019-06-21 09:31:00-04:00,2019-06-21 15:00:00-04:00,short,7748.238854969065,7765.5,cutoff,-17.26,2019-06-19,-1175.73
2019-06-24,2019-06-24 09:36:00-04:00,2019-06-24 15:00:00-04:00,short,7765.55530926014,7759.75,cutoff,5.81,2019-06-18,-1169.92
2019-06-25,2019-06-25 09:31:00-04:00,2019-06-25 15:00:00-04:00,short,7748.238854969065,7626.0,cutoff,122.24,2019-06-19,-1047.68
2019-06-26,2019-06-26 09:33:00-04:00,2019-06-26 15:00:00-04:00,long,7687.89774341991,7653.0,cutoff,-34.9,2019-06-21,-1082.58
2019-06-27,2019-06-27 09:35:00-04:00,2019-06-27 15:00:00-04:00,long,7687.89774341991,7688.25,cutoff,0.35,2019-06-21,-1082.23
2019-06-28,2019-06-28 09:33:00-04:00,2019-06-28 15:00:00-04:00,long,7702.584942229007,7675.5,cutoff,-27.08,2019-06-24,-1109.31
2019-07-01,2019-07-01 09:48:00-04:00,2019-07-01 15:00:00-04:00,short,7829.290057770993,7762.75,cutoff,66.54,2019-06-24,-1042.77
2019-07-03,2019-07-03 09:31:00-04:00,2019-07-03 13:14:00-04:00,short,7845.729041524407,7888.25,cutoff,-42.52,2019-07-02,-1085.29
2019-07-04,2019-07-04 09:35:00-04:00,2019-07-04 10:53:00-04:00,short,7899.048540455279,7899.048540455279,BE,0.0,2019-07-03,-1085.29
2019-07-05,2019-07-05 09:37:00-04:00,2019-07-05 11:31:00-04:00,short,7829.290057770993,7829.290057770993,BE,0.0,2019-06-24,-1085.29
2019-07-08,2019-07-08 09:37:00-04:00,2019-07-08 10:30:00-04:00,long,7791.326459544721,7791.326459544721,BE,0.0,2019-07-03,-1085.29
2019-07-09,2019-07-09 09:31:00-04:00,2019-07-09 15:00:00-04:00,short,7773.978888531025,7845.25,cutoff,-71.27,2019-06-28,-1156.56
2019-07-10,2019-07-10 09:32:00-04:00,2019-07-10 15:00:00-04:00,short,7913.106717944328,7915.25,cutoff,-2.14,2019-07-01,-1158.7
2019-07-11,2019-07-11 09:32:00-04:00,2019-07-11 10:19:00-04:00,short,7937.219154060057,7937.219154060057,BE,0.0,2019-07-04,-1158.7
2019-07-12,2019-07-12 09:32:00-04:00,2019-07-12 11:14:00-04:00,short,7937.219154060057,7937.219154060057,BE,0.0,2019-07-04,-1158.7
2019-07-17,2019-07-17 10:46:00-04:00,2019-07-17 15:00:00-04:00,long,7927.303893272141,7938.25,cutoff,10.95,2019-07-16,-1147.75
2019-07-18,2019-07-18 09:35:00-04:00,2019-07-18 15:00:00-04:00,short,7888.532009613155,7921.5,cutoff,-32.97,2019-07-05,-1180.72
2019-07-19,2019-07-19 09:52:00-04:00,2019-07-19 15:00:00-04:00,short,7948.525154256891,7885.75,cutoff,62.78,2019-07-18,-1117.94
2019-07-22,2019-07-22 09:32:00-04:00,2019-07-22 15:00:00-04:00,short,7888.532009613155,7919.75,cutoff,-31.22,2019-07-05,-1149.16
2019-07-23,2019-07-23 09:38:00-04:00,2019-07-23 13:42:00-04:00,short,7948.525154256891,7948.525154256891,BE,0.0,2019-07-18,-1149.16
2019-07-24,2019-07-24 09:31:00-04:00,2019-07-24 15:00:00-04:00,short,7948.525154256891,8010.5,cutoff,-61.97,2019-07-18,-1211.13
2019-07-25,2019-07-25 09:31:00-04:00,2019-07-25 15:00:00-04:00,short,7991.520987847251,7947.25,cutoff,44.27,2019-07-10,-1166.86
2019-07-26,2019-07-26 09:31:00-04:00,2019-07-26 15:00:00-04:00,short,8005.144464454312,8036.0,cutoff,-30.86,2019-07-17,-1197.72
2019-07-29,2019-07-29 09:39:00-04:00,2019-07-29 14:55:00-04:00,short,8005.144464454312,8005.144464454312,BE,0.0,2019-07-17,-1197.72
2019-07-30,2019-07-30 09:31:00-04:00,2019-07-30 15:00:00-04:00,short,7948.525154256891,7977.0,cutoff,-28.47,2019-07-18,-1226.19
2019-07-31,2019-07-31 10:05:00-04:00,2019-07-31 11:12:00-04:00,short,7987.432820639214,7987.432820639214,BE,0.0,2019-07-12,-1226.19
2019-08-01,2019-08-01 09:31:00-04:00,2019-08-01 10:54:00-04:00,short,7888.532009613155,7993.532009613155,SL,-105.0,2019-07-05,-1331.19
2019-08-02,2019-08-02 09:31:00-04:00,2019-08-02 15:00:00-04:00,long,7742.182790863563,7681.75,cutoff,-60.43,2019-07-08,-1391.62
2019-08-07,2019-08-07 09:31:00-04:00,2019-08-07 15:00:00-04:00,long,7433.190308558103,7561.0,cutoff,127.81,2019-08-05,-1263.81
2019-08-08,2019-08-08 09:56:00-04:00,2019-08-08 15:00:00-04:00,short,7617.434691441897,7703.0,cutoff,-85.57,2019-08-05,-1349.38
2019-08-09,2019-08-09 09:34:00-04:00,2019-08-09 15:00:00-04:00,short,7709.4912325479945,7666.0,cutoff,43.49,2019-08-08,-1305.89
2019-08-12,2019-08-12 09:32:00-04:00,2019-08-12 10:23:00-04:00,short,7617.434691441897,7617.434691441897,BE,0.0,2019-08-05,-1305.89
2019-08-12,2019-08-12 10:54:00-04:00,2019-08-12 11:45:00-04:00,short,7614.288242813922,7614.288242813922,BE,0.0,2019-08-06,-1305.89
2019-08-13,2019-08-13 09:35:00-04:00,2019-08-13 09:46:00-04:00,short,7582.281783028347,7687.281783028347,SL,-105.0,2019-08-07,-1410.89
2019-08-14,2019-08-14 09:31:00-04:00,2019-08-14 15:00:00-04:00,short,7617.434691441897,7511.75,cutoff,105.68,2019-08-05,-1305.21
2019-08-15,2019-08-15 09:31:00-04:00,2019-08-15 15:00:00-04:00,long,7521.640114106753,7481.25,cutoff,-40.39,2019-08-12,-1345.6
2019-08-16,2019-08-16 09:35:00-04:00,2019-08-16 10:20:00-04:00,short,7582.281783028347,7582.281783028347,BE,0.0,2019-08-07,-1345.6
2019-08-16,2019-08-16 10:22:00-04:00,2019-08-16 15:00:00-04:00,long,7579.728773061101,7612.0,cutoff,32.27,2019-08-09,-1313.33
2019-08-19,2019-08-19 10:10:00-04:00,2019-08-19 15:00:00-04:00,short,7709.4912325479945,7732.0,cutoff,-22.51,2019-08-08,-1335.84
2019-08-20,2019-08-20 09:36:00-04:00,2019-08-20 15:00:00-04:00,short,7694.484885893247,7694.5,cutoff,-0.02,2019-08-12,-1335.86
2019-08-22,2019-08-22 10:29:00-04:00,2019-08-22 12:54:00-04:00,short,7709.4912325479945,7709.4912325479945,BE,0.0,2019-08-08,-1335.86
2019-08-23,2019-08-23 09:33:00-04:00,2019-08-23 15:00:00-04:00,short,7664.75497912878,7493.0,cutoff,171.75,2019-08-16,-1164.11
2019-08-26,2019-08-26 10:12:00-04:00,2019-08-26 15:00:00-04:00,long,7521.640114106753,7555.25,cutoff,33.61,2019-08-12,-1130.5
2019-08-27,2019-08-27 09:31:00-04:00,2019-08-27 15:00:00-04:00,long,7631.648645621291,7589.75,cutoff,-41.9,2019-08-19,-1172.4
2019-08-28,2019-08-28 09:32:00-04:00,2019-08-28 15:00:00-04:00,long,7521.640114106753,7597.0,cutoff,75.36,2019-08-12,-1097.04
2019-08-29,2019-08-29 09:31:00-04:00,2019-08-29 15:00:00-04:00,short,7694.484885893247,7710.75,cutoff,-16.27,2019-08-12,-1113.31
2019-08-30,2019-08-30 10:15:00-04:00,2019-08-30 15:00:00-04:00,short,7713.9752591962115,7670.5,cutoff,43.48,2019-08-27,-1069.83
2019-09-02,2019-09-02 09:35:00-04:00,2019-09-02 11:10:00-04:00,long,7648.5269320504385,7648.5269320504385,BE,0.0,2019-08-22,-1069.83
2019-09-03,2019-09-03 09:32:00-04:00,2019-09-03 15:00:00-04:00,long,7631.648645621291,7597.75,cutoff,-33.9,2019-08-19,-1103.73
2019-09-04,2019-09-04 09:35:00-04:00,2019-09-04 11:31:00-04:00,short,7694.484885893247,7694.484885893247,BE,0.0,2019-08-12,-1103.73
2019-09-05,2019-09-05 09:33:00-04:00,2019-09-05 15:00:00-04:00,short,7820.460734763472,7862.5,cutoff,-42.04,2019-08-21,-1145.77
2019-09-06,2019-09-06 09:35:00-04:00,2019-09-06 10:21:00-04:00,short,7854.386960178828,7854.386960178828,BE,0.0,2019-08-13,-1145.77
2019-09-09,2019-09-09 09:59:00-04:00,2019-09-09 15:00:00-04:00,short,7854.386960178828,7808.25,cutoff,46.14,2019-08-13,-1099.63
2019-09-10,2019-09-10 09:31:00-04:00,2019-09-10 15:00:00-04:00,long,7792.904046735641,7772.5,cutoff,-20.4,2019-09-06,-1120.03
2019-09-11,2019-09-11 09:31:00-04:00,2019-09-11 15:00:00-04:00,short,7820.460734763472,7868.0,cutoff,-47.54,2019-08-21,-1167.57
2019-09-12,2019-09-12 09:31:00-04:00,2019-09-12 15:00:00-04:00,short,7938.40261158739,7954.25,cutoff,-15.85,2019-09-05,-1183.42
2019-09-13,2019-09-13 09:36:00-04:00,2019-09-13 15:00:00-04:00,short,7921.3221564805135,7922.5,cutoff,-1.18,2019-09-11,-1184.6
2019-09-16,2019-09-16 09:31:00-04:00,2019-09-16 11:58:00-04:00,long,7860.802827220514,7860.802827220514,BE,0.0,2019-09-13,-1184.6
2019-09-17,2019-09-17 09:38:00-04:00,2019-09-17 15:00:00-04:00,short,7870.113220323607,7889.75,cutoff,-19.64,2019-09-10,-1204.24
2019-09-19,2019-09-19 09:32:00-04:00,2019-09-19 15:00:00-04:00,short,7938.40261158739,7930.25,cutoff,8.15,2019-09-05,-1196.09
2019-09-20,2019-09-20 09:38:00-04:00,2019-09-20 15:00:00-04:00,short,7938.40261158739,7860.25,cutoff,78.15,2019-09-05,-1117.94
2019-09-23,2019-09-23 09:31:00-04:00,2019-09-23 15:00:00-04:00,long,7839.575875755956,7853.25,cutoff,13.67,2019-09-18,-1104.27
2019-09-24,2019-09-24 09:46:00-04:00,2019-09-24 12:22:00-04:00,long,7880.673553718032,7775.673553718032,SL,-105.0,2019-09-20,-1209.27
2019-09-25,2019-09-25 09:33:00-04:00,2019-09-25 10:54:00-04:00,short,7734.292320353883,7734.292320353883,BE,0.0,2019-09-02,-1209.27
2019-09-25,2019-09-25 10:56:00-04:00,2019-09-25 15:00:00-04:00,short,7749.207958554301,7813.25,cutoff,-64.04,2019-09-03,-1273.31
2019-09-26,2019-09-26 09:33:00-04:00,2019-09-26 15:00:00-04:00,long,7799.365439025137,7783.0,cutoff,-16.37,2019-09-09,-1289.68
2019-09-27,2019-09-27 09:31:00-04:00,2019-09-27 12:59:00-04:00,long,7799.365439025137,7694.365439025137,SL,-105.0,2019-09-09,-1394.68
2019-09-30,2019-09-30 09:35:00-04:00,2019-09-30 15:00:00-04:00,long,7714.34738841261,7763.0,cutoff,48.65,2019-09-05,-1346.03
2019-10-01,2019-10-01 09:33:00-04:00,2019-10-01 13:11:00-04:00,long,7812.309811776386,7707.309811776386,SL,-105.0,2019-09-17,-1451.03
2019-10-02,2019-10-02 09:38:00-04:00,2019-10-02 15:00:00-04:00,long,7610.409579793959,7574.25,cutoff,-36.16,2019-09-25,-1487.19
2019-10-03,2019-10-03 10:00:00-04:00,2019-10-03 10:48:00-04:00,long,7530.9942517462805,7530.9942517462805,BE,0.0,2019-10-02,-1487.19
2019-10-04,2019-10-04 09:32:00-04:00,2019-10-04 10:31:00-04:00,long,7698.761779676393,7698.761779676393,BE,0.0,2019-09-10,-1487.19
2019-10-04,2019-10-04 10:35:00-04:00,2019-10-04 15:00:00-04:00,long,7696.477520459155,7754.5,cutoff,58.02,2019-09-27,-1429.17
2019-10-07,2019-10-07 09:32:00-04:00,2019-10-07 14:50:00-04:00,long,7747.4278435194865,7747.4278435194865,BE,0.0,2019-09-11,-1429.17
2019-10-08,2019-10-08 09:33:00-04:00,2019-10-08 12:45:00-04:00,short,7686.64445205237,7686.64445205237,BE,0.0,2019-10-03,-1429.17
2019-10-09,2019-10-09 09:31:00-04:00,2019-10-09 10:20:00-04:00,short,7686.64445205237,7686.64445205237,BE,0.0,2019-10-03,-1429.17
2019-10-09,2019-10-09 10:33:00-04:00,2019-10-09 15:00:00-04:00,long,7689.38138584795,7722.0,cutoff,32.62,2019-10-01,-1396.55
2019-10-10,2019-10-10 09:32:00-04:00,2019-10-10 15:00:00-04:00,long,7696.477520459155,7738.75,cutoff,42.27,2019-09-27,-1354.28
2019-10-11,2019-10-11 09:38:00-04:00,2019-10-11 12:32:00-04:00,long,7861.212031713488,7861.212031713488,BE,0.0,2019-09-19,-1354.28
2019-10-14,2019-10-14 09:32:00-04:00,2019-10-14 15:00:00-04:00,long,7861.212031713488,7864.5,cutoff,3.29,2019-09-19,-1350.99
2019-10-15,2019-10-15 09:31:00-04:00,2019-10-15 15:00:00-04:00,short,7884.881813648036,7962.0,cutoff,-77.12,2019-09-26,-1428.11
2019-10-16,2019-10-16 09:31:00-04:00,2019-10-16 15:00:00-04:00,short,7922.282429616186,7932.25,cutoff,-9.97,2019-10-14,-1438.08
2019-10-17,2019-10-17 09:31:00-04:00,2019-10-17 10:16:00-04:00,short,7985.241452461576,7985.241452461576,BE,0.0,2019-10-16,-1438.08
2019-10-17,2019-10-17 10:50:00-04:00,2019-10-17 11:37:00-04:00,short,7943.843644046412,7943.843644046412,BE,0.0,2019-10-11,-1438.08
2019-10-18,2019-10-18 09:34:00-04:00,2019-10-18 15:00:00-04:00,short,7950.682805928566,7895.75,cutoff,54.93,2019-09-24,-1383.15
2019-10-21,2019-10-21 09:32:00-04:00,2019-10-21 10:26:00-04:00,short,7922.282429616186,7922.282429616186,BE,0.0,2019-10-14,-1383.15
2019-10-22,2019-10-22 09:34:00-04:00,2019-10-22 15:00:00-04:00,short,7985.241452461576,7904.0,cutoff,81.24,2019-10-16,-1301.91
2019-10-23,2019-10-23 09:32:00-04:00,2019-10-23 15:00:00-04:00,long,7864.133547538424,7874.25,cutoff,10.12,2019-10-16,-1291.79
2019-10-24,2019-10-24 09:59:00-04:00,2019-10-24 15:00:00-04:00,short,7934.28716641723,7960.0,cutoff,-25.71,2019-10-23,-1317.5
2019-10-25,2019-10-25 09:31:00-04:00,2019-10-25 15:00:00-04:00,short,7943.843644046412,8025.0,cutoff,-81.16,2019-10-11,-1398.66
2019-10-30,2019-10-30 09:41:00-04:00,2019-10-30 15:00:00-04:00,short,8042.103174462123,8078.75,cutoff,-36.65,2019-10-17,-1435.31
2019-11-01,2019-11-01 09:48:00-04:00,2019-11-01 15:00:00-04:00,short,8131.993040967976,8146.25,cutoff,-14.26,2019-10-30,-1449.57
2019-11-05,2019-11-05 10:11:00-05:00,2019-11-05 15:00:00-05:00,short,8206.423598005367,8228.25,cutoff,-21.83,2019-11-01,-1471.4
2019-11-06,2019-11-06 10:33:00-05:00,2019-11-06 15:00:00-05:00,short,8184.4999706264025,8195.5,cutoff,-11.0,2019-10-31,-1482.4
2019-11-07,2019-11-07 10:16:00-05:00,2019-11-07 15:00:00-05:00,short,8264.95911284065,8234.75,cutoff,30.21,2019-11-06,-1452.19
2019-11-08,2019-11-08 10:00:00-05:00,2019-11-08 15:00:00-05:00,short,8206.423598005367,8234.5,cutoff,-28.08,2019-11-01,-1480.27
2019-11-12,2019-11-12 09:36:00-05:00,2019-11-12 15:00:00-05:00,short,8264.95911284065,8252.5,cutoff,12.46,2019-11-06,-1467.81
2019-11-13,2019-11-13 10:19:00-05:00,2019-11-13 15:00:00-05:00,short,8264.95911284065,8264.75,cutoff,0.21,2019-11-06,-1467.6
2019-11-15,2019-11-15 09:40:00-05:00,2019-11-15 15:00:00-05:00,short,8303.323514829619,8310.0,cutoff,-6.68,2019-11-14,-1474.28
2019-11-18,2019-11-18 09:31:00-05:00,2019-11-18 10:44:00-05:00,short,8306.876726080602,8306.876726080602,BE,0.0,2019-11-07,-1474.28
2019-11-18,2019-11-18 10:45:00-05:00,2019-11-18 15:00:00-05:00,short,8308.599787545481,8340.0,cutoff,-31.4,2019-11-13,-1505.68
2019-11-19,2019-11-19 10:51:00-05:00,2019-11-19 15:00:00-05:00,short,8325.258197873129,8350.5,cutoff,-25.24,2019-11-12,-1530.92
2019-11-20,2019-11-20 09:33:00-05:00,2019-11-20 15:00:00-05:00,short,8325.258197873129,8275.75,cutoff,49.51,2019-11-12,-1481.41
2019-11-21,2019-11-21 09:32:00-05:00,2019-11-21 11:04:00-05:00,short,8277.901738044486,8277.901738044486,BE,0.0,2019-11-04,-1481.41
2019-11-22,2019-11-22 09:33:00-05:00,2019-11-22 15:00:00-05:00,short,8282.358070710947,8270.25,cutoff,12.11,2019-11-08,-1469.3
2019-11-25,2019-11-25 09:31:00-05:00,2019-11-25 15:00:00-05:00,short,8325.258197873129,8364.75,cutoff,-39.49,2019-11-12,-1508.79
2019-11-26,2019-11-26 09:33:00-05:00,2019-11-26 15:00:00-05:00,short,8376.35031894704,8393.5,cutoff,-17.15,2019-11-20,-1525.94
2019-11-27,2019-11-27 09:35:00-05:00,2019-11-27 15:00:00-05:00,short,8414.82412027431,8441.25,cutoff,-26.43,2019-11-19,-1552.37
2019-11-29,2019-11-29 09:39:00-05:00,2019-11-29 13:14:00-05:00,short,8430.878668123245,8422.5,cutoff,8.38,2019-11-26,-1543.99
2019-12-02,2019-12-02 09:31:00-05:00,2019-12-02 10:31:00-05:00,long,8403.609446385071,8298.609446385071,SL,-105.0,2019-11-28,-1648.99
2019-12-03,2019-12-03 09:31:00-05:00,2019-12-03 10:48:00-05:00,long,8199.616802126871,8199.616802126871,BE,0.0,2019-11-12,-1648.99
2019-12-03,2019-12-03 10:50:00-05:00,2019-12-03 15:00:00-05:00,long,8188.025212454519,8229.75,cutoff,41.72,2019-11-13,-1607.27
2019-12-04,2019-12-04 09:31:00-05:00,2019-12-04 12:16:00-05:00,long,8296.92587972569,8296.92587972569,BE,0.0,2019-11-19,-1607.27
2019-12-05,2019-12-05 10:01:00-05:00,2019-12-05 14:11:00-05:00,short,8303.323514829619,8303.323514829619,BE,0.0,2019-11-14,-1607.27
2019-12-06,2019-12-06 09:33:00-05:00,2019-12-06 15:00:00-05:00,short,8376.35031894704,8400.5,cutoff,-24.15,2019-11-20,-1631.42
2019-12-09,2019-12-09 09:33:00-05:00,2019-12-09 15:00:00-05:00,short,8398.595757435996,8381.75,cutoff,16.85,2019-12-05,-1614.57
2019-12-10,2019-12-10 09:31:00-05:00,2019-12-10 15:00:00-05:00,short,8363.69098040014,8371.25,cutoff,-7.56,2019-11-18,-1622.13
2019-12-11,2019-12-11 09:34:00-05:00,2019-12-11 15:00:00-05:00,short,8372.8689328482,8407.5,cutoff,-34.63,2019-12-04,-1656.76
2019-12-12,2019-12-12 09:32:00-05:00,2019-12-12 15:00:00-05:00,short,8400.926662617732,8445.5,cutoff,-44.57,2019-11-25,-1701.33
2019-12-13,2019-12-13 09:33:00-05:00,2019-12-13 15:00:00-05:00,short,8478.390553614929,8522.5,cutoff,-44.11,2019-11-28,-1745.44
2019-12-16,2019-12-16 09:45:00-05:00,2019-12-16 15:00:00-05:00,short,8594.903059526845,8607.25,cutoff,-12.35,2019-12-13,-1757.79
2019-12-26,2019-12-26 09:45:00-05:00,2019-12-26 15:00:00-05:00,short,8756.55477276877,8786.5,cutoff,-29.95,2019-12-20,-1787.74
2019-12-27,2019-12-27 10:00:00-05:00,2019-12-27 15:00:00-05:00,short,8782.73314635241,8807.0,cutoff,-24.27,2019-12-24,-1812.01
2019-12-30,2019-12-30 09:31:00-05:00,2019-12-30 15:00:00-05:00,short,8782.73314635241,8732.5,cutoff,50.23,2019-12-24,-1761.78
2020-01-03,2020-01-03 09:31:00-05:00,2020-01-03 15:00:00-05:00,short,8802.974011948314,8840.5,cutoff,-37.53,2019-12-26,-1799.31
2020-01-06,2020-01-06 09:32:00-05:00,2020-01-06 15:00:00-05:00,short,8756.55477276877,8840.25,cutoff,-83.7,2019-12-20,-1883.01
2020-01-07,2020-01-07 09:31:00-05:00,2020-01-07 15:00:00-05:00,short,8866.069153070002,8871.0,cutoff,-4.93,2020-01-06,-1887.94
2020-01-08,2020-01-08 09:31:00-05:00,2020-01-08 15:00:00-05:00,short,8866.069153070002,8949.75,cutoff,-83.68,2020-01-06,-1971.62
2020-01-14,2020-01-14 09:33:00-05:00,2020-01-14 10:18:00-05:00,short,9071.2517145137,9071.2517145137,BE,0.0,2020-01-09,-1971.62
2020-01-15,2020-01-15 09:33:00-05:00,2020-01-15 15:00:00-05:00,short,9071.2517145137,9061.25,cutoff,10.0,2020-01-09,-1961.62
2020-01-16,2020-01-16 09:32:00-05:00,2020-01-16 15:00:00-05:00,short,9099.826386829876,9105.25,cutoff,-5.42,2020-01-10,-1967.04
2020-01-17,2020-01-17 09:35:00-05:00,2020-01-17 10:27:00-05:00,short,9163.275526241003,9163.275526241003,BE,0.0,2020-01-16,-1967.04
2020-01-17,2020-01-17 10:54:00-05:00,2020-01-17 11:59:00-05:00,short,9146.7649540932,9146.7649540932,BE,0.0,2020-01-14,-1967.04
2020-01-20,2020-01-20 10:36:00-05:00,2020-01-20 12:59:00-05:00,short,9163.275526241003,9175.75,cutoff,-12.47,2020-01-16,-1979.51
2020-01-21,2020-01-21 09:31:00-05:00,2020-01-21 15:00:00-05:00,short,9163.275526241003,9172.0,cutoff,-8.72,2020-01-16,-1988.23
2020-01-22,2020-01-22 09:32:00-05:00,2020-01-22 15:00:00-05:00,short,9221.951137059525,9228.0,cutoff,-6.05,2020-01-21,-1994.28
2020-01-23,2020-01-23 09:35:00-05:00,2020-01-23 15:00:00-05:00,long,9157.475099792833,9225.75,cutoff,68.27,2020-01-22,-1926.01
2020-01-24,2020-01-24 09:33:00-05:00,2020-01-24 15:00:00-05:00,short,9274.55896358009,9154.75,cutoff,119.81,2020-01-23,-1806.2
2020-01-27,2020-01-27 09:31:00-05:00,2020-01-27 15:00:00-05:00,short,8938.511204763956,8977.5,cutoff,-38.99,2020-01-07,-1845.19
2020-01-28,2020-01-28 10:15:00-05:00,2020-01-28 15:00:00-05:00,long,9036.224473758997,9111.25,cutoff,75.03,2020-01-16,-1770.16
2020-01-29,2020-01-29 09:32:00-05:00,2020-01-29 14:00:00-05:00,short,9146.7649540932,9146.7649540932,BE,0.0,2020-01-14,-1770.16
2020-01-30,2020-01-30 09:32:00-05:00,2020-01-30 15:00:00-05:00,short,9071.2517145137,9099.25,cutoff,-28.0,2020-01-09,-1798.16
2020-01-31,2020-01-31 09:31:00-05:00,2020-01-31 15:00:00-05:00,short,9172.368400168922,9024.25,cutoff,148.12,2020-01-30,-1650.04
2020-02-03,2020-02-03 09:35:00-05:00,2020-02-03 15:00:00-05:00,short,9071.2517145137,9125.75,cutoff,-54.5,2020-01-09,-1704.54
2020-02-04,2020-02-04 09:40:00-05:00,2020-02-04 14:10:00-05:00,short,9236.007077102986,9341.007077102986,SL,-105.0,2020-01-17,-1809.54
2020-02-05,2020-02-05 10:28:00-05:00,2020-02-05 15:00:00-05:00,short,9348.254114766065,9384.5,cutoff,-36.25,2020-01-24,-1845.79
2020-02-11,2020-02-11 09:32:00-05:00,2020-02-11 15:00:00-05:00,short,9567.69569543655,9535.0,cutoff,32.7,2020-02-05,-1813.09
2020-02-12,2020-02-12 09:57:00-05:00,2020-02-12 15:00:00-05:00,short,9567.69569543655,9607.25,cutoff,-39.55,2020-02-05,-1852.64
2020-02-13,2020-02-13 09:31:00-05:00,2020-02-13 15:00:00-05:00,short,9567.69569543655,9634.25,cutoff,-66.55,2020-02-05,-1919.19
2020-02-18,2020-02-18 09:36:00-05:00,2020-02-18 10:29:00-05:00,long,9599.132847106972,9599.132847106972,BE,0.0,2020-02-17,-1919.19
2020-02-19,2020-02-19 09:36:00-05:00,2020-02-19 15:00:00-05:00,short,9706.908512159982,9742.0,cutoff,-35.09,2020-02-14,-1954.28
2020-02-20,2020-02-20 09:32:00-05:00,2020-02-20 10:45:00-05:00,short,9717.242152893028,9717.242152893028,BE,0.0,2020-02-17,-1954.28
2020-02-21,2020-02-21 09:31:00-05:00,2020-02-21 09:49:00-05:00,long,9599.132847106972,9494.132847106972,SL,-105.0,2020-02-17,-2059.28
2020-02-24,2020-02-24 09:31:00-05:00,2020-02-24 15:00:00-05:00,short,9129.367389830451,9166.25,cutoff,-36.88,2020-01-28,-2096.16
2020-02-25,2020-02-25 09:32:00-05:00,2020-02-25 10:25:00-05:00,long,9156.767105704166,9051.767105704166,SL,-105.0,2020-02-04,-2201.16
2020-02-26,2020-02-26 09:31:00-05:00,2020-02-26 12:05:00-05:00,long,8918.445404286935,8918.445404286935,BE,0.0,2020-02-03,-2201.16
2020-03-02,2020-03-02 10:23:00-05:00,2020-03-02 11:17:00-05:00,long,8445.94165863763,8627.75,TP,181.81,2020-02-27,-2019.35
2020-03-03,2020-03-03 09:53:00-05:00,2020-03-03 10:00:00-05:00,short,8786.173929144847,8891.173929144847,SL,-105.0,2020-03-02,-2124.35
2020-03-04,2020-03-04 09:35:00-05:00,2020-03-04 10:54:00-05:00,long,8724.757467992544,8724.757467992544,BE,0.0,2020-02-26,-2124.35
2020-03-05,2020-03-05 09:32:00-05:00,2020-03-05 12:39:00-05:00,long,8724.757467992544,8724.757467992544,BE,0.0,2020-02-26,-2124.35
2020-03-06,2020-03-06 09:33:00-05:00,2020-03-06 10:20:00-05:00,long,8445.94165863763,8445.94165863763,BE,0.0,2020-02-27,-2124.35
2020-03-06,2020-03-06 10:21:00-05:00,2020-03-06 15:00:00-05:00,short,8455.361761076416,8338.0,cutoff,117.36,2020-02-28,-2006.99
2020-03-10,2020-03-10 09:36:00-04:00,2020-03-10 10:40:00-04:00,long,8168.335010242776,8168.335010242776,BE,0.0,2020-03-06,-2006.99
2020-03-11,2020-03-11 09:39:00-04:00,2020-03-11 12:41:00-04:00,long,8168.335010242776,8063.335010242776,SL,-105.0,2020-03-06,-2111.99
2020-03-12,2020-03-12 10:55:00-04:00,2020-03-12 11:11:00-04:00,long,7595.5999259774835,7490.5999259774835,SL,-105.0,2020-03-09,-2216.99
2020-03-13,2020-03-13 09:39:00-04:00,2020-03-13 09:53:00-04:00,long,7595.5999259774835,7490.5999259774835,SL,-105.0,2020-03-09,-2321.99
2020-03-16,2020-03-16 09:45:00-04:00,2020-03-16 10:34:00-04:00,long,7148.930845396486,7331.0,TP,182.07,2020-03-12,-2139.92
2020-03-17,2020-03-17 09:31:00-04:00,2020-03-17 09:43:00-04:00,long,7148.930845396486,7043.930845396486,SL,-105.0,2020-03-12,-2244.92
2020-03-18,2020-03-18 09:34:00-04:00,2020-03-18 11:05:00-04:00,long,7148.930845396486,7148.930845396486,BE,0.0,2020-03-12,-2244.92
2020-03-19,2020-03-19 09:31:00-04:00,2020-03-19 09:40:00-04:00,long,7148.930845396486,7043.930845396486,SL,-105.0,2020-03-12,-2349.92
2020-03-23,2020-03-23 09:31:00-04:00,2020-03-23 11:03:00-04:00,long,6909.848085171,6909.848085171,BE,0.0,2020-03-16,-2349.92
2020-03-25,2020-03-25 09:31:00-04:00,2020-03-25 09:35:00-04:00,short,7511.458736501807,7616.458736501807,SL,-105.0,2020-03-18,-2454.92
2020-03-26,2020-03-26 09:33:00-04:00,2020-03-26 10:09:00-04:00,short,7562.472908087322,7667.472908087322,SL,-105.0,2020-03-17,-2559.92
2020-03-27,2020-03-27 09:32:00-04:00,2020-03-27 11:09:00-04:00,short,7668.104140993251,7668.104140993251,BE,0.0,2020-03-19,-2559.92
2020-03-30,2020-03-30 09:31:00-04:00,2020-03-30 10:41:00-04:00,short,7684.401914829,7789.401914829,SL,-105.0,2020-03-16,-2664.92
2020-03-31,2020-03-31 09:50:00-04:00,2020-03-31 10:13:00-04:00,short,7817.194154603514,7922.194154603514,SL,-105.0,2020-03-12,-2769.92
2020-04-01,2020-04-01 09:31:00-04:00,2020-04-01 12:02:00-04:00,long,7578.254553993011,7578.254553993011,BE,0.0,2020-03-31,-2769.92
2020-04-02,2020-04-02 09:34:00-04:00,2020-04-02 10:19:00-04:00,short,7511.458736501807,7511.458736501807,BE,0.0,2020-03-18,-2769.92
2020-04-02,2020-04-02 10:31:00-04:00,2020-04-02 15:00:00-04:00,short,7562.472908087322,7542.0,cutoff,20.47,2020-03-17,-2749.45
2020-04-03,2020-04-03 09:32:00-04:00,2020-04-03 10:17:00-04:00,long,7595.5999259774835,7595.5999259774835,BE,0.0,2020-03-09,-2749.45
2020-04-03,2020-04-03 10:19:00-04:00,2020-04-03 12:26:00-04:00,long,7578.254553993011,7473.254553993011,SL,-105.0,2020-03-31,-2854.45
2020-04-06,2020-04-06 09:34:00-04:00,2020-04-06 10:40:00-04:00,short,7776.1441766463295,7881.1441766463295,SL,-105.0,2020-04-01,-2959.45
2020-04-07,2020-04-07 10:17:00-04:00,2020-04-07 11:28:00-04:00,short,8151.870446006989,8151.870446006989,BE,0.0,2020-03-31,-2959.45
2020-04-08,2020-04-08 09:31:00-04:00,2020-04-08 11:20:00-04:00,short,8151.870446006989,8151.870446006989,BE,0.0,2020-03-31,-2959.45
2020-04-09,2020-04-09 09:43:00-04:00,2020-04-09 15:00:00-04:00,short,8316.921889912834,8178.75,cutoff,138.17,2020-04-08,-2821.28
2020-04-14,2020-04-14 09:34:00-04:00,2020-04-14 10:20:00-04:00,short,8503.366634118818,8608.366634118818,SL,-105.0,2020-04-07,-2926.28
2020-04-15,2020-04-15 09:45:00-04:00,2020-04-15 14:17:00-04:00,short,8503.366634118818,8608.366634118818,SL,-105.0,2020-04-07,-3031.28
2020-04-16,2020-04-16 10:58:00-04:00,2020-04-16 15:00:00-04:00,short,8708.551354323605,8700.75,cutoff,7.8,2020-04-15,-3023.48
2020-04-17,2020-04-17 10:49:00-04:00,2020-04-17 11:40:00-04:00,short,8747.26428880827,8747.26428880827,BE,0.0,2020-04-14,-3023.48
2020-04-20,2020-04-20 09:31:00-04:00,2020-04-20 15:00:00-04:00,short,8747.26428880827,8734.0,cutoff,13.26,2020-04-14,-3010.22
2020-04-21,2020-04-21 09:33:00-04:00,2020-04-21 10:19:00-04:00,long,8627.887119112991,8522.887119112991,SL,-105.0,2020-04-17,-3115.22
2020-04-22,2020-04-22 09:41:00-04:00,2020-04-22 10:27:00-04:00,long,8582.137175759435,8582.137175759435,BE,0.0,2020-04-20,-3115.22
2020-04-23,2020-04-23 09:33:00-04:00,2020-04-23 15:00:00-04:00,short,8708.551354323605,8700.5,cutoff,8.05,2020-04-15,-3107.17
2020-04-24,2020-04-24 09:34:00-04:00,2020-04-24 11:02:00-04:00,long,8627.887119112991,8627.887119112991,BE,0.0,2020-04-17,-3107.17
2020-04-27,2020-04-27 09:40:00-04:00,2020-04-27 15:00:00-04:00,short,8842.999663098304,8824.25,cutoff,18.75,2020-04-21,-3088.42
2020-04-28,2020-04-28 09:38:00-04:00,2020-04-28 15:00:00-04:00,short,8865.073814760846,8722.5,cutoff,142.57,2020-04-16,-2945.85
2020-04-29,2020-04-29 09:34:00-04:00,2020-04-29 12:15:00-04:00,short,8842.999663098304,8947.999663098304,SL,-105.0,2020-04-21,-3050.85
2020-04-30,2020-04-30 09:57:00-04:00,2020-04-30 15:00:00-04:00,short,9007.919103666587,8922.25,cutoff,85.67,2020-04-27,-2965.18
2020-05-01,2020-05-01 09:32:00-04:00,2020-05-01 15:00:00-04:00,short,8823.787808365498,8725.75,cutoff,98.04,2020-04-24,-2867.14
2020-05-04,2020-05-04 09:31:00-04:00,2020-05-04 15:00:00-04:00,long,8664.168440473153,8775.5,cutoff,111.33,2020-04-29,-2755.81
2020-05-05,2020-05-05 09:32:00-04:00,2020-05-05 15:00:00-04:00,short,8919.612824240565,9018.5,cutoff,-98.89,2020-04-20,-2854.7
2020-05-06,2020-05-06 09:31:00-04:00,2020-05-06 10:27:00-04:00,short,8990.858694596722,8990.858694596722,BE,0.0,2020-05-01,-2854.7
2020-05-06,2020-05-06 10:35:00-04:00,2020-05-06 15:00:00-04:00,short,9007.919103666587,9017.0,cutoff,-9.08,2020-04-27,-2863.78
2020-05-07,2020-05-07 09:32:00-04:00,2020-05-07 11:43:00-04:00,short,9089.472760753619,9089.472760753619,BE,0.0,2020-04-28,-2863.78
2020-05-08,2020-05-08 09:51:00-04:00,2020-05-08 15:00:00-04:00,short,9157.354943061793,9185.0,cutoff,-27.65,2020-04-30,-2891.43
2020-05-11,2020-05-11 09:31:00-04:00,2020-05-11 11:32:00-04:00,short,9157.354943061793,9262.354943061793,SL,-105.0,2020-04-30,-2996.43
2020-05-12,2020-05-12 09:54:00-04:00,2020-05-12 15:00:00-04:00,short,9243.358037197813,9272.75,cutoff,-29.39,2020-05-07,-3025.82
2020-05-13,2020-05-13 09:32:00-04:00,2020-05-13 10:57:00-04:00,long,9133.997746364592,9133.997746364592,BE,0.0,2020-05-12,-3025.82
2020-05-14,2020-05-14 09:44:00-04:00,2020-05-14 15:00:00-04:00,long,8918.141962802187,8985.25,cutoff,67.11,2020-05-07,-2958.71
2020-05-15,2020-05-15 09:32:00-04:00,2020-05-15 13:12:00-04:00,short,8990.858694596722,9095.858694596722,SL,-105.0,2020-05-01,-3063.71
2020-05-18,2020-05-18 10:40:00-04:00,2020-05-18 15:00:00-04:00,short,9313.583457105504,9325.25,cutoff,-11.67,2020-05-08,-3075.38
2020-05-19,2020-05-19 09:31:00-04:00,2020-05-19 15:00:00-04:00,short,9331.220279581725,9352.25,cutoff,-21.03,2020-05-13,-3096.41
2020-05-20,2020-05-20 09:31:00-04:00,2020-05-20 15:00:00-04:00,short,9425.837628444118,9475.75,cutoff,-49.91,2020-05-18,-3146.32
2020-05-21,2020-05-21 09:32:00-04:00,2020-05-21 15:00:00-04:00,short,9477.127253635408,9384.5,cutoff,92.63,2020-05-12,-3053.69
2020-05-22,2020-05-22 09:40:00-04:00,2020-05-22 15:00:00-04:00,short,9331.220279581725,9403.0,cutoff,-71.78,2020-05-13,-3125.47
2020-05-26,2020-05-26 09:51:00-04:00,2020-05-26 15:00:00-04:00,short,9515.473595904761,9448.75,cutoff,66.72,2020-05-22,-3058.75
2020-05-27,2020-05-27 09:36:00-04:00,2020-05-27 14:00:00-04:00,short,9345.592256990116,9345.592256990116,BE,0.0,2020-05-11,-3058.75
2020-05-28,2020-05-28 09:36:00-04:00,2020-05-28 12:38:00-04:00,short,9425.837628444118,9530.837628444118,SL,-105.0,2020-05-18,-3163.75
2020-05-29,2020-05-29 09:47:00-04:00,2020-05-29 14:09:00-04:00,short,9477.127253635408,9477.127253635408,BE,0.0,2020-05-12,-3163.75
2020-06-01,2020-06-01 09:31:00-04:00,2020-06-01 15:00:00-04:00,short,9515.473595904761,9593.5,cutoff,-78.03,2020-05-22,-3241.78
2020-06-02,2020-06-02 09:49:00-04:00,2020-06-02 15:00:00-04:00,short,9570.428051686125,9606.25,cutoff,-35.82,2020-05-28,-3277.6
2020-06-03,2020-06-03 09:33:00-04:00,2020-06-03 10:18:00-04:00,short,9681.300958053465,9681.300958053465,BE,0.0,2020-06-01,-3277.6
2020-06-04,2020-06-04 09:31:00-04:00,2020-06-04 15:00:00-04:00,short,9681.300958053465,9595.5,cutoff,85.8,2020-06-01,-3191.8
2020-06-05,2020-06-05 09:34:00-04:00,2020-06-05 11:01:00-04:00,short,9681.300958053465,9786.300958053465,SL,-105.0,2020-06-01,-3296.8
2020-06-08,2020-06-08 09:33:00-04:00,2020-06-08 10:50:00-04:00,short,9806.712435909762,9806.712435909762,BE,0.0,2020-06-03,-3296.8
2020-06-09,2020-06-09 09:31:00-04:00,2020-06-09 10:16:00-04:00,short,9876.439724086249,9876.439724086249,BE,0.0,2020-06-05,-3296.8
2020-06-09,2020-06-09 10:45:00-04:00,2020-06-09 15:00:00-04:00,short,9943.600120332674,9985.25,cutoff,-41.65,2020-06-08,-3338.45
2020-06-11,2020-06-11 09:32:00-04:00,2020-06-11 12:56:00-04:00,short,9943.600120332674,9739.5,TP,204.1,2020-06-08,-3134.35
2020-06-12,2020-06-12 09:31:00-04:00,2020-06-12 11:04:00-04:00,short,9806.712435909762,9617.25,TP,189.46,2020-06-03,-2944.89
2020-06-15,2020-06-15 09:33:00-04:00,2020-06-15 10:09:00-04:00,short,9515.473595904761,9620.473595904761,SL,-105.0,2020-05-22,-3049.89
2020-06-16,2020-06-16 10:18:00-04:00,2020-06-16 11:00:00-04:00,short,9998.480141994416,9818.25,TP,180.23,2020-06-12,-2869.66
2020-06-17,2020-06-17 09:33:00-04:00,2020-06-17 10:53:00-04:00,short,9998.480141994416,9998.480141994416,BE,0.0,2020-06-12,-2869.66
2020-06-17,2020-06-17 10:55:00-04:00,2020-06-17 11:59:00-04:00,short,10005.261489168231,10005.261489168231,BE,0.0,2020-06-09,-2869.66
2020-06-18,2020-06-18 10:34:00-04:00,2020-06-18 15:00:00-04:00,short,9943.600120332674,9950.0,cutoff,-6.4,2020-06-08,-2876.06
2020-06-19,2020-06-19 09:32:00-04:00,2020-06-19 15:00:00-04:00,short,10095.593960731061,9983.75,cutoff,111.84,2020-06-11,-2764.22
2020-06-22,2020-06-22 09:31:00-04:00,2020-06-22 14:57:00-04:00,short,10005.261489168231,10110.261489168231,SL,-105.0,2020-06-09,-2869.22
2020-06-23,2020-06-23 09:36:00-04:00,2020-06-23 13:21:00-04:00,short,10174.123908644677,10279.123908644677,SL,-105.0,2020-06-22,-2974.22
2020-06-24,2020-06-24 09:31:00-04:00,2020-06-24 11:46:00-04:00,short,10182.93066509671,9963.75,TP,219.18,2020-06-10,-2755.04
2020-06-25,2020-06-25 09:33:00-04:00,2020-06-25 10:28:00-04:00,short,10005.261489168231,10005.261489168231,BE,0.0,2020-06-09,-2755.04
2020-06-25,2020-06-25 10:30:00-04:00,2020-06-25 11:18:00-04:00,short,9998.480141994416,9998.480141994416,BE,0.0,2020-06-12,-2755.04
2020-06-26,2020-06-26 09:40:00-04:00,2020-06-26 10:17:00-04:00,long,10028.20739703227,9923.20739703227,SL,-105.0,2020-06-23,-2860.04
2020-06-29,2020-06-29 09:31:00-04:00,2020-06-29 10:16:00-04:00,long,9831.876091355323,9831.876091355323,BE,0.0,2020-06-22,-2860.04
2020-06-29,2020-06-29 10:19:00-04:00,2020-06-29 15:00:00-04:00,short,9837.12935375815,9895.5,cutoff,-58.37,2020-06-04,-2918.41
2020-07-01,2020-07-01 09:31:00-04:00,2020-07-01 14:01:00-04:00,short,10164.240165724947,10269.240165724947,SL,-105.0,2020-06-17,-3023.41
2020-07-02,2020-07-02 09:31:00-04:00,2020-07-02 15:00:00-04:00,short,10378.76301438694,10399.5,cutoff,-20.74,2020-06-24,-3044.15
2020-07-03,2020-07-03 10:25:00-04:00,2020-07-03 12:22:00-04:00,short,10344.29260296773,10344.29260296773,BE,0.0,2020-06-23,-3044.15
2020-07-06,2020-07-06 10:00:00-04:00,2020-07-06 15:00:00-04:00,short,10530.716111433376,10553.75,cutoff,-23.03,2020-07-02,-3067.18
2020-07-07,2020-07-07 10:12:00-04:00,2020-07-07 15:00:00-04:00,short,10645.149837633802,10586.75,cutoff,58.4,2020-07-06,-3008.78
2020-07-09,2020-07-09 10:50:00-04:00,2020-07-09 12:04:00-04:00,short,10645.149837633802,10645.149837633802,BE,0.0,2020-07-06,-3008.78
2020-07-10,2020-07-10 10:01:00-04:00,2020-07-10 13:07:00-04:00,short,10645.149837633802,10750.149837633802,SL,-105.0,2020-07-06,-3113.78
2020-07-14,2020-07-14 09:31:00-04:00,2020-07-14 09:53:00-04:00,long,10495.390551888184,10390.390551888184,SL,-105.0,2020-07-10,-3218.78
2020-07-15,2020-07-15 09:44:00-04:00,2020-07-15 12:05:00-04:00,short,10760.297956841667,10574.75,TP,185.55,2020-07-08,-3033.23
2020-07-16,2020-07-16 09:34:00-04:00,2020-07-16 15:00:00-04:00,long,10556.529124282211,10573.0,cutoff,16.47,2020-07-09,-3016.76
2020-07-17,2020-07-17 09:32:00-04:00,2020-07-17 14:16:00-04:00,short,10645.149837633802,10645.149837633802,BE,0.0,2020-07-06,-3016.76
2020-07-20,2020-07-20 09:45:00-04:00,2020-07-20 10:23:00-04:00,short,10645.149837633802,10750.149837633802,SL,-105.0,2020-07-06,-3121.76
2020-07-21,2020-07-21 09:41:00-04:00,2020-07-21 15:00:00-04:00,short,10908.882006067528,10900.25,cutoff,8.63,2020-07-20,-3113.13
2020-07-22,2020-07-22 09:31:00-04:00,2020-07-22 15:00:00-04:00,short,10835.830557059622,10817.0,cutoff,18.83,2020-07-14,-3094.3
2020-07-23,2020-07-23 09:31:00-04:00,2020-07-23 10:36:00-04:00,short,10831.229683998485,10831.229683998485,BE,0.0,2020-07-17,-3094.3
2020-07-23,2020-07-23 10:40:00-04:00,2020-07-23 13:48:00-04:00,short,10835.830557059622,10611.5,TP,224.33,2020-07-14,-2869.97
2020-07-24,2020-07-24 09:32:00-04:00,2020-07-24 10:34:00-04:00,long,10402.458341307061,10402.458341307061,BE,0.0,2020-07-07,-2869.97
2020-07-24,2020-07-24 10:39:00-04:00,2020-07-24 13:13:00-04:00,long,10405.520316001515,10405.520316001515,BE,0.0,2020-07-17,-2869.97
2020-07-27,2020-07-27 09:32:00-04:00,2020-07-27 10:01:00-04:00,short,10530.716111433376,10635.716111433376,SL,-105.0,2020-07-02,-2974.97
2020-07-28,2020-07-28 09:31:00-04:00,2020-07-28 11:39:00-04:00,short,10637.79850387766,10637.79850387766,BE,0.0,2020-07-24,-2974.97
2020-07-29,2020-07-29 10:37:00-04:00,2020-07-29 11:28:00-04:00,short,10637.79850387766,10637.79850387766,BE,0.0,2020-07-24,-2974.97
2020-07-30,2020-07-30 09:55:00-04:00,2020-07-30 10:52:00-04:00,long,10556.529124282211,10556.529124282211,BE,0.0,2020-07-09,-2974.97
2020-07-31,2020-07-31 09:35:00-04:00,2020-07-31 15:00:00-04:00,short,10835.830557059622,10800.25,cutoff,35.58,2020-07-14,-2939.39
2020-08-03,2020-08-03 09:33:00-04:00,2020-08-03 15:00:00-04:00,short,11023.64486768893,11061.25,cutoff,-37.61,2020-07-22,-2977.0
2020-08-04,2020-08-04 09:38:00-04:00,2020-08-04 15:00:00-04:00,short,11022.153653034926,11026.5,cutoff,-4.35,2020-07-23,-2981.35
2020-08-05,2020-08-05 09:51:00-04:00,2020-08-05 15:00:00-04:00,short,11106.176913153135,11109.25,cutoff,-3.07,2020-07-31,-2984.42
2020-08-06,2020-08-06 09:35:00-04:00,2020-08-06 14:02:00-04:00,short,11106.176913153135,11211.176913153135,SL,-105.0,2020-07-31,-3089.42
2020-08-07,2020-08-07 10:52:00-04:00,2020-08-07 14:32:00-04:00,short,11257.399972883184,11057.75,TP,199.65,2020-08-05,-2889.77
2020-08-10,2020-08-10 09:53:00-04:00,2020-08-10 15:00:00-04:00,short,11106.176913153135,11081.75,cutoff,24.43,2020-07-31,-2865.34
2020-08-11,2020-08-11 09:45:00-04:00,2020-08-11 11:02:00-04:00,short,11023.64486768893,11023.64486768893,BE,0.0,2020-07-22,-2865.34
2020-08-12,2020-08-12 09:48:00-04:00,2020-08-12 11:31:00-04:00,short,11023.64486768893,11128.64486768893,SL,-105.0,2020-07-22,-2970.34
2020-08-13,2020-08-13 09:31:00-04:00,2020-08-13 15:00:00-04:00,short,11180.134608496011,11151.75,cutoff,28.38,2020-07-21,-2941.96
2020-08-14,2020-08-14 09:31:00-04:00,2020-08-14 15:00:00-04:00,short,11197.561633940055,11146.25,cutoff,51.31,2020-08-04,-2890.65
2020-08-17,2020-08-17 09:31:00-04:00,2020-08-17 15:00:00-04:00,short,11226.37510379692,11292.5,cutoff,-66.12,2020-08-12,-2956.77
2020-08-18,2020-08-18 09:35:00-04:00,2020-08-18 11:09:00-04:00,short,11353.428427392624,11353.428427392624,BE,0.0,2020-08-13,-2956.77
2020-08-19,2020-08-19 09:34:00-04:00,2020-08-19 10:24:00-04:00,short,11393.494372271074,11393.494372271074,BE,0.0,2020-08-17,-2956.77
2020-08-20,2020-08-20 09:35:00-04:00,2020-08-20 11:36:00-04:00,short,11308.249889090679,11413.249889090679,SL,-105.0,2020-08-10,-3061.77
2020-08-21,2020-08-21 09:45:00-04:00,2020-08-21 15:00:00-04:00,short,11503.059627482893,11554.5,cutoff,-51.44,2020-08-20,-3113.21
2020-08-24,2020-08-24 09:58:00-04:00,2020-08-24 15:00:00-04:00,short,11657.182826359074,11570.25,cutoff,86.93,2020-08-21,-3026.28
2020-08-26,2020-08-26 09:34:00-04:00,2020-08-26 11:40:00-04:00,short,11773.882955083516,11878.882955083516,SL,-105.0,2020-08-25,-3131.28
2020-08-27,2020-08-27 09:40:00-04:00,2020-08-27 11:46:00-04:00,short,11933.125742119906,12038.125742119906,SL,-105.0,2020-08-26,-3236.28
2020-09-01,2020-09-01 09:32:00-04:00,2020-09-01 13:41:00-04:00,short,12175.52827197218,12280.52827197218,SL,-105.0,2020-08-28,-3341.28
2020-09-03,2020-09-03 09:38:00-04:00,2020-09-03 10:38:00-04:00,short,12206.825693556519,12022.75,TP,184.08,2020-08-27,-3157.2
2020-09-03,2020-09-03 10:46:00-04:00,2020-09-03 11:18:00-04:00,long,11938.563043583583,11833.563043583583,SL,-105.0,2020-09-01,-3262.2
2020-09-04,2020-09-04 09:31:00-04:00,2020-09-04 09:53:00-04:00,short,11773.882955083516,11584.75,TP,189.13,2020-08-25,-3073.07
2020-09-04,2020-09-04 09:55:00-04:00,2020-09-04 10:32:00-04:00,short,11549.90659303957,11366.25,TP,183.66,2020-08-19,-2889.41
2020-09-04,2020-09-04 10:33:00-04:00,2020-09-04 10:43:00-04:00,short,11353.428427392624,11164.75,TP,188.68,2020-08-13,-2700.73
2020-09-04,2020-09-04 10:45:00-04:00,2020-09-04 10:54:00-04:00,short,11198.889330594502,11303.889330594502,SL,-105.0,2020-08-11,-2805.73
2020-09-07,2020-09-07 09:56:00-04:00,2020-09-07 12:59:00-04:00,long,11457.682293514365,11501.25,cutoff,43.57,2020-08-24,-2762.16
2020-09-08,2020-09-08 09:31:00-04:00,2020-09-08 10:11:00-04:00,short,11226.37510379692,11331.37510379692,SL,-105.0,2020-08-12,-2867.16
2020-09-09,2020-09-09 09:33:00-04:00,2020-09-09 10:20:00-04:00,long,11253.833137562138,11253.833137562138,BE,0.0,2020-09-07,-2867.16
2020-09-09,2020-09-09 10:28:00-04:00,2020-09-09 11:15:00-04:00,short,11353.428427392624,11353.428427392624,BE,0.0,2020-08-13,-2867.16
2020-09-10,2020-09-10 09:31:00-04:00,2020-09-10 14:15:00-04:00,short,11503.059627482893,11294.0,TP,209.06,2020-08-20,-2658.1
2020-09-11,2020-09-11 09:31:00-04:00,2020-09-11 09:56:00-04:00,long,11253.833137562138,11148.833137562138,SL,-105.0,2020-09-07,-2763.1
2020-09-14,2020-09-14 09:33:00-04:00,2020-09-14 13:16:00-04:00,long,11216.34340696043,11216.34340696043,BE,0.0,2020-08-19,-2763.1
2020-09-15,2020-09-15 09:38:00-04:00,2020-09-15 15:00:00-04:00,long,11427.367044916484,11441.25,cutoff,13.88,2020-08-25,-2749.22
2020-09-16,2020-09-16 09:32:00-04:00,2020-09-16 10:45:00-04:00,long,11457.682293514365,11352.682293514365,SL,-105.0,2020-08-24,-2854.22
2020-09-17,2020-09-17 09:32:00-04:00,2020-09-17 12:09:00-04:00,long,10986.003952631198,10986.003952631198,BE,0.0,2020-09-09,-2854.22
2020-09-18,2020-09-18 09:31:00-04:00,2020-09-18 10:35:00-04:00,long,11108.132855575252,11003.132855575252,SL,-105.0,2020-09-04,-2959.22
2020-09-21,2020-09-21 09:38:00-04:00,2020-09-21 10:25:00-04:00,long,10727.425618727215,10727.425618727215,BE,0.0,2020-09-17,-2959.22
2020-09-22,2020-09-22 09:42:00-04:00,2020-09-22 14:00:00-04:00,short,11009.021196622394,11114.021196622394,SL,-105.0,2020-09-21,-3064.22
2020-09-23,2020-09-23 09:36:00-04:00,2020-09-23 11:52:00-04:00,long,11108.132855575252,11003.132855575252,SL,-105.0,2020-09-04,-3169.22
2020-09-24,2020-09-24 09:34:00-04:00,2020-09-24 10:17:00-04:00,long,10727.425618727215,10914.5,TP,187.07,2020-09-17,-2982.15
2020-09-24,2020-09-24 10:18:00-04:00,2020-09-24 10:30:00-04:00,long,10928.374158194558,10823.374158194558,SL,-105.0,2020-09-11,-3087.15
2020-09-25,2020-09-25 09:31:00-04:00,2020-09-25 14:31:00-04:00,long,10889.008297915436,11074.0,TP,184.99,2020-09-23,-2902.16
2020-09-28,2020-09-28 09:41:00-04:00,2020-09-28 13:40:00-04:00,short,11326.604011271396,11326.604011271396,BE,0.0,2020-09-18,-2902.16
2020-09-29,2020-09-29 09:34:00-04:00,2020-09-29 15:00:00-04:00,short,11360.491702084564,11345.25,cutoff,15.24,2020-09-23,-2886.92
2020-09-30,2020-09-30 09:32:00-04:00,2020-09-30 10:24:00-04:00,short,11360.491702084564,11465.491702084564,SL,-105.0,2020-09-23,-2991.92
2020-10-01,2020-10-01 09:48:00-04:00,2020-10-01 10:35:00-04:00,short,11532.33747309487,11532.33747309487,BE,0.0,2020-09-28,-2991.92
2020-10-01,2020-10-01 10:37:00-04:00,2020-10-01 11:27:00-04:00,short,11533.578562867373,11533.578562867373,BE,0.0,2020-09-29,-2991.92
2020-10-02,2020-10-02 09:31:00-04:00,2020-10-02 10:13:00-04:00,short,11360.491702084564,11465.491702084564,SL,-105.0,2020-09-23,-3096.92
2020-10-05,2020-10-05 09:35:00-04:00,2020-10-05 15:00:00-04:00,long,11332.60493006846,11463.0,cutoff,130.4,2020-10-01,-2966.52
2020-10-08,2020-10-08 09:32:00-04:00,2020-10-08 15:00:00-04:00,short,11565.107239575818,11534.0,cutoff,31.11,2020-10-05,-2935.41
2020-10-09,2020-10-09 09:32:00-04:00,2020-10-09 13:02:00-04:00,short,11596.252640737981,11701.252640737981,SL,-105.0,2020-10-07,-3040.41
2020-10-13,2020-10-13 09:33:00-04:00,2020-10-13 10:23:00-04:00,short,12105.637823000776,12105.637823000776,BE,0.0,2020-10-12,-3040.41
2020-10-14,2020-10-14 09:36:00-04:00,2020-10-14 12:26:00-04:00,short,12105.637823000776,11923.25,TP,182.39,2020-10-12,-2858.02
2020-10-15,2020-10-15 09:31:00-04:00,2020-10-15 15:00:00-04:00,short,11794.396357206313,11850.25,cutoff,-55.85,2020-10-09,-2913.87
2020-10-19,2020-10-19 09:55:00-04:00,2020-10-19 10:37:00-04:00,long,11886.27611815851,11781.27611815851,SL,-105.0,2020-10-13,-3018.87
2020-10-20,2020-10-20 09:37:00-04:00,2020-10-20 10:55:00-04:00,long,11639.793848318743,11639.793848318743,BE,0.0,2020-10-19,-3018.87
2020-10-21,2020-10-21 09:48:00-04:00,2020-10-21 14:56:00-04:00,short,11749.39506993154,11749.39506993154,BE,0.0,2020-10-01,-3018.87
2020-10-22,2020-10-22 09:32:00-04:00,2020-10-22 10:23:00-04:00,long,11712.862176999224,11607.862176999224,SL,-105.0,2020-10-12,-3123.87
2020-10-23,2020-10-23 09:33:00-04:00,2020-10-23 15:00:00-04:00,long,11639.793848318743,11621.5,cutoff,-18.29,2020-10-19,-3142.16
2020-10-26,2020-10-26 09:31:00-04:00,2020-10-26 13:39:00-04:00,short,11596.252640737981,11368.25,TP,228.0,2020-10-07,-2914.16
2020-10-27,2020-10-27 09:45:00-04:00,2020-10-27 10:48:00-04:00,short,11565.107239575818,11565.107239575818,BE,0.0,2020-10-05,-2914.16
2020-10-27,2020-10-27 10:53:00-04:00,2020-10-27 12:30:00-04:00,long,11559.063209803786,11559.063209803786,BE,0.0,2020-10-15,-2914.16
2020-10-28,2020-10-28 09:31:00-04:00,2020-10-28 09:50:00-04:00,long,11408.97091315812,11303.97091315812,SL,-105.0,2020-10-22,-3019.16
2020-10-29,2020-10-29 09:39:00-04:00,2020-10-29 14:37:00-04:00,long,11190.997359262019,11435.75,TP,244.75,2020-10-07,-2774.41
2020-10-30,2020-10-30 09:34:00-04:00,2020-10-30 09:50:00-04:00,long,11247.116288424255,11142.116288424255,SL,-105.0,2020-10-06,-2879.41
2020-11-02,2020-11-02 09:53:00-05:00,2020-11-02 11:16:00-05:00,long,11190.997359262019,11085.997359262019,SL,-105.0,2020-10-07,-2984.41
2020-11-03,2020-11-03 09:55:00-05:00,2020-11-03 15:00:00-05:00,long,11190.997359262019,11273.75,cutoff,82.75,2020-10-07,-2901.66
2020-11-04,2020-11-04 09:33:00-05:00,2020-11-04 10:21:00-05:00,short,11667.350479194514,11772.350479194514,SL,-105.0,2020-10-28,-3006.66
2020-11-05,2020-11-05 09:33:00-05:00,2020-11-05 10:02:00-05:00,short,11991.199723329857,12096.199723329857,SL,-105.0,2020-11-04,-3111.66
2020-11-06,2020-11-06 09:33:00-05:00,2020-11-06 10:27:00-05:00,short,11991.199723329857,11991.199723329857,BE,0.0,2020-11-04,-3111.66
2020-11-09,2020-11-09 09:31:00-05:00,2020-11-09 14:30:00-05:00,short,12186.030810509164,11999.75,TP,186.28,2020-10-16,-2925.38
2020-11-10,2020-11-10 09:32:00-05:00,2020-11-10 09:40:00-05:00,long,11736.362818279254,11631.362818279254,SL,-105.0,2020-11-06,-3030.38
2020-11-11,2020-11-11 09:36:00-05:00,2020-11-11 15:00:00-05:00,long,11749.344189490836,11844.0,cutoff,94.66,2020-10-16,-2935.72
2020-11-12,2020-11-12 09:31:00-05:00,2020-11-12 15:00:00-05:00,short,11926.02908684188,11804.25,cutoff,121.78,2020-10-22,-2813.94
2020-11-13,2020-11-13 09:31:00-05:00,2020-11-13 14:58:00-05:00,short,11904.375147228217,11904.375147228217,BE,0.0,2020-10-20,-2813.94
2020-11-16,2020-11-16 09:32:00-05:00,2020-11-16 10:58:00-05:00,short,11904.375147228217,12009.375147228217,SL,-105.0,2020-10-20,-2918.94
2020-11-17,2020-11-17 09:46:00-05:00,2020-11-17 15:00:00-05:00,short,11991.199723329857,12012.0,cutoff,-20.8,2020-11-04,-2939.74
2020-11-18,2020-11-18 09:39:00-05:00,2020-11-18 11:14:00-05:00,short,11982.847299040208,11982.847299040208,BE,0.0,2020-11-11,-2939.74
2020-11-19,2020-11-19 09:32:00-05:00,2020-11-19 14:40:00-05:00,short,11875.730155823774,11980.730155823774,SL,-105.0,2020-10-23,-3044.74
2020-11-20,2020-11-20 09:50:00-05:00,2020-11-20 15:00:00-05:00,short,11982.847299040208,11980.0,cutoff,2.85,2020-11-11,-3041.89
2020-11-23,2020-11-23 09:45:00-05:00,2020-11-23 15:00:00-05:00,short,11991.199723329857,11918.0,cutoff,73.2,2020-11-04,-2968.69
2020-11-24,2020-11-24 09:33:00-05:00,2020-11-24 10:38:00-05:00,short,11943.547030998563,11943.547030998563,BE,0.0,2020-11-10,-2968.69
2020-11-24,2020-11-24 10:51:00-05:00,2020-11-24 14:00:00-05:00,short,11982.847299040208,12087.847299040208,SL,-105.0,2020-11-11,-3073.69
2020-11-25,2020-11-25 09:32:00-05:00,2020-11-25 10:51:00-05:00,short,12119.74645437204,12119.74645437204,BE,0.0,2020-11-20,-3073.69
2020-11-25,2020-11-25 10:58:00-05:00,2020-11-25 12:14:00-05:00,short,12109.372943648514,12109.372943648514,BE,0.0,2020-11-12,-3073.69
2020-11-26,2020-11-26 10:14:00-05:00,2020-11-26 12:59:00-05:00,short,12188.735131210404,12153.75,cutoff,34.99,2020-11-17,-3038.7
2020-11-27,2020-11-27 10:14:00-05:00,2020-11-27 13:14:00-05:00,short,12264.887181720746,12273.25,cutoff,-8.36,2020-11-06,-3047.06
2020-11-30,2020-11-30 09:36:00-05:00,2020-11-30 14:40:00-05:00,short,12264.887181720746,12264.887181720746,BE,0.0,2020-11-06,-3047.06
2020-12-01,2020-12-01 10:02:00-05:00,2020-12-01 11:05:00-05:00,short,12410.052418330972,12410.052418330972,BE,0.0,2020-11-27,-3047.06
2020-12-02,2020-12-02 09:44:00-05:00,2020-12-02 10:44:00-05:00,short,12329.636626829917,12434.636626829917,SL,-105.0,2020-11-26,-3152.06
2020-12-04,2020-12-04 09:36:00-05:00,2020-12-04 15:00:00-05:00,short,12463.418605308005,12517.75,cutoff,-54.33,2020-11-09,-3206.39
2020-12-07,2020-12-07 09:39:00-05:00,2020-12-07 15:00:00-05:00,short,12567.753382056055,12581.75,cutoff,-14.0,2020-12-01,-3220.39
2020-12-08,2020-12-08 09:31:00-05:00,2020-12-08 11:59:00-05:00,short,12586.464225177839,12586.464225177839,BE,0.0,2020-12-02,-3220.39
2020-12-09,2020-12-09 10:17:00-05:00,2020-12-09 13:56:00-05:00,short,12586.464225177839,12375.25,TP,211.21,2020-12-02,-3009.18
2020-12-10,2020-12-10 09:31:00-05:00,2020-12-10 09:57:00-05:00,short,12270.439816503806,12375.439816503806,SL,-105.0,2020-11-25,-3114.18
2020-12-11,2020-12-11 09:33:00-05:00,2020-12-11 10:51:00-05:00,long,12306.297441328374,12306.297441328374,BE,0.0,2020-12-03,-3114.18
2020-12-14,2020-12-14 09:31:00-05:00,2020-12-14 15:00:00-05:00,short,12447.31473883935,12518.5,cutoff,-71.19,2020-11-30,-3185.37
2020-12-15,2020-12-15 09:31:00-05:00,2020-12-15 10:21:00-05:00,short,12569.580163178834,12569.580163178834,BE,0.0,2020-12-10,-3185.37
2020-12-16,2020-12-16 09:38:00-05:00,2020-12-16 10:23:00-05:00,short,12586.464225177839,12586.464225177839,BE,0.0,2020-12-02,-3185.37
2020-12-17,2020-12-17 09:32:00-05:00,2020-12-17 15:00:00-05:00,short,12743.687013793919,12729.75,cutoff,13.94,2020-12-08,-3171.43
2020-12-18,2020-12-18 09:45:00-05:00,2020-12-18 15:00:00-05:00,short,12743.687013793919,12663.25,cutoff,80.44,2020-12-08,-3090.99
2020-12-21,2020-12-21 09:49:00-05:00,2020-12-21 10:46:00-05:00,long,12570.712238347565,12465.712238347565,SL,-105.0,2020-12-17,-3195.99
2020-12-22,2020-12-22 09:48:00-05:00,2020-12-22 10:33:00-05:00,short,12722.324964145053,12722.324964145053,BE,0.0,2020-12-07,-3195.99
2020-12-22,2020-12-22 10:34:00-05:00,2020-12-22 15:00:00-05:00,short,12726.133997689696,12697.25,cutoff,28.88,2020-12-15,-3167.11
2020-12-23,2020-12-23 09:48:00-05:00,2020-12-23 15:00:00-05:00,short,12660.327558671626,12701.0,cutoff,-40.67,2020-12-03,-3207.78
2020-12-24,2020-12-24 09:31:00-05:00,2020-12-24 13:14:00-05:00,short,12672.466798747515,12703.0,cutoff,-30.53,2020-12-14,-3238.31
2020-12-28,2020-12-28 09:31:00-05:00,2020-12-28 11:02:00-05:00,short,12816.798684725329,12816.798684725329,BE,0.0,2020-12-21,-3238.31
2020-12-29,2020-12-29 09:33:00-05:00,2020-12-29 15:00:00-05:00,short,12901.412761652435,12844.0,cutoff,57.41,2020-12-17,-3180.9
2020-12-30,2020-12-30 09:31:00-05:00,2020-12-30 15:00:00-05:00,short,12901.412761652435,12848.0,cutoff,53.41,2020-12-17,-3127.49
2021-01-04,2021-01-04 09:34:00-05:00,2021-01-04 11:07:00-05:00,short,12901.412761652435,12713.75,TP,187.66,2020-12-17,-2939.83
2021-01-05,2021-01-05 09:31:00-05:00,2021-01-05 10:16:00-05:00,short,12672.466798747515,12777.466798747515,SL,-105.0,2020-12-14,-3044.83
2021-01-06,2021-01-06 09:33:00-05:00,2021-01-06 11:23:00-05:00,long,12570.712238347565,12761.0,TP,190.29,2020-12-17,-2854.54
2021-01-07,2021-01-07 09:31:00-05:00,2021-01-07 10:01:00-05:00,short,12743.687013793919,12848.687013793919,SL,-105.0,2020-12-08,-2959.54
2021-01-08,2021-01-08 09:31:00-05:00,2021-01-08 15:00:00-05:00,short,13020.927210784295,13042.75,cutoff,-21.82,2021-01-07,-2981.36
2021-01-11,2021-01-11 09:31:00-05:00,2021-01-11 10:16:00-05:00,short,12972.891274962194,12972.891274962194,BE,0.0,2020-12-28,-2981.36
2021-01-12,2021-01-12 09:31:00-05:00,2021-01-12 11:15:00-05:00,short,12918.69840014535,12918.69840014535,BE,0.0,2021-01-05,-2981.36
2021-01-13,2021-01-13 09:33:00-05:00,2021-01-13 15:00:00-05:00,short,12901.412761652435,12989.25,cutoff,-87.84,2020-12-17,-3069.2
2021-01-14,2021-01-14 10:45:00-05:00,2021-01-14 15:00:00-05:00,short,13020.927210784295,12949.0,cutoff,71.93,2021-01-07,-2997.27
2021-01-15,2021-01-15 09:31:00-05:00,2021-01-15 15:00:00-05:00,short,12901.412761652435,12829.75,cutoff,71.66,2020-12-17,-2925.61
2021-01-18,2021-01-18 10:01:00-05:00,2021-01-18 12:59:00-05:00,long,12812.15602345845,12814.0,cutoff,1.84,2021-01-08,-2923.77
2021-01-19,2021-01-19 09:32:00-05:00,2021-01-19 15:00:00-05:00,short,12900.844260317794,12985.75,cutoff,-84.91,2020-12-22,-3008.68
2021-01-20,2021-01-20 09:31:00-05:00,2021-01-20 10:14:00-05:00,short,13129.140117721747,13234.140117721747,SL,-105.0,2021-01-15,-3113.68
2021-01-21,2021-01-21 10:17:00-05:00,2021-01-21 15:00:00-05:00,short,13373.571867454353,13405.25,cutoff,-31.68,2021-01-20,-3145.36
2021-01-22,2021-01-22 09:46:00-05:00,2021-01-22 11:52:00-05:00,short,13373.571867454353,13373.571867454353,BE,0.0,2021-01-20,-3145.36
2021-01-25,2021-01-25 09:34:00-05:00,2021-01-25 10:19:00-05:00,short,13530.829602947819,13530.829602947819,BE,0.0,2021-01-21,-3145.36
2021-01-25,2021-01-25 11:00:00-05:00,2021-01-25 15:00:00-05:00,short,13373.571867454353,13436.5,cutoff,-62.93,2021-01-20,-3208.29
2021-01-27,2021-01-27 09:32:00-05:00,2021-01-27 09:53:00-05:00,long,13281.87280141763,13176.87280141763,SL,-105.0,2021-01-26,-3313.29
2021-01-28,2021-01-28 09:33:00-05:00,2021-01-28 10:18:00-05:00,short,13161.060130644688,13266.060130644688,SL,-105.0,2021-01-11,-3418.29
2021-01-29,2021-01-29 09:32:00-05:00,2021-01-29 10:17:00-05:00,short,13106.257554902917,13106.257554902917,BE,0.0,2021-01-04,-3418.29
2021-01-29,2021-01-29 10:20:00-05:00,2021-01-29 12:40:00-05:00,short,13108.910184604236,12910.25,TP,198.66,2021-01-12,-3219.63
2021-02-01,2021-02-01 09:33:00-05:00,2021-02-01 10:28:00-05:00,short,13085.890264484906,13085.890264484906,BE,0.0,2021-01-13,-3219.63
2021-02-01,2021-02-01 10:41:00-05:00,2021-02-01 11:41:00-05:00,short,13081.986247428205,13186.986247428205,SL,-105.0,2021-01-19,-3324.63
2021-02-02,2021-02-02 09:32:00-05:00,2021-02-02 13:44:00-05:00,short,13373.571867454353,13478.571867454353,SL,-105.0,2021-01-20,-3429.63
2021-02-03,2021-02-03 09:33:00-05:00,2021-02-03 12:40:00-05:00,short,13481.905753848854,13481.905753848854,BE,0.0,2021-01-28,-3429.63
2021-02-05,2021-02-05 10:03:00-05:00,2021-02-05 13:16:00-05:00,short,13530.829602947819,13635.829602947819,SL,-105.0,2021-01-21,-3534.63
2021-02-08,2021-02-08 09:34:00-05:00,2021-02-08 15:00:00-05:00,short,13646.840190149836,13639.75,cutoff,7.09,2021-02-04,-3527.54
2021-02-09,2021-02-09 09:35:00-05:00,2021-02-09 15:00:00-05:00,short,13679.37719858237,13705.0,cutoff,-25.62,2021-01-26,-3553.16
2021-02-10,2021-02-10 10:21:00-05:00,2021-02-10 14:26:00-05:00,short,13646.840190149836,13646.840190149836,BE,0.0,2021-02-04,-3553.16
2021-02-11,2021-02-11 09:52:00-05:00,2021-02-11 15:00:00-05:00,short,13688.795702475387,13689.25,cutoff,-0.45,2021-01-25,-3553.61
2021-02-12,2021-02-12 09:33:00-05:00,2021-02-12 15:00:00-05:00,short,13679.37719858237,13742.25,cutoff,-62.87,2021-01-26,-3616.48
2021-02-15,2021-02-15 09:31:00-05:00,2021-02-15 12:59:00-05:00,short,13852.90228910213,13872.0,cutoff,-19.1,2021-02-09,-3635.58
2021-02-16,2021-02-16 09:32:00-05:00,2021-02-16 10:22:00-05:00,short,13852.90228910213,13852.90228910213,BE,0.0,2021-02-09,-3635.58
2021-02-16,2021-02-16 10:29:00-05:00,2021-02-16 15:00:00-05:00,short,13863.442729351453,13773.75,cutoff,89.69,2021-02-12,-3545.89
2021-02-17,2021-02-17 09:31:00-05:00,2021-02-17 10:55:00-05:00,short,13646.840190149836,13646.840190149836,BE,0.0,2021-02-04,-3545.89
2021-02-18,2021-02-18 09:31:00-05:00,2021-02-18 15:00:00-05:00,long,13538.96792257611,13643.0,cutoff,104.03,2021-02-11,-3441.86
2021-02-19,2021-02-19 09:32:00-05:00,2021-02-19 10:58:00-05:00,short,13679.37719858237,13679.37719858237,BE,0.0,2021-01-26,-3441.86
2021-02-22,2021-02-22 09:33:00-05:00,2021-02-22 11:07:00-05:00,long,13388.678340404182,13283.678340404182,SL,-105.0,2021-02-05,-3546.86
2021-02-23,2021-02-23 09:39:00-05:00,2021-02-23 09:49:00-05:00,long,12876.969246151146,12771.969246151146,SL,-105.0,2021-01-28,-3651.86
2021-02-25,2021-02-25 09:34:00-05:00,2021-02-25 10:06:00-05:00,long,13244.01621934458,13139.01621934458,SL,-105.0,2021-02-03,-3756.86
2021-02-26,2021-02-26 09:31:00-05:00,2021-02-26 10:09:00-05:00,long,12933.843969004327,12828.843969004327,SL,-105.0,2021-02-25,-3861.86
2021-03-01,2021-03-01 10:22:00-05:00,2021-03-01 15:00:00-05:00,long,13138.126875704074,13272.25,cutoff,134.12,2021-02-02,-3727.74
2021-03-02,2021-03-02 09:31:00-05:00,2021-03-02 15:00:00-05:00,short,13294.905916763611,13166.75,cutoff,128.16,2021-02-23,-3599.58
2021-03-03,2021-03-03 09:35:00-05:00,2021-03-03 09:58:00-05:00,long,13016.401124013051,12911.401124013051,SL,-105.0,2021-03-02,-3704.58
2021-03-04,2021-03-04 09:47:00-05:00,2021-03-04 10:04:00-05:00,long,12664.61277273122,12559.61277273122,SL,-105.0,2021-03-03,-3809.58
2021-03-05,2021-03-05 09:32:00-05:00,2021-03-05 09:50:00-05:00,long,12543.721079432133,12438.721079432133,SL,-105.0,2021-02-26,-3914.58
2021-03-08,2021-03-08 09:31:00-05:00,2021-03-08 11:11:00-05:00,long,12599.719083236389,12599.719083236389,BE,0.0,2021-02-23,-3914.58
2021-03-09,2021-03-09 09:31:00-05:00,2021-03-09 13:02:00-05:00,long,12599.719083236389,12795.75,TP,196.03,2021-02-23,-3718.55
2021-03-10,2021-03-10 09:31:00-05:00,2021-03-10 10:25:00-05:00,long,12933.843969004327,12828.843969004327,SL,-105.0,2021-02-25,-3823.55
2021-03-11,2021-03-11 09:34:00-05:00,2021-03-11 10:40:00-05:00,short,12996.127816601733,12996.127816601733,BE,0.0,2021-03-04,-3823.55
2021-03-12,2021-03-12 09:31:00-05:00,2021-03-12 10:16:00-05:00,long,12855.840824947016,12855.840824947016,BE,0.0,2021-03-01,-3823.55
2021-03-12,2021-03-12 10:27:00-05:00,2021-03-12 15:00:00-05:00,long,12792.389509275923,12909.25,cutoff,116.86,2021-02-24,-3706.69
2021-03-15,2021-03-15 09:33:00-04:00,2021-03-15 14:26:00-04:00,short,12909.141971053332,13014.141971053332,SL,-105.0,2021-03-08,-3811.69
2021-03-16,2021-03-16 09:32:00-04:00,2021-03-16 10:51:00-04:00,short,13171.475961304095,13276.475961304095,SL,-105.0,2021-03-11,-3916.69
2021-03-17,2021-03-17 09:33:00-04:00,2021-03-17 14:01:00-04:00,short,12996.127816601733,13101.127816601733,SL,-105.0,2021-03-04,-4021.69
2021-03-18,2021-03-18 09:31:00-04:00,2021-03-18 12:09:00-04:00,short,12996.127816601733,12996.127816601733,BE,0.0,2021-03-04,-4021.69
2021-03-19,2021-03-19 09:39:00-04:00,2021-03-19 10:08:00-04:00,long,12792.389509275923,12687.389509275923,SL,-105.0,2021-02-24,-4126.69
2021-03-22,2021-03-22 09:52:00-04:00,2021-03-22 12:05:00-04:00,short,12996.127816601733,13101.127816601733,SL,-105.0,2021-03-04,-4231.69
2021-03-23,2021-03-23 09:33:00-04:00,2021-03-23 15:00:00-04:00,short,13090.352101714769,13043.25,cutoff,47.1,2021-03-12,-4184.59
2021-03-24,2021-03-24 09:38:00-04:00,2021-03-24 10:18:00-04:00,long,13016.401124013051,12911.401124013051,SL,-105.0,2021-03-02,-4289.59
2021-03-25,2021-03-25 09:32:00-04:00,2021-03-25 10:30:00-04:00,long,12727.008373529017,12727.008373529017,BE,0.0,2021-03-15,-4289.59
2021-03-25,2021-03-25 10:32:00-04:00,2021-03-25 10:55:00-04:00,long,12739.774038695905,12634.774038695905,SL,-105.0,2021-03-11,-4394.59
2021-03-26,2021-03-26 09:31:00-04:00,2021-03-26 11:24:00-04:00,long,12767.107598941599,12767.107598941599,BE,0.0,2021-03-17,-4394.59
2021-03-29,2021-03-29 09:31:00-04:00,2021-03-29 10:00:00-04:00,long,12945.071957511602,12840.071957511602,SL,-105.0,2021-03-16,-4499.59
2021-03-30,2021-03-30 09:31:00-04:00,2021-03-30 11:11:00-04:00,short,12884.42255597324,12884.42255597324,BE,0.0,2021-03-05,-4499.59
2021-03-31,2021-03-31 09:35:00-04:00,2021-03-31 10:09:00-04:00,short,12980.679089774212,13085.679089774212,SL,-105.0,2021-03-25,-4604.59
2021-04-01,2021-04-01 09:36:00-04:00,2021-04-01 15:00:00-04:00,short,13279.716633298362,13301.5,cutoff,-21.78,2021-03-24,-4626.37
2021-04-05,2021-04-05 09:33:00-04:00,2021-04-05 11:32:00-04:00,short,13438.997987515359,13543.997987515359,SL,-105.0,2021-04-01,-4731.37
2021-04-08,2021-04-08 09:33:00-04:00,2021-04-08 10:45:00-04:00,short,13739.329262634976,13739.329262634976,BE,0.0,2021-04-06,-4731.37
2021-04-09,2021-04-09 10:04:00-04:00,2021-04-09 11:33:00-04:00,short,13739.329262634976,13739.329262634976,BE,0.0,2021-04-06,-4731.37
2021-04-12,2021-04-12 09:52:00-04:00,2021-04-12 15:00:00-04:00,short,13752.062079921416,13783.25,cutoff,-31.19,2021-04-07,-4762.56
2021-04-13,2021-04-13 09:31:00-04:00,2021-04-13 15:00:00-04:00,short,13883.3727833234,13969.75,cutoff,-86.38,2021-04-08,-4848.94
2021-04-14,2021-04-14 10:24:00-04:00,2021-04-14 15:00:00-04:00,short,13940.822384174495,13806.25,cutoff,134.57,2021-04-12,-4714.37
2021-04-15,2021-04-15 09:31:00-04:00,2021-04-15 15:00:00-04:00,short,13940.822384174495,14001.25,cutoff,-60.43,2021-04-12,-4774.8
2021-04-19,2021-04-19 10:34:00-04:00,2021-04-19 15:00:00-04:00,short,13940.822384174495,13885.5,cutoff,55.32,2021-04-12,-4719.48
2021-04-20,2021-04-20 09:36:00-04:00,2021-04-20 15:00:00-04:00,short,13883.3727833234,13744.0,cutoff,139.37,2021-04-08,-4580.11
2021-04-21,2021-04-21 09:34:00-04:00,2021-04-21 11:20:00-04:00,short,13739.329262634976,13844.329262634976,SL,-105.0,2021-04-06,-4685.11
2021-04-22,2021-04-22 09:33:00-04:00,2021-04-22 15:00:00-04:00,short,13883.3727833234,13761.75,cutoff,121.62,2021-04-08,-4563.49
2021-04-23,2021-04-23 09:32:00-04:00,2021-04-23 15:00:00-04:00,long,13807.528061776498,13961.25,cutoff,153.72,2021-04-14,-4409.77
2021-04-26,2021-04-26 09:31:00-04:00,2021-04-26 15:00:00-04:00,short,13940.822384174495,14021.25,cutoff,-80.43,2021-04-12,-4490.2
2021-04-27,2021-04-27 09:54:00-04:00,2021-04-27 11:52:00-04:00,short,13960.89952263272,13960.89952263272,BE,0.0,2021-04-21,-4490.2
2021-04-28,2021-04-28 09:48:00-04:00,2021-04-28 15:00:00-04:00,short,13940.822384174495,13953.5,cutoff,-12.68,2021-04-12,-4502.88
2021-04-29,2021-04-29 09:56:00-04:00,2021-04-29 14:42:00-04:00,short,13960.89952263272,13960.89952263272,BE,0.0,2021-04-21,-4502.88
2021-04-30,2021-04-30 09:32:00-04:00,2021-04-30 15:00:00-04:00,short,13873.479850750839,13856.5,cutoff,16.98,2021-04-09,-4485.9
2021-05-03,2021-05-03 09:41:00-04:00,2021-05-03 15:00:00-04:00,short,13873.479850750839,13812.75,cutoff,60.73,2021-04-09,-4425.17
2021-05-04,2021-05-04 09:33:00-04:00,2021-05-04 10:01:00-04:00,long,13623.32431093971,13518.32431093971,SL,-105.0,2021-04-23,-4530.17
2021-05-05,2021-05-05 09:35:00-04:00,2021-05-05 15:00:00-04:00,long,13619.677615825505,13542.25,cutoff,-77.43,2021-04-12,-4607.6
2021-05-06,2021-05-06 10:21:00-04:00,2021-05-06 12:35:00-04:00,long,13388.96846679183,13569.25,TP,180.28,2021-05-05,-4427.32
2021-05-07,2021-05-07 09:32:00-04:00,2021-05-07 10:15:00-04:00,short,13677.48205119757,13782.48205119757,SL,-105.0,2021-05-06,-4532.32
2021-05-10,2021-05-10 09:38:00-04:00,2021-05-10 14:03:00-04:00,long,13547.10047736728,13442.10047736728,SL,-105.0,2021-04-21,-4637.32
2021-05-11,2021-05-11 09:59:00-04:00,2021-05-11 10:32:00-04:00,long,13256.14294880243,13151.14294880243,SL,-105.0,2021-05-06,-4742.32
2021-05-14,2021-05-14 09:59:00-04:00,2021-05-14 15:00:00-04:00,long,13256.14294880243,13417.0,cutoff,160.86,2021-05-06,-4581.46
2021-05-17,2021-05-17 10:01:00-04:00,2021-05-17 11:10:00-04:00,long,13256.14294880243,13256.14294880243,BE,0.0,2021-05-06,-4581.46
2021-05-18,2021-05-18 10:29:00-04:00,2021-05-18 15:00:00-04:00,short,13378.42608889639,13269.25,cutoff,109.18,2021-05-12,-4472.28
2021-05-19,2021-05-19 09:47:00-04:00,2021-05-19 14:32:00-04:00,long,13034.817106139166,13216.75,TP,181.93,2021-05-14,-4290.35
2021-05-20,2021-05-20 09:41:00-04:00,2021-05-20 11:40:00-04:00,short,13378.42608889639,13483.42608889639,SL,-105.0,2021-05-12,-4395.35
2021-05-21,2021-05-21 09:31:00-04:00,2021-05-21 15:00:00-04:00,short,13556.392993626328,13442.5,cutoff,113.89,2021-05-20,-4281.46
2021-05-24,2021-05-24 09:31:00-04:00,2021-05-24 15:00:00-04:00,long,13495.178507508765,13678.75,cutoff,183.57,2021-05-07,-4097.89
2021-05-25,2021-05-25 09:32:00-04:00,2021-05-25 15:00:00-04:00,short,13721.457519968146,13644.0,cutoff,77.46,2021-05-21,-4020.43
2021-05-26,2021-05-26 09:34:00-04:00,2021-05-26 15:00:00-04:00,long,13686.343941088197,13702.5,cutoff,16.16,2021-04-30,-4004.27
2021-05-27,2021-05-27 09:31:00-04:00,2021-05-27 15:00:00-04:00,long,13686.343941088197,13665.0,cutoff,-21.34,2021-04-30,-4025.61
2021-05-28,2021-05-28 09:38:00-04:00,2021-05-28 10:23:00-04:00,short,13721.457519968146,13721.457519968146,BE,0.0,2021-05-21,-4025.61
2021-05-28,2021-05-28 10:44:00-04:00,2021-05-28 15:00:00-04:00,long,13725.04197896484,13732.25,cutoff,7.21,2021-05-03,-4018.4
2021-05-31,2021-05-31 09:31:00-04:00,2021-05-31 12:59:00-04:00,short,13677.48205119757,13654.75,cutoff,22.73,2021-05-06,-3995.67
2021-06-01,2021-06-01 09:40:00-04:00,2021-06-01 15:00:00-04:00,short,13760.993648234806,13689.25,cutoff,71.74,2021-05-24,-3923.93
2021-06-02,2021-06-02 09:33:00-04:00,2021-06-02 15:00:00-04:00,short,13677.48205119757,13636.75,cutoff,40.73,2021-05-06,-3883.2
2021-06-03,2021-06-03 09:33:00-04:00,2021-06-03 10:56:00-04:00,short,13556.392993626328,13556.392993626328,BE,0.0,2021-05-20,-3883.2
2021-06-04,2021-06-04 10:01:00-04:00,2021-06-04 15:00:00-04:00,short,13721.457519968146,13775.0,cutoff,-53.54,2021-05-21,-3936.74
2021-06-07,2021-06-07 09:35:00-04:00,2021-06-07 12:15:00-04:00,short,13760.993648234806,13760.993648234806,BE,0.0,2021-05-24,-3936.74
2021-06-08,2021-06-08 09:31:00-04:00,2021-06-08 15:00:00-04:00,short,13876.402438307223,13829.75,cutoff,46.65,2021-06-07,-3890.09
2021-06-09,2021-06-09 09:33:00-04:00,2021-06-09 15:00:00-04:00,short,13876.402438307223,13840.25,cutoff,36.15,2021-06-07,-3853.94
2021-06-10,2021-06-10 09:32:00-04:00,2021-06-10 09:45:00-04:00,short,13822.413257335193,13927.413257335193,SL,-105.0,2021-06-02,-3958.94
2021-06-14,2021-06-14 09:48:00-04:00,2021-06-14 11:27:00-04:00,short,14029.2275428399,14029.2275428399,BE,0.0,2021-06-09,-3958.94
2021-06-15,2021-06-15 09:35:00-04:00,2021-06-15 10:20:00-04:00,short,14078.729232540587,14078.729232540587,BE,0.0,2021-06-10,-3958.94
2021-06-15,2021-06-15 10:22:00-04:00,2021-06-15 15:00:00-04:00,short,14088.939740383306,14022.75,cutoff,66.19,2021-06-11,-3892.75
2021-06-16,2021-06-16 09:38:00-04:00,2021-06-16 14:43:00-04:00,short,14047.020903090288,13861.75,TP,185.27,2021-06-08,-3707.48
2021-06-17,2021-06-17 09:58:00-04:00,2021-06-17 11:16:00-04:00,short,14029.2275428399,14134.2275428399,SL,-105.0,2021-06-09,-3812.48
2021-06-18,2021-06-18 09:31:00-04:00,2021-06-18 15:00:00-04:00,short,14078.729232540587,14039.0,cutoff,39.73,2021-06-10,-3772.75
2021-06-21,2021-06-21 09:54:00-04:00,2021-06-21 13:40:00-04:00,short,14029.2275428399,14134.2275428399,SL,-105.0,2021-06-09,-3877.75
2021-06-22,2021-06-22 09:35:00-04:00,2021-06-22 15:00:00-04:00,short,14152.666148882203,14237.5,cutoff,-84.83,2021-06-14,-3962.58
2021-06-23,2021-06-23 09:31:00-04:00,2021-06-23 15:00:00-04:00,short,14282.770750377364,14280.75,cutoff,2.02,2021-06-22,-3960.56
2021-06-29,2021-06-29 09:37:00-04:00,2021-06-29 10:33:00-04:00,short,14504.101715677834,14504.101715677834,BE,0.0,2021-06-24,-3960.56
2021-06-29,2021-06-29 10:46:00-04:00,2021-06-29 11:45:00-04:00,short,14518.83836334389,14518.83836334389,BE,0.0,2021-06-25,-3960.56
2021-07-01,2021-07-01 10:22:00-04:00,2021-07-01 15:00:00-04:00,short,14518.83836334389,14542.75,cutoff,-23.91,2021-06-25,-3984.47
2021-07-02,2021-07-02 09:32:00-04:00,2021-07-02 15:00:00-04:00,short,14643.198381504113,14690.0,cutoff,-46.8,2021-06-29,-4031.27
2021-07-06,2021-07-06 09:32:00-04:00,2021-07-06 15:00:00-04:00,short,14769.97071956765,14746.25,cutoff,23.72,2021-07-02,-4007.55
2021-07-07,2021-07-07 10:05:00-04:00,2021-07-07 11:46:00-04:00,short,14806.114928665245,14806.114928665245,BE,0.0,2021-07-05,-4007.55
2021-07-08,2021-07-08 09:31:00-04:00,2021-07-08 10:21:00-04:00,long,14596.385071334755,14596.385071334755,BE,0.0,2021-07-05,-4007.55
2021-07-08,2021-07-08 10:29:00-04:00,2021-07-08 11:24:00-04:00,short,14643.198381504113,14643.198381504113,BE,0.0,2021-06-29,-4007.55
2021-07-09,2021-07-09 09:31:00-04:00,2021-07-09 11:26:00-04:00,short,14691.405258742223,14796.405258742223,SL,-105.0,2021-06-30,-4112.55
2021-07-12,2021-07-12 09:32:00-04:00,2021-07-12 15:00:00-04:00,short,14887.391992382349,14851.25,cutoff,36.14,2021-07-06,-4076.41
2021-07-13,2021-07-13 09:31:00-04:00,2021-07-13 11:19:00-04:00,short,14868.276518067436,14973.276518067436,SL,-105.0,2021-07-09,-4181.41
2021-07-15,2021-07-15 09:32:00-04:00,2021-07-15 15:00:00-04:00,short,14868.276518067436,14777.75,cutoff,90.53,2021-07-09,-4090.88
2021-07-16,2021-07-16 09:34:00-04:00,2021-07-16 15:00:00-04:00,short,14868.276518067436,14706.5,cutoff,161.78,2021-07-09,-3929.1
2021-07-19,2021-07-19 09:32:00-04:00,2021-07-19 15:00:00-04:00,long,14526.598481932564,14485.25,cutoff,-41.35,2021-07-09,-3970.45
2021-07-20,2021-07-20 09:38:00-04:00,2021-07-20 13:04:00-04:00,long,14526.598481932564,14723.5,TP,196.9,2021-07-09,-3773.55
2021-07-21,2021-07-21 09:31:00-04:00,2021-07-21 15:00:00-04:00,short,14714.46651690565,14787.75,cutoff,-73.28,2021-07-19,-3846.83
2021-07-22,2021-07-22 09:31:00-04:00,2021-07-22 15:00:00-04:00,short,14868.276518067436,14923.0,cutoff,-54.72,2021-07-09,-3901.55
2021-07-23,2021-07-23 10:38:00-04:00,2021-07-23 15:00:00-04:00,short,15016.540561816731,15101.25,cutoff,-84.71,2021-07-16,-3986.26
2021-07-26,2021-07-26 09:34:00-04:00,2021-07-26 15:00:00-04:00,short,15057.337714992897,15118.25,cutoff,-60.91,2021-07-15,-4047.17
2021-07-27,2021-07-27 09:44:00-04:00,2021-07-27 11:29:00-04:00,short,15063.460081295536,14871.0,TP,192.46,2021-07-13,-3854.71
2021-07-28,2021-07-28 09:31:00-04:00,2021-07-28 10:16:00-04:00,short,15016.540561816731,15016.540561816731,BE,0.0,2021-07-16,-3854.71
2021-07-28,2021-07-28 10:17:00-04:00,2021-07-28 15:00:00-04:00,short,15034.330091202091,15008.75,cutoff,25.58,2021-07-07,-3829.13
2021-07-29,2021-07-29 09:32:00-04:00,2021-07-29 15:00:00-04:00,short,15016.540561816731,15054.0,cutoff,-37.46,2021-07-16,-3866.59
2021-07-30,2021-07-30 09:33:00-04:00,2021-07-30 15:00:00-04:00,short,14887.391992382349,14954.25,cutoff,-66.86,2021-07-06,-3933.45
2021-08-02,2021-08-02 09:31:00-04:00,2021-08-02 11:06:00-04:00,short,15034.330091202091,15034.330091202091,BE,0.0,2021-07-07,-3933.45
2021-08-03,2021-08-03 09:55:00-04:00,2021-08-03 15:00:00-04:00,long,14921.995893743886,15025.25,cutoff,103.25,2021-07-26,-3830.2
2021-08-04,2021-08-04 09:31:00-04:00,2021-08-04 12:00:00-04:00,short,15057.337714992897,15057.337714992897,BE,0.0,2021-07-15,-3830.2
2021-08-05,2021-08-05 09:33:00-04:00,2021-08-05 15:00:00-04:00,short,15086.052130476923,15152.25,cutoff,-66.2,2021-07-30,-3896.4
2021-08-06,2021-08-06 09:31:00-04:00,2021-08-06 10:31:00-04:00,short,15120.247136821468,15120.247136821468,BE,0.0,2021-07-14,-3896.4
2021-08-09,2021-08-09 09:31:00-04:00,2021-08-09 10:30:00-04:00,short,15131.453675077988,15131.453675077988,BE,0.0,2021-07-23,-3896.4
2021-08-09,2021-08-09 10:55:00-04:00,2021-08-09 11:59:00-04:00,short,15120.247136821468,15120.247136821468,BE,0.0,2021-07-14,-3896.4
2021-08-10,2021-08-10 09:34:00-04:00,2021-08-10 15:00:00-04:00,short,15131.453675077988,15052.5,cutoff,78.95,2021-07-23,-3817.45
2021-08-11,2021-08-11 09:39:00-04:00,2021-08-11 15:00:00-04:00,short,15086.052130476923,15013.75,cutoff,72.3,2021-07-30,-3745.15
2021-08-12,2021-08-12 09:35:00-04:00,2021-08-12 15:00:00-04:00,long,14970.770581591882,15075.5,cutoff,104.73,2021-08-06,-3640.42
2021-08-13,2021-08-13 09:35:00-04:00,2021-08-13 15:00:00-04:00,short,15086.052130476923,15107.75,cutoff,-21.7,2021-07-30,-3662.12
2021-08-16,2021-08-16 09:31:00-04:00,2021-08-16 14:08:00-04:00,short,15086.052130476923,15086.052130476923,BE,0.0,2021-07-30,-3662.12
2021-08-17,2021-08-17 09:36:00-04:00,2021-08-17 10:28:00-04:00,short,15012.191094334647,15012.191094334647,BE,0.0,2021-07-22,-3662.12
2021-08-18,2021-08-18 09:51:00-04:00,2021-08-18 15:00:00-04:00,short,15012.191094334647,14988.5,cutoff,23.69,2021-07-22,-3638.43
2021-08-19,2021-08-19 09:32:00-04:00,2021-08-19 15:00:00-04:00,long,14820.000132088157,14935.25,cutoff,115.25,2021-08-02,-3523.18
2021-08-20,2021-08-20 09:31:00-04:00,2021-08-20 15:00:00-04:00,long,14966.471670240944,15065.5,cutoff,99.03,2021-08-10,-3424.15
2021-08-23,2021-08-23 09:32:00-04:00,2021-08-23 10:40:00-04:00,short,15160.25267047382,15265.25267047382,SL,-105.0,2021-08-12,-3529.15
2021-08-24,2021-08-24 10:09:00-04:00,2021-08-24 11:18:00-04:00,short,15364.265950275054,15364.265950275054,BE,0.0,2021-08-23,-3529.15
2021-08-25,2021-08-25 10:08:00-04:00,2021-08-25 11:43:00-04:00,short,15364.265950275054,15364.265950275054,BE,0.0,2021-08-23,-3529.15
2021-08-26,2021-08-26 10:06:00-04:00,2021-08-26 15:00:00-04:00,short,15364.265950275054,15294.0,cutoff,70.27,2021-08-23,-3458.88
2021-08-27,2021-08-27 09:40:00-04:00,2021-08-27 10:15:00-04:00,short,15293.903329759056,15398.903329759056,SL,-105.0,2021-08-10,-3563.88
2021-08-30,2021-08-30 09:33:00-04:00,2021-08-30 11:46:00-04:00,short,15484.655610356942,15589.655610356942,SL,-105.0,2021-08-24,-3668.88
2021-08-31,2021-08-31 09:37:00-04:00,2021-08-31 10:24:00-04:00,short,15552.237212514417,15552.237212514417,BE,0.0,2021-08-27,-3668.88
2021-09-01,2021-09-01 09:44:00-04:00,2021-09-01 10:29:00-04:00,short,15671.691483257986,15671.691483257986,BE,0.0,2021-08-30,-3668.88
2021-09-02,2021-09-02 09:34:00-04:00,2021-09-02 15:00:00-04:00,short,15671.691483257986,15598.5,cutoff,73.19,2021-08-30,-3595.69
2021-09-07,2021-09-07 10:49:00-04:00,2021-09-07 11:55:00-04:00,short,15671.691483257986,15671.691483257986,BE,0.0,2021-08-30,-3595.69
2021-09-08,2021-09-08 10:38:00-04:00,2021-09-08 11:32:00-04:00,long,15570.883865846456,15570.883865846456,BE,0.0,2021-09-06,-3595.69
2021-09-09,2021-09-09 09:45:00-04:00,2021-09-09 15:00:00-04:00,short,15671.691483257986,15597.75,cutoff,73.94,2021-08-30,-3521.75
2021-09-10,2021-09-10 10:33:00-04:00,2021-09-10 11:18:00-04:00,long,15570.883865846456,15570.883865846456,BE,0.0,2021-09-06,-3521.75
2021-09-13,2021-09-13 09:32:00-04:00,2021-09-13 11:19:00-04:00,short,15552.237212514417,15366.25,TP,185.99,2021-08-27,-3335.76
2021-09-14,2021-09-14 09:32:00-04:00,2021-09-14 10:40:00-04:00,long,15501.736134071361,15396.736134071361,SL,-105.0,2021-09-02,-3440.76
2021-09-15,2021-09-15 09:31:00-04:00,2021-09-15 10:13:00-04:00,long,15415.380775283047,15310.380775283047,SL,-105.0,2021-08-31,-3545.76
2021-09-16,2021-09-16 09:34:00-04:00,2021-09-16 15:00:00-04:00,long,15461.689060791025,15493.5,cutoff,31.81,2021-09-10,-3513.95
2021-09-17,2021-09-17 09:36:00-04:00,2021-09-17 11:32:00-04:00,long,15415.380775283047,15310.380775283047,SL,-105.0,2021-08-31,-3618.95
2021-09-20,2021-09-20 09:32:00-04:00,2021-09-20 10:46:00-04:00,long,15103.137787485583,14998.137787485583,SL,-105.0,2021-08-27,-3723.95
2021-09-21,2021-09-21 09:56:00-04:00,2021-09-21 10:48:00-04:00,long,15103.137787485583,14998.137787485583,SL,-105.0,2021-08-27,-3828.95
2021-09-22,2021-09-22 10:08:00-04:00,2021-09-22 14:00:00-04:00,long,15103.137787485583,15103.137787485583,BE,0.0,2021-08-27,-3828.95
2021-09-23,2021-09-23 09:31:00-04:00,2021-09-23 15:00:00-04:00,long,15224.9403948474,15330.0,cutoff,105.06,2021-09-13,-3723.89
2021-09-24,2021-09-24 09:39:00-04:00,2021-09-24 10:33:00-04:00,long,15224.9403948474,15224.9403948474,BE,0.0,2021-09-13,-3723.89
2021-09-24,2021-09-24 10:39:00-04:00,2021-09-24 15:00:00-04:00,long,15241.178088679098,15302.5,cutoff,61.32,2021-09-16,-3662.57
2021-09-27,2021-09-27 09:32:00-04:00,2021-09-27 15:00:00-04:00,long,15177.757575355927,15198.25,cutoff,20.49,2021-09-15,-3642.08
2021-09-28,2021-09-28 09:33:00-04:00,2021-09-28 10:06:00-04:00,long,14996.315256417569,14891.315256417569,SL,-105.0,2021-09-23,-3747.08
2021-09-29,2021-09-29 09:32:00-04:00,2021-09-29 10:31:00-04:00,long,14832.556144648473,14832.556144648473,BE,0.0,2021-09-21,-3747.08
2021-09-29,2021-09-29 10:36:00-04:00,2021-09-29 12:25:00-04:00,long,14839.076622902856,14734.076622902856,SL,-105.0,2021-09-22,-3852.08
2021-09-30,2021-09-30 09:37:00-04:00,2021-09-30 11:40:00-04:00,long,14859.188804951025,14754.188804951025,SL,-105.0,2021-09-20,-3957.08
2021-10-01,2021-10-01 09:31:00-04:00,2021-10-01 10:15:00-04:00,long,14700.565788853175,14595.565788853175,SL,-105.0,2021-09-28,-4062.08
2021-10-04,2021-10-04 09:32:00-04:00,2021-10-04 09:43:00-04:00,long,14700.565788853175,14595.565788853175,SL,-105.0,2021-09-28,-4167.08
2021-10-05,2021-10-05 10:05:00-04:00,2021-10-05 15:00:00-04:00,long,14599.441719688431,14733.25,cutoff,133.81,2021-09-29,-4033.27
2021-10-06,2021-10-06 09:41:00-04:00,2021-10-06 10:02:00-04:00,long,14599.441719688431,14494.441719688431,SL,-105.0,2021-09-29,-4138.27
2021-10-07,2021-10-07 09:59:00-04:00,2021-10-07 15:00:00-04:00,short,14955.978758632344,14927.25,cutoff,28.73,2021-10-04,-4109.54
2021-10-08,2021-10-08 09:36:00-04:00,2021-10-08 10:39:00-04:00,long,14859.188804951025,14859.188804951025,BE,0.0,2021-09-20,-4109.54
2021-10-08,2021-10-08 10:40:00-04:00,2021-10-08 11:33:00-04:00,long,14839.076622902856,14839.076622902856,BE,0.0,2021-09-22,-4109.54
2021-10-11,2021-10-11 09:35:00-04:00,2021-10-11 10:20:00-04:00,short,14790.825392440318,14895.825392440318,SL,-105.0,2021-10-05,-4214.54
2021-10-12,2021-10-12 09:32:00-04:00,2021-10-12 15:00:00-04:00,long,14720.10499822078,14670.25,cutoff,-49.85,2021-10-08,-4264.39
2021-10-13,2021-10-13 09:33:00-04:00,2021-10-13 15:00:00-04:00,long,14720.10499822078,14744.0,cutoff,23.9,2021-10-08,-4240.49
2021-10-14,2021-10-14 09:43:00-04:00,2021-10-14 12:49:00-04:00,short,14938.793156548334,15043.793156548334,SL,-105.0,2021-10-13,-4345.49
2021-10-15,2021-10-15 09:32:00-04:00,2021-10-15 10:19:00-04:00,short,15065.183280311569,15065.183280311569,BE,0.0,2021-09-29,-4345.49
2021-10-15,2021-10-15 10:29:00-04:00,2021-10-15 15:00:00-04:00,long,15050.330935754642,15115.25,cutoff,64.92,2021-09-24,-4280.57
2021-10-18,2021-10-18 09:35:00-04:00,2021-10-18 10:55:00-04:00,short,15065.183280311569,15170.183280311569,SL,-105.0,2021-09-29,-4385.57
2021-10-19,2021-10-19 10:58:00-04:00,2021-10-19 11:44:00-04:00,short,15374.50773238502,15374.50773238502,BE,0.0,2021-09-27,-4385.57
2021-10-21,2021-10-21 09:41:00-04:00,2021-10-21 15:00:00-04:00,short,15374.50773238502,15440.5,cutoff,-65.99,2021-09-27,-4451.56
2021-10-27,2021-10-27 09:35:00-04:00,2021-10-27 12:42:00-04:00,short,15579.37207458463,15684.37207458463,SL,-105.0,2021-10-22,-4556.56
2021-11-01,2021-11-01 09:39:00-04:00,2021-11-01 10:26:00-04:00,short,15820.419023836192,15820.419023836192,BE,0.0,2021-10-29,-4556.56
2021-11-01,2021-11-01 10:39:00-04:00,2021-11-01 15:00:00-04:00,short,15806.826487759488,15825.75,cutoff,-18.92,2021-10-26,-4575.48
2021-11-05,2021-11-05 09:33:00-04:00,2021-11-05 15:00:00-04:00,short,16425.401381401833,16368.25,cutoff,57.15,2021-11-04,-4518.33
2021-11-09,2021-11-09 09:58:00-05:00,2021-11-09 11:12:00-05:00,long,16240.353578456474,16240.353578456474,BE,0.0,2021-11-05,-4518.33
2021-11-10,2021-11-10 09:32:00-05:00,2021-11-10 13:06:00-05:00,long,16056.304931374681,16056.304931374681,BE,0.0,2021-11-09,-4518.33
2021-11-11,2021-11-11 09:38:00-05:00,2021-11-11 10:42:00-05:00,short,16076.619466408012,16076.619466408012,BE,0.0,2021-11-02,-4518.33
2021-11-12,2021-11-12 09:33:00-05:00,2021-11-12 10:45:00-05:00,short,16076.619466408012,16076.619466408012,BE,0.0,2021-11-02,-4518.33
2021-11-15,2021-11-15 09:32:00-05:00,2021-11-15 15:00:00-05:00,short,16237.909274838707,16175.0,cutoff,62.91,2021-11-12,-4455.42
2021-11-16,2021-11-16 09:36:00-05:00,2021-11-16 10:22:00-05:00,short,16237.909274838707,16237.909274838707,BE,0.0,2021-11-12,-4455.42
2021-11-18,2021-11-18 09:31:00-05:00,2021-11-18 11:18:00-05:00,short,16386.3542351281,16386.3542351281,BE,0.0,2021-11-16,-4455.42
2021-11-19,2021-11-19 09:32:00-05:00,2021-11-19 15:00:00-05:00,short,16533.348439223577,16582.25,cutoff,-48.9,2021-11-08,-4504.32
2021-11-22,2021-11-22 10:04:00-05:00,2021-11-22 11:56:00-05:00,short,16756.992745632924,16502.75,TP,254.24,2021-11-19,-4250.08
2021-11-23,2021-11-23 09:44:00-05:00,2021-11-23 10:27:00-05:00,long,16358.632254367074,16253.632254367074,SL,-105.0,2021-11-19,-4355.08
2021-11-24,2021-11-24 09:31:00-05:00,2021-11-24 15:00:00-05:00,long,16172.026560776421,16324.5,cutoff,152.47,2021-11-08,-4202.61
2021-11-25,2021-11-25 09:35:00-05:00,2021-11-25 12:59:00-05:00,short,16386.3542351281,16404.5,cutoff,-18.15,2021-11-16,-4220.76
2021-11-26,2021-11-26 09:31:00-05:00,2021-11-26 11:25:00-05:00,short,16273.028589163645,16051.0,TP,222.03,2021-11-11,-3998.73
2021-11-29,2021-11-29 09:31:00-05:00,2021-11-29 12:07:00-05:00,short,16273.028589163645,16378.028589163645,SL,-105.0,2021-11-11,-4103.73
2021-11-30,2021-11-30 09:33:00-05:00,2021-11-30 10:36:00-05:00,long,16358.632254367074,16358.632254367074,BE,0.0,2021-11-19,-4103.73
2021-11-30,2021-11-30 10:51:00-05:00,2021-11-30 15:00:00-05:00,short,16273.028589163645,16150.75,cutoff,122.28,2021-11-11,-3981.45
2021-12-01,2021-12-01 10:03:00-05:00,2021-12-01 12:59:00-05:00,long,16358.632254367074,16253.632254367074,SL,-105.0,2021-11-19,-4086.45
2021-12-02,2021-12-02 09:33:00-05:00,2021-12-02 10:18:00-05:00,long,15853.909696935905,15853.909696935905,BE,0.0,2021-11-10,-4086.45
2021-12-02,2021-12-02 10:24:00-05:00,2021-12-02 10:45:00-05:00,long,15871.965725161293,15766.965725161293,SL,-105.0,2021-11-12,-4191.45
2021-12-03,2021-12-03 09:32:00-05:00,2021-12-03 09:43:00-05:00,long,16056.304931374681,15951.304931374681,SL,-105.0,2021-11-09,-4296.45
2021-12-07,2021-12-07 09:33:00-05:00,2021-12-07 14:01:00-05:00,long,16143.1823643428,16323.25,TP,180.07,2021-11-17,-4116.38
2021-12-08,2021-12-08 09:32:00-05:00,2021-12-08 13:48:00-05:00,short,16273.028589163645,16378.028589163645,SL,-105.0,2021-11-11,-4221.38
2021-12-09,2021-12-09 09:32:00-05:00,2021-12-09 10:39:00-05:00,long,16358.632254367074,16253.632254367074,SL,-105.0,2021-11-19,-4326.38
2021-12-10,2021-12-10 09:45:00-05:00,2021-12-10 10:35:00-05:00,long,16226.186692272446,16226.186692272446,BE,0.0,2021-11-25,-4326.38
2021-12-10,2021-12-10 10:36:00-05:00,2021-12-10 11:43:00-05:00,short,16221.309859915767,16221.309859915767,BE,0.0,2021-12-02,-4326.38
2021-12-13,2021-12-13 10:24:00-05:00,2021-12-13 11:50:00-05:00,long,16226.186692272446,16121.186692272446,SL,-105.0,2021-11-25,-4431.38
2021-12-14,2021-12-14 09:38:00-05:00,2021-12-14 10:51:00-05:00,long,15931.566400186064,15826.566400186064,SL,-105.0,2021-11-24,-4536.38
2021-12-15,2021-12-15 09:32:00-05:00,2021-12-15 11:43:00-05:00,long,15869.1494347324,15764.1494347324,SL,-105.0,2021-12-07,-4641.38
2021-12-16,2021-12-16 09:41:00-05:00,2021-12-16 10:02:00-05:00,long,16226.186692272446,16121.186692272446,SL,-105.0,2021-11-25,-4746.38
2021-12-17,2021-12-17 09:42:00-05:00,2021-12-17 10:50:00-05:00,long,15660.17671606175,15861.5,TP,201.32,2021-12-14,-4545.06
2021-12-17,2021-12-17 10:56:00-05:00,2021-12-17 11:49:00-05:00,long,15869.1494347324,15764.1494347324,SL,-105.0,2021-12-07,-4650.06
2021-12-20,2021-12-20 10:58:00-05:00,2021-12-20 15:00:00-05:00,long,15538.9746333709,15596.75,cutoff,57.78,2021-12-03,-4592.28
2021-12-21,2021-12-21 10:03:00-05:00,2021-12-21 14:39:00-05:00,long,15660.17671606175,15926.75,TP,266.57,2021-12-14,-4325.71
2021-12-22,2021-12-22 09:31:00-05:00,2021-12-22 15:00:00-05:00,long,15951.094167052801,16115.0,cutoff,163.91,2021-11-26,-4161.8
2021-12-23,2021-12-23 09:32:00-05:00,2021-12-23 11:10:00-05:00,short,16200.362242887906,16305.362242887906,SL,-105.0,2021-12-22,-4266.8
2021-12-27,2021-12-27 09:32:00-05:00,2021-12-27 10:30:00-05:00,short,16403.39085923301,16508.39085923301,SL,-105.0,2021-12-23,-4371.8
2021-12-28,2021-12-28 09:32:00-05:00,2021-12-28 10:35:00-05:00,short,16572.19648581951,16572.19648581951,BE,0.0,2021-12-01,-4371.8
2021-12-28,2021-12-28 10:43:00-05:00,2021-12-28 11:54:00-05:00,short,16546.317585297707,16546.317585297707,BE,0.0,2021-12-08,-4371.8
2021-12-29,2021-12-29 09:31:00-05:00,2021-12-29 15:00:00-05:00,short,16544.69953135999,16498.25,cutoff,46.45,2021-12-13,-4325.35
2021-12-30,2021-12-30 09:36:00-05:00,2021-12-30 15:00:00-05:00,short,16514.47586666108,16524.25,cutoff,-9.77,2021-12-10,-4335.12
2021-12-31,2021-12-31 09:31:00-05:00,2021-12-31 10:19:00-05:00,short,16420.0253666291,16420.0253666291,BE,0.0,2021-12-03,-4335.12
2021-12-31,2021-12-31 10:26:00-05:00,2021-12-31 11:28:00-05:00,short,16403.39085923301,16403.39085923301,BE,0.0,2021-12-23,-4335.12
2022-01-03,2022-01-03 09:34:00-05:00,2022-01-03 13:41:00-05:00,short,16444.1005652676,16444.1005652676,BE,0.0,2021-12-07,-4335.12
2022-01-04,2022-01-04 10:29:00-05:00,2022-01-04 11:00:00-05:00,short,16403.39085923301,16223.25,TP,180.14,2021-12-23,-4154.98
2022-01-05,2022-01-05 09:31:00-05:00,2022-01-05 10:25:00-05:00,short,16200.362242887906,16200.362242887906,BE,0.0,2021-12-22,-4154.98
2022-01-05,2022-01-05 10:28:00-05:00,2022-01-05 12:33:00-05:00,long,16203.634290688531,16098.634290688531,SL,-105.0,2021-12-31,-4259.98
2022-01-06,2022-01-06 09:36:00-05:00,2022-01-06 10:06:00-05:00,short,15823.338074885565,15641.5,TP,181.84,2021-12-20,-4078.14
2022-01-06,2022-01-06 10:09:00-05:00,2022-01-06 10:57:00-05:00,long,15654.603758391648,15846.5,TP,191.9,2021-12-15,-3886.24
2022-01-07,2022-01-07 09:31:00-05:00,2022-01-07 10:30:00-05:00,long,15750.887757112094,15645.887757112094,SL,-105.0,2021-12-22,-3991.24
2022-01-10,2022-01-10 09:31:00-05:00,2022-01-10 09:57:00-05:00,long,15355.536925114435,15250.536925114435,SL,-105.0,2021-12-20,-4096.24
2022-01-11,2022-01-11 10:12:00-05:00,2022-01-11 11:06:00-05:00,short,15645.538295963997,15645.538295963997,BE,0.0,2022-01-10,-4096.24
2022-01-12,2022-01-12 09:35:00-05:00,2022-01-12 10:31:00-05:00,long,15946.121477519668,15946.121477519668,BE,0.0,2021-12-16,-4096.24
2022-01-13,2022-01-13 09:31:00-05:00,2022-01-13 10:18:00-05:00,long,15946.121477519668,15841.121477519668,SL,-105.0,2021-12-16,-4201.24
2022-01-14,2022-01-14 09:33:00-05:00,2022-01-14 11:07:00-05:00,long,15446.47747178147,15446.47747178147,BE,0.0,2021-12-17,-4201.24
2022-01-18,2022-01-18 09:35:00-05:00,2022-01-18 11:08:00-05:00,long,15288.82998890561,15288.82998890561,BE,0.0,2022-01-11,-4201.24
2022-01-19,2022-01-19 09:33:00-05:00,2022-01-19 10:27:00-05:00,long,15288.82998890561,15288.82998890561,BE,0.0,2022-01-11,-4201.24
2022-01-20,2022-01-20 10:38:00-05:00,2022-01-20 13:17:00-05:00,long,15288.82998890561,15183.82998890561,SL,-105.0,2022-01-11,-4306.24
2022-01-26,2022-01-26 10:45:00-05:00,2022-01-26 12:46:00-05:00,long,14333.793796523118,14526.5,TP,192.71,2022-01-21,-4113.53
2022-01-27,2022-01-27 09:33:00-05:00,2022-01-27 10:23:00-05:00,long,14333.793796523118,14333.793796523118,BE,0.0,2022-01-21,-4113.53
2022-01-28,2022-01-28 09:33:00-05:00,2022-01-28 09:45:00-05:00,long,13994.623343442407,13889.623343442407,SL,-105.0,2022-01-27,-4218.53
2022-01-31,2022-01-31 09:39:00-05:00,2022-01-31 10:02:00-05:00,short,14545.049395246057,14650.049395246057,SL,-105.0,2022-01-24,-4323.53
2022-02-01,2022-02-01 10:02:00-05:00,2022-02-01 10:47:00-05:00,short,14779.71291498388,14779.71291498388,BE,0.0,2022-01-26,-4323.53
2022-02-02,2022-02-02 09:31:00-05:00,2022-02-02 10:35:00-05:00,long,15125.980470062965,15020.980470062965,SL,-105.0,2022-01-14,-4428.53
2022-02-03,2022-02-03 09:38:00-05:00,2022-02-03 14:55:00-05:00,short,14779.71291498388,14589.0,TP,190.71,2022-01-26,-4237.82
2022-02-04,2022-02-04 09:35:00-05:00,2022-02-04 10:16:00-05:00,long,14452.756770548807,14635.5,TP,182.74,2022-02-03,-4055.08
2022-02-04,2022-02-04 10:18:00-05:00,2022-02-04 11:16:00-05:00,short,14659.001656557593,14471.75,TP,187.25,2022-01-27,-3867.83
2022-02-07,2022-02-07 09:42:00-05:00,2022-02-07 11:50:00-05:00,short,14779.71291498388,14597.5,TP,182.21,2022-01-26,-3685.62
2022-02-08,2022-02-08 09:31:00-05:00,2022-02-08 10:17:00-05:00,short,14545.049395246057,14545.049395246057,BE,0.0,2022-01-24,-3685.62
2022-02-08,2022-02-08 10:45:00-05:00,2022-02-08 11:30:00-05:00,short,14579.523183272082,14684.523183272082,SL,-105.0,2022-01-25,-3790.62
2022-02-09,2022-02-09 09:33:00-05:00,2022-02-09 10:36:00-05:00,short,14934.757318438846,14934.757318438846,BE,0.0,2022-01-31,-3790.62
2022-02-10,2022-02-10 09:31:00-05:00,2022-02-10 09:50:00-05:00,short,14768.196394257095,14873.196394257095,SL,-105.0,2022-02-08,-3895.62
2022-02-11,2022-02-11 09:35:00-05:00,2022-02-11 11:15:00-05:00,long,14686.470129208425,14581.470129208425,SL,-105.0,2022-02-09,-4000.62
2022-02-14,2022-02-14 09:32:00-05:00,2022-02-14 13:53:00-05:00,long,14196.16912268458,14196.16912268458,BE,0.0,2022-02-04,-4000.62
2022-02-15,2022-02-15 09:31:00-05:00,2022-02-15 10:21:00-05:00,long,14461.172062692864,14461.172062692864,BE,0.0,2022-02-07,-4000.62
2022-02-15,2022-02-15 10:22:00-05:00,2022-02-15 12:47:00-05:00,long,14452.756770548807,14452.756770548807,BE,0.0,2022-02-03,-4000.62
2022-02-16,2022-02-16 09:32:00-05:00,2022-02-16 15:00:00-05:00,long,14470.41572822041,14587.0,cutoff,116.58,2022-02-10,-3884.04
2022-02-17,2022-02-17 09:32:00-05:00,2022-02-17 10:21:00-05:00,long,14452.756770548807,14347.756770548807,SL,-105.0,2022-02-03,-3989.04
2022-02-18,2022-02-18 09:31:00-05:00,2022-02-18 09:41:00-05:00,long,14196.16912268458,14091.16912268458,SL,-105.0,2022-02-04,-4094.04
2022-02-21,2022-02-21 09:46:00-05:00,2022-02-21 10:48:00-05:00,long,13810.601816727918,13810.601816727918,BE,0.0,2022-01-25,-4094.04
2022-02-22,2022-02-22 09:33:00-05:00,2022-02-22 10:29:00-05:00,long,13887.148206149974,14084.5,TP,197.35,2022-02-18,-3896.69
2022-02-22,2022-02-22 10:43:00-05:00,2022-02-22 11:19:00-05:00,long,13994.623343442407,13889.623343442407,SL,-105.0,2022-01-27,-4001.69
2022-02-23,2022-02-23 09:31:00-05:00,2022-02-23 09:55:00-05:00,long,13994.623343442407,13889.623343442407,SL,-105.0,2022-01-27,-4106.69
2022-02-25,2022-02-25 09:31:00-05:00,2022-02-25 10:02:00-05:00,long,13943.896446618513,13838.896446618513,SL,-105.0,2022-02-14,-4211.69
2022-02-28,2022-02-28 09:39:00-05:00,2022-02-28 10:40:00-05:00,short,14078.253565031777,14183.253565031777,SL,-105.0,2022-02-21,-4316.69
2022-03-01,2022-03-01 09:32:00-05:00,2022-03-01 10:43:00-05:00,long,14167.059511726718,14167.059511726718,BE,0.0,2022-02-17,-4316.69
2022-03-02,2022-03-02 09:43:00-05:00,2022-03-02 10:29:00-05:00,short,14078.253565031777,14078.253565031777,BE,0.0,2022-02-21,-4316.69
2022-03-03,2022-03-03 09:32:00-05:00,2022-03-03 10:44:00-05:00,short,14321.309474498965,14109.25,TP,212.06,2022-02-28,-4104.63
2022-03-04,2022-03-04 09:31:00-05:00,2022-03-04 09:47:00-05:00,long,13953.51822142953,13848.51822142953,SL,-105.0,2022-03-03,-4209.63
2022-03-07,2022-03-07 09:34:00-05:00,2022-03-07 09:58:00-05:00,long,13812.940525501035,13707.940525501035,SL,-105.0,2022-02-28,-4314.63
2022-03-08,2022-03-08 09:44:00-05:00,2022-03-08 09:54:00-05:00,long,13364.883448128021,13259.883448128021,SL,-105.0,2022-03-07,-4419.63
2022-03-09,2022-03-09 09:31:00-05:00,2022-03-09 15:00:00-05:00,long,13583.380709007208,13723.0,cutoff,139.62,2022-02-22,-4280.01
2022-03-10,2022-03-10 10:18:00-05:00,2022-03-10 10:33:00-05:00,long,13583.380709007208,13478.380709007208,SL,-105.0,2022-02-22,-4385.01
2022-03-11,2022-03-11 09:38:00-05:00,2022-03-11 10:00:00-05:00,long,13650.556040944171,13545.556040944171,SL,-105.0,2022-02-25,-4490.01
2022-03-14,2022-03-14 09:47:00-04:00,2022-03-14 11:20:00-04:00,long,13285.748383831722,13285.748383831722,BE,0.0,2022-03-09,-4490.01
2022-03-15,2022-03-15 10:32:00-04:00,2022-03-15 12:03:00-04:00,long,13285.748383831722,13285.748383831722,BE,0.0,2022-03-09,-4490.01
2022-03-16,2022-03-16 09:31:00-04:00,2022-03-16 10:15:00-04:00,short,13656.920458119774,13761.920458119774,SL,-105.0,2022-02-24,-4595.01
2022-03-17,2022-03-17 09:39:00-04:00,2022-03-17 10:05:00-04:00,short,13889.501616168278,13994.501616168278,SL,-105.0,2022-03-09,-4700.01
2022-03-18,2022-03-18 09:36:00-04:00,2022-03-18 10:04:00-04:00,short,14078.253565031777,14183.253565031777,SL,-105.0,2022-02-21,-4805.01
2022-03-21,2022-03-21 09:38:00-04:00,2022-03-21 11:25:00-04:00,short,14418.448845951578,14418.448845951578,BE,0.0,2022-03-18,-4805.01
2022-03-22,2022-03-22 09:31:00-04:00,2022-03-22 10:02:00-04:00,short,14418.448845951578,14523.448845951578,SL,-105.0,2022-03-18,-4910.01
2022-03-24,2022-03-24 10:19:00-04:00,2022-03-24 11:01:00-04:00,short,14453.856455113139,14558.856455113139,SL,-105.0,2022-03-01,-5015.01
2022-03-25,2022-03-25 09:31:00-04:00,2022-03-25 10:24:00-04:00,short,14773.78829240921,14773.78829240921,BE,0.0,2022-03-23,-5015.01
2022-03-25,2022-03-25 10:27:00-04:00,2022-03-25 15:00:00-04:00,short,14757.37972984562,14738.5,cutoff,18.88,2022-03-22,-4996.13
2022-03-28,2022-03-28 09:31:00-04:00,2022-03-28 09:42:00-04:00,short,14773.78829240921,14878.78829240921,SL,-105.0,2022-03-23,-5101.13
2022-03-29,2022-03-29 10:15:00-04:00,2022-03-29 11:48:00-04:00,short,15057.055654262684,15162.055654262684,SL,-105.0,2022-03-28,-5206.13
2022-03-31,2022-03-31 10:02:00-04:00,2022-03-31 13:13:00-04:00,long,14970.528899214507,14970.528899214507,BE,0.0,2022-03-30,-5206.13
2022-04-01,2022-04-01 09:50:00-04:00,2022-04-01 10:39:00-04:00,long,14854.153631311128,14854.153631311128,BE,0.0,2022-03-29,-5206.13
2022-04-04,2022-04-04 09:40:00-04:00,2022-04-04 11:01:00-04:00,short,14969.360156797778,15074.360156797778,SL,-105.0,2022-03-25,-5311.13
2022-04-05,2022-04-05 09:31:00-04:00,2022-04-05 10:46:00-04:00,short,15120.949102656632,14938.25,TP,182.7,2022-04-01,-5128.43
2022-04-05,2022-04-05 10:53:00-04:00,2022-04-05 15:00:00-04:00,short,14969.360156797778,14870.5,cutoff,98.86,2022-03-25,-5029.57
2022-04-06,2022-04-06 09:44:00-04:00,2022-04-06 12:22:00-04:00,long,14535.264843202222,14430.264843202222,SL,-105.0,2022-03-25,-5134.57
2022-04-07,2022-04-07 09:35:00-04:00,2022-04-07 10:49:00-04:00,long,14535.264843202222,14430.264843202222,SL,-105.0,2022-03-25,-5239.57
2022-04-08,2022-04-08 09:34:00-04:00,2022-04-08 10:31:00-04:00,short,14418.448845951578,14418.448845951578,BE,0.0,2022-03-18,-5239.57
2022-04-11,2022-04-11 09:31:00-04:00,2022-04-11 10:41:00-04:00,long,14161.646099407772,14056.646099407772,SL,-105.0,2022-04-08,-5344.57
2022-04-12,2022-04-12 09:31:00-04:00,2022-04-12 10:37:00-04:00,long,14161.646099407772,14161.646099407772,BE,0.0,2022-04-08,-5344.57
2022-04-12,2022-04-12 10:48:00-04:00,2022-04-12 12:07:00-04:00,long,14121.37027015438,14121.37027015438,BE,0.0,2022-03-22,-5344.57
2022-04-13,2022-04-13 09:47:00-04:00,2022-04-13 15:00:00-04:00,long,14039.052082115206,14204.5,cutoff,165.45,2022-03-21,-5179.12
2022-04-14,2022-04-14 09:40:00-04:00,2022-04-14 10:08:00-04:00,long,14161.646099407772,14056.646099407772,SL,-105.0,2022-04-08,-5284.12
2022-04-18,2022-04-18 09:31:00-04:00,2022-04-18 11:22:00-04:00,long,13887.260336477626,13887.260336477626,BE,0.0,2022-04-14,-5284.12
2022-04-19,2022-04-19 09:31:00-04:00,2022-04-19 10:17:00-04:00,long,13887.260336477626,14072.0,TP,184.74,2022-04-14,-5099.38
2022-04-19,2022-04-19 11:00:00-04:00,2022-04-19 14:11:00-04:00,long,14121.37027015438,14121.37027015438,BE,0.0,2022-03-22,-5099.38
2022-04-20,2022-04-20 09:31:00-04:00,2022-04-20 10:01:00-04:00,short,14264.07134928854,14083.75,TP,180.32,2022-04-19,-4919.06
2022-04-21,2022-04-21 09:34:00-04:00,2022-04-21 11:32:00-04:00,short,14264.07134928854,14077.5,TP,186.57,2022-04-19,-4732.49
2022-04-22,2022-04-22 09:39:00-04:00,2022-04-22 11:37:00-04:00,long,13687.236151831392,13582.236151831392,SL,-105.0,2022-04-13,-4837.49
2022-04-25,2022-04-25 10:40:00-04:00,2022-04-25 11:15:00-04:00,long,13403.10441149463,13298.10441149463,SL,-105.0,2022-04-22,-4942.49
2022-04-26,2022-04-26 09:31:00-04:00,2022-04-26 09:50:00-04:00,long,13403.10441149463,13298.10441149463,SL,-105.0,2022-04-22,-5047.49
2022-04-27,2022-04-27 10:14:00-04:00,2022-04-27 12:34:00-04:00,long,13003.087684320895,13194.75,TP,191.66,2022-04-25,-4855.83
2022-04-29,2022-04-29 09:57:00-04:00,2022-04-29 10:16:00-04:00,long,13403.10441149463,13298.10441149463,SL,-105.0,2022-04-22,-4960.83
2022-05-02,2022-05-02 09:31:00-04:00,2022-05-02 09:38:00-04:00,long,12850.993023867017,12745.993023867017,SL,-105.0,2022-04-28,-5065.83
2022-05-03,2022-05-03 09:31:00-04:00,2022-05-03 10:43:00-04:00,long,13003.087684320895,13003.087684320895,BE,0.0,2022-04-25,-5065.83
2022-05-03,2022-05-03 10:44:00-04:00,2022-05-03 14:42:00-04:00,long,13000.695168842729,13000.695168842729,BE,0.0,2022-04-26,-5065.83
2022-05-04,2022-05-04 10:00:00-04:00,2022-05-04 11:11:00-04:00,long,13003.087684320895,12898.087684320895,SL,-105.0,2022-04-25,-5170.83
2022-05-05,2022-05-05 09:46:00-04:00,2022-05-05 10:22:00-04:00,short,13243.875556755043,13052.75,TP,191.13,2022-05-02,-4979.7
2022-05-05,2022-05-05 10:31:00-04:00,2022-05-05 11:07:00-04:00,long,13003.087684320895,12898.087684320895,SL,-105.0,2022-04-25,-5084.7
2022-05-06,2022-05-06 09:32:00-04:00,2022-05-06 09:35:00-04:00,long,12750.137825006215,12645.137825006215,SL,-105.0,2022-05-03,-5189.7
2022-05-09,2022-05-09 09:31:00-04:00,2022-05-09 10:24:00-04:00,long,12476.874443244957,12371.874443244957,SL,-105.0,2022-05-02,-5294.7
2022-05-10,2022-05-10 09:34:00-04:00,2022-05-10 09:45:00-04:00,long,12476.874443244957,12371.874443244957,SL,-105.0,2022-05-02,-5399.7
2022-05-11,2022-05-11 09:46:00-04:00,2022-05-11 10:52:00-04:00,long,12307.665710997568,12307.665710997568,BE,0.0,2022-05-06,-5399.7
2022-05-12,2022-05-12 09:49:00-04:00,2022-05-12 10:00:00-04:00,long,11852.015796082807,11747.015796082807,SL,-105.0,2022-05-11,-5504.7
2022-05-13,2022-05-13 09:33:00-04:00,2022-05-13 10:30:00-04:00,long,12122.912972747228,12318.25,TP,195.34,2022-05-10,-5309.36
2022-05-13,2022-05-13 10:44:00-04:00,2022-05-13 13:55:00-04:00,long,12307.665710997568,12307.665710997568,BE,0.0,2022-05-06,-5309.36
2022-05-16,2022-05-16 09:31:00-04:00,2022-05-16 10:33:00-04:00,long,12307.665710997568,12307.665710997568,BE,0.0,2022-05-06,-5309.36
2022-05-17,2022-05-17 09:31:00-04:00,2022-05-17 10:38:00-04:00,long,12476.874443244957,12371.874443244957,SL,-105.0,2022-05-02,-5414.36
2022-05-18,2022-05-18 09:42:00-04:00,2022-05-18 10:29:00-04:00,long,12307.665710997568,12307.665710997568,BE,0.0,2022-05-06,-5414.36
2022-05-18,2022-05-18 10:38:00-04:00,2022-05-18 12:28:00-04:00,short,12268.313117446343,12084.25,TP,184.06,2022-05-12,-5230.3
2022-05-19,2022-05-19 09:46:00-04:00,2022-05-19 11:40:00-04:00,long,11852.015796082807,12033.0,TP,180.98,2022-05-11,-5049.32
2022-05-20,2022-05-20 09:31:00-04:00,2022-05-20 10:09:00-04:00,long,12005.07189869616,11900.07189869616,SL,-105.0,2022-05-16,-5154.32
2022-05-23,2022-05-23 09:32:00-04:00,2022-05-23 15:00:00-04:00,long,11852.015796082807,11995.75,cutoff,143.73,2022-05-11,-5010.59
2022-05-24,2022-05-24 09:37:00-04:00,2022-05-24 10:00:00-04:00,long,11779.567880580866,11674.567880580866,SL,-105.0,2022-05-13,-5115.59
2022-05-25,2022-05-25 09:34:00-04:00,2022-05-25 14:07:00-04:00,long,11779.567880580866,11779.567880580866,BE,0.0,2022-05-13,-5115.59
2022-05-26,2022-05-26 09:43:00-04:00,2022-05-26 10:13:00-04:00,short,12058.985649560062,12163.985649560062,SL,-105.0,2022-05-25,-5220.59
2022-05-27,2022-05-27 09:42:00-04:00,2022-05-27 15:00:00-04:00,long,12476.874443244957,12615.5,cutoff,138.63,2022-05-02,-5081.96
2022-05-30,2022-05-30 09:37:00-04:00,2022-05-30 12:59:00-04:00,long,12750.137825006215,12810.0,cutoff,59.86,2022-05-03,-5022.1
2022-05-31,2022-05-31 09:34:00-04:00,2022-05-31 15:00:00-04:00,long,12581.52690726071,12632.0,cutoff,50.47,2022-05-30,-4971.63
2022-06-01,2022-06-01 09:31:00-04:00,2022-06-01 10:38:00-04:00,short,12783.688544628802,12586.75,TP,196.94,2022-05-09,-4774.69
2022-06-01,2022-06-01 10:39:00-04:00,2022-06-01 14:22:00-04:00,short,12595.80310130384,12595.80310130384,BE,0.0,2022-05-16,-4774.69
2022-06-02,2022-06-02 09:49:00-04:00,2022-06-02 10:34:00-04:00,short,12554.182119419134,12554.182119419134,BE,0.0,2022-05-13,-4774.69
2022-06-02,2022-06-02 10:47:00-04:00,2022-06-02 12:42:00-04:00,long,12581.52690726071,12774.5,TP,192.97,2022-05-30,-4581.72
2022-06-03,2022-06-03 09:32:00-04:00,2022-06-03 15:00:00-04:00,short,12705.734203917193,12577.0,cutoff,128.73,2022-05-11,-4452.99
2022-06-06,2022-06-06 09:35:00-04:00,2022-06-06 12:32:00-04:00,short,12748.128693461784,12561.5,TP,186.63,2022-05-17,-4266.36
2022-06-07,2022-06-07 09:31:00-04:00,2022-06-07 10:36:00-04:00,long,12439.248149815852,12631.5,TP,192.25,2022-06-03,-4074.11
2022-06-07,2022-06-07 10:46:00-04:00,2022-06-07 15:00:00-04:00,short,12705.734203917193,12666.5,cutoff,39.23,2022-05-11,-4034.88
2022-06-08,2022-06-08 09:49:00-04:00,2022-06-08 10:34:00-04:00,short,12748.128693461784,12748.128693461784,BE,0.0,2022-05-17,-4034.88
2022-06-08,2022-06-08 10:36:00-04:00,2022-06-08 11:21:00-04:00,short,12764.47816450088,12764.47816450088,BE,0.0,2022-06-07,-4034.88
2022-06-09,2022-06-09 09:31:00-04:00,2022-06-09 10:30:00-04:00,short,12554.182119419134,12659.182119419134,SL,-105.0,2022-05-13,-4139.88
2022-06-10,2022-06-10 09:31:00-04:00,2022-06-10 11:04:00-04:00,short,12058.985649560062,11876.25,TP,182.74,2022-05-25,-3957.14
2022-06-13,2022-06-13 09:34:00-04:00,2022-06-13 10:16:00-04:00,long,11557.214238785939,11452.214238785939,SL,-105.0,2022-05-19,-4062.14
2022-06-14,2022-06-14 09:31:00-04:00,2022-06-14 09:44:00-04:00,long,11412.8317476103,11307.8317476103,SL,-105.0,2022-05-24,-4167.14
2022-06-15,2022-06-15 09:36:00-04:00,2022-06-15 14:04:00-04:00,long,11463.889350439938,11463.889350439938,BE,0.0,2022-05-25,-4167.14
2022-06-16,2022-06-16 09:54:00-04:00,2022-06-16 10:45:00-04:00,long,11257.956617134842,11152.956617134842,SL,-105.0,2022-06-15,-4272.14
2022-06-17,2022-06-17 09:31:00-04:00,2022-06-17 10:19:00-04:00,long,11219.639261064722,11219.639261064722,BE,0.0,2022-06-13,-4272.14
2022-06-21,2022-06-21 09:32:00-04:00,2022-06-21 09:58:00-04:00,short,11507.124027557198,11612.124027557198,SL,-105.0,2022-06-17,-4377.14
2022-06-22,2022-06-22 09:31:00-04:00,2022-06-22 09:55:00-04:00,short,11507.124027557198,11612.124027557198,SL,-105.0,2022-06-17,-4482.14
2022-06-23,2022-06-23 09:31:00-04:00,2022-06-23 10:21:00-04:00,short,11673.508306826196,11673.508306826196,BE,0.0,2022-06-14,-4482.14
2022-06-23,2022-06-23 10:51:00-04:00,2022-06-23 12:38:00-04:00,long,11689.07406564783,11584.07406564783,SL,-105.0,2022-06-10,-4587.14
2022-06-24,2022-06-24 09:32:00-04:00,2022-06-24 09:51:00-04:00,short,11874.846477759074,11979.846477759074,SL,-105.0,2022-06-22,-4692.14
2022-06-27,2022-06-27 09:31:00-04:00,2022-06-27 09:36:00-04:00,long,12198.89683549912,12093.89683549912,SL,-105.0,2022-06-07,-4797.14
2022-06-29,2022-06-29 09:45:00-04:00,2022-06-29 15:00:00-04:00,long,11573.314839174785,11660.25,cutoff,86.94,2022-06-24,-4710.2
2022-06-30,2022-06-30 09:33:00-04:00,2022-06-30 11:23:00-04:00,short,11554.674231574641,11554.674231574641,BE,0.0,2022-06-16,-4710.2
2022-07-01,2022-07-01 09:33:00-04:00,2022-07-01 10:00:00-04:00,short,11507.124027557198,11612.124027557198,SL,-105.0,2022-06-17,-4815.2
2022-07-04,2022-07-04 09:44:00-04:00,2022-07-04 11:01:00-04:00,short,11550.179976842752,11550.179976842752,BE,0.0,2022-06-20,-4815.2
2022-07-05,2022-07-05 10:14:00-04:00,2022-07-05 12:23:00-04:00,short,11507.124027557198,11612.124027557198,SL,-105.0,2022-06-17,-4920.2
2022-07-06,2022-07-06 09:31:00-04:00,2022-07-06 10:24:00-04:00,short,11818.83622306228,11818.83622306228,BE,0.0,2022-06-21,-4920.2
2022-07-06,2022-07-06 10:31:00-04:00,2022-07-06 11:21:00-04:00,short,11834.978672108253,11834.978672108253,BE,0.0,2022-06-30,-4920.2
2022-07-07,2022-07-07 09:33:00-04:00,2022-07-07 10:17:00-04:00,short,11946.652302507984,12051.652302507984,SL,-105.0,2022-06-29,-5025.2
2022-07-08,2022-07-08 09:39:00-04:00,2022-07-08 11:09:00-04:00,short,12064.931469469657,12169.931469469657,SL,-105.0,2022-07-06,-5130.2
2022-07-11,2022-07-11 09:37:00-04:00,2022-07-11 10:38:00-04:00,short,11946.652302507984,11946.652302507984,BE,0.0,2022-06-29,-5130.2
2022-07-12,2022-07-12 09:47:00-04:00,2022-07-12 15:00:00-04:00,short,11946.652302507984,11829.5,cutoff,117.15,2022-06-29,-5013.05
2022-07-13,2022-07-13 09:31:00-04:00,2022-07-13 10:43:00-04:00,long,11573.314839174785,11757.75,TP,184.44,2022-06-24,-4828.61
2022-07-13,2022-07-13 10:44:00-04:00,2022-07-13 12:52:00-04:00,short,11796.79142886207,11796.79142886207,BE,0.0,2022-07-01,-4828.61
2022-07-14,2022-07-14 09:31:00-04:00,2022-07-14 10:06:00-04:00,long,11624.902893102582,11519.902893102582,SL,-105.0,2022-07-12,-4933.61
2022-07-15,2022-07-15 09:32:00-04:00,2022-07-15 10:17:00-04:00,short,11946.652302507984,11946.652302507984,BE,0.0,2022-06-29,-4933.61
2022-07-18,2022-07-18 09:46:00-04:00,2022-07-18 11:40:00-04:00,short,12162.60462922617,12162.60462922617,BE,0.0,2022-07-15,-4933.61
2022-07-19,2022-07-19 09:31:00-04:00,2022-07-19 10:26:00-04:00,short,12064.931469469657,12064.931469469657,BE,0.0,2022-07-06,-4933.61
2022-07-20,2022-07-20 09:31:00-04:00,2022-07-20 10:25:00-04:00,short,12267.331807828947,12372.331807828947,SL,-105.0,2022-07-19,-5038.61
2022-07-21,2022-07-21 09:37:00-04:00,2022-07-21 12:02:00-04:00,short,12442.439464275212,12547.439464275212,SL,-105.0,2022-06-27,-5143.61
2022-07-25,2022-07-25 09:38:00-04:00,2022-07-25 15:00:00-04:00,long,12367.146538999308,12292.0,cutoff,-75.15,2022-07-22,-5218.76
2022-07-26,2022-07-26 09:31:00-04:00,2022-07-26 14:53:00-04:00,short,12286.607287286239,12106.25,TP,180.36,2022-07-08,-5038.4
2022-07-27,2022-07-27 09:33:00-04:00,2022-07-27 09:47:00-04:00,short,12292.55352235163,12397.55352235163,SL,-105.0,2022-07-11,-5143.4
2022-07-28,2022-07-28 09:31:00-04:00,2022-07-28 11:24:00-04:00,short,12639.16047529935,12639.16047529935,BE,0.0,2022-07-25,-5143.4
2022-07-29,2022-07-29 09:42:00-04:00,2022-07-29 14:36:00-04:00,short,12860.228461000692,12965.228461000692,SL,-105.0,2022-07-22,-5248.4
2022-08-01,2022-08-01 09:33:00-04:00,2022-08-01 09:49:00-04:00,short,12860.228461000692,12965.228461000692,SL,-105.0,2022-07-22,-5353.4
2022-08-02,2022-08-02 10:11:00-04:00,2022-08-02 10:52:00-04:00,short,12860.228461000692,12965.228461000692,SL,-105.0,2022-07-22,-5458.4
2022-08-03,2022-08-03 09:38:00-04:00,2022-08-03 11:36:00-04:00,short,13088.189952220942,13193.189952220942,SL,-105.0,2022-07-29,-5563.4
2022-08-04,2022-08-04 09:35:00-04:00,2022-08-04 12:28:00-04:00,short,13312.843340278974,13312.843340278974,BE,0.0,2022-08-03,-5563.4
2022-08-05,2022-08-05 10:02:00-04:00,2022-08-05 15:00:00-04:00,short,13213.492773728021,13167.0,cutoff,46.49,2022-08-01,-5516.91
2022-08-08,2022-08-08 09:33:00-04:00,2022-08-08 10:03:00-04:00,short,13312.843340278974,13417.843340278974,SL,-105.0,2022-08-03,-5621.91
2022-08-09,2022-08-09 09:31:00-04:00,2022-08-09 15:00:00-04:00,long,13061.266921843504,13030.75,cutoff,-30.52,2022-08-04,-5652.43
2022-08-10,2022-08-10 09:33:00-04:00,2022-08-10 10:40:00-04:00,short,13312.843340278974,13312.843340278974,BE,0.0,2022-08-03,-5652.43
2022-08-11,2022-08-11 09:32:00-04:00,2022-08-11 15:00:00-04:00,short,13494.733078156496,13320.25,cutoff,174.48,2022-08-04,-5477.95
2022-08-12,2022-08-12 10:10:00-04:00,2022-08-12 11:01:00-04:00,short,13439.758793471228,13439.758793471228,BE,0.0,2022-08-05,-5477.95
2022-08-15,2022-08-15 09:43:00-04:00,2022-08-15 10:28:00-04:00,short,13561.306199819333,13561.306199819333,BE,0.0,2022-08-08,-5477.95
2022-08-16,2022-08-16 09:54:00-04:00,2022-08-16 11:16:00-04:00,short,13606.256169569082,13606.256169569082,BE,0.0,2022-08-12,-5477.95
2022-08-17,2022-08-17 09:32:00-04:00,2022-08-17 14:03:00-04:00,short,13539.715846427483,13539.715846427483,BE,0.0,2022-08-10,-5477.95
2022-08-18,2022-08-18 09:44:00-04:00,2022-08-18 10:40:00-04:00,short,13494.733078156496,13494.733078156496,BE,0.0,2022-08-04,-5477.95
2022-08-19,2022-08-19 09:32:00-04:00,2022-08-19 09:51:00-04:00,long,13416.578272901235,13311.578272901235,SL,-105.0,2022-08-16,-5582.95
2022-08-22,2022-08-22 09:31:00-04:00,2022-08-22 15:00:00-04:00,short,13088.189952220942,12903.5,cutoff,184.69,2022-07-29,-5398.26
2022-08-23,2022-08-23 09:43:00-04:00,2022-08-23 11:01:00-04:00,long,12890.741206528772,12890.741206528772,BE,0.0,2022-08-05,-5398.26
2022-08-24,2022-08-24 09:31:00-04:00,2022-08-24 15:00:00-04:00,long,12890.741206528772,12939.75,cutoff,49.01,2022-08-05,-5349.25
2022-08-25,2022-08-25 10:17:00-04:00,2022-08-25 15:00:00-04:00,long,13061.266921843504,13065.5,cutoff,4.23,2022-08-04,-5345.02
2022-08-26,2022-08-26 09:35:00-04:00,2022-08-26 10:02:00-04:00,long,13148.997800446936,13043.997800446936,SL,-105.0,2022-08-19,-5450.02
2022-08-30,2022-08-30 10:46:00-04:00,2022-08-30 13:12:00-04:00,long,12284.974091751095,12284.974091751095,BE,0.0,2022-08-29,-5450.02
2022-09-02,2022-09-02 10:01:00-04:00,2022-09-02 12:33:00-04:00,long,12284.974091751095,12284.974091751095,BE,0.0,2022-08-29,-5450.02
2022-09-05,2022-09-05 09:36:00-04:00,2022-09-05 12:59:00-04:00,long,12122.82003138804,12136.0,cutoff,13.18,2022-09-02,-5436.84
2022-09-06,2022-09-06 09:32:00-04:00,2022-09-06 10:01:00-04:00,long,12122.82003138804,12017.82003138804,SL,-105.0,2022-09-02,-5541.84
2022-09-07,2022-09-07 09:49:00-04:00,2022-09-07 15:00:00-04:00,long,12122.82003138804,12271.75,cutoff,148.93,2022-09-02,-5392.91
2022-09-08,2022-09-08 09:34:00-04:00,2022-09-08 11:00:00-04:00,long,12122.82003138804,12343.25,TP,220.43,2022-09-02,-5172.48
2022-09-09,2022-09-09 09:32:00-04:00,2022-09-09 10:41:00-04:00,short,12452.290778087321,12557.290778087321,SL,-105.0,2022-09-08,-5277.48
2022-09-12,2022-09-12 09:34:00-04:00,2022-09-12 15:00:00-04:00,short,12763.025908248905,12795.5,cutoff,-32.47,2022-08-29,-5309.95
2022-09-13,2022-09-13 09:42:00-04:00,2022-09-13 14:55:00-04:00,short,12452.290778087321,12226.5,TP,225.79,2022-09-08,-5084.16
2022-09-14,2022-09-14 09:33:00-04:00,2022-09-14 10:26:00-04:00,long,12122.82003138804,12122.82003138804,BE,0.0,2022-09-02,-5084.16
2022-09-14,2022-09-14 10:44:00-04:00,2022-09-14 11:29:00-04:00,long,12201.692910855389,12201.692910855389,BE,0.0,2022-09-13,-5084.16
2022-09-15,2022-09-15 09:31:00-04:00,2022-09-15 10:28:00-04:00,long,12122.82003138804,12122.82003138804,BE,0.0,2022-09-02,-5084.16
2022-09-16,2022-09-16 09:40:00-04:00,2022-09-16 10:29:00-04:00,long,11841.776479599794,11841.776479599794,BE,0.0,2022-09-07,-5084.16
2022-09-19,2022-09-19 09:46:00-04:00,2022-09-19 15:00:00-04:00,long,11913.313166161024,11946.25,cutoff,32.94,2022-09-15,-5051.22
2022-09-20,2022-09-20 09:31:00-04:00,2022-09-20 15:00:00-04:00,long,11913.313166161024,11906.25,cutoff,-7.06,2022-09-15,-5058.28
2022-09-21,2022-09-21 09:34:00-04:00,2022-09-21 10:48:00-04:00,long,11943.492632717136,11943.492632717136,BE,0.0,2022-09-05,-5058.28
2022-09-22,2022-09-22 09:37:00-04:00,2022-09-22 11:15:00-04:00,long,11635.459348674045,11530.459348674045,SL,-105.0,2022-09-16,-5163.28
2022-09-23,2022-09-23 09:39:00-04:00,2022-09-23 12:31:00-04:00,long,11406.62824728022,11301.62824728022,SL,-105.0,2022-09-22,-5268.28
2022-09-27,2022-09-27 10:09:00-04:00,2022-09-27 11:23:00-04:00,long,11406.62824728022,11406.62824728022,BE,0.0,2022-09-22,-5268.28
2022-09-28,2022-09-28 10:30:00-04:00,2022-09-28 11:15:00-04:00,long,11406.62824728022,11406.62824728022,BE,0.0,2022-09-22,-5268.28
2022-09-29,2022-09-29 10:03:00-04:00,2022-09-29 14:17:00-04:00,long,11205.345983893674,11100.345983893674,SL,-105.0,2022-09-27,-5373.28
2022-09-30,2022-09-30 09:31:00-04:00,2022-09-30 10:17:00-04:00,long,11200.453623716281,11200.453623716281,BE,0.0,2022-09-23,-5373.28
2022-10-03,2022-10-03 09:31:00-04:00,2022-10-03 15:00:00-04:00,long,11109.481280546639,11343.0,cutoff,233.52,2022-09-26,-5139.76
2022-10-04,2022-10-04 09:49:00-04:00,2022-10-04 15:00:00-04:00,short,11592.732172153286,11636.5,cutoff,-43.77,2022-09-28,-5183.53
2022-10-05,2022-10-05 10:03:00-04:00,2022-10-05 11:36:00-04:00,short,11443.811619535041,11443.811619535041,BE,0.0,2022-09-30,-5183.53
2022-10-06,2022-10-06 09:32:00-04:00,2022-10-06 15:00:00-04:00,long,11620.722659826417,11556.5,cutoff,-64.22,2022-09-19,-5247.75
2022-10-07,2022-10-07 09:31:00-04:00,2022-10-07 10:01:00-04:00,long,11320.090857567091,11215.090857567091,SL,-105.0,2022-10-06,-5352.75
2022-10-10,2022-10-10 09:31:00-04:00,2022-10-10 09:55:00-04:00,long,11109.481280546639,11004.481280546639,SL,-105.0,2022-09-26,-5457.75
2022-10-11,2022-10-11 09:56:00-04:00,2022-10-11 14:55:00-04:00,long,10839.30938560433,10839.30938560433,BE,0.0,2022-10-03,-5457.75
2022-10-12,2022-10-12 09:31:00-04:00,2022-10-12 10:16:00-04:00,long,10839.30938560433,10839.30938560433,BE,0.0,2022-10-03,-5457.75
2022-10-12,2022-10-12 10:17:00-04:00,2022-10-12 15:00:00-04:00,long,10828.911918928978,10857.0,cutoff,28.09,2022-10-10,-5429.66
2022-10-13,2022-10-13 09:53:00-04:00,2022-10-13 11:16:00-04:00,long,10612.661745419522,10800.0,TP,187.34,2022-10-12,-5242.32
2022-10-14,2022-10-14 09:34:00-04:00,2022-10-14 10:00:00-04:00,long,11109.481280546639,11004.481280546639,SL,-105.0,2022-09-26,-5347.32
2022-10-17,2022-10-17 09:37:00-04:00,2022-10-17 10:34:00-04:00,long,11076.392827846714,11076.392827846714,BE,0.0,2022-09-28,-5347.32
2022-10-17,2022-10-17 10:51:00-04:00,2022-10-17 15:00:00-04:00,long,11058.028823651668,11113.75,cutoff,55.72,2022-10-07,-5291.6
2022-10-18,2022-10-18 09:31:00-04:00,2022-10-18 09:54:00-04:00,long,11406.62824728022,11301.62824728022,SL,-105.0,2022-09-22,-5396.6
2022-10-19,2022-10-19 09:32:00-04:00,2022-10-19 10:23:00-04:00,short,11160.575769298055,11265.575769298055,SL,-105.0,2022-10-11,-5501.6
2022-10-20,2022-10-20 09:31:00-04:00,2022-10-20 10:06:00-04:00,short,11160.575769298055,11265.575769298055,SL,-105.0,2022-10-11,-5606.6
2022-10-21,2022-10-21 09:31:00-04:00,2022-10-21 12:06:00-04:00,long,11007.926225819625,11221.75,TP,213.82,2022-09-29,-5392.78
2022-10-24,2022-10-24 09:32:00-04:00,2022-10-24 10:21:00-04:00,long,11320.090857567091,11215.090857567091,SL,-105.0,2022-10-06,-5497.78
2022-10-25,2022-10-25 09:31:00-04:00,2022-10-25 11:09:00-04:00,short,11564.971176348332,11669.971176348332,SL,-105.0,2022-10-07,-5602.78
2022-10-26,2022-10-26 09:32:00-04:00,2022-10-26 10:29:00-04:00,short,11482.102199235662,11587.102199235662,SL,-105.0,2022-10-20,-5707.78
2022-10-27,2022-10-27 09:32:00-04:00,2022-10-27 10:25:00-04:00,short,11443.811619535041,11443.811619535041,BE,0.0,2022-09-30,-5707.78
2022-10-27,2022-10-27 10:31:00-04:00,2022-10-27 14:24:00-04:00,short,11436.856393169684,11252.75,TP,184.11,2022-10-19,-5523.67
2022-10-28,2022-10-28 09:33:00-04:00,2022-10-28 10:26:00-04:00,short,11282.132898557971,11387.132898557971,SL,-105.0,2022-10-17,-5628.67
2022-10-31,2022-10-31 09:31:00-04:00,2022-10-31 15:00:00-04:00,short,11520.847326126568,11468.5,cutoff,52.35,2022-10-14,-5576.32
2022-11-01,2022-11-01 09:46:00-04:00,2022-11-01 10:58:00-04:00,short,11548.815267270762,11365.0,TP,183.82,2022-10-28,-5392.5
2022-11-02,2022-11-02 09:31:00-04:00,2022-11-02 12:08:00-04:00,long,11320.090857567091,11215.090857567091,SL,-105.0,2022-10-06,-5497.5
2022-11-03,2022-11-03 09:34:00-04:00,2022-11-03 09:59:00-04:00,long,10828.911918928978,10723.911918928978,SL,-105.0,2022-10-10,-5602.5
2022-11-04,2022-11-04 09:32:00-04:00,2022-11-04 09:43:00-04:00,long,10890.143606830316,10785.143606830316,SL,-105.0,2022-10-19,-5707.5
2022-11-07,2022-11-07 09:36:00-05:00,2022-11-07 10:24:00-05:00,long,10890.143606830316,10890.143606830316,BE,0.0,2022-10-19,-5707.5
2022-11-08,2022-11-08 09:33:00-05:00,2022-11-08 13:58:00-05:00,long,11032.598508387524,11032.598508387524,BE,0.0,2022-10-24,-5707.5
2022-11-09,2022-11-09 09:32:00-05:00,2022-11-09 10:33:00-05:00,long,10973.809732729238,10973.809732729238,BE,0.0,2022-10-28,-5707.5
2022-11-10,2022-11-10 09:41:00-05:00,2022-11-10 12:05:00-05:00,long,11295.296535945847,11476.75,TP,181.45,2022-10-25,-5526.05
2022-11-11,2022-11-11 09:45:00-05:00,2022-11-11 10:48:00-05:00,short,11657.433404218707,11762.433404218707,SL,-105.0,2022-10-18,-5631.05
2022-11-14,2022-11-14 09:35:00-05:00,2022-11-14 12:47:00-05:00,short,11747.73290059356,11852.73290059356,SL,-105.0,2022-10-26,-5736.05
2022-11-16,2022-11-16 09:31:00-05:00,2022-11-16 10:54:00-05:00,long,11815.542669975848,11710.542669975848,SL,-105.0,2022-11-15,-5841.05
2022-11-17,2022-11-17 09:36:00-05:00,2022-11-17 15:00:00-05:00,long,11592.448534422849,11683.75,cutoff,91.3,2022-11-16,-5749.75
2022-11-18,2022-11-18 09:49:00-05:00,2022-11-18 15:00:00-05:00,short,11747.73290059356,11668.0,cutoff,79.73,2022-10-26,-5670.02
2022-11-21,2022-11-21 09:35:00-05:00,2022-11-21 15:00:00-05:00,short,11642.144347547288,11588.75,cutoff,53.39,2022-11-10,-5616.63
2022-11-22,2022-11-22 09:31:00-05:00,2022-11-22 10:32:00-05:00,long,11592.448534422849,11592.448534422849,BE,0.0,2022-11-16,-5616.63
2022-11-22,2022-11-22 10:49:00-05:00,2022-11-22 11:41:00-05:00,short,11642.144347547288,11642.144347547288,BE,0.0,2022-11-10,-5616.63
2022-11-23,2022-11-23 09:37:00-05:00,2022-11-23 15:00:00-05:00,short,11790.142005674923,11865.0,cutoff,-74.86,2022-11-22,-5691.49
2022-11-24,2022-11-24 09:42:00-05:00,2022-11-24 12:59:00-05:00,short,11911.900365803349,11910.75,cutoff,1.15,2022-11-11,-5690.34
2022-11-25,2022-11-25 09:31:00-05:00,2022-11-25 11:28:00-05:00,long,11787.196029486602,11787.196029486602,BE,0.0,2022-11-24,-5690.34
2022-11-29,2022-11-29 09:35:00-05:00,2022-11-29 10:55:00-05:00,long,11592.448534422849,11592.448534422849,BE,0.0,2022-11-16,-5690.34
2022-11-30,2022-11-30 09:31:00-05:00,2022-11-30 10:45:00-05:00,long,11531.556497706162,11531.556497706162,BE,0.0,2022-11-28,-5690.34
2022-12-01,2022-12-01 09:31:00-05:00,2022-12-01 10:53:00-05:00,short,12047.663495039484,12047.663495039484,BE,0.0,2022-11-18,-5690.34
2022-12-01,2022-12-01 10:56:00-05:00,2022-12-01 15:00:00-05:00,short,12035.428970513398,12083.0,cutoff,-47.57,2022-11-24,-5737.91
2022-12-02,2022-12-02 09:33:00-05:00,2022-12-02 15:00:00-05:00,short,11911.900365803349,11988.5,cutoff,-76.6,2022-11-11,-5814.51
2022-12-05,2022-12-05 09:35:00-05:00,2022-12-05 15:00:00-05:00,short,11951.589013564688,11768.0,cutoff,183.59,2022-11-25,-5630.92
2022-12-06,2022-12-06 09:31:00-05:00,2022-12-06 09:56:00-05:00,long,11787.196029486602,11682.196029486602,SL,-105.0,2022-11-24,-5735.92
2022-12-07,2022-12-07 09:35:00-05:00,2022-12-07 10:00:00-05:00,long,11549.211504960516,11444.211504960516,SL,-105.0,2022-11-18,-5840.92
2022-12-08,2022-12-08 09:31:00-05:00,2022-12-08 15:00:00-05:00,long,11555.739174620234,11626.5,cutoff,70.76,2022-11-14,-5770.16
2022-12-09,2022-12-09 09:31:00-05:00,2022-12-09 15:00:00-05:00,long,11592.448534422849,11658.0,cutoff,65.55,2022-11-16,-5704.61
2022-12-12,2022-12-12 09:32:00-05:00,2022-12-12 10:28:00-05:00,short,11702.160192032788,11702.160192032788,BE,0.0,2022-11-30,-5704.61
2022-12-12,2022-12-12 10:30:00-05:00,2022-12-12 15:00:00-05:00,long,11677.698355199149,11761.75,cutoff,84.05,2022-12-02,-5620.56
2022-12-13,2022-12-13 10:32:00-05:00,2022-12-13 12:19:00-05:00,short,12101.919002100312,11899.0,TP,202.92,2022-12-05,-5417.64
2022-12-14,2022-12-14 09:31:00-05:00,2022-12-14 11:39:00-05:00,short,11951.589013564688,12056.589013564688,SL,-105.0,2022-11-25,-5522.64
2022-12-15,2022-12-15 09:31:00-05:00,2022-12-15 11:18:00-05:00,short,11702.160192032788,11485.75,TP,216.41,2022-11-30,-5306.23
2022-12-16,2022-12-16 09:33:00-05:00,2022-12-16 10:29:00-05:00,long,11443.71813437147,11338.71813437147,SL,-105.0,2022-11-21,-5411.23
2022-12-19,2022-12-19 09:32:00-05:00,2022-12-19 11:32:00-05:00,long,11315.876460299049,11210.876460299049,SL,-105.0,2022-12-08,-5516.23
2022-12-20,2022-12-20 09:32:00-05:00,2022-12-20 11:17:00-05:00,long,11121.328961004048,11121.328961004048,BE,0.0,2022-12-19,-5516.23
2022-12-21,2022-12-21 09:32:00-05:00,2022-12-21 15:00:00-05:00,long,11199.22694931163,11340.75,cutoff,141.52,2022-12-16,-5374.71
2022-12-22,2022-12-22 09:39:00-05:00,2022-12-22 10:30:00-05:00,long,11121.328961004048,11016.328961004048,SL,-105.0,2022-12-19,-5479.71
2022-12-23,2022-12-23 09:33:00-05:00,2022-12-23 09:36:00-05:00,long,11036.300929721321,10931.300929721321,SL,-105.0,2022-12-21,-5584.71
2022-12-27,2022-12-27 09:45:00-05:00,2022-12-27 13:56:00-05:00,long,10915.475907871558,10915.475907871558,BE,0.0,2022-12-20,-5584.71
2022-12-28,2022-12-28 10:26:00-05:00,2022-12-28 11:14:00-05:00,long,10915.475907871558,10810.475907871558,SL,-105.0,2022-12-20,-5689.71
2022-12-29,2022-12-29 09:36:00-05:00,2022-12-29 15:00:00-05:00,long,10906.194220248482,11030.25,cutoff,124.06,2022-12-22,-5565.65
2022-12-30,2022-12-30 09:31:00-05:00,2022-12-30 15:00:00-05:00,long,10915.475907871558,10904.75,cutoff,-10.73,2022-12-20,-5576.38
2023-01-03,2023-01-03 09:33:00-05:00,2023-01-03 10:30:00-05:00,short,11119.219818904501,10936.0,TP,183.22,2022-12-28,-5393.16
2023-01-03,2023-01-03 10:31:00-05:00,2023-01-03 15:00:00-05:00,long,10915.475907871558,10938.0,cutoff,22.52,2022-12-20,-5370.64
2023-01-04,2023-01-04 09:42:00-05:00,2023-01-04 10:00:00-05:00,long,11036.300929721321,10931.300929721321,SL,-105.0,2022-12-21,-5475.64
2023-01-05,2023-01-05 09:31:00-05:00,2023-01-05 15:00:00-05:00,long,10906.194220248482,10878.5,cutoff,-27.69,2022-12-22,-5503.33
2023-01-06,2023-01-06 09:36:00-05:00,2023-01-06 09:42:00-05:00,long,10915.475907871558,10810.475907871558,SL,-105.0,2022-12-20,-5608.33
2023-01-09,2023-01-09 09:31:00-05:00,2023-01-09 10:35:00-05:00,short,11232.564966598495,11337.564966598495,SL,-105.0,2022-12-27,-5713.33
2023-01-10,2023-01-10 09:33:00-05:00,2023-01-10 10:29:00-05:00,long,11199.22694931163,11199.22694931163,BE,0.0,2022-12-16,-5713.33
2023-01-10,2023-01-10 10:45:00-05:00,2023-01-10 15:00:00-05:00,long,11121.328961004048,11249.25,cutoff,127.92,2022-12-19,-5585.41
2023-01-11,2023-01-11 10:10:00-05:00,2023-01-11 11:15:00-05:00,short,11365.024092128442,11365.024092128442,BE,0.0,2022-12-20,-5585.41
2023-01-12,2023-01-12 09:37:00-05:00,2023-01-12 12:24:00-05:00,short,11423.199070278679,11528.199070278679,SL,-105.0,2022-12-21,-5690.41
2023-01-13,2023-01-13 09:33:00-05:00,2023-01-13 10:46:00-05:00,short,11430.629767914592,11535.629767914592,SL,-105.0,2023-01-09,-5795.41
2023-01-17,2023-01-17 10:00:00-05:00,2023-01-17 12:05:00-05:00,short,11631.48996521479,11631.48996521479,BE,0.0,2023-01-13,-5795.41
2023-01-18,2023-01-18 09:31:00-05:00,2023-01-18 13:26:00-05:00,short,11716.054661598511,11505.25,TP,210.8,2023-01-12,-5584.61
2023-01-19,2023-01-19 09:31:00-05:00,2023-01-19 15:00:00-05:00,long,11413.349099754087,11426.5,cutoff,13.15,2023-01-17,-5571.46
2023-01-20,2023-01-20 09:33:00-05:00,2023-01-20 11:11:00-05:00,short,11402.930779751518,11507.930779751518,SL,-105.0,2022-12-22,-5676.46
2023-01-23,2023-01-23 09:35:00-05:00,2023-01-23 09:55:00-05:00,short,11716.054661598511,11821.054661598511,SL,-105.0,2023-01-12,-5781.46
2023-01-24,2023-01-24 09:32:00-05:00,2023-01-24 15:00:00-05:00,short,11869.08571788345,11918.25,cutoff,-49.16,2023-01-18,-5830.62
2023-01-25,2023-01-25 09:32:00-05:00,2023-01-25 15:00:00-05:00,long,11693.33517488565,11859.0,cutoff,165.66,2023-01-24,-5664.96
2023-01-26,2023-01-26 09:32:00-05:00,2023-01-26 14:42:00-05:00,short,12061.53982511435,12061.53982511435,BE,0.0,2023-01-24,-5664.96
2023-01-30,2023-01-30 10:25:00-05:00,2023-01-30 11:16:00-05:00,short,12061.53982511435,12061.53982511435,BE,0.0,2023-01-24,-5664.96
2023-01-31,2023-01-31 10:30:00-05:00,2023-01-31 15:00:00-05:00,short,12061.53982511435,12111.5,cutoff,-49.96,2023-01-24,-5714.92
2023-02-06,2023-02-06 10:20:00-05:00,2023-02-06 15:00:00-05:00,long,12500.098735179718,12530.5,cutoff,30.4,2023-02-02,-5684.52
2023-02-07,2023-02-07 09:31:00-05:00,2023-02-07 12:52:00-05:00,long,12500.098735179718,12694.75,TP,194.65,2023-02-02,-5489.87
2023-02-08,2023-02-08 09:36:00-05:00,2023-02-08 15:00:00-05:00,short,12719.843876099361,12566.75,cutoff,153.09,2023-02-06,-5336.78
2023-02-09,2023-02-09 09:36:00-05:00,2023-02-09 14:42:00-05:00,short,12679.456137181118,12477.25,TP,202.21,2023-02-07,-5134.57
2023-02-10,2023-02-10 09:40:00-05:00,2023-02-10 10:45:00-05:00,long,12340.168862818882,12340.168862818882,BE,0.0,2023-02-07,-5134.57
2023-02-10,2023-02-10 10:52:00-05:00,2023-02-10 11:37:00-05:00,long,12320.31182394092,12320.31182394092,BE,0.0,2023-02-03,-5134.57
2023-02-13,2023-02-13 10:53:00-05:00,2023-02-13 14:47:00-05:00,long,12492.511587784786,12492.511587784786,BE,0.0,2023-02-09,-5134.57
2023-02-14,2023-02-14 09:42:00-05:00,2023-02-14 10:38:00-05:00,long,12500.098735179718,12500.098735179718,BE,0.0,2023-02-02,-5134.57
2023-02-14,2023-02-14 10:39:00-05:00,2023-02-14 11:26:00-05:00,long,12492.511587784786,12492.511587784786,BE,0.0,2023-02-09,-5134.57
2023-02-15,2023-02-15 09:42:00-05:00,2023-02-15 11:06:00-05:00,short,12614.653492198106,12614.653492198106,BE,0.0,2023-02-13,-5134.57
2023-02-16,2023-02-16 09:37:00-05:00,2023-02-16 15:00:00-05:00,long,12500.098735179718,12652.25,cutoff,152.15,2023-02-02,-4982.42
2023-02-17,2023-02-17 09:37:00-05:00,2023-02-17 10:22:00-05:00,long,12377.141552724202,12377.141552724202,BE,0.0,2023-02-15,-4982.42
2023-02-17,2023-02-17 10:42:00-05:00,2023-02-17 15:00:00-05:00,long,12344.34054521155,12391.25,cutoff,46.91,2023-02-16,-4935.51
2023-02-20,2023-02-20 10:10:00-05:00,2023-02-20 12:59:00-05:00,long,12377.141552724202,12366.75,cutoff,-10.39,2023-02-15,-4945.9
2023-02-21,2023-02-21 09:39:00-05:00,2023-02-21 11:31:00-05:00,long,12259.764318305486,12154.764318305486,SL,-105.0,2023-02-20,-5050.9
2023-02-22,2023-02-22 09:31:00-05:00,2023-02-22 15:00:00-05:00,long,12122.640010897961,12063.25,cutoff,-59.39,2023-02-10,-5110.29
2023-02-23,2023-02-23 09:38:00-05:00,2023-02-23 11:08:00-05:00,long,12200.096507801894,12095.096507801894,SL,-105.0,2023-02-13,-5215.29
2023-02-24,2023-02-24 09:44:00-05:00,2023-02-24 15:00:00-05:00,long,11986.569081537058,12006.0,cutoff,19.43,2023-02-01,-5195.86
2023-02-27,2023-02-27 09:31:00-05:00,2023-02-27 10:36:00-05:00,long,12122.640010897961,12122.640010897961,BE,0.0,2023-02-10,-5195.86
2023-02-28,2023-02-28 09:34:00-05:00,2023-02-28 15:00:00-05:00,long,12041.934029496524,12124.5,cutoff,82.57,2023-02-21,-5113.29
2023-03-01,2023-03-01 09:32:00-05:00,2023-03-01 11:10:00-05:00,long,12041.934029496524,11936.934029496524,SL,-105.0,2023-02-21,-5218.29
2023-03-02,2023-03-02 09:55:00-05:00,2023-03-02 10:42:00-05:00,long,11896.630632581931,11896.630632581931,BE,0.0,2023-02-28,-5218.29
2023-03-03,2023-03-03 09:35:00-05:00,2023-03-03 15:00:00-05:00,long,12122.640010897961,12304.75,cutoff,182.11,2023-02-10,-5036.18
2023-03-06,2023-03-06 09:34:00-05:00,2023-03-06 13:09:00-05:00,long,12377.141552724202,12377.141552724202,BE,0.0,2023-02-15,-5036.18
2023-03-07,2023-03-07 09:33:00-05:00,2023-03-07 15:00:00-05:00,short,12335.463802876478,12146.5,cutoff,188.96,2023-02-22,-4847.22
2023-03-08,2023-03-08 09:31:00-05:00,2023-03-08 15:00:00-05:00,long,12200.096507801894,12179.75,cutoff,-20.35,2023-02-13,-4867.57
2023-03-09,2023-03-09 09:47:00-05:00,2023-03-09 10:32:00-05:00,short,12315.940277770056,12315.940277770056,BE,0.0,2023-02-27,-4867.57
2023-03-09,2023-03-09 10:33:00-05:00,2023-03-09 13:43:00-05:00,short,12335.463802876478,12153.75,TP,181.71,2023-02-22,-4685.86
2023-03-10,2023-03-10 09:31:00-05:00,2023-03-10 09:45:00-05:00,long,11990.36684265277,11885.36684265277,SL,-105.0,2023-03-08,-4790.86
2023-03-13,2023-03-13 09:31:00-04:00,2023-03-13 11:02:00-04:00,long,11892.536197123522,12087.5,TP,194.96,2023-02-22,-4595.9
2023-03-14,2023-03-14 09:35:00-04:00,2023-03-14 10:33:00-04:00,short,12213.8751113092,12318.8751113092,SL,-105.0,2023-03-10,-4700.9
2023-03-15,2023-03-15 09:31:00-04:00,2023-03-15 10:59:00-04:00,short,12238.518763479362,12238.518763479362,BE,0.0,2023-03-01,-4700.9
2023-03-16,2023-03-16 09:31:00-04:00,2023-03-16 10:41:00-04:00,short,12344.409548221498,12449.409548221498,SL,-105.0,2023-03-03,-4805.9
2023-03-20,2023-03-20 09:38:00-04:00,2023-03-20 11:29:00-04:00,short,12574.322326522724,12679.322326522724,SL,-105.0,2023-03-16,-4910.9
2023-03-21,2023-03-21 09:32:00-04:00,2023-03-21 13:28:00-04:00,short,12804.894940581522,12804.894940581522,BE,0.0,2023-03-20,-4910.9
2023-03-23,2023-03-23 10:27:00-04:00,2023-03-23 14:45:00-04:00,short,12950.11013849888,12763.5,TP,186.61,2023-03-17,-4724.29
2023-03-24,2023-03-24 09:34:00-04:00,2023-03-24 10:26:00-04:00,short,12804.894940581522,12804.894940581522,BE,0.0,2023-03-20,-4724.29
2023-03-27,2023-03-27 09:46:00-04:00,2023-03-27 15:00:00-04:00,short,12950.11013849888,12856.25,cutoff,93.86,2023-03-17,-4630.43
2023-03-28,2023-03-28 09:33:00-04:00,2023-03-28 15:00:00-04:00,long,12736.870630244797,12682.75,cutoff,-54.12,2023-03-27,-4684.55
2023-03-30,2023-03-30 09:32:00-04:00,2023-03-30 10:21:00-04:00,short,13064.150579592297,13064.150579592297,BE,0.0,2023-03-22,-4684.55
2023-03-30,2023-03-30 10:24:00-04:00,2023-03-30 15:00:00-04:00,short,13081.252403799639,13066.25,cutoff,15.0,2023-03-23,-4669.55
2023-03-31,2023-03-31 09:31:00-04:00,2023-03-31 11:52:00-04:00,short,13102.629369755203,13207.629369755203,SL,-105.0,2023-03-27,-4774.55
2023-04-03,2023-04-03 09:33:00-04:00,2023-04-03 15:00:00-04:00,short,13229.398844923153,13225.25,cutoff,4.15,2023-03-30,-4770.4
2023-04-04,2023-04-04 09:36:00-04:00,2023-04-04 10:21:00-04:00,short,13276.531225931143,13276.531225931143,BE,0.0,2023-03-31,-4770.4
2023-04-05,2023-04-05 10:19:00-04:00,2023-04-05 15:00:00-04:00,long,13100.946936245124,13076.25,cutoff,-24.7,2023-04-04,-4795.1
2023-04-06,2023-04-06 09:31:00-04:00,2023-04-06 11:43:00-04:00,short,13008.379541218379,13113.379541218379,SL,-105.0,2023-03-24,-4900.1
2023-04-10,2023-04-10 09:37:00-04:00,2023-04-10 10:22:00-04:00,short,13008.379541218379,13008.379541218379,BE,0.0,2023-03-24,-4900.1
2023-04-11,2023-04-11 09:42:00-04:00,2023-04-11 15:00:00-04:00,long,13100.946936245124,13127.25,cutoff,26.3,2023-04-04,-4873.8
2023-04-12,2023-04-12 09:41:00-04:00,2023-04-12 11:07:00-04:00,long,13100.946936245124,12995.946936245124,SL,-105.0,2023-04-04,-4978.8
2023-04-13,2023-04-13 09:31:00-04:00,2023-04-13 12:06:00-04:00,short,13044.435005252406,13149.435005252406,SL,-105.0,2023-03-29,-5083.8
2023-04-14,2023-04-14 09:38:00-04:00,2023-04-14 15:00:00-04:00,short,13194.007949922367,13167.5,cutoff,26.51,2023-04-06,-5057.29
2023-04-17,2023-04-17 09:36:00-04:00,2023-04-17 15:00:00-04:00,short,13194.007949922367,13143.25,cutoff,50.76,2023-04-06,-5006.53
2023-04-18,2023-04-18 09:31:00-04:00,2023-04-18 15:00:00-04:00,short,13276.531225931143,13159.25,cutoff,117.28,2023-03-31,-4889.25
2023-04-19,2023-04-19 09:33:00-04:00,2023-04-19 13:06:00-04:00,short,13102.629369755203,13207.629369755203,SL,-105.0,2023-03-27,-4994.25
2023-04-20,2023-04-20 09:32:00-04:00,2023-04-20 13:09:00-04:00,short,13081.252403799639,13186.252403799639,SL,-105.0,2023-03-23,-5099.25
2023-04-21,2023-04-21 09:34:00-04:00,2023-04-21 15:00:00-04:00,long,13062.13261025822,13086.75,cutoff,24.62,2023-04-03,-5074.63
2023-04-24,2023-04-24 09:31:00-04:00,2023-04-24 10:35:00-04:00,long,13062.13261025822,13062.13261025822,BE,0.0,2023-04-03,-5074.63
2023-04-24,2023-04-24 10:36:00-04:00,2023-04-24 15:00:00-04:00,long,13049.068378614229,13052.5,cutoff,3.43,2023-04-18,-5071.2
2023-04-25,2023-04-25 09:46:00-04:00,2023-04-25 13:16:00-04:00,long,12969.69249010037,12864.69249010037,SL,-105.0,2023-04-05,-5176.2
2023-04-26,2023-04-26 09:31:00-04:00,2023-04-26 15:00:00-04:00,long,12931.882433696444,12887.75,cutoff,-44.13,2023-04-24,-5220.33
2023-04-27,2023-04-27 09:33:00-04:00,2023-04-27 15:00:00-04:00,long,13017.100469293404,13236.25,cutoff,219.15,2023-04-17,-5001.18
2023-04-28,2023-04-28 09:31:00-04:00,2023-04-28 15:00:00-04:00,short,13239.617566303556,13285.25,cutoff,-45.63,2023-04-24,-5046.81
2023-05-01,2023-05-01 09:50:00-04:00,2023-05-01 10:56:00-04:00,short,13317.369563930908,13317.369563930908,BE,0.0,2023-04-11,-5046.81
2023-05-01,2023-05-01 10:58:00-04:00,2023-05-01 12:28:00-04:00,short,13317.524530706596,13317.524530706596,BE,0.0,2023-04-17,-5046.81
2023-05-02,2023-05-02 10:12:00-04:00,2023-05-02 15:00:00-04:00,short,13239.617566303556,13205.75,cutoff,33.87,2023-04-24,-5012.94
2023-05-03,2023-05-03 09:34:00-04:00,2023-05-03 14:40:00-04:00,short,13195.157886365982,13300.157886365982,SL,-105.0,2023-04-10,-5117.94
2023-05-04,2023-05-04 09:32:00-04:00,2023-05-04 15:00:00-04:00,long,13049.068378614229,13060.5,cutoff,11.43,2023-04-18,-5106.51
2023-05-05,2023-05-05 09:31:00-04:00,2023-05-05 10:20:00-04:00,short,13135.420594916273,13240.420594916273,SL,-105.0,2023-04-25,-5211.51
2023-05-10,2023-05-10 09:32:00-04:00,2023-05-10 15:00:00-04:00,short,13410.064913270078,13394.25,cutoff,15.81,2023-04-28,-5195.7
2023-05-11,2023-05-11 09:45:00-04:00,2023-05-11 10:48:00-04:00,short,13410.064913270078,13410.064913270078,BE,0.0,2023-04-28,-5195.7
2023-05-11,2023-05-11 10:55:00-04:00,2023-05-11 15:00:00-04:00,short,13411.199002032656,13464.25,cutoff,-53.05,2023-05-09,-5248.75
2023-05-12,2023-05-12 09:51:00-04:00,2023-05-12 15:00:00-04:00,short,13458.181621385771,13343.5,cutoff,114.68,2023-04-18,-5134.07
2023-05-15,2023-05-15 09:31:00-04:00,2023-05-15 11:12:00-04:00,short,13410.064913270078,13410.064913270078,BE,0.0,2023-04-28,-5134.07
2023-05-16,2023-05-16 09:31:00-04:00,2023-05-16 15:00:00-04:00,short,13454.855520657635,13536.0,cutoff,-81.14,2023-05-02,-5215.21
2023-05-19,2023-05-19 10:09:00-04:00,2023-05-19 10:54:00-04:00,short,13876.997621295763,13876.997621295763,BE,0.0,2023-05-18,-5215.21
2023-05-22,2023-05-22 09:34:00-04:00,2023-05-22 15:00:00-04:00,short,13876.997621295763,13922.25,cutoff,-45.25,2023-05-18,-5260.46
2023-05-23,2023-05-23 09:56:00-04:00,2023-05-23 15:00:00-04:00,short,13876.997621295763,13742.0,cutoff,135.0,2023-05-18,-5125.46
2023-05-24,2023-05-24 09:34:00-04:00,2023-05-24 15:00:00-04:00,short,13654.647370426488,13613.5,cutoff,41.15,2023-05-17,-5084.31
2023-05-25,2023-05-25 09:38:00-04:00,2023-05-25 10:28:00-04:00,short,13876.997621295763,13876.997621295763,BE,0.0,2023-05-18,-5084.31
2023-05-26,2023-05-26 09:33:00-04:00,2023-05-26 10:00:00-04:00,short,14037.217523662237,14142.217523662237,SL,-105.0,2023-05-19,-5189.31
2023-05-30,2023-05-30 09:33:00-04:00,2023-05-30 15:00:00-04:00,short,14500.603669049202,14423.75,cutoff,76.85,2023-05-29,-5112.46
2023-05-31,2023-05-31 10:50:00-04:00,2023-05-31 13:30:00-04:00,short,14320.83787356036,14320.83787356036,BE,0.0,2023-05-26,-5112.46
2023-06-01,2023-06-01 09:35:00-04:00,2023-06-01 13:24:00-04:00,long,14264.119260834668,14451.75,TP,187.63,2023-05-30,-4924.83
2023-06-02,2023-06-02 09:48:00-04:00,2023-06-02 10:43:00-04:00,short,14550.866559532675,14550.866559532675,BE,0.0,2023-05-31,-4924.83
2023-06-06,2023-06-06 09:48:00-04:00,2023-06-06 15:00:00-04:00,short,14550.866559532675,14585.5,cutoff,-34.63,2023-05-31,-4959.46
2023-06-07,2023-06-07 10:29:00-04:00,2023-06-07 13:44:00-04:00,short,14550.866559532675,14363.25,TP,187.62,2023-05-31,-4771.84
2023-06-08,2023-06-08 10:07:00-04:00,2023-06-08 15:00:00-04:00,long,14398.542957657737,14484.0,cutoff,85.46,2023-06-06,-4686.38
2023-06-12,2023-06-12 09:33:00-04:00,2023-06-12 10:23:00-04:00,short,14796.265242329355,14796.265242329355,BE,0.0,2023-06-07,-4686.38
2023-06-16,2023-06-16 09:38:00-04:00,2023-06-16 15:00:00-04:00,short,15385.305026003243,15313.75,cutoff,71.56,2023-06-15,-4614.82
2023-06-20,2023-06-20 09:48:00-04:00,2023-06-20 15:00:00-04:00,short,15302.861882702957,15248.75,cutoff,54.11,2023-06-13,-4560.71
2023-06-21,2023-06-21 09:56:00-04:00,2023-06-21 11:07:00-04:00,long,15127.861700125628,15022.861700125628,SL,-105.0,2023-06-19,-4665.71
2023-06-22,2023-06-22 10:15:00-04:00,2023-06-22 15:00:00-04:00,long,15127.861700125628,15189.5,cutoff,61.64,2023-06-19,-4604.07
2023-06-26,2023-06-26 10:00:00-04:00,2023-06-26 11:06:00-04:00,long,15127.861700125628,15022.861700125628,SL,-105.0,2023-06-19,-4709.07
2023-06-27,2023-06-27 09:31:00-04:00,2023-06-27 10:24:00-04:00,short,14933.600874196422,14933.600874196422,BE,0.0,2023-06-12,-4709.07
2023-06-27,2023-06-27 10:29:00-04:00,2023-06-27 15:00:00-04:00,long,14948.069973996757,15106.0,cutoff,157.93,2023-06-15,-4551.14
2023-06-28,2023-06-28 09:42:00-04:00,2023-06-28 10:49:00-04:00,short,15097.764370310375,15202.764370310375,SL,-105.0,2023-06-27,-4656.14
2023-06-29,2023-06-29 09:32:00-04:00,2023-06-29 10:22:00-04:00,short,15097.764370310375,15097.764370310375,BE,0.0,2023-06-27,-4656.14
2023-06-30,2023-06-30 09:31:00-04:00,2023-06-30 10:19:00-04:00,short,15255.780357455948,15360.780357455948,SL,-105.0,2023-06-22,-4761.14
2023-07-03,2023-07-03 09:31:00-04:00,2023-07-03 10:23:00-04:00,short,15364.888299874372,15364.888299874372,BE,0.0,2023-06-19,-4761.14
2023-07-04,2023-07-04 09:34:00-04:00,2023-07-04 12:59:00-04:00,short,15364.888299874372,15344.5,cutoff,20.39,2023-06-19,-4740.75
2023-07-05,2023-07-05 09:41:00-04:00,2023-07-05 15:00:00-04:00,short,15364.888299874372,15375.0,cutoff,-10.11,2023-06-19,-4750.86
2023-07-06,2023-07-06 09:31:00-04:00,2023-07-06 12:34:00-04:00,short,15212.592497052523,15212.592497052523,BE,0.0,2023-06-23,-4750.86
2023-07-07,2023-07-07 09:32:00-04:00,2023-07-07 10:17:00-04:00,long,15217.434278627898,15217.434278627898,BE,0.0,2023-07-03,-4750.86
2023-07-07,2023-07-07 10:25:00-04:00,2023-07-07 15:00:00-04:00,long,15222.97180417187,15301.25,cutoff,78.28,2023-06-16,-4672.58
2023-07-10,2023-07-10 09:32:00-04:00,2023-07-10 15:00:00-04:00,short,15212.592497052523,15188.5,cutoff,24.09,2023-06-23,-4648.49
2023-07-11,2023-07-11 09:34:00-04:00,2023-07-11 11:03:00-04:00,short,15212.592497052523,15212.592497052523,BE,0.0,2023-06-23,-4648.49
2023-07-12,2023-07-12 09:48:00-04:00,2023-07-12 15:00:00-04:00,short,15454.584264870435,15452.0,cutoff,2.58,2023-06-20,-4645.91
2023-07-17,2023-07-17 09:59:00-04:00,2023-07-17 15:00:00-04:00,short,15737.212499807722,15825.75,cutoff,-88.54,2023-07-13,-4734.45
2023-07-20,2023-07-20 10:00:00-04:00,2023-07-20 10:29:00-04:00,long,15853.012583429381,15748.012583429381,SL,-105.0,2023-07-19,-4839.45
2023-07-21,2023-07-21 09:52:00-04:00,2023-07-21 15:00:00-04:00,long,15627.390811500729,15575.75,cutoff,-51.64,2023-07-18,-4891.09
2023-07-24,2023-07-24 09:32:00-04:00,2023-07-24 09:54:00-04:00,long,15602.940801120098,15497.940801120098,SL,-105.0,2023-07-20,-4996.09
2023-07-25,2023-07-25 09:35:00-04:00,2023-07-25 14:45:00-04:00,short,15629.844376715555,15734.844376715555,SL,-105.0,2023-07-12,-5101.09
2023-07-26,2023-07-26 09:31:00-04:00,2023-07-26 11:00:00-04:00,long,15627.390811500729,15522.390811500729,SL,-105.0,2023-07-18,-5206.09
2023-07-27,2023-07-27 09:35:00-04:00,2023-07-27 13:20:00-04:00,long,15853.012583429381,15748.012583429381,SL,-105.0,2023-07-19,-5311.09
2023-07-28,2023-07-28 09:31:00-04:00,2023-07-28 11:11:00-04:00,short,15737.212499807722,15842.212499807722,SL,-105.0,2023-07-13,-5416.09
2023-07-31,2023-07-31 09:34:00-04:00,2023-07-31 15:00:00-04:00,long,15853.012583429381,15850.75,cutoff,-2.26,2023-07-19,-5418.35
2023-08-01,2023-08-01 09:32:00-04:00,2023-08-01 10:28:00-04:00,short,15778.833445787948,15778.833445787948,BE,0.0,2023-07-25,-5418.35
2023-08-02,2023-08-02 09:34:00-04:00,2023-08-02 10:45:00-04:00,long,15627.390811500729,15522.390811500729,SL,-105.0,2023-07-18,-5523.35
2023-08-03,2023-08-03 09:32:00-04:00,2023-08-03 12:42:00-04:00,short,15390.16854075785,15495.16854075785,SL,-105.0,2023-07-11,-5628.35
2023-08-04,2023-08-04 09:34:00-04:00,2023-08-04 09:56:00-04:00,long,15547.187672567197,15442.187672567197,SL,-105.0,2023-07-14,-5733.35
2023-08-07,2023-08-07 09:31:00-04:00,2023-08-07 11:33:00-04:00,long,15440.166554212052,15335.166554212052,SL,-105.0,2023-07-25,-5838.35
2023-08-08,2023-08-08 09:31:00-04:00,2023-08-08 10:14:00-04:00,long,15359.097887679556,15254.097887679556,SL,-105.0,2023-07-24,-5943.35
2023-08-09,2023-08-09 10:52:00-04:00,2023-08-09 15:00:00-04:00,long,15237.655694235033,15272.5,cutoff,34.84,2023-08-04,-5908.51
2023-08-10,2023-08-10 10:07:00-04:00,2023-08-10 10:45:00-04:00,long,15424.48130455583,15319.48130455583,SL,-105.0,2023-07-21,-6013.51
2023-08-11,2023-08-11 09:40:00-04:00,2023-08-11 11:07:00-04:00,long,15088.731762423424,15088.731762423424,BE,0.0,2023-08-10,-6013.51
2023-08-14,2023-08-14 09:43:00-04:00,2023-08-14 15:00:00-04:00,long,15088.731762423424,15214.75,cutoff,126.02,2023-08-10,-5887.49
2023-08-15,2023-08-15 09:31:00-04:00,2023-08-15 10:25:00-04:00,long,15219.073341420524,15114.073341420524,SL,-105.0,2023-08-07,-5992.49
2023-08-16,2023-08-16 09:40:00-04:00,2023-08-16 11:31:00-04:00,long,15088.731762423424,15088.731762423424,BE,0.0,2023-08-10,-5992.49
2023-08-17,2023-08-17 09:31:00-04:00,2023-08-17 10:25:00-04:00,long,14990.540533081286,14885.540533081286,SL,-105.0,2023-08-15,-6097.49
2023-08-21,2023-08-21 09:33:00-04:00,2023-08-21 10:06:00-04:00,short,14823.580191280835,14928.580191280835,SL,-105.0,2023-08-18,-6202.49
2023-08-22,2023-08-22 09:37:00-04:00,2023-08-22 15:00:00-04:00,short,15046.702045487342,14974.5,cutoff,72.2,2023-08-21,-6130.29
2023-08-23,2023-08-23 09:45:00-04:00,2023-08-23 10:41:00-04:00,short,15046.702045487342,15151.702045487342,SL,-105.0,2023-08-21,-6235.29
2023-08-24,2023-08-24 09:32:00-04:00,2023-08-24 10:33:00-04:00,short,15295.195975187766,15079.75,TP,215.45,2023-08-14,-6019.84
2023-08-24,2023-08-24 10:44:00-04:00,2023-08-24 15:00:00-04:00,short,15046.702045487342,14960.25,cutoff,86.45,2023-08-21,-5933.39
2023-08-25,2023-08-25 09:31:00-04:00,2023-08-25 10:24:00-04:00,long,14907.749306880967,14907.749306880967,BE,0.0,2023-08-16,-5933.39
2023-08-25,2023-08-25 10:25:00-04:00,2023-08-25 10:47:00-04:00,long,14901.54356216347,14796.54356216347,SL,-105.0,2023-08-11,-6038.39
2023-08-28,2023-08-28 09:37:00-04:00,2023-08-28 11:52:00-04:00,long,15088.731762423424,14983.731762423424,SL,-105.0,2023-08-10,-6143.39
2023-08-29,2023-08-29 09:33:00-04:00,2023-08-29 10:37:00-04:00,long,15088.731762423424,15305.75,TP,217.02,2023-08-10,-5926.37
2023-08-29,2023-08-29 10:38:00-04:00,2023-08-29 14:37:00-04:00,short,15303.33143783653,15408.33143783653,SL,-105.0,2023-08-11,-6031.37
2023-08-30,2023-08-30 09:39:00-04:00,2023-08-30 15:00:00-04:00,short,15420.584466918714,15507.0,cutoff,-86.42,2023-08-15,-6117.79
2023-08-31,2023-08-31 09:31:00-04:00,2023-08-31 15:00:00-04:00,short,15532.052676827978,15553.75,cutoff,-21.7,2023-08-09,-6139.49
2023-09-01,2023-09-01 09:33:00-04:00,2023-09-01 15:00:00-04:00,short,15629.551658579476,15491.0,cutoff,138.55,2023-08-07,-6000.94
2023-09-04,2023-09-04 09:35:00-04:00,2023-09-04 12:59:00-04:00,short,15569.768237576576,15523.75,cutoff,46.02,2023-08-10,-5954.92
2023-09-05,2023-09-05 10:52:00-04:00,2023-09-05 12:00:00-04:00,short,15532.052676827978,15532.052676827978,BE,0.0,2023-08-09,-5954.92
2023-09-06,2023-09-06 10:01:00-04:00,2023-09-06 12:29:00-04:00,long,15439.378375806675,15334.378375806675,SL,-105.0,2023-09-04,-6059.92
2023-09-07,2023-09-07 09:33:00-04:00,2023-09-07 13:54:00-04:00,short,15178.222756936233,15283.222756936233,SL,-105.0,2023-08-17,-6164.92
2023-09-08,2023-09-08 09:31:00-04:00,2023-09-08 15:00:00-04:00,short,15295.195975187766,15270.75,cutoff,24.45,2023-08-14,-6140.47
2023-09-11,2023-09-11 09:32:00-04:00,2023-09-11 13:26:00-04:00,short,15629.449940807615,15629.449940807615,BE,0.0,2023-08-30,-6140.47
2023-09-12,2023-09-12 09:31:00-04:00,2023-09-12 15:00:00-04:00,short,15589.592104097457,15503.25,cutoff,86.34,2023-08-24,-6054.13
2023-09-13,2023-09-13 10:10:00-04:00,2023-09-13 11:30:00-04:00,short,15496.462916416425,15601.462916416425,SL,-105.0,2023-09-08,-6159.13
2023-09-14,2023-09-14 09:50:00-04:00,2023-09-14 11:11:00-04:00,short,15589.592104097457,15694.592104097457,SL,-105.0,2023-08-24,-6264.13
2023-09-15,2023-09-15 09:33:00-04:00,2023-09-15 13:34:00-04:00,short,15589.592104097457,15386.75,TP,202.84,2023-08-24,-6061.29
2023-09-18,2023-09-18 09:32:00-04:00,2023-09-18 10:38:00-04:00,long,15370.480522393795,15370.480522393795,BE,0.0,2023-09-15,-6061.29
2023-09-19,2023-09-19 09:31:00-04:00,2023-09-19 15:00:00-04:00,long,15336.432534736363,15348.5,cutoff,12.07,2023-08-31,-6049.22
2023-09-20,2023-09-20 09:31:00-04:00,2023-09-20 15:00:00-04:00,long,15389.281890276656,15302.5,cutoff,-86.78,2023-09-01,-6136.0
2023-09-25,2023-09-25 09:32:00-04:00,2023-09-25 15:00:00-04:00,long,14797.891152351334,14874.75,cutoff,76.86,2023-09-21,-6059.14
2023-09-26,2023-09-26 09:50:00-04:00,2023-09-26 14:40:00-04:00,long,14797.891152351334,14692.891152351334,SL,-105.0,2023-09-21,-6164.14
2023-09-27,2023-09-27 09:35:00-04:00,2023-09-27 12:05:00-04:00,long,14756.293148302426,14651.293148302426,SL,-105.0,2023-09-22,-6269.14
2023-09-28,2023-09-28 10:01:00-04:00,2023-09-28 15:00:00-04:00,long,14756.293148302426,14843.75,cutoff,87.46,2023-09-22,-6181.68
2023-09-29,2023-09-29 09:34:00-04:00,2023-09-29 15:00:00-04:00,short,15007.11661205743,14902.75,cutoff,104.37,2023-09-26,-6077.31
2023-10-02,2023-10-02 09:34:00-04:00,2023-10-02 11:20:00-04:00,short,14905.250582524115,15010.250582524115,SL,-105.0,2023-09-28,-6182.31
2023-10-03,2023-10-03 09:33:00-04:00,2023-10-03 14:25:00-04:00,short,14905.250582524115,14692.25,TP,213.0,2023-09-28,-5969.31
2023-10-04,2023-10-04 09:43:00-04:00,2023-10-04 15:00:00-04:00,long,14797.891152351334,14870.75,cutoff,72.86,2023-09-21,-5896.45
2023-10-05,2023-10-05 09:31:00-04:00,2023-10-05 14:40:00-04:00,short,14905.250582524115,14905.250582524115,BE,0.0,2023-09-28,-5896.45
2023-10-06,2023-10-06 09:35:00-04:00,2023-10-06 10:20:00-04:00,long,14756.293148302426,14756.293148302426,BE,0.0,2023-09-22,-5896.45
2023-10-06,2023-10-06 10:27:00-04:00,2023-10-06 12:10:00-04:00,long,14828.962669985114,15043.75,TP,214.79,2023-09-29,-5681.66
2023-10-09,2023-10-09 09:31:00-04:00,2023-10-09 13:30:00-04:00,short,15007.11661205743,15112.11661205743,SL,-105.0,2023-09-26,-5786.66
2023-10-10,2023-10-10 09:32:00-04:00,2023-10-10 15:00:00-04:00,long,15203.87977436983,15277.25,cutoff,73.37,2023-09-18,-5713.29
2023-10-11,2023-10-11 09:38:00-04:00,2023-10-11 13:19:00-04:00,long,15370.480522393795,15265.480522393795,SL,-105.0,2023-09-15,-5818.29
2023-10-12,2023-10-12 09:42:00-04:00,2023-10-12 13:08:00-04:00,long,15370.480522393795,15370.480522393795,BE,0.0,2023-09-15,-5818.29
2023-10-13,2023-10-13 10:48:00-04:00,2023-10-13 11:30:00-04:00,long,15252.130723958366,15147.130723958366,SL,-105.0,2023-09-20,-5923.29
2023-10-16,2023-10-16 09:31:00-04:00,2023-10-16 10:27:00-04:00,short,15187.912330014886,15292.912330014886,SL,-105.0,2023-09-29,-6028.29
2023-10-17,2023-10-17 09:36:00-04:00,2023-10-17 10:36:00-04:00,short,15114.11544197032,15219.11544197032,SL,-105.0,2023-10-02,-6133.29
2023-10-18,2023-10-18 09:31:00-04:00,2023-10-18 15:00:00-04:00,short,15142.142363656174,15061.75,cutoff,80.39,2023-10-03,-6052.9
2023-10-19,2023-10-19 09:49:00-04:00,2023-10-19 10:35:00-04:00,short,15030.213529050536,15030.213529050536,BE,0.0,2023-09-25,-6052.9
2023-10-19,2023-10-19 10:53:00-04:00,2023-10-19 12:00:00-04:00,long,15016.660984992119,15016.660984992119,BE,0.0,2023-10-10,-6052.9
2023-10-20,2023-10-20 09:31:00-04:00,2023-10-20 10:45:00-04:00,long,14828.962669985114,14723.962669985114,SL,-105.0,2023-09-29,-6157.9
2023-10-23,2023-10-23 09:31:00-04:00,2023-10-23 12:59:00-04:00,long,14603.25838794257,14831.25,TP,227.99,2023-09-26,-5929.91
2023-10-24,2023-10-24 09:35:00-04:00,2023-10-24 12:55:00-04:00,long,14811.455813199624,14706.455813199624,SL,-105.0,2023-10-09,-6034.91
2023-10-25,2023-10-25 09:34:00-04:00,2023-10-25 12:00:00-04:00,long,14679.63455802968,14574.63455802968,SL,-105.0,2023-10-02,-6139.91
2023-10-26,2023-10-26 09:51:00-04:00,2023-10-26 11:43:00-04:00,long,14341.862903533696,14236.862903533696,SL,-105.0,2023-10-23,-6244.91
2023-10-27,2023-10-27 09:45:00-04:00,2023-10-27 13:18:00-04:00,long,14341.862903533696,14236.862903533696,SL,-105.0,2023-10-23,-6349.91
2023-10-30,2023-10-30 09:31:00-04:00,2023-10-30 10:21:00-04:00,long,14341.862903533696,14341.862903533696,BE,0.0,2023-10-23,-6349.91
2023-10-31,2023-10-31 09:37:00-04:00,2023-10-31 15:00:00-04:00,long,14341.862903533696,14484.25,cutoff,142.39,2023-10-23,-6207.52
2023-11-01,2023-11-01 09:31:00-04:00,2023-11-01 15:00:00-04:00,long,14524.195341913888,14659.0,cutoff,134.8,2023-10-06,-6072.72
2023-11-02,2023-11-02 09:32:00-04:00,2023-11-02 15:00:00-04:00,long,14905.635809277657,14998.75,cutoff,93.11,2023-10-17,-5979.61
2023-11-03,2023-11-03 09:31:00-04:00,2023-11-03 12:22:00-04:00,short,15070.892577085335,15175.892577085335,SL,-105.0,2023-10-20,-6084.61
2023-11-06,2023-11-06 09:32:00-05:00,2023-11-06 15:00:00-05:00,long,15225.448835444564,15207.0,cutoff,-18.45,2023-10-12,-6103.06
2023-11-07,2023-11-07 09:37:00-05:00,2023-11-07 15:00:00-05:00,long,15225.448835444564,15387.0,cutoff,161.55,2023-10-12,-5941.51
2023-11-08,2023-11-08 10:03:00-05:00,2023-11-08 11:16:00-05:00,short,15362.709554818362,15362.709554818362,BE,0.0,2023-11-06,-5941.51
2023-11-09,2023-11-09 10:08:00-05:00,2023-11-09 15:00:00-05:00,short,15360.114190722343,15261.75,cutoff,98.36,2023-10-17,-5843.15
2023-11-10,2023-11-10 09:38:00-05:00,2023-11-10 11:22:00-05:00,short,15343.319510651938,15448.319510651938,SL,-105.0,2023-10-18,-5948.15
2023-11-13,2023-11-13 09:32:00-05:00,2023-11-13 10:46:00-05:00,short,15537.907141189105,15537.907141189105,BE,0.0,2023-11-08,-5948.15
2023-11-20,2023-11-20 09:58:00-05:00,2023-11-20 10:57:00-05:00,short,15994.229960445984,15994.229960445984,BE,0.0,2023-11-17,-5948.15
2023-11-20,2023-11-20 10:59:00-05:00,2023-11-20 15:00:00-05:00,short,15999.786834905073,16094.75,cutoff,-94.96,2023-11-14,-6043.11
2023-11-21,2023-11-21 09:32:00-05:00,2023-11-21 15:00:00-05:00,short,15994.229960445984,15986.0,cutoff,8.23,2023-11-17,-6034.88
2023-11-22,2023-11-22 09:36:00-05:00,2023-11-22 15:00:00-05:00,short,16158.55957440403,16055.5,cutoff,103.06,2023-11-21,-5931.82
2023-11-24,2023-11-24 09:31:00-05:00,2023-11-24 11:36:00-05:00,short,16015.643291059818,16015.643291059818,BE,0.0,2023-11-16,-5931.82
2023-11-27,2023-11-27 09:33:00-05:00,2023-11-27 15:00:00-05:00,short,15999.786834905073,16025.5,cutoff,-25.71,2023-11-14,-5957.53
2023-11-28,2023-11-28 09:32:00-05:00,2023-11-28 10:39:00-05:00,short,15999.786834905073,15999.786834905073,BE,0.0,2023-11-14,-5957.53
2023-11-28,2023-11-28 10:40:00-05:00,2023-11-28 15:00:00-05:00,short,16015.643291059818,16021.5,cutoff,-5.86,2023-11-16,-5963.39
2023-11-29,2023-11-29 09:31:00-05:00,2023-11-29 15:00:00-05:00,short,16164.611367656795,16064.5,cutoff,100.11,2023-11-23,-5863.28
2023-11-30,2023-11-30 09:41:00-05:00,2023-11-30 15:00:00-05:00,short,15994.229960445984,15925.0,cutoff,69.23,2023-11-17,-5794.05
2023-12-01,2023-12-01 09:34:00-05:00,2023-12-01 10:25:00-05:00,long,15888.614926757957,15888.614926757957,BE,0.0,2023-11-24,-5794.05
2023-12-04,2023-12-04 09:31:00-05:00,2023-12-04 10:26:00-05:00,long,15858.33844747602,15753.33844747602,SL,-105.0,2023-11-22,-5899.05
2023-12-05,2023-12-05 09:31:00-05:00,2023-12-05 15:00:00-05:00,long,15801.229707511544,15898.75,cutoff,97.52,2023-11-15,-5801.53
2023-12-06,2023-12-06 09:32:00-05:00,2023-12-06 15:00:00-05:00,short,15999.786834905073,15867.25,cutoff,132.54,2023-11-14,-5668.99
2023-12-07,2023-12-07 09:35:00-05:00,2023-12-07 11:15:00-05:00,long,15958.763632343205,15958.763632343205,BE,0.0,2023-11-23,-5668.99
2023-12-08,2023-12-08 09:31:00-05:00,2023-12-08 10:16:00-05:00,short,15994.229960445984,16099.229960445984,SL,-105.0,2023-11-17,-5773.99
2023-12-11,2023-12-11 09:31:00-05:00,2023-12-11 10:50:00-05:00,short,16300.91155252398,16405.91155252398,SL,-105.0,2023-11-22,-5878.99
2023-12-12,2023-12-12 10:06:00-05:00,2023-12-12 10:51:00-05:00,short,16478.359105597912,16478.359105597912,BE,0.0,2023-12-11,-5878.99
2023-12-13,2023-12-13 09:57:00-05:00,2023-12-13 14:21:00-05:00,short,16603.712106069477,16708.712106069477,SL,-105.0,2023-12-12,-5983.99
2023-12-19,2023-12-19 09:31:00-05:00,2023-12-19 15:00:00-05:00,short,16980.404600724352,17000.25,cutoff,-19.85,2023-12-14,-6003.84
2023-12-20,2023-12-20 09:36:00-05:00,2023-12-20 15:00:00-05:00,short,16999.357653136416,16842.25,cutoff,157.11,2023-12-18,-5846.73
2023-12-21,2023-12-21 09:31:00-05:00,2023-12-21 15:00:00-05:00,short,16957.667825366458,16885.0,cutoff,72.67,2023-12-15,-5774.06
2023-12-22,2023-12-22 09:35:00-05:00,2023-12-22 15:00:00-05:00,short,16999.357653136416,16987.0,cutoff,12.36,2023-12-18,-5761.7
2023-12-27,2023-12-27 10:12:00-05:00,2023-12-27 11:42:00-05:00,short,17091.796474788527,17091.796474788527,BE,0.0,2023-12-19,-5761.7
2023-12-28,2023-12-28 09:31:00-05:00,2023-12-28 15:00:00-05:00,short,17154.551837927178,17115.5,cutoff,39.05,2023-12-26,-5722.65
2023-12-29,2023-12-29 09:31:00-05:00,2023-12-29 15:00:00-05:00,short,17095.629411503687,17041.75,cutoff,53.88,2023-12-21,-5668.77
2024-01-02,2024-01-02 09:31:00-05:00,2024-01-02 09:46:00-05:00,long,16868.892254296217,16763.892254296217,SL,-105.0,2023-12-22,-5773.77
2024-01-03,2024-01-03 09:31:00-05:00,2024-01-03 15:00:00-05:00,long,16606.828216044698,16590.5,cutoff,-16.33,2024-01-02,-5790.1
2024-01-04,2024-01-04 09:32:00-05:00,2024-01-04 11:26:00-05:00,short,16478.359105597912,16583.359105597912,SL,-105.0,2023-12-11,-5895.1
2024-01-05,2024-01-05 09:34:00-05:00,2024-01-05 15:00:00-05:00,short,16478.359105597912,16424.75,cutoff,53.61,2023-12-11,-5841.49
2024-01-08,2024-01-08 09:57:00-05:00,2024-01-08 12:41:00-05:00,short,16603.712106069477,16708.712106069477,SL,-105.0,2023-12-12,-5946.49
2024-01-09,2024-01-09 09:44:00-05:00,2024-01-09 15:00:00-05:00,long,16671.720399275648,16828.25,cutoff,156.53,2023-12-14,-5789.96
2024-01-10,2024-01-10 09:38:00-05:00,2024-01-10 15:00:00-05:00,long,16868.892254296217,16980.5,cutoff,111.61,2023-12-22,-5678.35
2024-01-11,2024-01-11 09:32:00-05:00,2024-01-11 11:14:00-05:00,short,16999.357653136416,16807.5,TP,191.86,2023-12-18,-5486.49
2024-01-12,2024-01-12 09:31:00-05:00,2024-01-12 15:00:00-05:00,long,17003.61585585585,16951.25,cutoff,-52.37,2023-12-28,-5538.86
2024-01-15,2024-01-15 09:36:00-05:00,2024-01-15 10:30:00-05:00,short,16957.667825366458,16957.667825366458,BE,0.0,2023-12-15,-5538.86
2024-01-16,2024-01-16 09:41:00-05:00,2024-01-16 14:12:00-05:00,long,16886.198162072822,16886.198162072822,BE,0.0,2023-12-26,-5538.86
2024-01-17,2024-01-17 09:33:00-05:00,2024-01-17 10:41:00-05:00,short,16779.531086708965,16779.531086708965,BE,0.0,2024-01-03,-5538.86
2024-01-18,2024-01-18 09:31:00-05:00,2024-01-18 10:30:00-05:00,short,17043.921783955302,17043.921783955302,BE,0.0,2024-01-02,-5538.86
2024-01-18,2024-01-18 10:33:00-05:00,2024-01-18 15:00:00-05:00,short,17013.626595573453,17100.75,cutoff,-87.12,2024-01-17,-5625.98
2024-01-19,2024-01-19 09:54:00-05:00,2024-01-19 12:38:00-05:00,short,17209.447723507175,17314.447723507175,SL,-105.0,2023-12-29,-5730.98
2024-01-24,2024-01-24 10:29:00-05:00,2024-01-24 11:22:00-05:00,short,17717.829133271625,17717.829133271625,BE,0.0,2024-01-22,-5730.98
2024-01-25,2024-01-25 10:20:00-05:00,2024-01-25 11:13:00-05:00,short,17717.829133271625,17717.829133271625,BE,0.0,2024-01-22,-5730.98
2024-01-26,2024-01-26 09:32:00-05:00,2024-01-26 15:00:00-05:00,long,17539.538613486155,17562.5,cutoff,22.96,2024-01-25,-5708.02
2024-01-29,2024-01-29 09:32:00-05:00,2024-01-29 10:22:00-05:00,long,17539.538613486155,17539.538613486155,BE,0.0,2024-01-25,-5708.02
2024-01-29,2024-01-29 11:00:00-05:00,2024-01-29 15:00:00-05:00,long,17524.716559417848,17626.25,cutoff,101.53,2024-01-24,-5606.49
2024-01-30,2024-01-30 10:02:00-05:00,2024-01-30 15:00:00-05:00,short,17629.672967767547,17590.25,cutoff,39.42,2024-01-23,-5567.07
2024-01-31,2024-01-31 09:31:00-05:00,2024-01-31 15:00:00-05:00,long,17386.561549636164,17379.25,cutoff,-7.31,2024-01-26,-5574.38
2024-02-01,2024-02-01 09:31:00-05:00,2024-02-01 10:53:00-05:00,long,17306.577032232453,17306.577032232453,BE,0.0,2024-01-23,-5574.38
2024-02-02,2024-02-02 09:31:00-05:00,2024-02-02 12:14:00-05:00,long,17499.8258490337,17694.25,TP,194.42,2024-01-30,-5379.96
2024-02-05,2024-02-05 09:31:00-05:00,2024-02-05 12:38:00-05:00,short,17717.829133271625,17717.829133271625,BE,0.0,2024-01-22,-5379.96
2024-02-06,2024-02-06 09:36:00-05:00,2024-02-06 15:00:00-05:00,short,17717.829133271625,17635.75,cutoff,82.08,2024-01-22,-5297.88
2024-02-07,2024-02-07 09:48:00-05:00,2024-02-07 10:28:00-05:00,short,17748.83118594841,17853.83118594841,SL,-105.0,2024-02-02,-5402.88
2024-02-08,2024-02-08 09:35:00-05:00,2024-02-08 15:00:00-05:00,short,17846.033440582152,17863.25,cutoff,-17.22,2024-01-24,-5420.1
2024-02-09,2024-02-09 09:31:00-05:00,2024-02-09 12:31:00-05:00,short,17902.655592144743,18007.655592144743,SL,-105.0,2024-02-05,-5525.1
2024-02-13,2024-02-13 09:32:00-05:00,2024-02-13 10:29:00-05:00,short,17629.672967767547,17734.672967767547,SL,-105.0,2024-01-23,-5630.1
2024-02-14,2024-02-14 09:31:00-05:00,2024-02-14 10:19:00-05:00,short,17812.5491509663,17812.5491509663,BE,0.0,2024-01-30,-5630.1
2024-02-14,2024-02-14 10:28:00-05:00,2024-02-14 15:00:00-05:00,short,17846.033440582152,17796.75,cutoff,49.28,2024-01-24,-5580.82
2024-02-15,2024-02-15 09:31:00-05:00,2024-02-15 13:17:00-05:00,short,17902.655592144743,17902.655592144743,BE,0.0,2024-02-05,-5580.82
2024-02-16,2024-02-16 09:32:00-05:00,2024-02-16 09:54:00-05:00,long,17892.693496105894,17787.693496105894,SL,-105.0,2024-02-12,-5685.82
2024-02-20,2024-02-20 09:31:00-05:00,2024-02-20 10:30:00-05:00,short,17696.40815614748,17504.5,TP,191.91,2024-01-29,-5493.91
2024-02-20,2024-02-20 10:32:00-05:00,2024-02-20 12:04:00-05:00,long,17489.094407855257,17489.094407855257,BE,0.0,2024-02-05,-5493.91
2024-02-21,2024-02-21 09:31:00-05:00,2024-02-21 15:00:00-05:00,short,17498.85533146069,17406.0,cutoff,92.86,2024-02-01,-5401.05
2024-02-22,2024-02-22 09:31:00-05:00,2024-02-22 12:53:00-05:00,short,17902.655592144743,18007.655592144743,SL,-105.0,2024-02-05,-5506.05
2024-02-23,2024-02-23 09:52:00-05:00,2024-02-23 15:00:00-05:00,short,18108.59940195433,18014.5,cutoff,94.1,2024-02-22,-5411.95
2024-02-26,2024-02-26 09:45:00-05:00,2024-02-26 15:00:00-05:00,short,18002.50445409766,18016.5,cutoff,-14.0,2024-02-07,-5425.95
2024-02-27,2024-02-27 09:38:00-05:00,2024-02-27 15:00:00-05:00,short,18002.50445409766,18027.0,cutoff,-24.5,2024-02-07,-5450.45
2024-02-28,2024-02-28 09:32:00-05:00,2024-02-28 10:58:00-05:00,short,17928.521777387923,17928.521777387923,BE,0.0,2024-02-19,-5450.45
2024-02-28,2024-02-28 11:00:00-05:00,2024-02-28 15:00:00-05:00,short,17946.099026789314,17914.5,cutoff,31.6,2024-02-06,-5418.85
2024-02-29,2024-02-29 09:31:00-05:00,2024-02-29 15:00:00-05:00,short,18061.60039774282,18037.25,cutoff,24.35,2024-02-15,-5394.5
2024-03-01,2024-03-01 10:00:00-05:00,2024-03-01 12:27:00-05:00,short,18166.181503894106,18271.181503894106,SL,-105.0,2024-02-12,-5499.5
2024-03-04,2024-03-04 09:33:00-05:00,2024-03-04 10:25:00-05:00,short,18304.993269119543,18304.993269119543,BE,0.0,2024-03-01,-5499.5
2024-03-04,2024-03-04 10:30:00-05:00,2024-03-04 15:00:00-05:00,short,18294.340730792937,18331.25,cutoff,-36.91,2024-02-23,-5536.41
2024-03-05,2024-03-05 09:33:00-05:00,2024-03-05 13:53:00-05:00,short,18095.335055077107,17899.75,TP,195.59,2024-02-09,-5340.82
2024-03-06,2024-03-06 09:33:00-05:00,2024-03-06 11:50:00-05:00,short,18108.59940195433,18108.59940195433,BE,0.0,2024-02-22,-5340.82
2024-03-07,2024-03-07 09:31:00-05:00,2024-03-07 11:24:00-05:00,short,18181.861360565214,18286.861360565214,SL,-105.0,2024-02-27,-5445.82
2024-03-08,2024-03-08 09:31:00-05:00,2024-03-08 10:07:00-05:00,short,18312.70562963195,18417.70562963195,SL,-105.0,2024-03-06,-5550.82
2024-03-11,2024-03-11 09:32:00-04:00,2024-03-11 10:19:00-04:00,short,18186.182175311445,18186.182175311445,BE,0.0,2024-02-26,-5550.82
2024-03-11,2024-03-11 10:20:00-04:00,2024-03-11 11:30:00-04:00,long,18169.62004403596,18169.62004403596,BE,0.0,2024-03-04,-5550.82
2024-03-12,2024-03-12 09:45:00-04:00,2024-03-12 10:06:00-04:00,short,18208.031808653133,18313.031808653133,SL,-105.0,2024-02-29,-5655.82
2024-03-13,2024-03-13 09:40:00-04:00,2024-03-13 13:10:00-04:00,short,18390.720229220504,18390.720229220504,BE,0.0,2024-03-07,-5655.82
2024-03-14,2024-03-14 09:37:00-04:00,2024-03-14 15:00:00-04:00,short,18390.720229220504,18252.25,cutoff,138.47,2024-03-07,-5517.35
2024-03-15,2024-03-15 09:38:00-04:00,2024-03-15 15:00:00-04:00,long,18110.28403168082,18083.25,cutoff,-27.03,2024-03-08,-5544.38
2024-03-18,2024-03-18 09:31:00-04:00,2024-03-18 15:00:00-04:00,short,18304.993269119543,18277.75,cutoff,27.24,2024-03-01,-5517.14
2024-03-19,2024-03-19 09:31:00-04:00,2024-03-19 15:00:00-04:00,long,18110.28403168082,18266.0,cutoff,155.72,2024-03-08,-5361.42
2024-03-20,2024-03-20 09:35:00-04:00,2024-03-20 14:00:00-04:00,short,18304.993269119543,18304.993269119543,BE,0.0,2024-03-01,-5361.42
2024-03-22,2024-03-22 09:47:00-04:00,2024-03-22 15:00:00-04:00,long,18500.875677885975,18595.0,cutoff,94.12,2024-03-21,-5267.3
2024-03-25,2024-03-25 09:32:00-04:00,2024-03-25 15:00:00-04:00,short,18468.12995596404,18568.0,cutoff,-99.87,2024-03-04,-5367.17
2024-03-26,2024-03-26 09:31:00-04:00,2024-03-26 15:00:00-04:00,short,18569.96596831918,18554.5,cutoff,15.47,2024-03-08,-5351.7
2024-03-27,2024-03-27 09:36:00-04:00,2024-03-27 10:02:00-04:00,long,18500.875677885975,18395.875677885975,SL,-105.0,2024-03-21,-5456.7
2024-03-28,2024-03-28 09:31:00-04:00,2024-03-28 15:00:00-04:00,short,18490.317014751516,18498.75,cutoff,-8.43,2024-03-20,-5465.13
2024-04-01,2024-04-01 09:31:00-04:00,2024-04-01 09:39:00-04:00,short,18490.317014751516,18595.317014751516,SL,-105.0,2024-03-20,-5570.13
2024-04-02,2024-04-02 09:33:00-04:00,2024-04-02 15:00:00-04:00,long,18265.28429594975,18278.0,cutoff,12.72,2024-03-25,-5557.41
2024-04-03,2024-04-03 09:33:00-04:00,2024-04-03 15:00:00-04:00,long,18265.28429594975,18397.75,cutoff,132.47,2024-03-25,-5424.94
2024-04-04,2024-04-04 09:32:00-04:00,2024-04-04 12:04:00-04:00,short,18542.060069309577,18542.060069309577,BE,0.0,2024-04-03,-5424.94
2024-04-05,2024-04-05 09:37:00-04:00,2024-04-05 11:05:00-04:00,long,18110.28403168082,18295.0,TP,184.72,2024-03-08,-5240.22
2024-04-08,2024-04-08 09:31:00-04:00,2024-04-08 10:22:00-04:00,short,18320.328722424594,18320.328722424594,BE,0.0,2024-03-19,-5240.22
2024-04-08,2024-04-08 10:27:00-04:00,2024-04-08 11:27:00-04:00,long,18332.642898587055,18332.642898587055,BE,0.0,2024-03-28,-5240.22
2024-04-09,2024-04-09 09:31:00-04:00,2024-04-09 10:42:00-04:00,short,18396.966272373546,18211.5,TP,185.47,2024-04-05,-5054.75
2024-04-09,2024-04-09 10:43:00-04:00,2024-04-09 15:00:00-04:00,long,18186.20885245448,18251.5,cutoff,65.29,2024-03-13,-4989.46
2024-04-10,2024-04-10 09:45:00-04:00,2024-04-10 15:00:00-04:00,long,18186.20885245448,18128.25,cutoff,-57.96,2024-03-13,-5047.42
2024-04-11,2024-04-11 09:35:00-04:00,2024-04-11 14:48:00-04:00,long,18265.28429594975,18489.25,TP,223.97,2024-03-25,-4823.45
2024-04-12,2024-04-12 09:32:00-04:00,2024-04-12 15:00:00-04:00,short,18320.328722424594,18134.5,cutoff,185.83,2024-03-19,-4637.62
2024-04-15,2024-04-15 09:35:00-04:00,2024-04-15 11:22:00-04:00,long,18265.28429594975,18160.28429594975,SL,-105.0,2024-03-25,-4742.62
2024-04-16,2024-04-16 10:16:00-04:00,2024-04-16 13:32:00-04:00,long,17925.796277575406,17820.796277575406,SL,-105.0,2024-03-19,-4847.62
2024-04-17,2024-04-17 09:35:00-04:00,2024-04-17 10:23:00-04:00,long,17918.533727626454,17813.533727626454,SL,-105.0,2024-04-05,-4952.62
2024-04-18,2024-04-18 09:31:00-04:00,2024-04-18 13:24:00-04:00,long,17645.446462686647,17540.446462686647,SL,-105.0,2024-04-16,-5057.62
2024-04-19,2024-04-19 10:14:00-04:00,2024-04-19 11:56:00-04:00,long,17410.581461499758,17305.581461499758,SL,-105.0,2024-04-18,-5162.62
2024-04-22,2024-04-22 10:26:00-04:00,2024-04-22 13:56:00-04:00,long,17196.693493607636,17388.5,TP,191.81,2024-04-19,-4970.81
2024-04-23,2024-04-23 09:56:00-04:00,2024-04-23 13:52:00-04:00,short,17525.21619148364,17630.21619148364,SL,-105.0,2024-04-22,-5075.81
2024-04-24,2024-04-24 09:33:00-04:00,2024-04-24 10:18:00-04:00,short,17727.306506392364,17727.306506392364,BE,0.0,2024-04-19,-5075.81
2024-04-24,2024-04-24 10:36:00-04:00,2024-04-24 15:00:00-04:00,short,17720.605247732077,17612.75,cutoff,107.86,2024-04-23,-4967.95
2024-04-25,2024-04-25 10:15:00-04:00,2024-04-25 15:00:00-04:00,long,17410.581461499758,17527.0,cutoff,116.42,2024-04-18,-4851.53
2024-04-26,2024-04-26 09:34:00-04:00,2024-04-26 10:12:00-04:00,short,17727.306506392364,17832.306506392364,SL,-105.0,2024-04-19,-4956.53
2024-04-29,2024-04-29 09:31:00-04:00,2024-04-29 13:38:00-04:00,short,17928.001554531023,17928.001554531023,BE,0.0,2024-04-24,-4956.53
2024-04-30,2024-04-30 09:44:00-04:00,2024-04-30 10:47:00-04:00,short,17878.293538500242,17878.293538500242,BE,0.0,2024-04-18,-4956.53
2024-05-01,2024-05-01 09:33:00-04:00,2024-05-01 14:41:00-04:00,long,17470.19823312563,17650.25,TP,180.05,2024-04-26,-4776.48
2024-05-02,2024-05-02 09:31:00-04:00,2024-05-02 10:01:00-04:00,long,17556.498445468977,17451.498445468977,SL,-105.0,2024-04-24,-4881.48
2024-05-03,2024-05-03 09:45:00-04:00,2024-05-03 10:44:00-04:00,short,17980.92676687437,17980.92676687437,BE,0.0,2024-04-26,-4881.48
2024-05-03,2024-05-03 10:50:00-04:00,2024-05-03 15:00:00-04:00,long,17956.945343366726,18009.0,cutoff,52.05,2024-04-10,-4829.43
2024-05-06,2024-05-06 09:32:00-04:00,2024-05-06 15:00:00-04:00,long,18044.312855743767,18145.5,cutoff,101.19,2024-04-11,-4728.24
2024-05-07,2024-05-07 10:00:00-04:00,2024-05-07 15:00:00-04:00,short,18198.797989743463,18194.5,cutoff,4.3,2024-05-03,-4723.94
2024-05-08,2024-05-08 09:31:00-04:00,2024-05-08 10:28:00-04:00,short,18099.553537313353,18204.553537313353,SL,-105.0,2024-04-16,-4828.94
2024-05-09,2024-05-09 09:45:00-04:00,2024-05-09 15:00:00-04:00,long,18118.82569679723,18231.75,cutoff,112.92,2024-04-12,-4716.02
2024-05-10,2024-05-10 09:35:00-04:00,2024-05-10 15:00:00-04:00,short,18318.397605320453,18256.25,cutoff,62.15,2024-05-08,-4653.87
2024-05-14,2024-05-14 09:45:00-04:00,2024-05-14 15:00:00-04:00,short,18318.397605320453,18409.75,cutoff,-91.35,2024-05-08,-4745.22
2024-05-15,2024-05-15 09:59:00-04:00,2024-05-15 11:07:00-04:00,short,18479.93747753404,18584.93747753404,SL,-105.0,2024-05-10,-4850.22
2024-05-16,2024-05-16 09:33:00-04:00,2024-05-16 15:00:00-04:00,short,18684.124682415186,18695.5,cutoff,-11.38,2024-05-15,-4861.6
2024-05-20,2024-05-20 09:34:00-04:00,2024-05-20 12:55:00-04:00,short,18684.124682415186,18789.124682415186,SL,-105.0,2024-05-15,-4966.6
2024-05-21,2024-05-21 09:31:00-04:00,2024-05-21 15:00:00-04:00,short,18684.124682415186,18769.5,cutoff,-85.38,2024-05-15,-5051.98
2024-05-22,2024-05-22 10:00:00-04:00,2024-05-22 11:05:00-04:00,short,18830.790448757154,18830.790448757154,BE,0.0,2024-05-16,-5051.98
2024-05-23,2024-05-23 09:34:00-04:00,2024-05-23 13:56:00-04:00,short,18941.475837723636,18736.0,TP,205.48,2024-05-22,-4846.5
2024-05-24,2024-05-24 09:46:00-04:00,2024-05-24 11:07:00-04:00,short,18786.526075226036,18891.526075226036,SL,-105.0,2024-05-17,-4951.5
2024-05-28,2024-05-28 09:53:00-04:00,2024-05-28 15:00:00-04:00,short,18863.21698544889,18867.25,cutoff,-4.03,2024-05-20,-4955.53
2024-05-29,2024-05-29 09:43:00-04:00,2024-05-29 15:00:00-04:00,short,18786.526075226036,18825.25,cutoff,-38.72,2024-05-17,-4994.25
2024-05-30,2024-05-30 09:34:00-04:00,2024-05-30 11:05:00-04:00,long,18730.6884868419,18625.6884868419,SL,-105.0,2024-05-23,-5099.25
2024-05-31,2024-05-31 09:31:00-04:00,2024-05-31 10:13:00-04:00,long,18603.078808509206,18498.078808509206,SL,-105.0,2024-05-29,-5204.25
2024-06-03,2024-06-03 09:41:00-04:00,2024-06-03 10:48:00-04:00,long,18730.6884868419,18625.6884868419,SL,-105.0,2024-05-23,-5309.25
2024-06-04,2024-06-04 09:34:00-04:00,2024-06-04 10:22:00-04:00,long,18588.785948066085,18588.785948066085,BE,0.0,2024-05-24,-5309.25
2024-06-04,2024-06-04 10:37:00-04:00,2024-06-04 11:27:00-04:00,long,18603.078808509206,18603.078808509206,BE,0.0,2024-05-29,-5309.25
2024-06-05,2024-06-05 09:31:00-04:00,2024-06-05 10:36:00-04:00,short,18830.790448757154,18935.790448757154,SL,-105.0,2024-05-16,-5414.25
2024-06-06,2024-06-06 09:47:00-04:00,2024-06-06 15:00:00-04:00,short,19078.028660465738,19066.0,cutoff,12.03,2024-05-28,-5402.22
2024-06-07,2024-06-07 09:31:00-04:00,2024-06-07 12:30:00-04:00,short,19013.149331717745,19118.149331717745,SL,-105.0,2024-05-27,-5507.22
2024-06-10,2024-06-10 09:34:00-04:00,2024-06-10 10:20:00-04:00,short,19013.149331717745,19013.149331717745,BE,0.0,2024-05-27,-5507.22
2024-06-10,2024-06-10 10:30:00-04:00,2024-06-10 15:00:00-04:00,short,19039.743026956778,19077.0,cutoff,-37.26,2024-06-05,-5544.48
2024-06-11,2024-06-11 09:34:00-04:00,2024-06-11 10:24:00-04:00,short,19078.028660465738,19078.028660465738,BE,0.0,2024-05-28,-5544.48
2024-06-21,2024-06-21 09:31:00-04:00,2024-06-21 10:17:00-04:00,long,19992.384046385865,19992.384046385865,BE,0.0,2024-06-20,-5544.48
2024-06-25,2024-06-25 09:38:00-04:00,2024-06-25 11:13:00-04:00,short,19803.81760183625,19908.81760183625,SL,-105.0,2024-06-13,-5649.48
2024-06-26,2024-06-26 09:53:00-04:00,2024-06-26 15:00:00-04:00,long,19992.384046385865,19951.75,cutoff,-40.63,2024-06-20,-5690.11
2024-06-27,2024-06-27 09:33:00-04:00,2024-06-27 15:00:00-04:00,short,20035.72334406313,20043.25,cutoff,-7.53,2024-06-25,-5697.64
2024-06-28,2024-06-28 09:47:00-04:00,2024-06-28 10:05:00-04:00,short,20121.3664627391,20226.3664627391,SL,-105.0,2024-06-17,-5802.64
2024-07-01,2024-07-01 10:14:00-04:00,2024-07-01 14:23:00-04:00,long,19824.90114202006,20028.0,TP,203.1,2024-06-28,-5599.54
2024-07-02,2024-07-02 09:33:00-04:00,2024-07-02 11:30:00-04:00,short,20035.72334406313,20140.72334406313,SL,-105.0,2024-06-25,-5704.54
2024-07-04,2024-07-04 10:17:00-04:00,2024-07-04 12:59:00-04:00,short,20374.096228592298,20381.25,cutoff,-7.15,2024-06-19,-5711.69
2024-07-05,2024-07-05 09:47:00-04:00,2024-07-05 10:49:00-04:00,short,20444.240953614135,20549.240953614135,SL,-105.0,2024-06-20,-5816.69
2024-07-10,2024-07-10 10:10:00-04:00,2024-07-10 12:22:00-04:00,short,20791.771230340233,20791.771230340233,BE,0.0,2024-07-08,-5816.69
2024-07-11,2024-07-11 10:22:00-04:00,2024-07-11 12:07:00-04:00,short,20666.147815335862,20485.25,TP,180.9,2024-07-05,-5635.79
2024-07-12,2024-07-12 09:33:00-04:00,2024-07-12 09:59:00-04:00,short,20444.240953614135,20549.240953614135,SL,-105.0,2024-06-20,-5740.79
2024-07-15,2024-07-15 09:41:00-04:00,2024-07-15 11:12:00-04:00,short,20666.147815335862,20771.147815335862,SL,-105.0,2024-07-05,-5845.79
2024-07-16,2024-07-16 09:34:00-04:00,2024-07-16 15:00:00-04:00,short,20666.147815335862,20590.0,cutoff,76.15,2024-07-05,-5769.64
2024-07-17,2024-07-17 09:32:00-04:00,2024-07-17 10:03:00-04:00,long,20256.45953439659,20151.45953439659,SL,-105.0,2024-07-04,-5874.64
2024-07-18,2024-07-18 09:42:00-04:00,2024-07-18 10:27:00-04:00,long,20061.96743978424,20061.96743978424,BE,0.0,2024-07-03,-5874.64
2024-07-18,2024-07-18 10:35:00-04:00,2024-07-18 11:17:00-04:00,long,19956.62531162463,19851.62531162463,SL,-105.0,2024-07-17,-5979.64
2024-07-19,2024-07-19 09:37:00-04:00,2024-07-19 11:28:00-04:00,long,19869.377816091834,19764.377816091834,SL,-105.0,2024-07-18,-6084.64
2024-07-22,2024-07-22 09:39:00-04:00,2024-07-22 11:23:00-04:00,long,19956.62531162463,19851.62531162463,SL,-105.0,2024-07-17,-6189.64
2024-07-23,2024-07-23 09:31:00-04:00,2024-07-23 10:45:00-04:00,long,19956.62531162463,19956.62531162463,BE,0.0,2024-07-17,-6189.64
2024-07-24,2024-07-24 09:34:00-04:00,2024-07-24 10:02:00-04:00,long,19594.193933182516,19489.193933182516,SL,-105.0,2024-07-19,-6294.64
2024-07-29,2024-07-29 09:49:00-04:00,2024-07-29 11:00:00-04:00,long,19320.565941390036,19215.565941390036,SL,-105.0,2024-07-24,-6399.64
2024-07-31,2024-07-31 09:34:00-04:00,2024-07-31 14:41:00-04:00,long,19320.565941390036,19505.25,TP,184.68,2024-07-24,-6214.96
2024-08-01,2024-08-01 09:31:00-04:00,2024-08-01 09:47:00-04:00,short,19544.119562947533,19649.119562947533,SL,-105.0,2024-07-30,-6319.96
2024-08-02,2024-08-02 09:41:00-04:00,2024-08-02 09:48:00-04:00,long,18719.653445721407,18614.653445721407,SL,-105.0,2024-07-25,-6424.96
2024-08-06,2024-08-06 10:03:00-04:00,2024-08-06 12:15:00-04:00,long,18164.805856265015,18351.0,TP,186.19,2024-08-02,-6238.77
2024-08-07,2024-08-07 09:32:00-04:00,2024-08-07 10:45:00-04:00,short,18519.82576537015,18519.82576537015,BE,0.0,2024-08-06,-6238.77
2024-08-08,2024-08-08 09:37:00-04:00,2024-08-08 10:28:00-04:00,long,18164.805856265015,18348.5,TP,183.69,2024-08-02,-6055.08
2024-08-09,2024-08-09 09:39:00-04:00,2024-08-09 10:49:00-04:00,short,18519.82576537015,18519.82576537015,BE,0.0,2024-08-06,-6055.08
2024-08-12,2024-08-12 09:31:00-04:00,2024-08-12 10:16:00-04:00,short,18663.84995837113,18663.84995837113,BE,0.0,2024-08-08,-6055.08
2024-08-12,2024-08-12 10:27:00-04:00,2024-08-12 11:22:00-04:00,long,18719.653445721407,18719.653445721407,BE,0.0,2024-07-25,-6055.08
2024-08-13,2024-08-13 09:34:00-04:00,2024-08-13 10:33:00-04:00,long,18864.471746059433,18864.471746059433,BE,0.0,2024-07-26,-6055.08
2024-08-14,2024-08-14 09:35:00-04:00,2024-08-14 10:11:00-04:00,long,19093.91177850638,18988.91177850638,SL,-105.0,2024-07-31,-6160.08
2024-08-15,2024-08-15 09:51:00-04:00,2024-08-15 11:16:00-04:00,short,19417.278253940567,19522.278253940567,SL,-105.0,2024-07-26,-6265.08
2024-08-16,2024-08-16 10:05:00-04:00,2024-08-16 10:51:00-04:00,short,19544.119562947533,19544.119562947533,BE,0.0,2024-07-30,-6265.08
2024-08-16,2024-08-16 10:52:00-04:00,2024-08-16 11:37:00-04:00,short,19552.346554278593,19552.346554278593,BE,0.0,2024-07-25,-6265.08
2024-08-19,2024-08-19 09:38:00-04:00,2024-08-19 11:03:00-04:00,short,19563.28084561538,19668.28084561538,SL,-105.0,2024-07-29,-6370.08
2024-08-20,2024-08-20 09:48:00-04:00,2024-08-20 15:00:00-04:00,short,19879.934058609964,19851.75,cutoff,28.18,2024-07-24,-6341.9
2024-08-21,2024-08-21 09:57:00-04:00,2024-08-21 15:00:00-04:00,short,19881.348724452895,19904.25,cutoff,-22.9,2024-08-01,-6364.8
2024-08-22,2024-08-22 10:34:00-04:00,2024-08-22 11:46:00-04:00,short,19881.348724452895,19700.25,TP,181.1,2024-08-01,-6183.7
2024-08-23,2024-08-23 09:31:00-04:00,2024-08-23 10:48:00-04:00,long,19718.054097770917,19718.054097770917,BE,0.0,2024-08-22,-6183.7
2024-08-23,2024-08-23 10:49:00-04:00,2024-08-23 11:15:00-04:00,short,19669.08822149362,19774.08822149362,SL,-105.0,2024-07-31,-6288.7
2024-08-26,2024-08-26 09:34:00-04:00,2024-08-26 10:31:00-04:00,short,19801.40781865498,19597.75,TP,203.66,2024-08-19,-6085.04
2024-08-26,2024-08-26 10:41:00-04:00,2024-08-26 15:00:00-04:00,short,19544.119562947533,19615.5,cutoff,-71.38,2024-07-30,-6156.42
2024-08-27,2024-08-27 09:38:00-04:00,2024-08-27 11:14:00-04:00,long,19470.180575569306,19666.75,TP,196.57,2024-08-23,-5959.85
2024-08-28,2024-08-28 09:33:00-04:00,2024-08-28 11:07:00-04:00,short,19643.32445003435,19437.75,TP,205.57,2024-08-15,-5754.28
2024-08-29,2024-08-29 09:50:00-04:00,2024-08-29 10:35:00-04:00,long,19609.87105978644,19609.87105978644,BE,0.0,2024-08-20,-5754.28
2024-08-29,2024-08-29 10:36:00-04:00,2024-08-29 14:28:00-04:00,long,19629.212552148034,19524.212552148034,SL,-105.0,2024-08-21,-5859.28
2024-08-30,2024-08-30 10:01:00-04:00,2024-08-30 10:57:00-04:00,long,19609.87105978644,19504.87105978644,SL,-105.0,2024-08-20,-5964.28
2024-09-02,2024-09-02 09:41:00-04:00,2024-09-02 12:59:00-04:00,long,19629.212552148034,19647.0,cutoff,17.79,2024-08-21,-5946.49
2024-09-03,2024-09-03 09:31:00-04:00,2024-09-03 09:57:00-04:00,long,19436.24414338785,19331.24414338785,SL,-105.0,2024-08-26,-6051.49
2024-09-04,2024-09-04 09:42:00-04:00,2024-09-04 10:41:00-04:00,short,18954.167203917663,19059.167203917663,SL,-105.0,2024-08-12,-6156.49
2024-09-05,2024-09-05 09:35:00-04:00,2024-09-05 09:58:00-04:00,short,18954.167203917663,19059.167203917663,SL,-105.0,2024-08-12,-6261.49
2024-09-06,2024-09-06 09:40:00-04:00,2024-09-06 10:25:00-04:00,long,18787.370575135792,18682.370575135792,SL,-105.0,2024-08-14,-6366.49
2024-09-09,2024-09-09 09:31:00-04:00,2024-09-09 10:30:00-04:00,long,18605.78967459617,18605.78967459617,BE,0.0,2024-09-04,-6366.49
2024-09-09,2024-09-09 10:32:00-04:00,2024-09-09 15:00:00-04:00,long,18588.802171752275,18604.0,cutoff,15.2,2024-09-05,-6351.29
2024-09-10,2024-09-10 09:34:00-04:00,2024-09-10 10:51:00-04:00,long,18787.370575135792,18682.370575135792,SL,-105.0,2024-08-14,-6456.29
2024-09-11,2024-09-11 10:39:00-04:00,2024-09-11 11:46:00-04:00,long,18605.78967459617,18797.0,TP,191.21,2024-09-04,-6265.08
2024-09-12,2024-09-12 09:31:00-04:00,2024-09-12 13:57:00-04:00,long,19227.07384076628,19446.25,TP,219.18,2024-08-27,-6045.9
2024-09-13,2024-09-13 09:34:00-04:00,2024-09-13 10:30:00-04:00,long,19436.24414338785,19436.24414338785,BE,0.0,2024-08-26,-6045.9
2024-09-13,2024-09-13 10:32:00-04:00,2024-09-13 15:00:00-04:00,long,19440.876008721498,19513.25,cutoff,72.37,2024-09-02,-5973.53
2024-09-16,2024-09-16 09:32:00-04:00,2024-09-16 10:26:00-04:00,long,19629.212552148034,19629.212552148034,BE,0.0,2024-08-21,-5973.53
2024-09-16,2024-09-16 10:27:00-04:00,2024-09-16 15:00:00-04:00,long,19609.87105978644,19666.0,cutoff,56.13,2024-08-20,-5917.4
2024-09-17,2024-09-17 09:34:00-04:00,2024-09-17 13:45:00-04:00,short,19794.373991278502,19608.5,TP,185.87,2024-09-02,-5731.53
2024-09-18,2024-09-18 09:31:00-04:00,2024-09-18 11:45:00-04:00,long,19718.054097770917,19613.054097770917,SL,-105.0,2024-08-22,-5836.53
2024-09-19,2024-09-19 09:38:00-04:00,2024-09-19 10:27:00-04:00,short,20029.50585661215,20134.50585661215,SL,-105.0,2024-08-26,-5941.53
2024-09-20,2024-09-20 09:57:00-04:00,2024-09-20 12:50:00-04:00,short,20029.50585661215,20029.50585661215,BE,0.0,2024-08-26,-5941.53
2024-09-24,2024-09-24 10:10:00-04:00,2024-09-24 11:33:00-04:00,short,20031.687214054655,20136.687214054655,SL,-105.0,2024-09-17,-6046.53
2024-09-25,2024-09-25 10:15:00-04:00,2024-09-25 15:00:00-04:00,short,20264.48376077762,20190.25,cutoff,74.23,2024-09-20,-5972.3
2024-09-26,2024-09-26 10:06:00-04:00,2024-09-26 11:02:00-04:00,short,20409.398137686894,20216.75,TP,192.65,2024-09-25,-5779.65
2024-09-27,2024-09-27 09:32:00-04:00,2024-09-27 15:00:00-04:00,short,20354.416612917434,20248.25,cutoff,106.17,2024-09-19,-5673.48
2024-09-30,2024-09-30 10:04:00-04:00,2024-09-30 14:21:00-04:00,long,20192.811289334968,20087.811289334968,SL,-105.0,2024-09-26,-5778.48
2024-10-01,2024-10-01 09:32:00-04:00,2024-10-01 09:39:00-04:00,long,20192.811289334968,20087.811289334968,SL,-105.0,2024-09-26,-5883.48
2024-10-02,2024-10-02 09:31:00-04:00,2024-10-02 10:49:00-04:00,short,19938.759423010662,20043.759423010662,SL,-105.0,2024-09-18,-5988.48
2024-10-03,2024-10-03 09:32:00-04:00,2024-10-03 09:56:00-04:00,short,19938.759423010662,20043.759423010662,SL,-105.0,2024-09-18,-6093.48
2024-10-04,2024-10-04 09:32:00-04:00,2024-10-04 09:57:00-04:00,long,20192.811289334968,20087.811289334968,SL,-105.0,2024-09-26,-6198.48
2024-10-07,2024-10-07 09:32:00-04:00,2024-10-07 10:44:00-04:00,long,20143.4885118941,20143.4885118941,BE,0.0,2024-09-27,-6198.48
2024-10-08,2024-10-08 09:56:00-04:00,2024-10-08 15:00:00-04:00,long,20143.4885118941,20273.75,cutoff,130.26,2024-09-27,-6068.22
2024-10-09,2024-10-09 09:33:00-04:00,2024-10-09 11:00:00-04:00,short,20264.48376077762,20369.48376077762,SL,-105.0,2024-09-20,-6173.22
2024-10-10,2024-10-10 09:31:00-04:00,2024-10-10 11:56:00-04:00,short,20354.416612917434,20459.416612917434,SL,-105.0,2024-09-19,-6278.22
2024-10-11,2024-10-11 09:45:00-04:00,2024-10-11 10:25:00-04:00,short,20354.416612917434,20459.416612917434,SL,-105.0,2024-09-19,-6383.22
2024-10-14,2024-10-14 09:32:00-04:00,2024-10-14 10:00:00-04:00,short,20568.1364881059,20673.1364881059,SL,-105.0,2024-09-27,-6488.22
2024-10-15,2024-10-15 09:51:00-04:00,2024-10-15 10:36:00-04:00,short,20616.47541862654,20423.5,TP,192.98,2024-10-10,-6295.24
2024-10-15,2024-10-15 10:37:00-04:00,2024-10-15 15:00:00-04:00,short,20409.398137686894,20330.25,cutoff,79.15,2024-09-25,-6216.09
2024-10-16,2024-10-16 09:31:00-04:00,2024-10-16 15:00:00-04:00,long,20303.56062921643,20362.0,cutoff,58.44,2024-10-14,-6157.65
2024-10-17,2024-10-17 09:31:00-04:00,2024-10-17 15:00:00-04:00,short,20549.36248371189,20431.75,cutoff,117.61,2024-10-09,-6040.04
2024-10-18,2024-10-18 09:45:00-04:00,2024-10-18 11:28:00-04:00,short,20509.27467220082,20509.27467220082,BE,0.0,2024-10-04,-6040.04
2024-10-21,2024-10-21 10:03:00-04:00,2024-10-21 15:00:00-04:00,short,20509.27467220082,20458.25,cutoff,51.02,2024-10-04,-5989.02
2024-10-22,2024-10-22 09:33:00-04:00,2024-10-22 10:06:00-04:00,short,20409.398137686894,20514.398137686894,SL,-105.0,2024-09-25,-6094.02
2024-10-23,2024-10-23 09:33:00-04:00,2024-10-23 10:32:00-04:00,short,20431.966431258297,20431.966431258297,BE,0.0,2024-09-30,-6094.02
2024-10-23,2024-10-23 11:00:00-04:00,2024-10-23 13:12:00-04:00,short,20396.14892815338,20210.5,TP,185.65,2024-10-08,-5908.37
2024-10-24,2024-10-24 09:48:00-04:00,2024-10-24 11:47:00-04:00,long,20303.56062921643,20303.56062921643,BE,0.0,2024-10-14,-5908.37
2024-10-25,2024-10-25 09:35:00-04:00,2024-10-25 09:57:00-04:00,short,20549.36248371189,20654.36248371189,SL,-105.0,2024-10-09,-6013.37
2024-10-28,2024-10-28 09:32:00-04:00,2024-10-28 10:21:00-04:00,short,20596.23447517919,20596.23447517919,BE,0.0,2024-10-01,-6013.37
2024-10-28,2024-10-28 10:25:00-04:00,2024-10-28 15:00:00-04:00,short,20584.71443989178,20523.5,cutoff,61.21,2024-10-24,-5952.16
2024-10-29,2024-10-29 09:45:00-04:00,2024-10-29 11:42:00-04:00,short,20509.27467220082,20614.27467220082,SL,-105.0,2024-10-04,-6057.16
2024-10-30,2024-10-30 09:31:00-04:00,2024-10-30 15:00:00-04:00,short,20667.24401157799,20604.75,cutoff,62.49,2024-10-11,-5994.67
2024-10-31,2024-10-31 09:31:00-04:00,2024-10-31 09:49:00-04:00,long,20303.56062921643,20198.56062921643,SL,-105.0,2024-10-14,-6099.67
2024-11-01,2024-11-01 09:35:00-04:00,2024-11-01 15:00:00-04:00,long,20101.14958137346,20166.25,cutoff,65.1,2024-10-10,-6034.57
2024-11-04,2024-11-04 09:31:00-05:00,2024-11-04 11:43:00-05:00,long,20101.14958137346,20101.14958137346,BE,0.0,2024-10-10,-6034.57
2024-11-05,2024-11-05 09:32:00-05:00,2024-11-05 15:00:00-05:00,long,20189.39204918327,20294.0,cutoff,104.61,2024-10-17,-5929.96
2024-11-06,2024-11-06 09:32:00-05:00,2024-11-06 10:31:00-05:00,short,20707.991886978132,20812.991886978132,SL,-105.0,2024-10-18,-6034.96
2024-11-11,2024-11-11 09:33:00-05:00,2024-11-11 15:00:00-05:00,short,21270.8590945764,21175.25,cutoff,95.61,2024-11-07,-5939.35
2024-11-15,2024-11-15 09:36:00-05:00,2024-11-15 12:15:00-05:00,short,20716.25851381381,20500.5,TP,215.76,2024-10-21,-5723.59
2024-11-18,2024-11-18 10:04:00-05:00,2024-11-18 10:34:00-05:00,short,20584.71443989178,20689.71443989178,SL,-105.0,2024-10-24,-5828.59
2024-11-19,2024-11-19 09:41:00-05:00,2024-11-19 10:29:00-05:00,short,20584.71443989178,20584.71443989178,BE,0.0,2024-10-24,-5828.59
2024-11-20,2024-11-20 09:44:00-05:00,2024-11-20 11:47:00-05:00,short,20662.143906139332,20662.143906139332,BE,0.0,2024-10-31,-5828.59
2024-11-21,2024-11-21 09:31:00-05:00,2024-11-21 09:38:00-05:00,short,20873.28056996522,20677.75,TP,195.53,2024-10-25,-5633.06
2024-11-21,2024-11-21 09:40:00-05:00,2024-11-21 09:49:00-05:00,short,20662.143906139332,20767.143906139332,SL,-105.0,2024-10-31,-5738.06
2024-11-22,2024-11-22 09:32:00-05:00,2024-11-22 10:39:00-05:00,short,20811.795006614546,20811.795006614546,BE,0.0,2024-10-29,-5738.06
2024-11-22,2024-11-22 10:45:00-05:00,2024-11-22 12:50:00-05:00,short,20848.093765848396,20848.093765848396,BE,0.0,2024-10-28,-5738.06
2024-11-25,2024-11-25 09:32:00-05:00,2024-11-25 12:48:00-05:00,short,20993.111733587757,20802.5,TP,190.61,2024-11-06,-5547.45
2024-11-26,2024-11-26 09:34:00-05:00,2024-11-26 10:45:00-05:00,short,20993.111733587757,20993.111733587757,BE,0.0,2024-11-06,-5547.45
2024-11-27,2024-11-27 09:31:00-05:00,2024-11-27 10:22:00-05:00,long,20892.111380793085,20787.111380793085,SL,-105.0,2024-11-14,-5652.45
2024-11-28,2024-11-28 09:57:00-05:00,2024-11-28 11:27:00-05:00,long,20892.111380793085,20892.111380793085,BE,0.0,2024-11-14,-5652.45
2024-11-29,2024-11-29 09:31:00-05:00,2024-11-29 10:09:00-05:00,short,20842.995254350048,20947.995254350048,SL,-105.0,2024-11-18,-5757.45
2024-12-02,2024-12-02 09:32:00-05:00,2024-12-02 11:38:00-05:00,short,21107.046660596272,21212.046660596272,SL,-105.0,2024-11-29,-5862.45
2024-12-03,2024-12-03 09:31:00-05:00,2024-12-03 11:30:00-05:00,short,21147.605270926877,21252.605270926877,SL,-105.0,2024-11-27,-5967.45
2024-12-04,2024-12-04 09:32:00-05:00,2024-12-04 14:34:00-05:00,short,21406.807232979983,21511.807232979983,SL,-105.0,2024-11-12,-6072.45
2024-12-06,2024-12-06 09:49:00-05:00,2024-12-06 15:00:00-05:00,short,21596.018806749427,21635.5,cutoff,-39.48,2024-12-04,-6111.93
2024-12-09,2024-12-09 09:31:00-05:00,2024-12-09 15:00:00-05:00,short,21596.018806749427,21476.25,cutoff,119.77,2024-12-04,-5992.16
2024-12-10,2024-12-10 10:08:00-05:00,2024-12-10 15:00:00-05:00,short,21596.018806749427,21411.25,cutoff,184.77,2024-12-04,-5807.39
2024-12-11,2024-12-11 09:33:00-05:00,2024-12-11 10:05:00-05:00,short,21596.018806749427,21701.018806749427,SL,-105.0,2024-12-04,-5912.39
2024-12-12,2024-12-12 09:38:00-05:00,2024-12-12 10:23:00-05:00,short,21687.530920669866,21687.530920669866,BE,0.0,2024-12-05,-5912.39
2024-12-13,2024-12-13 09:43:00-05:00,2024-12-13 15:00:00-05:00,short,21869.341110276982,21801.25,cutoff,68.09,2024-12-11,-5844.3
2024-12-19,2024-12-19 09:31:00-05:00,2024-12-19 10:35:00-05:00,short,21687.530920669866,21500.25,TP,187.28,2024-12-05,-5657.02
2024-12-19,2024-12-19 10:40:00-05:00,2024-12-19 12:21:00-05:00,long,21492.24058955785,21492.24058955785,BE,0.0,2024-12-12,-5657.02
2024-12-20,2024-12-20 09:39:00-05:00,2024-12-20 10:26:00-05:00,short,21292.531888874582,21397.531888874582,SL,-105.0,2024-11-25,-5762.02
2024-12-23,2024-12-23 09:44:00-05:00,2024-12-23 10:10:00-05:00,long,21608.988638772324,21503.988638772324,SL,-105.0,2024-12-13,-5867.02
2024-12-24,2024-12-24 09:41:00-05:00,2024-12-24 11:01:00-05:00,short,21869.341110276982,21974.341110276982,SL,-105.0,2024-12-11,-5972.02
2024-12-26,2024-12-26 09:38:00-05:00,2024-12-26 10:38:00-05:00,short,22007.808684924697,22007.808684924697,BE,0.0,2024-12-19,-5972.02
2024-12-27,2024-12-27 09:37:00-05:00,2024-12-27 10:15:00-05:00,short,21764.75757263631,21577.75,TP,187.01,2024-12-06,-5785.01
2024-12-27,2024-12-27 10:23:00-05:00,2024-12-27 11:25:00-05:00,short,21596.018806749427,21596.018806749427,BE,0.0,2024-12-04,-5785.01
2024-12-30,2024-12-30 09:31:00-05:00,2024-12-30 10:00:00-05:00,long,21372.344079330134,21267.344079330134,SL,-105.0,2024-12-05,-5890.01
2025-01-02,2025-01-02 09:32:00-05:00,2025-01-02 12:29:00-05:00,short,21364.40750052978,21171.5,TP,192.91,2024-12-03,-5697.1
2025-01-03,2025-01-03 09:34:00-05:00,2025-01-03 14:47:00-05:00,long,21343.94368347066,21538.0,TP,194.06,2024-12-10,-5503.04
2025-01-06,2025-01-06 09:31:00-05:00,2025-01-06 10:22:00-05:00,short,21764.75757263631,21869.75757263631,SL,-105.0,2024-12-06,-5608.04
2025-01-07,2025-01-07 09:31:00-05:00,2025-01-07 10:07:00-05:00,short,21796.928107768268,21608.75,TP,188.18,2024-12-09,-5419.86
2025-01-07,2025-01-07 10:09:00-05:00,2025-01-07 10:32:00-05:00,long,21593.969909814354,21488.969909814354,SL,-105.0,2024-12-24,-5524.86
2025-01-08,2025-01-08 09:32:00-05:00,2025-01-08 10:14:00-05:00,long,21343.94368347066,21238.94368347066,SL,-105.0,2024-12-10,-5629.86
2025-01-10,2025-01-10 09:37:00-05:00,2025-01-10 10:00:00-05:00,long,21108.976305194254,21003.976305194254,SL,-105.0,2024-12-30,-5734.86
2025-01-13,2025-01-13 09:37:00-05:00,2025-01-13 10:29:00-05:00,long,20715.49254738771,20715.49254738771,BE,0.0,2025-01-10,-5734.86
2025-01-13,2025-01-13 10:41:00-05:00,2025-01-13 15:00:00-05:00,long,20812.622135091402,20905.5,cutoff,92.88,2024-12-20,-5641.98
2025-01-14,2025-01-14 09:31:00-05:00,2025-01-14 10:27:00-05:00,long,21031.8856662069,21031.8856662069,BE,0.0,2025-01-03,-5641.98
2025-01-14,2025-01-14 10:38:00-05:00,2025-01-14 11:41:00-05:00,long,20966.699659476093,20861.699659476093,SL,-105.0,2025-01-02,-5746.98
2025-01-15,2025-01-15 09:34:00-05:00,2025-01-15 11:51:00-05:00,long,21266.566315075303,21266.566315075303,BE,0.0,2024-12-19,-5746.98
2025-01-16,2025-01-16 09:48:00-05:00,2025-01-16 10:34:00-05:00,long,21370.860792927837,21370.860792927837,BE,0.0,2025-01-07,-5746.98
2025-01-16,2025-01-16 10:36:00-05:00,2025-01-16 11:39:00-05:00,long,21369.223516791924,21369.223516791924,BE,0.0,2024-12-27,-5746.98
2025-01-17,2025-01-17 09:31:00-05:00,2025-01-17 09:59:00-05:00,long,21593.969909814354,21488.969909814354,SL,-105.0,2024-12-24,-5851.98
2025-01-20,2025-01-20 09:31:00-05:00,2025-01-20 11:52:00-05:00,short,21727.127864908598,21727.127864908598,BE,0.0,2024-12-20,-5851.98
2025-01-21,2025-01-21 09:39:00-05:00,2025-01-21 10:29:00-05:00,short,21634.523694805746,21634.523694805746,BE,0.0,2024-12-30,-5851.98
2025-01-21,2025-01-21 10:32:00-05:00,2025-01-21 12:53:00-05:00,short,21627.173587494122,21732.173587494122,SL,-105.0,2025-01-08,-5956.98
2025-01-22,2025-01-22 09:31:00-05:00,2025-01-22 09:56:00-05:00,short,21913.918142038703,22018.918142038703,SL,-105.0,2024-12-23,-6061.98
2025-01-23,2025-01-23 09:33:00-05:00,2025-01-23 15:00:00-05:00,short,21888.13218343735,21953.75,cutoff,-65.62,2025-01-17,-6127.6
2025-01-24,2025-01-24 09:31:00-05:00,2025-01-24 15:00:00-05:00,short,22039.2246379133,21868.0,cutoff,171.22,2025-01-06,-5956.38
2025-01-27,2025-01-27 09:59:00-05:00,2025-01-27 10:57:00-05:00,long,21326.61781656265,21326.61781656265,BE,0.0,2025-01-17,-5956.38
2025-01-28,2025-01-28 09:42:00-05:00,2025-01-28 10:23:00-05:00,long,21187.005205197285,21413.25,TP,226.24,2025-01-16,-5730.14
2025-01-29,2025-01-29 09:42:00-05:00,2025-01-29 13:03:00-05:00,long,21503.086594849883,21398.086594849883,SL,-105.0,2025-01-20,-5835.14
2025-01-30,2025-01-30 09:36:00-05:00,2025-01-30 09:49:00-05:00,short,21612.9893337931,21717.9893337931,SL,-105.0,2025-01-03,-5940.14
2025-01-31,2025-01-31 09:31:00-05:00,2025-01-31 10:34:00-05:00,short,21822.843311433993,21927.843311433993,SL,-105.0,2025-01-29,-6045.14
2025-02-03,2025-02-03 09:40:00-05:00,2025-02-03 09:53:00-05:00,long,21298.78293912612,21193.78293912612,SL,-105.0,2025-01-30,-6150.14
2025-02-04,2025-02-04 09:39:00-05:00,2025-02-04 10:05:00-05:00,short,21513.00745261229,21618.00745261229,SL,-105.0,2025-01-10,-6255.14
2025-02-05,2025-02-05 09:31:00-05:00,2025-02-05 10:16:00-05:00,long,21536.260413812335,21536.260413812335,BE,0.0,2025-01-31,-6255.14
2025-02-05,2025-02-05 10:17:00-05:00,2025-02-05 11:09:00-05:00,short,21522.02838072801,21627.02838072801,SL,-105.0,2025-01-27,-6360.14
2025-02-06,2025-02-06 09:45:00-05:00,2025-02-06 10:30:00-05:00,short,21792.952727208594,21792.952727208594,BE,0.0,2025-02-05,-6360.14
2025-02-06,2025-02-06 10:37:00-05:00,2025-02-06 12:53:00-05:00,short,21822.843311433993,21822.843311433993,BE,0.0,2025-01-29,-6360.14
2025-02-07,2025-02-07 09:33:00-05:00,2025-02-07 10:11:00-05:00,short,21948.538405150117,21760.5,TP,188.04,2025-01-20,-6172.1
2025-02-07,2025-02-07 10:12:00-05:00,2025-02-07 12:05:00-05:00,long,21695.804153590565,21590.804153590565,SL,-105.0,2025-01-22,-6277.1
2025-02-10,2025-02-10 09:43:00-05:00,2025-02-10 15:00:00-05:00,short,21792.952727208594,21862.5,cutoff,-69.55,2025-02-05,-6346.65
2025-02-11,2025-02-11 09:36:00-05:00,2025-02-11 10:21:00-05:00,short,21792.952727208594,21792.952727208594,BE,0.0,2025-02-05,-6346.65
2025-02-11,2025-02-11 10:25:00-05:00,2025-02-11 15:00:00-05:00,short,21822.843311433993,21826.75,cutoff,-3.91,2025-01-29,-6350.56
2025-02-12,2025-02-12 09:31:00-05:00,2025-02-12 10:38:00-05:00,long,21536.260413812335,21733.75,TP,197.49,2025-01-31,-6153.07
2025-02-12,2025-02-12 10:44:00-05:00,2025-02-12 11:43:00-05:00,short,21724.619794802715,21724.619794802715,BE,0.0,2025-01-16,-6153.07
2025-02-13,2025-02-13 09:31:00-05:00,2025-02-13 10:22:00-05:00,short,21888.13218343735,21993.13218343735,SL,-105.0,2025-01-17,-6258.07
2025-02-14,2025-02-14 10:10:00-05:00,2025-02-14 10:56:00-05:00,short,22159.305308485862,22159.305308485862,BE,0.0,2025-02-13,-6258.07
2025-02-17,2025-02-17 09:46:00-05:00,2025-02-17 12:59:00-05:00,short,22212.350190881843,22235.25,cutoff,-22.9,2025-02-07,-6280.97
2025-02-18,2025-02-18 09:33:00-05:00,2025-02-18 15:00:00-05:00,short,22250.5219911343,22178.5,cutoff,72.02,2025-01-24,-6208.95
2025-02-19,2025-02-19 09:35:00-05:00,2025-02-19 11:11:00-05:00,short,22212.350190881843,22212.350190881843,BE,0.0,2025-02-07,-6208.95
2025-02-20,2025-02-20 09:31:00-05:00,2025-02-20 09:59:00-05:00,short,22212.350190881843,22030.75,TP,181.6,2025-02-07,-6027.35
2025-02-20,2025-02-20 10:00:00-05:00,2025-02-20 10:59:00-05:00,long,21982.87512247588,21982.87512247588,BE,0.0,2025-02-18,-6027.35
2025-02-20,2025-02-20 11:00:00-05:00,2025-02-20 14:50:00-05:00,short,22016.822171434134,22121.822171434134,SL,-105.0,2025-02-06,-6132.35
2025-02-21,2025-02-21 09:32:00-05:00,2025-02-21 10:44:00-05:00,short,22159.305308485862,21962.0,TP,197.31,2025-02-13,-5935.04
2025-02-21,2025-02-21 10:46:00-05:00,2025-02-21 13:31:00-05:00,short,21979.59206087388,21797.0,TP,182.59,2025-01-30,-5752.45
2025-02-24,2025-02-24 09:32:00-05:00,2025-02-24 09:55:00-05:00,short,21792.952727208594,21608.0,TP,184.95,2025-02-05,-5567.5
2025-02-24,2025-02-24 10:01:00-05:00,2025-02-24 15:00:00-05:00,long,21536.260413812335,21553.75,cutoff,17.49,2025-01-31,-5550.01
2025-02-25,2025-02-25 09:43:00-05:00,2025-02-25 09:53:00-05:00,long,21320.281688566007,21215.281688566007,SL,-105.0,2025-01-29,-5655.01
2025-02-26,2025-02-26 09:39:00-05:00,2025-02-26 12:57:00-05:00,long,21247.86849815972,21247.86849815972,BE,0.0,2025-02-24,-5655.01
2025-02-27,2025-02-27 09:39:00-05:00,2025-02-27 09:43:00-05:00,long,21315.422272791406,21210.422272791406,SL,-105.0,2025-02-05,-5760.01
2025-02-28,2025-02-28 10:25:00-05:00,2025-02-28 11:12:00-05:00,long,20707.532251260138,20707.532251260138,BE,0.0,2025-02-27,-5760.01
2025-03-03,2025-03-03 09:43:00-05:00,2025-03-03 09:56:00-05:00,long,20953.828863134346,20848.828863134346,SL,-105.0,2025-02-26,-5865.01
2025-03-04,2025-03-04 10:00:00-05:00,2025-03-04 10:19:00-05:00,long,20196.21082559822,20091.21082559822,SL,-105.0,2025-02-28,-5970.01
2025-03-07,2025-03-07 09:36:00-05:00,2025-03-07 10:28:00-05:00,long,20045.353394687612,20045.353394687612,BE,0.0,2025-03-05,-5970.01
2025-03-07,2025-03-07 10:32:00-05:00,2025-03-07 11:26:00-05:00,long,19963.50233256204,19858.50233256204,SL,-105.0,2025-03-06,-6075.01
2025-03-10,2025-03-10 09:32:00-04:00,2025-03-10 10:00:00-04:00,long,19847.34270773561,19742.34270773561,SL,-105.0,2025-03-04,-6180.01
2025-03-11,2025-03-11 10:03:00-04:00,2025-03-11 10:27:00-04:00,long,19447.50973136168,19342.50973136168,SL,-105.0,2025-03-10,-6285.01
2025-03-12,2025-03-12 09:34:00-04:00,2025-03-12 09:55:00-04:00,long,19729.831228780633,19624.831228780633,SL,-105.0,2025-03-07,-6390.01
2025-03-13,2025-03-13 09:51:00-04:00,2025-03-13 09:57:00-04:00,long,19447.50973136168,19342.50973136168,SL,-105.0,2025-03-10,-6495.01
2025-03-14,2025-03-14 10:00:00-04:00,2025-03-14 11:26:00-04:00,long,19447.50973136168,19639.0,TP,191.49,2025-03-10,-6303.52
2025-03-17,2025-03-17 09:40:00-04:00,2025-03-17 13:50:00-04:00,short,19830.48773287708,19830.48773287708,BE,0.0,2025-03-14,-6303.52
2025-03-18,2025-03-18 09:31:00-04:00,2025-03-18 09:57:00-04:00,short,19872.263616735974,19686.75,TP,185.51,2025-03-11,-6118.01
2025-03-19,2025-03-19 09:42:00-04:00,2025-03-19 12:10:00-04:00,long,19729.831228780633,19910.5,TP,180.67,2025-03-07,-5937.34
2025-03-20,2025-03-20 09:32:00-04:00,2025-03-20 09:59:00-04:00,short,19830.48773287708,19935.48773287708,SL,-105.0,2025-03-14,-6042.34
2025-03-21,2025-03-21 09:58:00-04:00,2025-03-21 15:00:00-04:00,long,19729.831228780633,19859.75,cutoff,129.92,2025-03-07,-5912.42
2025-03-24,2025-03-24 09:33:00-04:00,2025-03-24 12:06:00-04:00,short,20270.254580858167,20375.254580858167,SL,-105.0,2025-03-20,-6017.42
2025-03-25,2025-03-25 10:00:00-04:00,2025-03-25 15:00:00-04:00,short,20439.543771219367,20427.5,cutoff,12.04,2025-03-07,-6005.38
2025-03-26,2025-03-26 09:35:00-04:00,2025-03-26 10:24:00-04:00,short,20439.543771219367,20258.0,TP,181.54,2025-03-07,-5823.84
2025-03-26,2025-03-26 10:27:00-04:00,2025-03-26 14:47:00-04:00,short,20270.254580858167,20078.5,TP,191.75,2025-03-20,-5632.09
2025-03-27,2025-03-27 09:32:00-04:00,2025-03-27 09:40:00-04:00,long,20045.353394687612,19940.353394687612,SL,-105.0,2025-03-05,-5737.09
2025-03-28,2025-03-28 09:32:00-04:00,2025-03-28 10:26:00-04:00,short,19872.263616735974,19671.5,TP,200.76,2025-03-11,-5536.33
2025-03-31,2025-03-31 09:31:00-04:00,2025-03-31 09:34:00-04:00,long,19132.060649987903,19027.060649987903,SL,-105.0,2025-03-13,-5641.33
2025-04-01,2025-04-01 09:33:00-04:00,2025-04-01 10:20:00-04:00,long,19384.17982819876,19279.17982819876,SL,-105.0,2025-03-21,-5746.33
2025-04-02,2025-04-02 09:36:00-04:00,2025-04-02 11:20:00-04:00,long,19437.620419141833,19629.75,TP,192.13,2025-03-20,-5554.2
2025-04-03,2025-04-03 09:32:00-04:00,2025-04-03 10:07:00-04:00,long,18997.15482466907,18892.15482466907,SL,-105.0,2025-04-02,-5659.2
2025-04-04,2025-04-04 10:50:00-04:00,2025-04-04 10:57:00-04:00,long,17658.120958752366,17850.25,TP,192.13,2025-04-04,-5467.07
2025-04-07,2025-04-07 10:12:00-04:00,2025-04-07 10:13:00-04:00,long,17658.120958752366,18067.25,TP,409.13,2025-04-04,-5057.94
2025-04-10,2025-04-10 09:31:00-04:00,2025-04-10 09:43:00-04:00,long,18790.769736152346,18685.769736152346,SL,-105.0,2025-03-31,-5162.94
2025-04-11,2025-04-11 09:46:00-04:00,2025-04-11 10:22:00-04:00,short,18574.754041247634,18344.5,TP,230.25,2025-04-04,-4932.69
2025-04-11,2025-04-11 10:23:00-04:00,2025-04-11 10:44:00-04:00,long,18286.418953500917,18475.75,TP,189.33,2025-04-10,-4743.36
2025-04-14,2025-04-14 09:32:00-04:00,2025-04-14 09:43:00-04:00,short,19224.331046499083,19024.0,TP,200.33,2025-04-10,-4543.03
2025-04-14,2025-04-14 09:44:00-04:00,2025-04-14 11:26:00-04:00,long,18997.15482466907,18997.15482466907,BE,0.0,2025-04-02,-4543.03
2025-04-15,2025-04-15 09:32:00-04:00,2025-04-15 10:11:00-04:00,short,19018.330734952433,19123.330734952433,SL,-105.0,2025-04-11,-4648.03
2025-04-16,2025-04-16 09:31:00-04:00,2025-04-16 13:31:00-04:00,long,18604.621901765408,18499.621901765408,SL,-105.0,2025-04-15,-4753.03
2025-04-17,2025-04-17 10:31:00-04:00,2025-04-17 14:04:00-04:00,long,18286.418953500917,18468.0,TP,181.58,2025-04-10,-4571.45
2025-04-21,2025-04-21 09:56:00-04:00,2025-04-21 10:16:00-04:00,long,18043.702403837182,17938.702403837182,SL,-105.0,2025-04-17,-4676.45
2025-04-22,2025-04-22 09:46:00-04:00,2025-04-22 12:11:00-04:00,long,18238.0404936951,18427.0,TP,188.96,2025-04-16,-4487.49
2025-04-23,2025-04-23 09:34:00-04:00,2025-04-23 11:27:00-04:00,long,18997.15482466907,18892.15482466907,SL,-105.0,2025-04-02,-4592.49
2025-04-24,2025-04-24 09:42:00-04:00,2025-04-24 09:58:00-04:00,short,18940.5845063049,19045.5845063049,SL,-105.0,2025-04-16,-4697.49
2025-04-25,2025-04-25 09:33:00-04:00,2025-04-25 10:09:00-04:00,short,19268.709598530542,19373.709598530542,SL,-105.0,2025-04-03,-4802.49
2025-04-28,2025-04-28 10:02:00-04:00,2025-04-28 15:00:00-04:00,short,19459.980263847654,19428.75,cutoff,31.23,2025-03-31,-4771.26
2025-04-29,2025-04-29 09:39:00-04:00,2025-04-29 09:49:00-04:00,short,19416.753098234592,19521.753098234592,SL,-105.0,2025-04-15,-4876.26
2025-04-30,2025-04-30 09:32:00-04:00,2025-04-30 10:19:00-04:00,short,19268.709598530542,19268.709598530542,BE,0.0,2025-04-03,-4876.26
2025-05-01,2025-05-01 10:00:00-04:00,2025-05-01 10:27:00-04:00,short,19883.0968747399,19988.0968747399,SL,-105.0,2025-04-28,-4981.26
2025-05-06,2025-05-06 09:31:00-04:00,2025-05-06 10:34:00-04:00,short,19815.290020174296,19920.290020174296,SL,-105.0,2025-04-29,-5086.26
2025-05-07,2025-05-07 09:31:00-04:00,2025-05-07 15:00:00-04:00,short,19883.0968747399,19886.5,cutoff,-3.4,2025-04-28,-5089.66
2025-05-08,2025-05-08 09:33:00-04:00,2025-05-08 11:20:00-04:00,short,20128.846013962007,20128.846013962007,BE,0.0,2025-05-06,-5089.66
2025-05-09,2025-05-09 09:35:00-04:00,2025-05-09 10:40:00-04:00,short,20263.837006537575,20083.25,TP,180.59,2025-05-01,-4909.07
2025-05-09,2025-05-09 10:49:00-04:00,2025-05-09 11:34:00-04:00,short,20128.846013962007,20128.846013962007,BE,0.0,2025-05-06,-4909.07
2025-05-13,2025-05-13 10:17:00-04:00,2025-05-13 12:47:00-04:00,short,21222.895093414,21327.895093414,SL,-105.0,2025-05-12,-5014.07
2025-05-16,2025-05-16 09:32:00-04:00,2025-05-16 15:00:00-04:00,short,21430.874914375905,21477.0,cutoff,-46.13,2025-05-13,-5060.2
2025-05-19,2025-05-19 10:07:00-04:00,2025-05-19 11:18:00-04:00,short,21430.874914375905,21430.874914375905,BE,0.0,2025-05-13,-5060.2
2025-05-20,2025-05-20 09:33:00-04:00,2025-05-20 10:39:00-04:00,short,21430.874914375905,21430.874914375905,BE,0.0,2025-05-13,-5060.2
2025-05-21,2025-05-21 10:01:00-04:00,2025-05-21 10:56:00-04:00,short,21430.874914375905,21430.874914375905,BE,0.0,2025-05-13,-5060.2
2025-05-22,2025-05-22 09:33:00-04:00,2025-05-22 10:56:00-04:00,long,21172.07384349611,21172.07384349611,BE,0.0,2025-05-20,-5060.2
2025-05-22,2025-05-22 10:59:00-04:00,2025-05-22 15:00:00-04:00,short,21222.895093414,21305.25,cutoff,-82.35,2025-05-12,-5142.55
2025-05-23,2025-05-23 09:31:00-04:00,2025-05-23 13:32:00-04:00,long,20848.158405671267,21049.75,TP,201.59,2025-05-22,-4940.96
2025-05-27,2025-05-27 09:35:00-04:00,2025-05-27 12:39:00-04:00,long,21217.734988096745,21429.75,TP,212.02,2025-05-16,-4728.94
2025-05-28,2025-05-28 09:32:00-04:00,2025-05-28 15:00:00-04:00,short,21513.310861378166,21468.25,cutoff,45.06,2025-05-26,-4683.88
2025-05-29,2025-05-29 09:32:00-04:00,2025-05-29 10:14:00-04:00,short,21612.80588287719,21423.5,TP,189.31,2025-05-27,-4494.57
2025-05-29,2025-05-29 10:25:00-04:00,2025-05-29 15:00:00-04:00,short,21430.874914375905,21363.0,cutoff,67.87,2025-05-13,-4426.7
2025-06-02,2025-06-02 09:38:00-04:00,2025-06-02 11:51:00-04:00,short,21430.874914375905,21430.874914375905,BE,0.0,2025-05-13,-4426.7
2025-06-03,2025-06-03 09:33:00-04:00,2025-06-03 10:58:00-04:00,short,21548.17602820053,21653.17602820053,SL,-105.0,2025-05-15,-4531.7
2025-06-04,2025-06-04 09:36:00-04:00,2025-06-04 11:06:00-04:00,short,21774.231123650083,21774.231123650083,BE,0.0,2025-05-28,-4531.7
2025-06-05,2025-06-05 09:33:00-04:00,2025-06-05 10:38:00-04:00,short,21806.20617937395,21806.20617937395,BE,0.0,2025-06-03,-4531.7
2025-06-05,2025-06-05 10:41:00-04:00,2025-06-05 11:16:00-04:00,short,21774.231123650083,21879.231123650083,SL,-105.0,2025-05-28,-4636.7
2025-06-06,2025-06-06 09:31:00-04:00,2025-06-06 15:00:00-04:00,short,21806.20617937395,21834.5,cutoff,-28.29,2025-06-03,-4664.99
2025-06-09,2025-06-09 09:36:00-04:00,2025-06-09 10:32:00-04:00,short,21774.231123650083,21879.231123650083,SL,-105.0,2025-05-28,-4769.99
2025-06-11,2025-06-11 09:32:00-04:00,2025-06-11 15:00:00-04:00,short,21980.171524408106,21862.0,cutoff,118.17,2025-06-04,-4651.82
2025-06-13,2025-06-13 09:32:00-04:00,2025-06-13 11:15:00-04:00,short,21774.231123650083,21774.231123650083,BE,0.0,2025-05-28,-4651.82
2025-06-16,2025-06-16 09:32:00-04:00,2025-06-16 10:29:00-04:00,short,22095.40708023221,22200.40708023221,SL,-105.0,2025-06-12,-4756.82
2025-06-17,2025-06-17 09:45:00-04:00,2025-06-17 15:00:00-04:00,short,22048.378437910666,21977.25,cutoff,71.13,2025-06-05,-4685.69
2025-06-18,2025-06-18 09:31:00-04:00,2025-06-18 10:34:00-04:00,short,21986.976553121214,22091.976553121214,SL,-105.0,2025-06-13,-4790.69
2025-06-19,2025-06-19 09:31:00-04:00,2025-06-19 12:59:00-04:00,short,21774.231123650083,21703.0,cutoff,71.23,2025-05-28,-4719.46
2025-06-20,2025-06-20 09:31:00-04:00,2025-06-20 10:41:00-04:00,short,22095.40708023221,21909.25,TP,186.16,2025-06-12,-4533.3
2025-06-20,2025-06-20 10:50:00-04:00,2025-06-20 13:27:00-04:00,long,21823.793626264163,21823.793626264163,BE,0.0,2025-06-17,-4533.3
2025-06-23,2025-06-23 09:31:00-04:00,2025-06-23 12:33:00-04:00,long,21823.793626264163,21823.793626264163,BE,0.0,2025-06-17,-4533.3
2025-06-24,2025-06-24 09:31:00-04:00,2025-06-24 12:41:00-04:00,short,22302.46465015223,22407.46465015223,SL,-105.0,2025-06-18,-4638.3
2025-06-25,2025-06-25 09:33:00-04:00,2025-06-25 10:45:00-04:00,short,22516.453264443597,22516.453264443597,BE,0.0,2025-06-24,-4638.3
2025-06-26,2025-06-26 09:38:00-04:00,2025-06-26 12:00:00-04:00,short,22516.453264443597,22621.453264443597,SL,-105.0,2025-06-24,-4743.3
2025-06-27,2025-06-27 09:31:00-04:00,2025-06-27 15:00:00-04:00,short,22722.758394924076,22611.0,cutoff,111.76,2025-06-25,-4631.54
2025-07-01,2025-07-01 10:31:00-04:00,2025-07-01 15:00:00-04:00,short,22773.328162960443,22702.25,cutoff,71.08,2025-06-26,-4560.46
2025-07-02,2025-07-02 09:45:00-04:00,2025-07-02 10:50:00-04:00,short,22722.758394924076,22827.758394924076,SL,-105.0,2025-06-25,-4665.46
2025-07-03,2025-07-03 09:39:00-04:00,2025-07-03 11:08:00-04:00,short,22963.565131112424,23068.565131112424,SL,-105.0,2025-07-02,-4770.46
2025-07-07,2025-07-07 09:32:00-04:00,2025-07-07 15:00:00-04:00,short,22963.565131112424,22877.25,cutoff,86.32,2025-07-02,-4684.14
2025-07-09,2025-07-09 09:35:00-04:00,2025-07-09 15:00:00-04:00,short,23034.85071845072,23032.5,cutoff,2.35,2025-07-01,-4681.79
2025-07-10,2025-07-10 09:35:00-04:00,2025-07-10 13:53:00-04:00,short,23034.85071845072,23034.85071845072,BE,0.0,2025-07-01,-4681.79
2025-07-11,2025-07-11 09:57:00-04:00,2025-07-11 15:00:00-04:00,short,22963.565131112424,22976.75,cutoff,-13.18,2025-07-02,-4694.97
2025-07-14,2025-07-14 09:31:00-04:00,2025-07-14 10:17:00-04:00,short,22963.565131112424,22963.565131112424,BE,0.0,2025-07-02,-4694.97
2025-07-14,2025-07-14 10:58:00-04:00,2025-07-14 15:00:00-04:00,short,22990.650113436634,23051.5,cutoff,-60.85,2025-06-27,-4755.82
2025-07-15,2025-07-15 09:36:00-04:00,2025-07-15 15:00:00-04:00,short,23184.128315938666,23094.25,cutoff,89.88,2025-07-11,-4665.94
2025-07-16,2025-07-16 09:36:00-04:00,2025-07-16 11:12:00-04:00,short,23034.85071845072,23034.85071845072,BE,0.0,2025-07-01,-4665.94
2025-07-17,2025-07-17 09:42:00-04:00,2025-07-17 11:05:00-04:00,short,23120.43003053195,23225.43003053195,SL,-105.0,2025-07-04,-4770.94
2025-07-18,2025-07-18 09:38:00-04:00,2025-07-18 15:00:00-04:00,short,23273.31354959769,23203.5,cutoff,69.81,2025-07-09,-4701.13
2025-07-21,2025-07-21 09:36:00-04:00,2025-07-21 10:31:00-04:00,short,23315.830634039354,23420.830634039354,SL,-105.0,2025-07-16,-4806.13
2025-07-22,2025-07-22 09:44:00-04:00,2025-07-22 15:00:00-04:00,short,23273.31354959769,23251.5,cutoff,21.81,2025-07-09,-4784.32
2025-07-23,2025-07-23 09:35:00-04:00,2025-07-23 11:53:00-04:00,short,23231.100082062927,23231.100082062927,BE,0.0,2025-07-03,-4784.32
2025-07-24,2025-07-24 09:37:00-04:00,2025-07-24 10:37:00-04:00,short,23354.46373998964,23354.46373998964,BE,0.0,2025-07-17,-4784.32
2025-07-25,2025-07-25 09:40:00-04:00,2025-07-25 12:25:00-04:00,short,23354.46373998964,23459.46373998964,SL,-105.0,2025-07-17,-4889.32
2025-07-28,2025-07-28 09:33:00-04:00,2025-07-28 15:00:00-04:00,short,23478.925830070326,23462.5,cutoff,16.43,2025-07-23,-4872.89
2025-07-29,2025-07-29 09:31:00-04:00,2025-07-29 15:00:00-04:00,short,23624.97526779357,23478.25,cutoff,146.73,2025-07-22,-4726.16
2025-07-30,2025-07-30 09:31:00-04:00,2025-07-30 14:35:00-04:00,short,23478.925830070326,23583.925830070326,SL,-105.0,2025-07-23,-4831.16
2025-07-31,2025-07-31 09:32:00-04:00,2025-07-31 10:17:00-04:00,short,23675.83459590077,23675.83459590077,BE,0.0,2025-07-28,-4831.16
2025-07-31,2025-07-31 10:27:00-04:00,2025-07-31 13:32:00-04:00,short,23624.97526779357,23442.5,TP,182.48,2025-07-22,-4648.68
2025-08-01,2025-08-01 09:32:00-04:00,2025-08-01 09:44:00-04:00,long,23026.723166003285,22921.723166003285,SL,-105.0,2025-07-18,-4753.68
2025-08-04,2025-08-04 09:36:00-04:00,2025-08-04 10:00:00-04:00,short,23157.740492599638,23262.740492599638,SL,-105.0,2025-07-08,-4858.68
2025-08-05,2025-08-05 09:31:00-04:00,2025-08-05 10:16:00-04:00,short,23315.830634039354,23315.830634039354,BE,0.0,2025-07-16,-4858.68
2025-08-05,2025-08-05 10:18:00-04:00,2025-08-05 10:44:00-04:00,long,23293.79040409923,23188.79040409923,SL,-105.0,2025-07-28,-4963.68
2025-08-06,2025-08-06 09:31:00-04:00,2025-08-06 11:00:00-04:00,short,23184.128315938666,23289.128315938666,SL,-105.0,2025-07-11,-5068.68
2025-08-07,2025-08-07 09:31:00-04:00,2025-08-07 10:16:00-04:00,short,23601.613878410044,23601.613878410044,BE,0.0,2025-08-05,-5068.68
2025-08-07,2025-08-07 10:24:00-04:00,2025-08-07 13:38:00-04:00,short,23588.220500917443,23405.25,TP,182.97,2025-07-24,-4885.71
2025-08-08,2025-08-08 09:31:00-04:00,2025-08-08 10:27:00-04:00,short,23574.398521302704,23679.398521302704,SL,-105.0,2025-07-21,-4990.71
2025-08-11,2025-08-11 09:32:00-04:00,2025-08-11 12:10:00-04:00,short,23697.015357395983,23802.015357395983,SL,-105.0,2025-07-30,-5095.71
2025-08-12,2025-08-12 09:51:00-04:00,2025-08-12 10:52:00-04:00,short,23675.83459590077,23780.83459590077,SL,-105.0,2025-07-28,-5200.71
2025-08-13,2025-08-13 09:56:00-04:00,2025-08-13 15:00:00-04:00,short,24017.78030730159,23934.0,cutoff,83.78,2025-08-12,-5116.93
2025-08-14,2025-08-14 09:31:00-04:00,2025-08-14 10:31:00-04:00,short,23858.911226056676,23963.911226056676,SL,-105.0,2025-08-07,-5221.93
2025-08-15,2025-08-15 09:32:00-04:00,2025-08-15 15:00:00-04:00,short,23858.911226056676,23811.0,cutoff,47.91,2025-08-07,-5174.02
2025-08-18,2025-08-18 09:31:00-04:00,2025-08-18 15:00:00-04:00,long,23791.33191477614,23795.5,cutoff,4.17,2025-08-13,-5169.85
2025-08-19,2025-08-19 09:35:00-04:00,2025-08-19 13:01:00-04:00,short,23675.83459590077,23486.75,TP,189.08,2025-07-28,-4980.77
2025-08-20,2025-08-20 09:31:00-04:00,2025-08-20 09:53:00-04:00,short,23398.54778671259,23207.0,TP,191.55,2025-08-01,-4789.22
2025-08-20,2025-08-20 09:56:00-04:00,2025-08-20 10:46:00-04:00,long,23155.5267650799,23050.5267650799,SL,-105.0,2025-07-25,-4894.22
2025-08-21,2025-08-21 09:38:00-04:00,2025-08-21 10:00:00-04:00,long,23278.484642604017,23173.484642604017,SL,-105.0,2025-07-30,-4999.22
2025-08-22,2025-08-22 09:38:00-04:00,2025-08-22 10:01:00-04:00,long,23278.484642604017,23461.0,TP,182.52,2025-07-30,-4816.7
2025-08-22,2025-08-22 10:04:00-04:00,2025-08-22 12:57:00-04:00,long,23509.184822348634,23509.184822348634,BE,0.0,2025-08-11,-4816.7
2025-08-25,2025-08-25 09:31:00-04:00,2025-08-25 15:00:00-04:00,long,23460.68991584859,23552.25,cutoff,91.56,2025-07-31,-4725.14
2025-08-26,2025-08-26 09:38:00-04:00,2025-08-26 15:00:00-04:00,long,23468.68801143708,23549.75,cutoff,81.06,2025-08-19,-4644.08
2025-08-27,2025-08-27 09:45:00-04:00,2025-08-27 15:00:00-04:00,long,23509.184822348634,23626.5,cutoff,117.32,2025-08-11,-4526.76
2025-08-28,2025-08-28 09:31:00-04:00,2025-08-28 10:55:00-04:00,short,23724.339417208048,23724.339417208048,BE,0.0,2025-08-26,-4526.76
2025-08-29,2025-08-29 09:31:00-04:00,2025-08-29 09:47:00-04:00,long,23646.978338376586,23541.978338376586,SL,-105.0,2025-08-14,-4631.76
2025-09-01,2025-09-01 09:31:00-04:00,2025-09-01 12:59:00-04:00,short,23460.87983826777,23502.25,cutoff,-41.37,2025-08-06,-4673.13
2025-09-02,2025-09-02 09:52:00-04:00,2025-09-02 10:38:00-04:00,long,23233.910582791952,23233.910582791952,BE,0.0,2025-08-26,-4673.13
2025-09-03,2025-09-03 10:05:00-04:00,2025-09-03 11:28:00-04:00,long,23430.34469269841,23430.34469269841,BE,0.0,2025-08-12,-4673.13
2025-09-04,2025-09-04 09:31:00-04:00,2025-09-04 15:00:00-04:00,long,23468.68801143708,23620.0,cutoff,151.31,2025-08-19,-4521.82
2025-09-05,2025-09-05 09:39:00-04:00,2025-09-05 10:28:00-04:00,short,23834.97845614906,23653.5,TP,181.48,2025-08-22,-4340.34
2025-09-05,2025-09-05 10:30:00-04:00,2025-09-05 11:00:00-04:00,long,23646.978338376586,23541.978338376586,SL,-105.0,2025-08-14,-4445.34
2025-09-08,2025-09-08 09:32:00-04:00,2025-09-08 12:37:00-04:00,long,23791.33191477614,23791.33191477614,BE,0.0,2025-08-13,-4445.34
2025-09-09,2025-09-09 09:31:00-04:00,2025-09-09 13:02:00-04:00,short,23834.97845614906,23834.97845614906,BE,0.0,2025-08-22,-4445.34
2025-09-10,2025-09-10 09:41:00-04:00,2025-09-10 15:00:00-04:00,short,23934.331686108046,23862.5,cutoff,71.83,2025-08-28,-4373.51
2025-09-11,2025-09-11 09:31:00-04:00,2025-09-11 10:33:00-04:00,short,23988.887704685447,23988.887704685447,BE,0.0,2025-08-18,-4373.51
2025-09-11,2025-09-11 10:34:00-04:00,2025-09-11 15:00:00-04:00,short,23990.56198856292,24033.75,cutoff,-43.19,2025-08-19,-4416.7
2025-09-12,2025-09-12 09:33:00-04:00,2025-09-12 14:52:00-04:00,short,24039.42526747664,24144.42526747664,SL,-105.0,2025-09-08,-4521.7
2025-09-18,2025-09-18 09:31:00-04:00,2025-09-18 10:20:00-04:00,short,24669.905354290502,24774.905354290502,SL,-105.0,2025-09-15,-4626.7
2025-09-19,2025-09-19 09:34:00-04:00,2025-09-19 15:00:00-04:00,short,24757.18340133589,24825.0,cutoff,-67.82,2025-09-17,-4694.52
2025-09-23,2025-09-23 09:32:00-04:00,2025-09-23 13:41:00-04:00,short,25000.786126587627,24804.25,TP,196.54,2025-09-19,-4497.98
2025-09-24,2025-09-24 09:51:00-04:00,2025-09-24 15:00:00-04:00,short,24803.595250114304,24739.75,cutoff,63.85,2025-09-16,-4434.13
2025-09-25,2025-09-25 09:34:00-04:00,2025-09-25 09:41:00-04:00,long,24544.463873412373,24439.463873412373,SL,-105.0,2025-09-19,-4539.13
2025-09-26,2025-09-26 09:31:00-04:00,2025-09-26 15:00:00-04:00,long,24601.656739631573,24725.5,cutoff,123.84,2025-09-22,-4415.29
2025-09-29,2025-09-29 09:43:00-04:00,2025-09-29 15:00:00-04:00,short,24895.717462472956,24842.75,cutoff,52.97,2025-09-25,-4362.32
2025-09-30,2025-09-30 09:37:00-04:00,2025-09-30 13:21:00-04:00,long,24749.71969537814,24749.71969537814,BE,0.0,2025-09-23,-4362.32
2025-10-01,2025-10-01 09:31:00-04:00,2025-10-01 10:36:00-04:00,short,24803.595250114304,24908.595250114304,SL,-105.0,2025-09-16,-4467.32
2025-10-02,2025-10-02 09:31:00-04:00,2025-10-02 15:00:00-04:00,short,25150.12594001621,25111.75,cutoff,38.38,2025-09-29,-4428.94
2025-10-03,2025-10-03 09:31:00-04:00,2025-10-03 11:17:00-04:00,short,25131.101610830938,25131.101610830938,BE,0.0,2025-09-24,-4428.94
2025-10-06,2025-10-06 09:44:00-04:00,2025-10-06 14:04:00-04:00,short,25131.101610830938,25236.101610830938,SL,-105.0,2025-09-24,-4533.94
2025-10-07,2025-10-07 10:05:00-04:00,2025-10-07 11:47:00-04:00,short,25220.90530462186,25019.5,TP,201.41,2025-09-23,-4332.53
2025-10-08,2025-10-08 09:33:00-04:00,2025-10-08 11:25:00-04:00,short,25131.101610830938,25236.101610830938,SL,-105.0,2025-09-24,-4437.53
2025-10-09,2025-10-09 10:37:00-04:00,2025-10-09 15:00:00-04:00,short,25220.90530462186,25235.25,cutoff,-14.34,2025-09-23,-4451.87
2025-10-10,2025-10-10 11:00:00-04:00,2025-10-10 11:18:00-04:00,long,25072.03020890303,24967.03020890303,SL,-105.0,2025-10-10,-4556.87
2025-10-13,2025-10-13 09:32:00-04:00,2025-10-13 09:36:00-04:00,long,24831.005299050765,24726.005299050765,SL,-105.0,2025-10-02,-4661.87
2025-10-14,2025-10-14 09:31:00-04:00,2025-10-14 09:37:00-04:00,long,24601.656739631573,24496.656739631573,SL,-105.0,2025-09-22,-4766.87
2025-10-15,2025-10-15 09:31:00-04:00,2025-10-15 10:08:00-04:00,short,24984.000597118462,25089.000597118462,SL,-105.0,2025-09-26,-4871.87
2025-10-16,2025-10-16 09:31:00-04:00,2025-10-16 10:16:00-04:00,short,25073.968260368427,25073.968260368427,BE,0.0,2025-09-22,-4871.87
2025-10-16,2025-10-16 10:17:00-04:00,2025-10-16 11:25:00-04:00,long,25072.03020890303,25072.03020890303,BE,0.0,2025-10-10,-4871.87
2025-10-17,2025-10-17 09:32:00-04:00,2025-10-17 10:15:00-04:00,long,24749.71969537814,24935.25,TP,185.53,2025-09-23,-4686.34
2025-10-17,2025-10-17 10:17:00-04:00,2025-10-17 10:36:00-04:00,long,24929.412269998484,24824.412269998484,SL,-105.0,2025-10-06,-4791.34
2025-10-20,2025-10-20 09:32:00-04:00,2025-10-20 10:43:00-04:00,short,25194.468641046944,25299.468641046944,SL,-105.0,2025-10-13,-4896.34
2025-10-21,2025-10-21 09:42:00-04:00,2025-10-21 10:37:00-04:00,short,25252.09866226461,25252.09866226461,BE,0.0,2025-10-17,-4896.34
2025-10-22,2025-10-22 09:36:00-04:00,2025-10-22 12:30:00-04:00,short,25194.468641046944,24957.0,TP,237.47,2025-10-13,-4658.87
2025-10-23,2025-10-23 09:31:00-04:00,2025-10-23 11:59:00-04:00,long,25006.67785392699,25192.5,TP,185.82,2025-10-07,-4473.05
2025-10-24,2025-10-24 09:31:00-04:00,2025-10-24 12:20:00-04:00,short,25454.087730001516,25559.087730001516,SL,-105.0,2025-10-06,-4578.05
2025-10-28,2025-10-28 09:31:00-04:00,2025-10-28 12:02:00-04:00,short,26079.10496771575,26079.10496771575,BE,0.0,2025-10-27,-4578.05
2025-10-29,2025-10-29 09:55:00-04:00,2025-10-29 14:39:00-04:00,short,26300.264687610725,26101.5,TP,198.76,2025-10-28,-4379.29
2025-10-30,2025-10-30 09:36:00-04:00,2025-10-30 10:24:00-04:00,long,26019.877638426828,26019.877638426828,BE,0.0,2025-10-29,-4379.29
2025-10-30,2025-10-30 10:42:00-04:00,2025-10-30 12:11:00-04:00,short,26079.10496771575,26079.10496771575,BE,0.0,2025-10-27,-4379.29
2025-10-31,2025-10-31 10:05:00-04:00,2025-10-31 15:00:00-04:00,short,26079.10496771575,26014.5,cutoff,64.6,2025-10-27,-4314.69
2025-11-03,2025-11-03 10:31:00-05:00,2025-11-03 15:00:00-05:00,long,26019.877638426828,26116.5,cutoff,96.62,2025-10-29,-4218.07
2025-11-04,2025-11-04 09:33:00-05:00,2025-11-04 12:07:00-05:00,long,25705.554893746776,25705.554893746776,BE,0.0,2025-10-30,-4218.07
2025-11-05,2025-11-05 09:36:00-05:00,2025-11-05 09:50:00-05:00,short,25518.070219511428,25623.070219511428,SL,-105.0,2025-10-20,-4323.07
2025-11-06,2025-11-06 09:51:00-05:00,2025-11-06 10:00:00-05:00,long,25572.77003228425,25467.77003228425,SL,-105.0,2025-10-27,-4428.07
2025-11-07,2025-11-07 09:37:00-05:00,2025-11-07 10:06:00-05:00,long,24993.60266830834,24888.60266830834,SL,-105.0,2025-10-21,-4533.07
2025-11-10,2025-11-10 09:31:00-05:00,2025-11-10 14:26:00-05:00,short,25579.835764917516,25684.835764917516,SL,-105.0,2025-10-22,-4638.07
2025-11-11,2025-11-11 09:50:00-05:00,2025-11-11 15:00:00-05:00,long,25572.77003228425,25663.75,cutoff,90.98,2025-10-27,-4547.09
2025-11-12,2025-11-12 09:31:00-05:00,2025-11-12 09:46:00-05:00,long,25705.554893746776,25600.554893746776,SL,-105.0,2025-10-30,-4652.09
2025-11-13,2025-11-13 09:33:00-05:00,2025-11-13 10:58:00-05:00,short,25453.09916771965,25232.25,TP,220.85,2025-11-07,-4431.24
2025-11-13,2025-11-13 10:59:00-05:00,2025-11-13 12:30:00-05:00,short,25252.09866226461,25252.09866226461,BE,0.0,2025-10-17,-4431.24
2025-11-14,2025-11-14 09:32:00-05:00,2025-11-14 09:46:00-05:00,long,24653.90083228035,24847.75,TP,193.85,2025-11-07,-4237.39
2025-11-14,2025-11-14 09:48:00-05:00,2025-11-14 10:43:00-05:00,long,24881.414235082484,25072.0,TP,190.59,2025-10-22,-4046.8
2025-11-17,2025-11-17 09:44:00-05:00,2025-11-17 10:08:00-05:00,long,25186.599602185648,25081.599602185648,SL,-105.0,2025-10-24,-4151.8
2025-11-18,2025-11-18 09:31:00-05:00,2025-11-18 09:50:00-05:00,long,24703.513119674288,24598.513119674288,SL,-105.0,2025-10-23,-4256.8
2025-11-19,2025-11-19 09:31:00-05:00,2025-11-19 09:51:00-05:00,long,24585.258299853253,24766.5,TP,181.24,2025-11-17,-4075.56
2025-11-20,2025-11-20 09:32:00-05:00,2025-11-20 11:05:00-05:00,long,25186.599602185648,25081.599602185648,SL,-105.0,2025-10-24,-4180.56
2025-11-21,2025-11-21 09:31:00-05:00,2025-11-21 09:46:00-05:00,long,24237.335041188107,24132.335041188107,SL,-105.0,2025-11-14,-4285.56
2025-11-24,2025-11-24 09:35:00-05:00,2025-11-24 10:39:00-05:00,short,24685.046496390183,24790.046496390183,SL,-105.0,2025-11-21,-4390.56
2025-11-25,2025-11-25 09:31:00-05:00,2025-11-25 09:43:00-05:00,long,24826.79042067689,24721.79042067689,SL,-105.0,2025-11-20,-4495.56
2025-11-26,2025-11-26 09:31:00-05:00,2025-11-26 15:00:00-05:00,long,25229.97463227871,25332.5,cutoff,102.53,2025-11-10,-4393.03
2025-11-27,2025-11-27 09:31:00-05:00,2025-11-27 12:59:00-05:00,short,25313.414958811893,25301.75,cutoff,11.66,2025-11-14,-4381.37
2025-11-28,2025-11-28 09:34:00-05:00,2025-11-28 10:21:00-05:00,long,25382.76732691323,25382.76732691323,BE,0.0,2025-11-04,-4381.37
2025-12-01,2025-12-01 09:31:00-05:00,2025-12-01 10:52:00-05:00,short,25287.387854159508,25392.387854159508,SL,-105.0,2025-11-19,-4486.37
2025-12-02,2025-12-02 09:33:00-05:00,2025-12-02 10:01:00-05:00,short,25516.991700146747,25621.991700146747,SL,-105.0,2025-11-17,-4591.37
2025-12-03,2025-12-03 09:31:00-05:00,2025-12-03 12:21:00-05:00,short,25516.991700146747,25621.991700146747,SL,-105.0,2025-11-17,-4696.37
2025-12-04,2025-12-04 09:35:00-05:00,2025-12-04 10:37:00-05:00,short,25607.58457932311,25607.58457932311,BE,0.0,2025-11-20,-4696.37
2025-12-04,2025-12-04 10:48:00-05:00,2025-12-04 11:48:00-05:00,short,25606.62300268882,25606.62300268882,BE,0.0,2025-12-01,-4696.37
2025-12-05,2025-12-05 10:00:00-05:00,2025-12-05 15:00:00-05:00,short,25804.97962875158,25737.75,cutoff,67.23,2025-12-03,-4629.14
2025-12-08,2025-12-08 09:37:00-05:00,2025-12-08 12:05:00-05:00,short,25816.058498009275,25627.5,TP,188.56,2025-11-13,-4440.58
2025-12-09,2025-12-09 09:31:00-05:00,2025-12-09 11:35:00-05:00,short,25607.58457932311,25712.58457932311,SL,-105.0,2025-11-20,-4545.58
2025-12-10,2025-12-10 09:37:00-05:00,2025-12-10 14:00:00-05:00,short,25607.58457932311,25712.58457932311,SL,-105.0,2025-11-20,-4650.58
2025-12-11,2025-12-11 09:31:00-05:00,2025-12-11 10:02:00-05:00,short,25606.62300268882,25425.75,TP,180.87,2025-12-01,-4469.71
2025-12-11,2025-12-11 10:08:00-05:00,2025-12-11 10:24:00-05:00,short,25516.991700146747,25621.991700146747,SL,-105.0,2025-11-17,-4574.71
2025-12-12,2025-12-12 09:37:00-05:00,2025-12-12 10:24:00-05:00,short,25607.58457932311,25399.75,TP,207.83,2025-11-20,-4366.88
2025-12-12,2025-12-12 10:26:00-05:00,2025-12-12 10:58:00-05:00,long,25360.622668419237,25255.622668419237,SL,-105.0,2025-12-10,-4471.88
2025-12-15,2025-12-15 09:31:00-05:00,2025-12-15 10:03:00-05:00,short,25641.988813068652,25459.0,TP,182.99,2025-11-28,-4288.89
2025-12-15,2025-12-15 10:04:00-05:00,2025-12-15 10:24:00-05:00,long,25438.648571256614,25333.648571256614,SL,-105.0,2025-12-08,-4393.89
2025-12-16,2025-12-16 09:33:00-05:00,2025-12-16 09:59:00-05:00,short,25287.387854159508,25392.387854159508,SL,-105.0,2025-11-19,-4498.89
2025-12-17,2025-12-17 09:35:00-05:00,2025-12-17 09:46:00-05:00,long,25391.117997106376,25286.117997106376,SL,-105.0,2025-12-05,-4603.89
2025-12-18,2025-12-18 09:39:00-05:00,2025-12-18 10:40:00-05:00,long,25192.52037124842,25381.5,TP,188.98,2025-12-03,-4414.91
2025-12-18,2025-12-18 10:42:00-05:00,2025-12-18 12:08:00-05:00,long,25391.117997106376,25286.117997106376,SL,-105.0,2025-12-05,-4519.91
2025-12-19,2025-12-19 09:31:00-05:00,2025-12-19 13:00:00-05:00,long,25391.117997106376,25575.75,TP,184.63,2025-12-05,-4335.28
2025-12-22,2025-12-22 09:31:00-05:00,2025-12-22 15:00:00-05:00,short,25793.515304493496,25690.75,cutoff,102.77,2025-12-19,-4232.51
2025-12-23,2025-12-23 09:31:00-05:00,2025-12-23 10:52:00-05:00,short,25722.585118518815,25722.585118518815,BE,0.0,2025-12-17,-4232.51
2025-12-24,2025-12-24 09:31:00-05:00,2025-12-24 13:14:00-05:00,short,25804.97962875158,25864.75,cutoff,-59.77,2025-12-03,-4292.28
2025-12-26,2025-12-26 09:32:00-05:00,2025-12-26 10:31:00-05:00,short,25892.79147830685,25892.79147830685,BE,0.0,2025-12-09,-4292.28
2025-12-29,2025-12-29 09:34:00-05:00,2025-12-29 10:21:00-05:00,short,25722.585118518815,25722.585118518815,BE,0.0,2025-12-17,-4292.28
2025-12-30,2025-12-30 09:31:00-05:00,2025-12-30 10:24:00-05:00,short,25722.585118518815,25722.585118518815,BE,0.0,2025-12-17,-4292.28
2025-12-31,2025-12-31 09:33:00-05:00,2025-12-31 10:55:00-05:00,long,25656.490500087966,25551.490500087966,SL,-105.0,2025-12-26,-4397.28
2026-01-02,2026-01-02 09:31:00-05:00,2026-01-02 10:22:00-05:00,short,25722.585118518815,25506.25,TP,216.34,2025-12-17,-4180.94
2026-01-02,2026-01-02 10:25:00-05:00,2026-01-02 11:00:00-05:00,long,25462.974683185756,25357.974683185756,SL,-105.0,2025-12-30,-4285.94
2026-01-05,2026-01-05 09:31:00-05:00,2026-01-05 09:36:00-05:00,long,25656.490500087966,25551.490500087966,SL,-105.0,2025-12-26,-4390.94
2026-01-06,2026-01-06 09:31:00-05:00,2026-01-06 11:06:00-05:00,long,25656.490500087966,25656.490500087966,BE,0.0,2025-12-26,-4390.94
2026-01-07,2026-01-07 09:32:00-05:00,2026-01-07 10:35:00-05:00,short,25793.515304493496,25898.515304493496,SL,-105.0,2025-12-19,-4495.94
2026-01-08,2026-01-08 09:35:00-05:00,2026-01-08 15:00:00-05:00,short,25722.585118518815,25633.5,cutoff,89.09,2025-12-17,-4406.85
2026-01-09,2026-01-09 09:31:00-05:00,2026-01-09 10:37:00-05:00,long,25656.490500087966,25850.0,TP,193.51,2025-12-26,-4213.34
2026-01-09,2026-01-09 10:47:00-05:00,2026-01-09 11:14:00-05:00,short,25793.515304493496,25898.515304493496,SL,-105.0,2025-12-19,-4318.34
2026-01-12,2026-01-12 09:31:00-05:00,2026-01-12 09:50:00-05:00,short,25793.515304493496,25898.515304493496,SL,-105.0,2025-12-19,-4423.34
2026-01-13,2026-01-13 09:32:00-05:00,2026-01-13 11:39:00-05:00,short,25954.275316814244,25954.275316814244,BE,0.0,2025-12-30,-4423.34
2026-01-14,2026-01-14 09:33:00-05:00,2026-01-14 10:47:00-05:00,short,25722.585118518815,25531.0,TP,191.59,2025-12-17,-4231.75
2026-01-14,2026-01-14 10:48:00-05:00,2026-01-14 11:46:00-05:00,long,25493.017990644115,25493.017990644115,BE,0.0,2025-12-22,-4231.75
2026-01-15,2026-01-15 09:31:00-05:00,2026-01-15 10:35:00-05:00,short,25923.7220721326,25923.7220721326,BE,0.0,2025-12-23,-4231.75
2026-01-15,2026-01-15 10:36:00-05:00,2026-01-15 11:21:00-05:00,short,25919.391761961455,25919.391761961455,BE,0.0,2026-01-05,-4231.75
2026-01-16,2026-01-16 10:33:00-05:00,2026-01-16 13:00:00-05:00,long,25656.490500087966,25656.490500087966,BE,0.0,2025-12-26,-4231.75
2026-01-19,2026-01-19 10:01:00-05:00,2026-01-19 10:52:00-05:00,long,25317.811823945234,25317.811823945234,BE,0.0,2026-01-14,-4231.75
2026-01-20,2026-01-20 09:35:00-05:00,2026-01-20 13:33:00-05:00,long,25334.233238038545,25229.233238038545,SL,-105.0,2026-01-05,-4336.75
2026-01-21,2026-01-21 09:48:00-05:00,2026-01-21 10:35:00-05:00,long,25216.808747005507,25418.25,TP,201.44,2026-01-02,-4135.31
2026-01-21,2026-01-21 10:43:00-05:00,2026-01-21 11:30:00-05:00,long,25445.470612448855,25445.470612448855,BE,0.0,2025-12-29,-4135.31
2026-01-22,2026-01-22 09:35:00-05:00,2026-01-22 10:00:00-05:00,long,25656.490500087966,25551.490500087966,SL,-105.0,2025-12-26,-4240.31
2026-01-23,2026-01-23 09:31:00-05:00,2026-01-23 10:25:00-05:00,short,25651.66379762444,25756.66379762444,SL,-105.0,2026-01-21,-4345.31
2026-01-27,2026-01-27 09:34:00-05:00,2026-01-27 10:38:00-05:00,short,25979.215460199313,26084.215460199313,SL,-105.0,2026-01-06,-4450.31
2026-01-28,2026-01-28 09:44:00-05:00,2026-01-28 15:00:00-05:00,short,26295.788974327792,26161.0,cutoff,134.79,2026-01-13,-4315.52
2026-01-29,2026-01-29 09:34:00-05:00,2026-01-29 09:53:00-05:00,short,26112.3292222113,25931.0,TP,181.33,2026-01-12,-4134.19
2026-01-29,2026-01-29 09:54:00-05:00,2026-01-29 10:31:00-05:00,short,25919.391761961455,25734.25,TP,185.14,2026-01-05,-3949.05
2026-01-29,2026-01-29 10:36:00-05:00,2026-01-29 10:50:00-05:00,long,25678.006280754824,25573.006280754824,SL,-105.0,2026-01-27,-4054.05
2026-01-30,2026-01-30 09:39:00-05:00,2026-01-30 10:46:00-05:00,short,25919.391761961455,25919.391761961455,BE,0.0,2026-01-05,-4054.05
2026-02-02,2026-02-02 09:32:00-05:00,2026-02-02 09:50:00-05:00,short,25651.66379762444,25756.66379762444,SL,-105.0,2026-01-21,-4159.05
2026-02-03,2026-02-03 09:56:00-05:00,2026-02-03 10:02:00-05:00,long,25678.006280754824,25573.006280754824,SL,-105.0,2026-01-27,-4264.05
2026-02-04,2026-02-04 09:31:00-05:00,2026-02-04 09:58:00-05:00,long,25298.049378233387,25193.049378233387,SL,-105.0,2026-01-23,-4369.05
2026-02-05,2026-02-05 09:35:00-05:00,2026-02-05 10:01:00-05:00,long,24804.71120237556,24699.71120237556,SL,-105.0,2026-01-21,-4474.05
2026-02-06,2026-02-06 09:40:00-05:00,2026-02-06 10:06:00-05:00,long,24887.126594782483,24782.126594782483,SL,-105.0,2026-02-04,-4579.05
2026-02-09,2026-02-09 09:31:00-05:00,2026-02-09 10:06:00-05:00,long,24985.343891027158,25178.5,TP,193.16,2026-01-20,-4385.89
2026-02-09,2026-02-09 10:38:00-05:00,2026-02-09 15:00:00-05:00,long,25260.473700829716,25399.25,cutoff,138.78,2026-02-03,-4247.11
2026-02-10,2026-02-10 09:36:00-05:00,2026-02-10 11:22:00-05:00,long,25336.47365130561,25336.47365130561,BE,0.0,2026-01-22,-4247.11
2026-02-11,2026-02-11 09:31:00-05:00,2026-02-11 09:37:00-05:00,long,25456.02172477811,25351.02172477811,SL,-105.0,2026-01-16,-4352.11
2026-02-12,2026-02-12 09:31:00-05:00,2026-02-12 09:56:00-05:00,long,25336.47365130561,25231.47365130561,SL,-105.0,2026-01-22,-4457.11
2026-02-13,2026-02-13 09:40:00-05:00,2026-02-13 10:27:00-05:00,long,24633.391857165167,24820.75,TP,187.36,2026-02-09,-4269.75
2026-02-13,2026-02-13 10:31:00-05:00,2026-02-13 10:44:00-05:00,long,24887.126594782483,24782.126594782483,SL,-105.0,2026-02-04,-4374.75
2026-02-17,2026-02-17 09:47:00-05:00,2026-02-17 09:53:00-05:00,long,24633.391857165167,24528.391857165167,SL,-105.0,2026-02-09,-4479.75
2026-02-18,2026-02-18 09:39:00-05:00,2026-02-18 10:04:00-05:00,long,24815.846860833517,24996.5,TP,180.65,2026-02-11,-4299.1
2026-02-18,2026-02-18 10:09:00-05:00,2026-02-18 13:52:00-05:00,long,25002.134426505407,25002.134426505407,BE,0.0,2026-02-10,-4299.1
2026-02-19,2026-02-19 09:35:00-05:00,2026-02-19 11:50:00-05:00,long,24815.846860833517,24815.846860833517,BE,0.0,2026-02-11,-4299.1
2026-02-20,2026-02-20 09:43:00-05:00,2026-02-20 10:33:00-05:00,long,24930.26001659254,24930.26001659254,BE,0.0,2026-02-12,-4299.1
2026-02-20,2026-02-20 10:40:00-05:00,2026-02-20 11:25:00-05:00,long,25002.134426505407,25002.134426505407,BE,0.0,2026-02-10,-4299.1
2026-02-23,2026-02-23 09:31:00-05:00,2026-02-23 09:42:00-05:00,long,25002.134426505407,24897.134426505407,SL,-105.0,2026-02-10,-4404.1
2026-02-24,2026-02-24 09:48:00-05:00,2026-02-24 10:00:00-05:00,long,24930.26001659254,24825.26001659254,SL,-105.0,2026-02-12,-4509.1
2026-02-25,2026-02-25 09:31:00-05:00,2026-02-25 09:47:00-05:00,short,25224.132890528406,25329.132890528406,SL,-105.0,2026-02-13,-4614.1
2026-02-26,2026-02-26 09:31:00-05:00,2026-02-26 10:12:00-05:00,short,25308.784126629384,25113.0,TP,195.78,2026-02-05,-4418.32
2026-02-26,2026-02-26 10:16:00-05:00,2026-02-26 10:28:00-05:00,long,25002.134426505407,24897.134426505407,SL,-105.0,2026-02-10,-4523.32
2026-02-27,2026-02-27 09:31:00-05:00,2026-02-27 12:10:00-05:00,long,24815.846860833517,25011.25,TP,195.4,2026-02-11,-4327.92
2026-03-02,2026-03-02 09:35:00-05:00,2026-03-02 11:47:00-05:00,long,24825.88513501576,25014.0,TP,188.11,2026-02-25,-4139.81
2026-03-03,2026-03-03 09:31:00-05:00,2026-03-03 09:58:00-05:00,long,24588.439612813825,24483.439612813825,SL,-105.0,2026-02-23,-4244.81
2026-03-04,2026-03-04 09:31:00-05:00,2026-03-04 10:31:00-05:00,long,24930.26001659254,25120.75,TP,190.49,2026-02-12,-4054.32
2026-03-04,2026-03-04 10:42:00-05:00,2026-03-04 12:53:00-05:00,short,25073.84211892498,25178.84211892498,SL,-105.0,2026-02-16,-4159.32
2026-03-05,2026-03-05 09:33:00-05:00,2026-03-05 09:58:00-05:00,short,25073.84211892498,25178.84211892498,SL,-105.0,2026-02-16,-4264.32
2026-03-06,2026-03-06 09:31:00-05:00,2026-03-06 10:40:00-05:00,long,24671.8667259376,24869.25,TP,197.38,2026-02-26,-4066.94
2026-03-06,2026-03-06 10:43:00-05:00,2026-03-06 15:00:00-05:00,long,24815.846860833517,24808.0,cutoff,-7.85,2026-02-11,-4074.79
2026-03-09,2026-03-09 09:33:00-04:00,2026-03-09 09:41:00-04:00,long,24473.331852930034,24368.331852930034,SL,-105.0,2026-02-19,-4179.79
2026-03-10,2026-03-10 09:32:00-04:00,2026-03-10 10:37:00-04:00,short,25073.84211892498,25073.84211892498,BE,0.0,2026-02-16,-4179.79
2026-03-10,2026-03-10 10:50:00-04:00,2026-03-10 11:35:00-04:00,short,25119.94149499076,25119.94149499076,BE,0.0,2026-03-06,-4179.79
2026-03-11,2026-03-11 09:32:00-04:00,2026-03-11 10:01:00-04:00,short,25073.84211892498,25178.84211892498,SL,-105.0,2026-02-16,-4284.79
2026-03-12,2026-03-12 09:53:00-04:00,2026-03-12 11:13:00-04:00,long,24671.8667259376,24566.8667259376,SL,-105.0,2026-02-26,-4389.79
2026-03-13,2026-03-13 09:31:00-04:00,2026-03-13 10:17:00-04:00,long,24652.496682358294,24652.496682358294,BE,0.0,2026-03-11,-4389.79
2026-03-13,2026-03-13 10:22:00-04:00,2026-03-13 10:46:00-04:00,long,24671.8667259376,24566.8667259376,SL,-105.0,2026-02-26,-4494.79
2026-03-16,2026-03-16 09:31:00-04:00,2026-03-16 10:21:00-04:00,short,24871.55561687077,24976.55561687077,SL,-105.0,2026-03-09,-4599.79
2026-03-17,2026-03-17 09:46:00-04:00,2026-03-17 15:00:00-04:00,short,25096.19805301506,25003.5,cutoff,92.7,2026-03-13,-4507.09
2026-03-18,2026-03-18 09:40:00-04:00,2026-03-18 14:52:00-04:00,short,24982.357602534,24784.5,TP,197.86,2026-03-03,-4309.23
2026-03-19,2026-03-19 09:31:00-04:00,2026-03-19 11:05:00-04:00,long,24344.81689536332,24542.25,TP,197.43,2026-02-24,-4111.8
2026-03-20,2026-03-20 09:42:00-04:00,2026-03-20 09:57:00-04:00,long,24425.060635027538,24320.060635027538,SL,-105.0,2026-03-04,-4216.8
2026-03-23,2026-03-23 09:32:00-04:00,2026-03-23 10:23:00-04:00,long,24475.95325548935,24664.5,TP,188.55,2026-02-27,-4028.25
2026-03-23,2026-03-23 10:24:00-04:00,2026-03-23 11:36:00-04:00,long,24671.8667259376,24566.8667259376,SL,-105.0,2026-02-26,-4133.25
2026-03-24,2026-03-24 09:31:00-04:00,2026-03-24 09:41:00-04:00,long,24257.42694698494,24152.42694698494,SL,-105.0,2026-03-13,-4238.25
2026-03-25,2026-03-25 09:36:00-04:00,2026-03-25 09:52:00-04:00,long,24475.95325548935,24370.95325548935,SL,-105.0,2026-02-27,-4343.25
2026-03-26,2026-03-26 09:39:00-04:00,2026-03-26 10:54:00-04:00,long,24069.165318483185,24069.165318483185,BE,0.0,2026-03-23,-4343.25
2026-03-26,2026-03-26 10:55:00-04:00,2026-03-26 12:11:00-04:00,long,24059.267397466,24059.267397466,BE,0.0,2026-03-03,-4343.25
2026-04-01,2026-04-01 09:31:00-04:00,2026-04-01 11:14:00-04:00,long,24069.165318483185,24262.5,TP,193.33,2026-03-23,-4149.92
2026-04-02,2026-04-02 09:32:00-04:00,2026-04-02 10:18:00-04:00,long,23773.656098496536,23968.0,TP,194.34,2026-03-26,-3955.58
2026-04-02,2026-04-02 10:19:00-04:00,2026-04-02 10:36:00-04:00,long,23979.81938312923,24167.25,TP,187.43,2026-03-09,-3768.15
2026-04-06,2026-04-06 09:32:00-04:00,2026-04-06 10:38:00-04:00,long,24338.008382877175,24338.008382877175,BE,0.0,2026-03-12,-3768.15
2026-04-06,2026-04-06 10:51:00-04:00,2026-04-06 11:40:00-04:00,short,24289.10131924296,24289.10131924296,BE,0.0,2026-04-02,-3768.15
2026-04-07,2026-04-07 10:05:00-04:00,2026-04-07 10:50:00-04:00,long,24069.165318483185,24069.165318483185,BE,0.0,2026-03-23,-3768.15
2026-04-07,2026-04-07 10:59:00-04:00,2026-04-07 12:56:00-04:00,long,24016.646824437845,24212.5,TP,195.85,2026-03-19,-3572.3
2026-04-08,2026-04-08 09:34:00-04:00,2026-04-08 10:56:00-04:00,short,25161.616617122825,24960.25,TP,201.37,2026-03-12,-3370.93
2026-04-08,2026-04-08 10:58:00-04:00,2026-04-08 12:00:00-04:00,short,24984.459681516815,25089.459681516815,SL,-105.0,2026-03-23,-3475.93
2026-04-09,2026-04-09 09:43:00-04:00,2026-04-09 11:19:00-04:00,short,25096.19805301506,25096.19805301506,BE,0.0,2026-03-13,-3475.93
2026-04-10,2026-04-10 10:11:00-04:00,2026-04-10 11:15:00-04:00,short,25273.09253845201,25378.09253845201,SL,-105.0,2026-03-16,-3580.93
2026-04-13,2026-04-13 09:49:00-04:00,2026-04-13 12:29:00-04:00,short,25273.09253845201,25378.09253845201,SL,-105.0,2026-03-16,-3685.93
2026-04-15,2026-04-15 09:32:00-04:00,2026-04-15 10:24:00-04:00,short,26016.020610526048,26121.020610526048,SL,-105.0,2026-04-14,-3790.93
2026-04-16,2026-04-16 09:37:00-04:00,2026-04-16 10:30:00-04:00,short,26366.73321562178,26366.73321562178,BE,0.0,2026-04-15,-3790.93
2026-04-17,2026-04-17 10:01:00-04:00,2026-04-17 11:31:00-04:00,short,26750.85865637195,26855.85865637195,SL,-105.0,2026-04-16,-3895.93
2026-04-20,2026-04-20 09:40:00-04:00,2026-04-20 15:00:00-04:00,short,26750.85865637195,26732.75,cutoff,18.11,2026-04-16,-3877.82
2026-04-21,2026-04-21 09:32:00-04:00,2026-04-21 10:07:00-04:00,short,26750.85865637195,26855.85865637195,SL,-105.0,2026-04-16,-3982.82
2026-04-23,2026-04-23 09:35:00-04:00,2026-04-23 10:24:00-04:00,short,27024.84370561633,27024.84370561633,BE,0.0,2026-04-17,-3982.82
2026-04-23,2026-04-23 10:55:00-04:00,2026-04-23 13:24:00-04:00,short,27079.941305396387,26894.5,TP,185.44,2026-04-20,-3797.38
2026-04-24,2026-04-24 10:13:00-04:00,2026-04-24 11:44:00-04:00,short,27267.134887108085,27372.134887108085,SL,-105.0,2026-04-22,-3902.38
2026-04-27,2026-04-27 09:46:00-04:00,2026-04-27 10:35:00-04:00,short,27362.418606603605,27362.418606603605,BE,0.0,2026-04-23,-3902.38
2026-04-28,2026-04-28 09:35:00-04:00,2026-04-28 15:00:00-04:00,short,27152.14330906941,27194.75,cutoff,-42.61,2026-04-21,-3944.99
2026-04-29,2026-04-29 09:34:00-04:00,2026-04-29 10:27:00-04:00,short,27152.14330906941,27257.14330906941,SL,-105.0,2026-04-21,-4049.99
2026-04-30,2026-04-30 09:34:00-04:00,2026-04-30 10:57:00-04:00,short,27362.418606603605,27362.418606603605,BE,0.0,2026-04-23,-4049.99
2026-05-01,2026-05-01 09:33:00-04:00,2026-05-01 09:55:00-04:00,short,27727.691212489073,27832.691212489073,SL,-105.0,2026-04-27,-4154.99
2026-05-04,2026-05-04 09:59:00-04:00,2026-05-04 12:07:00-04:00,short,27896.92021898806,27676.0,TP,220.92,2026-04-30,-3934.07
2026-05-05,2026-05-05 10:36:00-04:00,2026-05-05 11:37:00-04:00,short,28138.06154108305,28138.06154108305,BE,0.0,2026-05-01,-3934.07
2026-05-06,2026-05-06 09:31:00-04:00,2026-05-06 09:45:00-04:00,short,28380.887817756244,28485.887817756244,SL,-105.0,2026-05-05,-4039.07
2026-05-07,2026-05-07 09:33:00-04:00,2026-05-07 10:22:00-04:00,short,28768.042484818827,28873.042484818827,SL,-105.0,2026-05-06,-4144.07
2026-05-08,2026-05-08 10:58:00-04:00,2026-05-08 13:02:00-04:00,short,29174.65787972472,29279.65787972472,SL,-105.0,2026-05-07,-4249.07
2026-05-11,2026-05-11 09:32:00-04:00,2026-05-11 11:28:00-04:00,short,29422.9618069465,29422.9618069465,BE,0.0,2026-05-08,-4249.07
2026-05-12,2026-05-12 09:31:00-04:00,2026-05-12 09:43:00-04:00,short,29174.65787972472,29279.65787972472,SL,-105.0,2026-05-07,-4354.07
2026-05-13,2026-05-13 09:52:00-04:00,2026-05-13 10:35:00-04:00,short,29174.65787972472,29279.65787972472,SL,-105.0,2026-05-07,-4459.07
2026-05-14,2026-05-14 09:45:00-04:00,2026-05-14 10:36:00-04:00,short,29646.42303898361,29646.42303898361,BE,0.0,2026-05-12,-4459.07
2026-05-14,2026-05-14 10:37:00-04:00,2026-05-14 11:20:00-04:00,short,29656.73036561582,29761.73036561582,SL,-105.0,2026-05-13,-4564.07
2026-05-15,2026-05-15 09:38:00-04:00,2026-05-15 09:56:00-04:00,short,29174.65787972472,29279.65787972472,SL,-105.0,2026-05-07,-4669.07
2026-05-18,2026-05-18 09:45:00-04:00,2026-05-18 09:55:00-04:00,short,29174.65787972472,29279.65787972472,SL,-105.0,2026-05-07,-4774.07
2026-05-19,2026-05-19 09:35:00-04:00,2026-05-19 10:05:00-04:00,long,28951.360498886017,28846.360498886017,SL,-105.0,2026-05-11,-4879.07
2026-05-20,2026-05-20 09:35:00-04:00,2026-05-20 11:15:00-04:00,long,29084.62855805579,29315.75,TP,231.12,2026-05-14,-4647.95
2026-05-21,2026-05-21 10:23:00-04:00,2026-05-21 11:10:00-04:00,short,29174.65787972472,29174.65787972472,BE,0.0,2026-05-07,-4647.95
2026-05-22,2026-05-22 09:31:00-04:00,2026-05-22 10:56:00-04:00,short,29642.116120772633,29642.116120772633,BE,0.0,2026-05-21,-4647.95
2026-05-22,2026-05-22 10:57:00-04:00,2026-05-22 15:00:00-04:00,short,29646.42303898361,29650.5,cutoff,-4.08,2026-05-12,-4652.03
2026-05-25,2026-05-25 09:37:00-04:00,2026-05-25 11:10:00-04:00,short,29963.24644194421,29963.24644194421,BE,0.0,2026-05-14,-4652.03
2026-05-26,2026-05-26 09:45:00-04:00,2026-05-26 10:25:00-04:00,short,29963.24644194421,30068.24644194421,SL,-105.0,2026-05-14,-4757.03
2026-05-27,2026-05-27 09:45:00-04:00,2026-05-27 10:40:00-04:00,short,30009.455726915767,30009.455726915767,BE,0.0,2026-05-22,-4757.03
2026-05-28,2026-05-28 09:37:00-04:00,2026-05-28 10:12:00-04:00,short,30009.455726915767,30114.455726915767,SL,-105.0,2026-05-22,-4862.03
2026-05-29,2026-05-29 09:57:00-04:00,2026-05-29 10:43:00-04:00,short,30514.38147395403,30328.0,TP,186.38,2026-05-28,-4675.65
2026-05-29,2026-05-29 10:51:00-04:00,2026-05-29 15:00:00-04:00,short,30374.530427233534,30324.0,cutoff,50.53,2026-05-26,-4625.12
2026-06-01,2026-06-01 09:31:00-04:00,2026-06-01 10:16:00-04:00,short,30374.530427233534,30374.530427233534,BE,0.0,2026-05-26,-4625.12
2026-06-02,2026-06-02 09:31:00-04:00,2026-06-02 10:06:00-04:00,short,30514.38147395403,30619.38147395403,SL,-105.0,2026-05-28,-4730.12
2026-06-03,2026-06-03 09:49:00-04:00,2026-06-03 09:52:00-04:00,short,30514.38147395403,30619.38147395403,SL,-105.0,2026-05-28,-4835.12
2026-06-04,2026-06-04 09:31:00-04:00,2026-06-04 09:34:00-04:00,short,30248.501331652922,30353.501331652922,SL,-105.0,2026-05-25,-4940.12
2026-06-05,2026-06-05 09:36:00-04:00,2026-06-05 09:45:00-04:00,long,30011.076790907744,29906.076790907744,SL,-105.0,2026-05-29,-5045.12
