sess_date,year,touched_at,pnl,exit,exit_time,bars_held,hold_min,cum_pnl
2019-01-07,2019,2019-01-06 19:03:00-05:00,-61.0,SL,2019-01-07 13:03:00-05:00,1080,1080.0,-61.0
2019-01-15,2019,2019-01-15 09:36:00-05:00,-37.204762729805225,cutoff,2019-01-15 15:00:00-05:00,324,324.0,-98.20476272980522
2019-01-16,2019,2019-01-16 09:33:00-05:00,-132.0,SL,2019-01-16 09:46:00-05:00,13,13.0,-230.20476272980522
2019-01-17,2019,2019-01-17 03:16:00-05:00,94.81203169863875,cutoff,2019-01-17 15:00:00-05:00,704,704.0,-135.39273103116648
2019-01-18,2019,2019-01-18 09:28:00-05:00,-0.0,BE,2019-01-18 10:43:00-05:00,75,75.0,-135.39273103116648
2019-01-25,2019,2019-01-25 10:02:00-05:00,-13.127232817691038,cutoff,2019-01-25 15:00:00-05:00,298,298.0,-148.51996384885751
2019-01-28,2019,2019-01-28 09:33:00-05:00,17.277878733804755,cutoff,2019-01-28 15:00:00-05:00,327,327.0,-131.24208511505276
2019-01-29,2019,2019-01-29 10:57:00-05:00,7.499645331417923,cutoff,2019-01-29 15:00:00-05:00,243,243.0,-123.74243978363484
2019-02-07,2019,2019-02-07 09:30:00-05:00,0.0,BE,2019-02-07 10:20:00-05:00,50,50.0,-123.74243978363484
2019-02-12,2019,2019-02-12 10:58:00-05:00,-5.3013951186203485,cutoff,2019-02-12 15:00:00-05:00,242,242.0,-129.04383490225518
2019-02-13,2019,2019-02-12 19:12:00-05:00,-0.0,BE,2019-02-12 20:01:00-05:00,49,49.0,-129.04383490225518
2019-02-13,2019,2019-02-13 01:18:00-05:00,10.274825242922816,cutoff,2019-02-13 15:00:00-05:00,822,822.0,-118.76900965933237
2019-02-14,2019,2019-02-14 09:31:00-05:00,54.73400087124446,cutoff,2019-02-14 15:00:00-05:00,329,329.0,-64.03500878808791
2019-02-15,2019,2019-02-15 09:28:00-05:00,-0.0,BE,2019-02-15 10:41:00-05:00,73,73.0,-64.03500878808791
2019-02-20,2019,2019-02-20 10:40:00-05:00,41.11036366720873,cutoff,2019-02-20 15:00:00-05:00,260,260.0,-22.924645120879177
2019-02-21,2019,2019-02-20 22:40:00-05:00,86.87643051873238,cutoff,2019-02-21 15:00:00-05:00,980,980.0,63.9517853978532
2019-02-21,2019,2019-02-20 22:40:00-05:00,87.78017365011328,cutoff,2019-02-21 15:00:00-05:00,980,980.0,151.73195904796648
2019-02-21,2019,2019-02-21 09:45:00-05:00,-2.998569481267623,cutoff,2019-02-21 15:00:00-05:00,315,315.0,148.73338956669886
2019-02-25,2019,2019-02-25 06:24:00-05:00,-0.0,BE,2019-02-25 07:54:00-05:00,90,90.0,148.73338956669886
2019-02-25,2019,2019-02-25 08:47:00-05:00,8.040488080103387,cutoff,2019-02-25 15:00:00-05:00,373,373.0,156.77387764680225
2019-02-26,2019,2019-02-25 20:28:00-05:00,155.84023576414256,cutoff,2019-02-26 15:00:00-05:00,1112,1112.0,312.6141134109448
2019-03-07,2019,2019-03-06 19:05:00-05:00,0.0,BE,2019-03-06 19:56:00-05:00,51,51.0,312.6141134109448
2019-03-07,2019,2019-03-07 02:04:00-05:00,-20.0,SL,2019-03-07 09:44:00-05:00,460,460.0,292.6141134109448
2019-03-08,2019,2019-03-08 08:30:00-05:00,109.66195232041355,cutoff,2019-03-08 15:00:00-05:00,390,390.0,402.27606573135836
2019-03-08,2019,2019-03-08 08:30:00-05:00,98.36770552558664,cutoff,2019-03-08 15:00:00-05:00,390,390.0,500.643771256945
2019-03-08,2019,2019-03-08 08:31:00-05:00,37.94689207841111,cutoff,2019-03-08 15:00:00-05:00,389,389.0,538.5906633353561
2019-03-08,2019,2019-03-08 09:00:00-05:00,0.0,BE,2019-03-08 10:01:00-05:00,61,61.0,538.5906633353561
2019-03-13,2019,2019-03-13 08:00:00-04:00,-0.0,BE,2019-03-13 09:12:00-04:00,72,72.0,538.5906633353561
2019-03-15,2019,2019-03-15 09:56:00-04:00,-0.0,BE,2019-03-15 11:16:00-04:00,80,80.0,538.5906633353561
2019-03-18,2019,2019-03-18 09:58:00-04:00,7.223578148492379,cutoff,2019-03-18 15:00:00-04:00,302,302.0,545.8142414838485
2019-03-25,2019,2019-03-24 20:24:00-04:00,-40.0,SL,2019-03-24 21:02:00-04:00,38,38.0,505.8142414838485
2019-03-26,2019,2019-03-26 09:57:00-04:00,68.51285173081669,cutoff,2019-03-26 15:00:00-04:00,303,303.0,574.3270932146652
2019-04-01,2019,2019-03-31 19:05:00-04:00,-0.0,BE,2019-03-31 19:53:00-04:00,48,48.0,574.3270932146652
2019-04-03,2019,2019-04-02 21:45:00-04:00,-7.811768543288963,cutoff,2019-04-03 15:00:00-04:00,1035,1035.0,566.5153246713762
2019-04-11,2019,2019-04-10 19:42:00-04:00,-0.0,BE,2019-04-10 21:31:00-04:00,109,109.0,566.5153246713762
2019-04-11,2019,2019-04-10 19:42:00-04:00,-0.0,BE,2019-04-10 21:31:00-04:00,109,109.0,566.5153246713762
2019-04-15,2019,2019-04-15 10:43:00-04:00,205.18706996372202,cutoff,2019-04-15 15:00:00-04:00,257,257.0,771.7023946350982
2019-04-17,2019,2019-04-16 21:59:00-04:00,-0.0,BE,2019-04-17 05:35:00-04:00,456,456.0,771.7023946350982
2019-04-17,2019,2019-04-17 08:03:00-04:00,11.693373859821804,cutoff,2019-04-17 15:00:00-04:00,417,417.0,783.39576849492
2019-04-17,2019,2019-04-17 09:23:00-04:00,33.14427393270762,cutoff,2019-04-17 15:00:00-04:00,337,337.0,816.5400424276277
2019-04-23,2019,2019-04-23 09:44:00-04:00,-38.0,SL,2019-04-23 11:28:00-04:00,104,104.0,778.5400424276277
2019-04-26,2019,2019-04-26 09:43:00-04:00,48.81857078507801,cutoff,2019-04-26 15:00:00-04:00,317,317.0,827.3586132127057
2019-04-30,2019,2019-04-29 21:00:00-04:00,-39.0,SL,2019-04-30 11:08:00-04:00,848,848.0,788.3586132127057
2019-05-09,2019,2019-05-09 02:52:00-04:00,-91.0,SL,2019-05-09 10:24:00-04:00,452,452.0,697.3586132127057
2019-05-10,2019,2019-05-09 20:24:00-04:00,829.2923858926442,TP,2019-05-10 10:42:00-04:00,858,858.0,1526.65099910535
2019-05-13,2019,2019-05-13 08:14:00-04:00,-39.92690352683894,cutoff,2019-05-13 15:00:00-04:00,406,406.0,1486.724095578511
2019-05-15,2019,2019-05-15 10:42:00-04:00,-39.96059708323719,cutoff,2019-05-15 15:00:00-04:00,258,258.0,1446.7634984952738
2019-05-20,2019,2019-05-20 06:14:00-04:00,-80.0,SL,2019-05-20 09:38:00-04:00,204,204.0,1366.7634984952738
2019-05-23,2019,2019-05-23 02:07:00-04:00,-55.0,SL,2019-05-23 06:06:00-04:00,239,239.0,1311.7634984952738
2019-05-28,2019,2019-05-28 09:39:00-04:00,57.16258448424742,cutoff,2019-05-28 15:00:00-04:00,321,321.0,1368.9260829795212
2019-05-29,2019,2019-05-28 20:09:00-04:00,-56.0,SL,2019-05-29 03:15:00-04:00,426,426.0,1312.9260829795212
2019-05-31,2019,2019-05-31 03:05:00-04:00,-23.99565658978645,cutoff,2019-05-31 15:00:00-04:00,715,715.0,1288.9304263897347
2019-06-05,2019,2019-06-05 05:27:00-04:00,22.446166549781992,cutoff,2019-06-05 15:00:00-04:00,573,573.0,1311.3765929395167
2019-06-05,2019,2019-06-05 05:31:00-04:00,30.039676526665062,cutoff,2019-06-05 15:00:00-04:00,569,569.0,1341.4162694661818
2019-06-07,2019,2019-06-07 04:08:00-04:00,-61.0,SL,2019-06-07 09:56:00-04:00,348,348.0,1280.4162694661818
2019-06-10,2019,2019-06-10 09:33:00-04:00,-62.0,SL,2019-06-10 10:48:00-04:00,75,75.0,1218.4162694661818
2019-06-11,2019,2019-06-11 08:35:00-04:00,71.3648494857016,cutoff,2019-06-11 15:00:00-04:00,385,385.0,1289.7811189518834
2019-06-17,2019,2019-06-17 09:53:00-04:00,2.4113085016415425,cutoff,2019-06-17 15:00:00-04:00,307,307.0,1292.192427453525
2019-06-17,2019,2019-06-17 09:55:00-04:00,12.424729812347323,cutoff,2019-06-17 15:00:00-04:00,305,305.0,1304.6171572658723
2019-06-18,2019,2019-06-18 04:18:00-04:00,-103.0,SL,2019-06-18 09:42:00-04:00,324,324.0,1201.6171572658723
2019-06-20,2019,2019-06-19 21:09:00-04:00,-0.0,BE,2019-06-19 21:55:00-04:00,46,46.0,1201.6171572658723
2019-06-20,2019,2019-06-19 23:49:00-04:00,-0.0,BE,2019-06-20 02:26:00-04:00,157,157.0,1201.6171572658723
2019-06-25,2019,2019-06-25 10:22:00-04:00,-304.3397689160265,cutoff,2019-06-25 15:00:00-04:00,278,278.0,897.2773883498458
2019-07-01,2019,2019-07-01 03:03:00-04:00,-0.0,BE,2019-07-01 06:15:00-04:00,192,192.0,897.2773883498458
2019-07-03,2019,2019-07-03 03:15:00-04:00,-42.520958475593034,cutoff,2019-07-03 13:14:00-04:00,599,599.0,854.7564298742527
2019-07-05,2019,2019-07-05 08:30:00-04:00,20.719154060057008,cutoff,2019-07-05 15:00:00-04:00,390,390.0,875.4755839343097
2019-07-08,2019,2019-07-08 09:37:00-04:00,0.0,BE,2019-07-08 10:30:00-04:00,53,53.0,875.4755839343097
2019-07-09,2019,2019-07-08 23:23:00-04:00,74.53200961315542,TP,2019-07-09 12:06:00-04:00,763,763.0,950.0075935474651
2019-07-09,2019,2019-07-09 03:43:00-04:00,0.0,BE,2019-07-09 04:29:00-04:00,46,46.0,950.0075935474651
2019-07-10,2019,2019-07-10 08:33:00-04:00,-43.30779086356324,cutoff,2019-07-10 15:00:00-04:00,387,387.0,906.6998026839019
2019-07-16,2019,2019-07-15 19:54:00-04:00,-0.0,BE,2019-07-15 20:41:00-04:00,47,47.0,906.6998026839019
2019-07-23,2019,2019-07-23 08:08:00-04:00,0.9900784877645492,cutoff,2019-07-23 15:00:00-04:00,412,412.0,907.6898811716665
2019-07-30,2019,2019-07-30 07:31:00-04:00,0.0,BE,2019-07-30 08:35:00-04:00,64,64.0,907.6898811716665
2019-08-02,2019,2019-08-02 03:50:00-04:00,0.0,BE,2019-08-02 04:53:00-04:00,63,63.0,907.6898811716665
2019-08-02,2019,2019-08-02 10:08:00-04:00,-21.505158577310794,cutoff,2019-08-02 15:00:00-04:00,292,292.0,886.1847225943557
2019-08-05,2019,2019-08-04 21:35:00-04:00,-158.0,SL,2019-08-05 10:35:00-04:00,780,780.0,728.1847225943557
2019-08-08,2019,2019-08-07 21:24:00-04:00,-125.21821697165342,cutoff,2019-08-08 15:00:00-04:00,1056,1056.0,602.9665056227022
2019-08-13,2019,2019-08-13 05:30:00-04:00,0.0,BE,2019-08-13 06:17:00-04:00,47,47.0,602.9665056227022
2019-08-13,2019,2019-08-13 09:46:00-04:00,-58.51511410675266,cutoff,2019-08-13 15:00:00-04:00,314,314.0,544.4513915159496
2019-08-16,2019,2019-08-16 10:59:00-04:00,-0.0,BE,2019-08-16 13:25:00-04:00,146,146.0,544.4513915159496
2019-08-19,2019,2019-08-19 01:18:00-04:00,-0.0,BE,2019-08-19 02:05:00-04:00,47,47.0,544.4513915159496
2019-08-19,2019,2019-08-19 03:03:00-04:00,-0.0,BE,2019-08-19 06:56:00-04:00,233,233.0,544.4513915159496
2019-08-22,2019,2019-08-22 10:35:00-04:00,59.83573476347192,cutoff,2019-08-22 15:00:00-04:00,265,265.0,604.2871262794215
2019-08-23,2019,2019-08-23 08:25:00-04:00,0.0,BE,2019-08-23 09:48:00-04:00,83,83.0,604.2871262794215
2019-08-23,2019,2019-08-23 09:50:00-04:00,0.0,BE,2019-08-23 11:02:00-04:00,72,72.0,604.2871262794215
2019-08-23,2019,2019-08-23 09:50:00-04:00,0.0,BE,2019-08-23 11:02:00-04:00,72,72.0,604.2871262794215
2019-08-27,2019,2019-08-27 09:06:00-04:00,51.7586952583606,cutoff,2019-08-27 15:00:00-04:00,354,354.0,656.0458215377821
2019-08-29,2019,2019-08-29 03:13:00-04:00,-60.287910838971584,cutoff,2019-08-29 15:00:00-04:00,707,707.0,595.7579106988105
2019-08-30,2019,2019-08-30 05:30:00-04:00,-0.0,BE,2019-08-30 06:18:00-04:00,48,48.0,595.7579106988105
2019-09-05,2019,2019-09-04 20:04:00-04:00,-56.0,SL,2019-09-04 21:31:00-04:00,87,87.0,539.7579106988105
2019-09-10,2019,2019-09-10 03:41:00-04:00,-19.404046735640804,cutoff,2019-09-10 15:00:00-04:00,679,679.0,520.3538639631697
2019-09-11,2019,2019-09-11 10:33:00-04:00,-0.0,BE,2019-09-11 11:30:00-04:00,57,57.0,520.3538639631697
2019-09-12,2019,2019-09-11 19:22:00-04:00,-31.927843519486487,cutoff,2019-09-12 15:00:00-04:00,1178,1178.0,488.4260204436832
2019-09-19,2019,2019-09-19 09:32:00-04:00,8.379790605412381,cutoff,2019-09-19 15:00:00-04:00,328,328.0,496.8058110490956
2019-09-19,2019,2019-09-19 09:32:00-04:00,13.940188223614314,cutoff,2019-09-19 15:00:00-04:00,328,328.0,510.7459992727099
2019-09-19,2019,2019-09-19 09:36:00-04:00,23.674124244043924,cutoff,2019-09-19 15:00:00-04:00,324,324.0,534.4201235167538
2019-09-24,2019,2019-09-23 19:02:00-04:00,53.19000326709374,TP,2019-09-24 10:23:00-04:00,921,921.0,587.6101267838476
2019-09-25,2019,2019-09-25 04:49:00-04:00,452.95288129442633,cutoff,2019-09-25 15:00:00-04:00,611,611.0,1040.563008078274
2019-10-01,2019,2019-09-30 21:02:00-04:00,81.89613760945213,cutoff,2019-10-01 15:00:00-04:00,1078,1078.0,1122.459145687726
2019-10-02,2019,2019-10-02 03:10:00-04:00,-136.0,SL,2019-10-02 11:31:00-04:00,501,501.0,986.459145687726
2019-10-04,2019,2019-10-04 08:31:00-04:00,-65.85554794762993,cutoff,2019-10-04 15:00:00-04:00,389,389.0,920.6035977400961
2019-10-08,2019,2019-10-08 09:39:00-04:00,22.78719432876551,cutoff,2019-10-08 15:00:00-04:00,321,321.0,943.3907920688616
2019-10-10,2019,2019-10-10 10:54:00-04:00,22.544102950359047,cutoff,2019-10-10 15:00:00-04:00,246,246.0,965.9348950192207
2019-10-10,2019,2019-10-10 10:57:00-04:00,32.19980793627474,cutoff,2019-10-10 15:00:00-04:00,243,243.0,998.1347029554954
2019-10-11,2019,2019-10-11 04:10:00-04:00,-88.21280567123449,cutoff,2019-10-11 15:00:00-04:00,650,650.0,909.9218972842609
2019-10-15,2019,2019-10-15 10:27:00-04:00,-38.217570383813836,cutoff,2019-10-15 15:00:00-04:00,273,273.0,871.7043269004471
2019-10-17,2019,2019-10-17 05:31:00-04:00,12.955612648202077,cutoff,2019-10-17 15:00:00-04:00,569,569.0,884.6599395486492
2019-10-17,2019,2019-10-17 05:34:00-04:00,27.951446281967947,cutoff,2019-10-17 15:00:00-04:00,566,566.0,912.6113858306171
2019-10-17,2019,2019-10-17 05:34:00-04:00,26.241452461576046,cutoff,2019-10-17 15:00:00-04:00,566,566.0,938.8528382921932
2019-10-18,2019,2019-10-18 10:35:00-04:00,0.0,BE,2019-10-18 11:21:00-04:00,46,46.0,938.8528382921932
2019-10-22,2019,2019-10-22 09:34:00-04:00,65.65110424674276,TP,2019-10-22 11:58:00-04:00,144,144.0,1004.5039425389359
2019-10-24,2019,2019-10-24 03:15:00-04:00,-0.0,BE,2019-10-24 06:12:00-04:00,177,177.0,1004.5039425389359
2019-10-25,2019,2019-10-25 10:50:00-04:00,-16.49191049158071,cutoff,2019-10-25 15:00:00-04:00,250,250.0,988.0120320473552
2019-10-30,2019,2019-10-30 10:03:00-04:00,0.0,BE,2019-10-30 14:00:00-04:00,237,237.0,988.0120320473552
2019-10-30,2019,2019-10-30 10:04:00-04:00,57.65182207334601,cutoff,2019-10-30 15:00:00-04:00,296,296.0,1045.6638541207012
2019-11-01,2019,2019-11-01 09:54:00-04:00,-2.598177926653989,cutoff,2019-11-01 15:00:00-04:00,306,306.0,1043.0656761940472
2019-11-04,2019,2019-11-04 05:02:00-05:00,-12.82640199463276,cutoff,2019-11-04 15:00:00-05:00,598,598.0,1030.2392741994145
2019-11-07,2019,2019-11-07 10:16:00-05:00,29.20911284065005,cutoff,2019-11-07 15:00:00-05:00,284,284.0,1059.4483870400645
2019-11-12,2019,2019-11-12 10:19:00-05:00,28.07812441563874,cutoff,2019-11-12 15:00:00-05:00,281,281.0,1087.5265114557033
2019-11-12,2019,2019-11-12 10:20:00-05:00,28.858070710946777,cutoff,2019-11-12 15:00:00-05:00,280,280.0,1116.38458216665
2019-11-12,2019,2019-11-12 10:37:00-05:00,34.747810213233606,cutoff,2019-11-12 15:00:00-05:00,263,263.0,1151.1323923798836
2019-11-15,2019,2019-11-14 20:15:00-05:00,-0.0,BE,2019-11-14 21:56:00-05:00,101,101.0,1151.1323923798836
2019-11-15,2019,2019-11-14 21:56:00-05:00,-0.0,BE,2019-11-15 08:43:00-05:00,646,647.0,1151.1323923798836
2019-11-15,2019,2019-11-15 08:48:00-05:00,-0.0,BE,2019-11-15 10:20:00-05:00,92,92.0,1151.1323923798836
2019-11-18,2019,2019-11-18 02:16:00-05:00,-40.0,SL,2019-11-18 02:17:00-05:00,1,1.0,1111.1323923798836
2019-11-19,2019,2019-11-19 03:23:00-05:00,-0.0,BE,2019-11-19 04:42:00-05:00,79,79.0,1111.1323923798836
2019-11-20,2019,2019-11-20 03:54:00-05:00,0.0,BE,2019-11-20 05:15:00-05:00,81,81.0,1111.1323923798836
2019-11-25,2019,2019-11-25 09:34:00-05:00,-26.967307796061505,cutoff,2019-11-25 15:00:00-05:00,326,326.0,1084.1650845838221
2019-11-26,2019,2019-11-25 20:46:00-05:00,23.32412027431019,cutoff,2019-11-26 15:00:00-05:00,1094,1094.0,1107.4892048581323
2019-11-26,2019,2019-11-25 20:46:00-05:00,-0.0,BE,2019-11-26 12:32:00-05:00,946,946.0,1107.4892048581323
2019-12-02,2019,2019-12-02 09:30:00-05:00,-73.10944638507135,cutoff,2019-12-02 15:00:00-05:00,330,330.0,1034.379758473061
2019-12-03,2019,2019-12-03 07:45:00-05:00,-30.672082087237868,cutoff,2019-12-03 15:00:00-05:00,435,435.0,1003.7076763858231
2019-12-04,2019,2019-12-04 04:07:00-05:00,-24.698042081527092,cutoff,2019-12-04 15:00:00-05:00,653,653.0,979.009634304296
2019-12-06,2019,2019-12-06 08:41:00-05:00,-27.38106715180038,cutoff,2019-12-06 15:00:00-05:00,379,379.0,951.6285671524956
2019-12-10,2019,2019-12-10 03:52:00-05:00,46.917519506880126,TP,2019-12-10 08:33:00-05:00,281,281.0,998.5460866593758
2019-12-10,2019,2019-12-10 06:27:00-05:00,59.09824215431399,cutoff,2019-12-10 15:00:00-05:00,513,513.0,1057.6443288136898
2019-12-12,2019,2019-12-12 09:38:00-05:00,-11.901757845686006,cutoff,2019-12-12 15:00:00-05:00,322,322.0,1045.7425709680037
2019-12-13,2019,2019-12-13 05:31:00-05:00,64.90003969304598,TP,2019-12-13 07:59:00-05:00,148,148.0,1110.6426106610497
2019-12-16,2019,2019-12-16 09:45:00-05:00,-10.596940473154973,cutoff,2019-12-16 15:00:00-05:00,315,315.0,1100.0456701878948
2019-12-26,2019,2019-12-26 09:45:00-05:00,-30.445227231230092,cutoff,2019-12-26 15:00:00-05:00,315,315.0,1069.6004429566647
2019-12-30,2019,2019-12-30 09:38:00-05:00,-9.97249466528956,cutoff,2019-12-30 15:00:00-05:00,322,322.0,1059.627948291375
2020-01-03,2020,2020-01-03 05:56:00-05:00,401.13862371350115,TP,2020-01-03 12:03:00-05:00,367,367.0,1460.7665720048763
2020-01-07,2020,2020-01-06 21:23:00-05:00,-0.0,BE,2020-01-06 23:25:00-05:00,122,122.0,1460.7665720048763
2020-01-08,2020,2020-01-07 19:32:00-05:00,440.5336238157979,TP,2020-01-07 21:40:00-05:00,128,128.0,1901.3001958206742
2020-01-08,2020,2020-01-07 19:38:00-05:00,400.5085509981873,TP,2020-01-07 21:05:00-05:00,87,87.0,2301.8087468188614
2020-01-08,2020,2020-01-07 19:38:00-05:00,455.896047793256,TP,2020-01-07 21:39:00-05:00,121,121.0,2757.7047946121174
2020-01-17,2020,2020-01-17 04:51:00-05:00,16.102104964011232,cutoff,2020-01-17 15:00:00-05:00,609,609.0,2773.8068995761287
2020-01-21,2020,2020-01-20 21:35:00-05:00,0.0,BE,2020-01-21 01:42:00-05:00,246,247.0,2773.8068995761287
2020-01-22,2020,2020-01-21 21:51:00-05:00,-80.5,SL,2020-01-21 21:57:00-05:00,6,6.0,2693.3068995761287
2020-01-23,2020,2020-01-23 09:35:00-05:00,270.09960082866746,cutoff,2020-01-23 15:00:00-05:00,325,325.0,2963.406500404796
2020-01-24,2020,2020-01-24 03:07:00-05:00,-12.25,SL,2020-01-24 03:51:00-05:00,44,44.0,2951.156500404796
2020-01-27,2020,2020-01-27 05:03:00-05:00,-71.78462583600776,cutoff,2020-01-27 15:00:00-05:00,597,597.0,2879.3718745687884
2020-01-28,2020,2020-01-28 10:25:00-05:00,-230.88296536447888,cutoff,2020-01-28 15:00:00-05:00,275,275.0,2648.4889092043095
2020-01-30,2020,2020-01-30 02:06:00-05:00,0.0,BE,2020-01-30 03:03:00-05:00,57,57.0,2648.4889092043095
2020-02-04,2020,2020-02-04 03:23:00-05:00,-0.0,BE,2020-02-04 04:26:00-05:00,63,63.0,2648.4889092043095
2020-02-04,2020,2020-02-04 07:40:00-05:00,-133.0,SL,2020-02-04 10:35:00-05:00,175,175.0,2515.4889092043095
2020-02-11,2020,2020-02-10 20:45:00-05:00,126.78278174620209,cutoff,2020-02-11 15:00:00-05:00,1095,1095.0,2642.2716909505116
2020-02-14,2020,2020-02-13 22:02:00-05:00,148.31155843236775,cutoff,2020-02-14 15:00:00-05:00,1018,1018.0,2790.5832493828793
2020-02-17,2020,2020-02-16 20:47:00-05:00,-0.0,BE,2020-02-16 21:44:00-05:00,57,57.0,2790.5832493828793
2020-02-17,2020,2020-02-17 00:41:00-05:00,-7.4375,SL,2020-02-17 01:19:00-05:00,38,38.0,2783.1457493828793
2020-02-19,2020,2020-02-19 07:58:00-05:00,-0.0,BE,2020-02-19 08:47:00-05:00,49,49.0,2783.1457493828793
2020-02-19,2020,2020-02-19 09:36:00-05:00,-61.25,SL,2020-02-19 10:24:00-05:00,48,48.0,2721.8957493828793
2020-02-21,2020,2020-02-21 09:49:00-05:00,0.0,BE,2020-02-21 10:40:00-05:00,51,51.0,2721.8957493828793
2020-02-21,2020,2020-02-21 09:49:00-05:00,0.0,BE,2020-02-21 10:35:00-05:00,46,46.0,2721.8957493828793
2020-02-24,2020,2020-02-23 21:27:00-05:00,-136.5,SL,2020-02-24 03:00:00-05:00,333,333.0,2585.3957493828793
2020-02-27,2020,2020-02-26 22:58:00-05:00,105.24253200745625,TP,2020-02-27 04:02:00-05:00,304,304.0,2690.6382813903356
2020-03-02,2020,2020-03-01 20:31:00-05:00,-400.0,SL,2020-03-01 21:55:00-05:00,84,84.0,2290.6382813903356
2020-03-06,2020,2020-03-05 22:53:00-05:00,-393.75,SL,2020-03-06 05:09:00-05:00,376,376.0,1896.8882813903356
2020-03-12,2020,2020-03-12 09:30:00-04:00,-29.75,SL,2020-03-12 09:31:00-04:00,1,1.0,1867.1382813903356
2020-03-20,2020,2020-03-20 03:26:00-04:00,-400.0,SL,2020-03-20 04:03:00-04:00,37,37.0,1467.1382813903356
2020-03-24,2020,2020-03-24 04:07:00-04:00,-0.0,BE,2020-03-24 05:12:00-04:00,65,65.0,1467.1382813903356
2020-03-25,2020,2020-03-25 03:59:00-04:00,-400.0,SL,2020-03-25 05:25:00-04:00,86,86.0,1067.1382813903356
2020-03-31,2020,2020-03-30 20:01:00-04:00,-0.0,BE,2020-03-30 20:48:00-04:00,47,47.0,1067.1382813903356
2020-03-31,2020,2020-03-30 21:02:00-04:00,-0.0,BE,2020-03-30 21:50:00-04:00,48,48.0,1067.1382813903356
2020-03-31,2020,2020-03-31 05:22:00-04:00,428.4977561192536,TP,2020-03-31 07:44:00-04:00,142,142.0,1495.6360375095892
2020-04-01,2020,2020-04-01 01:49:00-04:00,104.74544600698937,TP,2020-04-01 11:11:00-04:00,562,562.0,1600.3814835165786
2020-04-02,2020,2020-04-02 09:14:00-04:00,504.5767065853179,TP,2020-04-02 09:34:00-04:00,20,20.0,2104.9581901018964
2020-04-06,2020,2020-04-05 20:17:00-04:00,-227.5,SL,2020-04-05 20:31:00-04:00,14,14.0,1877.4581901018964
2020-04-07,2020,2020-04-07 02:58:00-04:00,-400.0,SL,2020-04-07 06:02:00-04:00,184,184.0,1477.4581901018964
2020-04-09,2020,2020-04-09 09:43:00-04:00,453.6875596513346,TP,2020-04-09 10:16:00-04:00,33,33.0,1931.145749753231
2020-04-14,2020,2020-04-13 21:33:00-04:00,-82.25,SL,2020-04-13 22:34:00-04:00,61,61.0,1848.895749753231
2020-04-16,2020,2020-04-16 10:58:00-04:00,413.205417294419,TP,2020-04-16 12:37:00-04:00,99,99.0,2262.10116704765
2020-04-21,2020,2020-04-20 22:38:00-04:00,0.0,BE,2020-04-21 06:12:00-04:00,454,454.0,2262.10116704765
2020-04-21,2020,2020-04-21 09:37:00-04:00,-227.5,SL,2020-04-21 10:19:00-04:00,42,42.0,2034.60116704765
2020-04-23,2020,2020-04-23 10:23:00-04:00,561.2103069589284,TP,2020-04-23 12:46:00-04:00,143,143.0,2595.8114740065785
2020-04-27,2020,2020-04-26 22:06:00-04:00,-0.0,BE,2020-04-26 23:01:00-04:00,55,55.0,2595.8114740065785
2020-04-27,2020,2020-04-27 00:00:00-04:00,-143.5,SL,2020-04-27 00:32:00-04:00,32,32.0,2452.3114740065785
2020-04-28,2020,2020-04-28 05:20:00-04:00,-152.25,SL,2020-04-28 05:50:00-04:00,30,30.0,2300.0614740065785
2020-05-05,2020,2020-05-05 03:30:00-04:00,-0.0,BE,2020-05-05 04:17:00-04:00,47,47.0,2300.0614740065785
2020-05-07,2020,2020-05-07 05:36:00-04:00,-0.0,BE,2020-05-07 06:22:00-04:00,46,46.0,2300.0614740065785
2020-05-08,2020,2020-05-07 20:00:00-04:00,-201.25,SL,2020-05-07 22:22:00-04:00,142,142.0,2098.8114740065785
2020-05-11,2020,2020-05-10 19:33:00-04:00,424.432148791253,TP,2020-05-11 08:03:00-04:00,750,750.0,2523.2436227978314
2020-05-13,2020,2020-05-12 19:45:00-04:00,401.3690279604634,TP,2020-05-13 01:01:00-04:00,316,316.0,2924.612650758295
2020-05-15,2020,2020-05-15 03:07:00-04:00,-0.0,BE,2020-05-15 03:53:00-04:00,46,46.0,2924.612650758295
2020-05-18,2020,2020-05-17 19:04:00-04:00,-0.0,BE,2020-05-17 19:50:00-04:00,46,46.0,2924.612650758295
2020-05-18,2020,2020-05-18 10:59:00-04:00,-0.0,BE,2020-05-18 11:50:00-04:00,51,51.0,2924.612650758295
2020-05-20,2020,2020-05-20 09:30:00-04:00,-35.4375,SL,2020-05-20 09:59:00-04:00,29,29.0,2889.175150758295
2020-05-22,2020,2020-05-21 22:54:00-04:00,401.4103768810455,TP,2020-05-22 14:40:00-04:00,946,946.0,3290.5855276393404
2020-05-22,2020,2020-05-22 01:29:00-04:00,0.0,BE,2020-05-22 03:06:00-04:00,97,97.0,3290.5855276393404
2020-05-25,2020,2020-05-25 06:50:00-04:00,-0.0,BE,2020-05-25 08:42:00-04:00,112,112.0,3290.5855276393404
2020-05-26,2020,2020-05-25 23:54:00-04:00,-26.6875,SL,2020-05-26 02:24:00-04:00,150,150.0,3263.8980276393404
2020-05-27,2020,2020-05-27 10:46:00-04:00,0.0,BE,2020-05-27 11:38:00-04:00,52,52.0,3263.8980276393404
2020-05-27,2020,2020-05-27 10:49:00-04:00,435.3789236304874,TP,2020-05-27 12:02:00-04:00,73,73.0,3699.276951269828
2020-06-02,2020,2020-06-02 02:29:00-04:00,-0.0,BE,2020-06-02 03:28:00-04:00,59,59.0,3699.276951269828
2020-06-02,2020,2020-06-02 03:31:00-04:00,-0.0,BE,2020-06-02 04:17:00-04:00,46,46.0,3699.276951269828
2020-06-02,2020,2020-06-02 04:18:00-04:00,450.9103768810455,TP,2020-06-02 11:03:00-04:00,405,405.0,4150.187328150873
2020-06-03,2020,2020-06-02 20:45:00-04:00,-0.0,BE,2020-06-02 21:45:00-04:00,60,60.0,4150.187328150873
2020-06-03,2020,2020-06-03 10:01:00-04:00,-0.0,BE,2020-06-03 14:52:00-04:00,291,291.0,4150.187328150873
2020-06-04,2020,2020-06-04 09:50:00-04:00,101.62040825344957,TP,2020-06-04 12:57:00-04:00,187,187.0,4251.807736404323
2020-06-09,2020,2020-06-09 10:45:00-04:00,-153.5995186693035,cutoff,2020-06-09 15:00:00-04:00,255,255.0,4098.208217735019
2020-06-10,2020,2020-06-09 21:32:00-04:00,-119.0,SL,2020-06-10 08:05:00-04:00,633,633.0,3979.2082177350194
2020-06-11,2020,2020-06-11 08:22:00-04:00,0.0,BE,2020-06-11 09:38:00-04:00,76,76.0,3979.2082177350194
2020-06-15,2020,2020-06-15 01:36:00-04:00,-301.0,SL,2020-06-15 02:05:00-04:00,29,29.0,3678.2082177350194
2020-06-16,2020,2020-06-16 08:57:00-04:00,-0.0,BE,2020-06-16 10:18:00-04:00,81,81.0,3678.2082177350194
2020-06-19,2020,2020-06-19 08:36:00-04:00,-0.0,BE,2020-06-19 09:24:00-04:00,48,48.0,3678.2082177350194
2020-06-19,2020,2020-06-19 09:28:00-04:00,496.47741838448565,TP,2020-06-19 12:14:00-04:00,166,166.0,4174.685636119505
2020-06-23,2020,2020-06-23 03:15:00-04:00,-397.25,SL,2020-06-23 12:00:00-04:00,525,525.0,3777.435636119505
2020-06-29,2020,2020-06-29 09:41:00-04:00,405.17667005895055,TP,2020-06-29 10:32:00-04:00,51,51.0,4182.612306178456
2020-06-30,2020,2020-06-30 01:21:00-04:00,46.56294832396088,TP,2020-06-30 01:40:00-04:00,19,19.0,4229.1752545024165
2020-07-01,2020,2020-07-01 09:33:00-04:00,-294.32332994104945,cutoff,2020-07-01 15:00:00-04:00,327,327.0,3934.851924561367
2020-07-02,2020,2020-07-02 04:27:00-04:00,-0.0,BE,2020-07-02 07:42:00-04:00,195,195.0,3934.851924561367
2020-07-02,2020,2020-07-02 08:30:00-04:00,-192.5,SL,2020-07-02 09:32:00-04:00,62,62.0,3742.351924561367
2020-07-06,2020,2020-07-05 21:46:00-04:00,-76.5625,SL,2020-07-06 10:00:00-04:00,734,734.0,3665.789424561367
2020-07-07,2020,2020-07-06 19:33:00-04:00,-0.0,BE,2020-07-06 20:11:00-04:00,38,38.0,3665.789424561367
2020-07-13,2020,2020-07-13 07:06:00-04:00,-47.03125,SL,2020-07-13 09:38:00-04:00,152,152.0,3618.758174561367
2020-07-14,2020,2020-07-14 08:51:00-04:00,-225.5859375,SL,2020-07-14 10:13:00-04:00,82,82.0,3393.172237061367
2020-07-16,2020,2020-07-16 05:11:00-04:00,0.0,BE,2020-07-16 05:46:00-04:00,35,35.0,3393.172237061367
2020-07-20,2020,2020-07-20 10:27:00-04:00,-0.0,BE,2020-07-20 11:11:00-04:00,44,44.0,3393.172237061367
2020-07-24,2020,2020-07-24 02:57:00-04:00,57.97750758440998,TP,2020-07-24 06:27:00-04:00,210,210.0,3451.149744645777
2020-07-24,2020,2020-07-24 03:14:00-04:00,113.72460499810586,TP,2020-07-24 07:05:00-04:00,231,231.0,3564.874349643883
2020-07-24,2020,2020-07-24 09:37:00-04:00,58.959324441123044,TP,2020-07-24 10:01:00-04:00,24,24.0,3623.833674085006
2020-07-24,2020,2020-07-24 09:38:00-04:00,68.7810470422528,TP,2020-07-24 09:59:00-04:00,21,21.0,3692.6147211272587
2020-08-03,2020,2020-08-03 09:33:00-04:00,-43.203125,SL,2020-08-03 10:02:00-04:00,29,29.0,3649.4115961272587
2020-08-05,2020,2020-08-05 02:05:00-04:00,-46.484375,SL,2020-08-05 05:46:00-04:00,221,221.0,3602.9272211272587
2020-08-13,2020,2020-08-13 09:31:00-04:00,50.48666324312762,cutoff,2020-08-13 15:00:00-04:00,329,329.0,3653.4138843703863
2020-08-13,2020,2020-08-13 09:40:00-04:00,-0.0,BE,2020-08-13 10:29:00-04:00,49,49.0,3653.4138843703863
2020-08-18,2020,2020-08-17 19:31:00-04:00,-0.0,BE,2020-08-17 20:03:00-04:00,32,32.0,3653.4138843703863
2020-08-18,2020,2020-08-18 09:35:00-04:00,75.53553424078018,TP,2020-08-18 10:10:00-04:00,35,35.0,3728.9494186111665
2020-08-18,2020,2020-08-18 09:38:00-04:00,64.5483465653906,TP,2020-08-18 10:08:00-04:00,30,30.0,3793.497765176557
2020-08-18,2020,2020-08-18 09:38:00-04:00,91.53287122657957,TP,2020-08-18 10:09:00-04:00,31,31.0,3885.0306364031367
2020-08-21,2020,2020-08-20 20:00:00-04:00,43.8245343536164,TP,2020-08-21 03:16:00-04:00,436,436.0,3928.855170756753
2020-08-21,2020,2020-08-20 21:00:00-04:00,24.947100351841073,TP,2020-08-20 21:37:00-04:00,37,37.0,3953.802271108594
2020-08-21,2020,2020-08-21 10:55:00-04:00,-0.0,BE,2020-08-21 14:35:00-04:00,220,220.0,3953.802271108594
2020-08-24,2020,2020-08-24 04:00:00-04:00,71.47853294884271,TP,2020-08-24 10:05:00-04:00,365,365.0,4025.280804057437
2020-08-26,2020,2020-08-26 06:54:00-04:00,30.382955083516208,TP,2020-08-26 08:17:00-04:00,83,83.0,4055.663759140953
2020-09-01,2020,2020-09-01 02:16:00-04:00,-41.015625,SL,2020-09-01 03:22:00-04:00,66,66.0,4014.648134140953
2020-09-02,2020,2020-09-02 05:56:00-04:00,82.57744552052145,TP,2020-09-02 09:31:00-04:00,215,215.0,4097.2255796614745
2020-09-03,2020,2020-09-03 10:19:00-04:00,-375.0,SL,2020-09-03 11:19:00-04:00,60,60.0,3722.2255796614745
2020-09-04,2020,2020-09-03 19:06:00-04:00,166.87574211990614,TP,2020-09-04 04:35:00-04:00,569,569.0,3889.1013217813806
2020-09-04,2020,2020-09-04 10:15:00-04:00,-375.0,SL,2020-09-04 10:43:00-04:00,28,28.0,3514.1013217813806
2020-09-08,2020,2020-09-08 06:25:00-04:00,0.0,BE,2020-09-08 07:23:00-04:00,58,58.0,3514.1013217813806
2020-09-08,2020,2020-09-08 09:41:00-04:00,200.55887543980134,TP,2020-09-08 09:57:00-04:00,16,16.0,3714.660197221182
2020-09-16,2020,2020-09-16 04:08:00-04:00,49.68855225680272,TP,2020-09-16 07:24:00-04:00,196,196.0,3764.3487494779847
2020-09-16,2020,2020-09-16 04:08:00-04:00,51.63840981030717,TP,2020-09-16 07:23:00-04:00,195,195.0,3815.987159288292
2020-09-17,2020,2020-09-17 08:30:00-04:00,144.13840981030717,TP,2020-09-17 10:12:00-04:00,102,102.0,3960.125569098599
2020-09-17,2020,2020-09-17 09:10:00-04:00,99.12584180544218,TP,2020-09-17 09:38:00-04:00,28,28.0,4059.251410904041
2020-09-21,2020,2020-09-21 04:48:00-04:00,0.0,BE,2020-09-21 05:45:00-04:00,57,57.0,4059.251410904041
2020-09-28,2020,2020-09-28 04:10:00-04:00,-94.3359375,SL,2020-09-28 06:17:00-04:00,127,127.0,3964.915473404041
2020-09-30,2020,2020-09-30 02:10:00-04:00,153.8482035842162,TP,2020-09-30 06:44:00-04:00,274,274.0,4118.763676988257
2020-10-01,2020,2020-10-01 05:41:00-04:00,-66.1406586314115,cutoff,2020-10-01 15:00:00-04:00,559,559.0,4052.623018356846
2020-10-02,2020,2020-10-02 01:30:00-04:00,0.0,BE,2020-10-02 05:32:00-04:00,242,242.0,4052.623018356846
2020-10-08,2020,2020-10-08 02:42:00-04:00,-0.0,BE,2020-10-08 03:16:00-04:00,34,34.0,4052.623018356846
2020-10-09,2020,2020-10-08 23:08:00-04:00,29.690800922476228,TP,2020-10-09 02:10:00-04:00,182,182.0,4082.313819279322
2020-10-09,2020,2020-10-09 08:56:00-04:00,-0.0,BE,2020-10-09 09:35:00-04:00,39,39.0,4082.313819279322
2020-10-09,2020,2020-10-09 09:35:00-04:00,-69.70271415998468,cutoff,2020-10-09 15:00:00-04:00,325,325.0,4012.6111051193375
2020-10-12,2020,2020-10-11 19:46:00-04:00,-0.0,BE,2020-10-11 21:32:00-04:00,106,106.0,4012.6111051193375
2020-10-12,2020,2020-10-11 21:52:00-04:00,-0.0,BE,2020-10-11 22:28:00-04:00,36,36.0,4012.6111051193375
2020-10-12,2020,2020-10-12 03:58:00-04:00,-44.43359375,SL,2020-10-12 04:22:00-04:00,24,24.0,3968.1775113693375
2020-10-15,2020,2020-10-14 22:50:00-04:00,-43.47014769813768,cutoff,2020-10-15 15:00:00-04:00,970,970.0,3924.7073636712
2020-10-22,2020,2020-10-22 10:32:00-04:00,0.0,BE,2020-10-22 11:07:00-04:00,35,35.0,3924.7073636712
2020-10-28,2020,2020-10-28 09:40:00-04:00,-186.62109375,SL,2020-10-28 13:02:00-04:00,202,202.0,3738.0862699212
2020-10-30,2020,2020-10-30 01:45:00-04:00,48.92858352022813,TP,2020-10-30 04:08:00-04:00,143,143.0,3787.014853441428
2020-10-30,2020,2020-10-30 02:10:00-04:00,235.43809899314283,TP,2020-10-30 06:56:00-04:00,286,286.0,4022.4529524345708
2020-11-04,2020,2020-11-03 20:52:00-05:00,-0.0,BE,2020-11-03 21:36:00-05:00,44,44.0,4022.4529524345708
2020-11-04,2020,2020-11-03 22:00:00-05:00,-375.0,SL,2020-11-04 10:22:00-05:00,741,742.0,3647.4529524345708
2020-11-05,2020,2020-11-04 22:27:00-05:00,-143.828125,SL,2020-11-05 03:11:00-05:00,284,284.0,3503.6248274345708
2020-11-09,2020,2020-11-08 19:40:00-05:00,249.54647715093188,TP,2020-11-09 07:35:00-05:00,715,715.0,3753.1713045855026
2020-11-09,2020,2020-11-08 19:58:00-05:00,214.3802160988089,TP,2020-11-09 07:35:00-05:00,697,697.0,3967.5515206843115
2020-11-09,2020,2020-11-08 20:09:00-05:00,-0.0,BE,2020-11-08 21:06:00-05:00,57,57.0,3967.5515206843115
2020-11-09,2020,2020-11-08 22:53:00-05:00,58.56110230186232,TP,2020-11-09 01:38:00-05:00,165,165.0,4026.112622986174
2020-11-10,2020,2020-11-09 19:24:00-05:00,88.28777012351111,TP,2020-11-09 20:33:00-05:00,69,69.0,4114.400393109685
2020-11-10,2020,2020-11-09 22:38:00-05:00,-137.01602284906812,cutoff,2020-11-10 15:00:00-05:00,982,982.0,3977.384370260617
2020-11-12,2020,2020-11-12 04:58:00-05:00,-0.0,BE,2020-11-12 05:30:00-05:00,32,32.0,3977.384370260617
2020-11-19,2020,2020-11-18 22:11:00-05:00,30.450164013004724,TP,2020-11-19 00:05:00-05:00,114,114.0,4007.8345342736216
2020-11-25,2020,2020-11-24 19:10:00-05:00,60.70383701672881,TP,2020-11-25 04:29:00-05:00,559,559.0,4068.5383712903504
2020-11-25,2020,2020-11-24 19:16:00-05:00,-0.0,BE,2020-11-24 20:16:00-05:00,60,60.0,4068.5383712903504
2020-11-26,2020,2020-11-25 20:33:00-05:00,39.98141401300472,TP,2020-11-26 12:23:00-05:00,950,950.0,4108.519785303355
2020-11-27,2020,2020-11-27 10:17:00-05:00,-2.8101834961944405,cutoff,2020-11-27 13:14:00-05:00,177,177.0,4105.709601807161
2020-12-01,2020,2020-12-01 10:02:00-05:00,-0.0,BE,2020-12-01 11:05:00-05:00,63,63.0,4105.709601807161
2020-12-07,2020,2020-12-07 09:58:00-05:00,31.83028147229834,TP,2020-12-07 13:06:00-05:00,188,188.0,4137.539883279459
2020-12-10,2020,2020-12-10 01:44:00-05:00,39.9406983395329,TP,2020-12-10 03:14:00-05:00,90,90.0,4177.480581618992
2020-12-14,2020,2020-12-14 09:57:00-05:00,-1.8684300613085725,cutoff,2020-12-14 15:00:00-05:00,303,303.0,4175.612151557683
2020-12-15,2020,2020-12-15 09:30:00-05:00,-0.0,BE,2020-12-15 10:01:00-05:00,31,31.0,4175.612151557683
2020-12-17,2020,2020-12-17 02:21:00-05:00,-16.40625,SL,2020-12-17 02:43:00-05:00,22,22.0,4159.205901557683
2020-12-18,2020,2020-12-18 04:09:00-05:00,-0.0,BE,2020-12-18 08:32:00-05:00,263,263.0,4159.205901557683
2020-12-18,2020,2020-12-18 09:18:00-05:00,56.6506847650021,TP,2020-12-18 09:44:00-05:00,26,26.0,4215.856586322685
2020-12-21,2020,2020-12-21 05:07:00-05:00,113.28776165243471,TP,2020-12-21 13:32:00-05:00,505,505.0,4329.14434797512
2020-12-21,2020,2020-12-21 05:23:00-05:00,145.62498057176072,TP,2020-12-21 13:13:00-05:00,470,470.0,4474.76932854688
2020-12-28,2020,2020-12-28 08:45:00-05:00,38.49835590666089,TP,2020-12-28 09:51:00-05:00,66,66.0,4513.267684453542
2020-12-29,2020,2020-12-29 00:37:00-05:00,-0.0,BE,2020-12-29 01:10:00-05:00,33,33.0,4513.267684453542
2020-12-29,2020,2020-12-29 09:30:00-05:00,29.265952065543388,TP,2020-12-29 09:32:00-05:00,2,2.0,4542.533636519085
2020-12-29,2020,2020-12-29 09:30:00-05:00,28.555325397242086,TP,2020-12-29 09:32:00-05:00,2,2.0,4571.088961916327
2021-01-04,2021,2021-01-04 04:16:00-05:00,86.62497668611286,TP,2021-01-04 09:34:00-05:00,318,318.0,4657.71393860244
2021-01-06,2021,2021-01-06 03:21:00-05:00,0.0,BE,2021-01-06 06:05:00-05:00,164,164.0,4657.71393860244
2021-01-06,2021,2021-01-06 03:22:00-05:00,0.0,BE,2021-01-06 06:17:00-05:00,175,175.0,4657.71393860244
2021-01-07,2021,2021-01-07 10:04:00-05:00,-85.17616192337027,cutoff,2021-01-07 15:00:00-05:00,296,296.0,4572.53777667907
2021-01-08,2021,2021-01-07 20:31:00-05:00,-54.140625,SL,2021-01-08 09:30:00-05:00,779,779.0,4518.39715167907
2021-01-15,2021,2021-01-15 10:07:00-05:00,-3.742660451163829,cutoff,2021-01-15 15:00:00-05:00,293,293.0,4514.654491227906
2021-01-20,2021,2021-01-20 03:43:00-05:00,-0.0,BE,2021-01-20 04:57:00-05:00,74,74.0,4514.654491227906
2021-01-20,2021,2021-01-20 03:44:00-05:00,45.960396727358784,TP,2021-01-20 04:15:00-05:00,31,31.0,4560.614887955265
2021-01-20,2021,2021-01-20 08:00:00-05:00,-91.0546875,SL,2021-01-20 09:36:00-05:00,96,96.0,4469.560200455265
2021-01-21,2021,2021-01-20 20:05:00-05:00,-0.0,BE,2021-01-20 21:51:00-05:00,106,106.0,4469.560200455265
2021-01-25,2021,2021-01-25 09:34:00-05:00,106.99440442172818,TP,2021-01-25 10:49:00-05:00,75,75.0,4576.554604876993
2021-01-25,2021,2021-01-25 09:34:00-05:00,77.69248318967584,TP,2021-01-25 10:50:00-05:00,76,76.0,4654.247088066669
2021-01-27,2021,2021-01-27 09:32:00-05:00,-150.9375,SL,2021-01-27 09:50:00-05:00,18,18.0,4503.309588066669
2021-02-02,2021,2021-02-01 20:23:00-05:00,-68.359375,SL,2021-02-02 09:37:00-05:00,794,794.0,4434.950213066669
2021-02-05,2021,2021-02-05 00:32:00-05:00,51.559686443888495,TP,2021-02-05 04:02:00-05:00,210,210.0,4486.509899510557
2021-02-08,2021,2021-02-07 20:23:00-05:00,-0.0,BE,2021-02-07 21:18:00-05:00,55,55.0,4486.509899510557
2021-02-08,2021,2021-02-08 10:08:00-05:00,119.69355371308029,TP,2021-02-08 11:32:00-05:00,84,84.0,4606.203453223638
2021-02-10,2021,2021-02-10 02:35:00-05:00,-0.0,BE,2021-02-10 03:53:00-05:00,78,78.0,4606.203453223638
2021-02-10,2021,2021-02-10 02:35:00-05:00,-0.0,BE,2021-02-10 03:57:00-05:00,82,82.0,4606.203453223638
2021-02-15,2021,2021-02-14 19:20:00-05:00,-28.64656634680432,cutoff,2021-02-15 12:59:00-05:00,1058,1059.0,4577.556886876833
2021-02-16,2021,2021-02-15 20:21:00-05:00,81.23561613583479,TP,2021-02-16 09:03:00-05:00,762,762.0,4658.792503012668
2021-02-17,2021,2021-02-16 19:04:00-05:00,-133.7109375,SL,2021-02-17 09:33:00-05:00,869,869.0,4525.081565512668
2021-02-18,2021,2021-02-18 09:04:00-05:00,0.0,BE,2021-02-18 10:05:00-05:00,61,61.0,4525.081565512668
2021-02-18,2021,2021-02-18 10:07:00-05:00,0.0,BE,2021-02-18 12:04:00-05:00,117,117.0,4525.081565512668
2021-02-18,2021,2021-02-18 10:18:00-05:00,0.0,BE,2021-02-18 12:06:00-05:00,108,108.0,4525.081565512668
2021-02-18,2021,2021-02-18 10:23:00-05:00,117.15228910213045,TP,2021-02-18 13:23:00-05:00,180,180.0,4642.2338546147985
2021-02-22,2021,2021-02-22 02:06:00-05:00,-105.0,SL,2021-02-22 02:47:00-05:00,41,41.0,4537.2338546147985
2021-02-23,2021,2021-02-23 04:03:00-05:00,-345.3515625,SL,2021-02-23 05:37:00-05:00,94,94.0,4191.8822921147985
2021-02-24,2021,2021-02-24 07:56:00-05:00,185.8588751454172,TP,2021-02-24 08:47:00-05:00,51,51.0,4377.741167260216
2021-03-03,2021,2021-03-03 08:34:00-05:00,-167.34375,SL,2021-03-03 09:58:00-05:00,84,84.0,4210.397417260216
2021-03-04,2021,2021-03-03 22:58:00-05:00,244.54338085180098,TP,2021-03-04 03:06:00-05:00,248,248.0,4454.940798112017
2021-03-05,2021,2021-03-04 20:14:00-05:00,208.87922490259916,TP,2021-03-04 23:22:00-05:00,188,188.0,4663.820023014616
2021-03-10,2021,2021-03-10 08:35:00-05:00,-127.96875,SL,2021-03-10 09:17:00-05:00,42,42.0,4535.851273014616
2021-03-11,2021,2021-03-11 04:19:00-05:00,-0.0,BE,2021-03-11 05:50:00-05:00,91,91.0,4535.851273014616
2021-03-16,2021,2021-03-15 21:16:00-04:00,-93.515625,SL,2021-03-16 02:55:00-04:00,339,339.0,4442.335648014616
2021-03-17,2021,2021-03-17 09:39:00-04:00,121.39206373259731,TP,2021-03-17 09:50:00-04:00,11,11.0,4563.727711747213
2021-03-19,2021,2021-03-19 02:01:00-04:00,119.58894195614266,TP,2021-03-19 02:52:00-04:00,51,51.0,4683.316653703356
2021-03-19,2021,2021-03-19 02:01:00-04:00,92.49162647098274,TP,2021-03-19 02:51:00-04:00,50,50.0,4775.8082801743385
2021-03-22,2021,2021-03-22 10:00:00-04:00,-120.53234688075827,cutoff,2021-03-22 15:00:00-04:00,300,300.0,4655.27593329358
2021-03-24,2021,2021-03-24 10:17:00-04:00,0.0,BE,2021-03-24 13:01:00-04:00,164,164.0,4655.27593329358
2021-03-25,2021,2021-03-25 07:53:00-04:00,66.81613650322197,TP,2021-03-25 09:38:00-04:00,105,105.0,4722.092069796802
2021-03-25,2021,2021-03-25 10:55:00-04:00,0.0,BE,2021-03-25 11:48:00-04:00,53,53.0,4722.092069796802
2021-03-31,2021,2021-03-31 10:00:00-04:00,-102.68335714272507,cutoff,2021-03-31 15:00:00-04:00,300,300.0,4619.408712654077
2021-04-01,2021,2021-04-01 03:24:00-04:00,-141.09375,SL,2021-04-01 09:33:00-04:00,369,369.0,4478.314962654077
2021-04-05,2021,2021-04-05 08:40:00-04:00,-76.2890625,SL,2021-04-05 09:47:00-04:00,67,67.0,4402.025900154077
2021-04-08,2021,2021-04-08 06:27:00-04:00,-0.0,BE,2021-04-08 09:33:00-04:00,186,186.0,4402.025900154077
2021-04-08,2021,2021-04-08 09:57:00-04:00,90.84311988212357,TP,2021-04-08 10:13:00-04:00,16,16.0,4492.869020036201
2021-04-13,2021,2021-04-13 08:39:00-04:00,-73.828125,SL,2021-04-13 09:55:00-04:00,76,76.0,4419.040895036201
2021-04-21,2021,2021-04-20 22:01:00-04:00,61.5395616064834,TP,2021-04-21 02:06:00-04:00,245,245.0,4480.580456642684
2021-04-27,2021,2021-04-27 01:51:00-04:00,19.352061606483403,TP,2021-04-27 02:04:00-04:00,13,13.0,4499.9325182491675
2021-04-29,2021,2021-04-29 08:44:00-04:00,-0.0,BE,2021-04-29 09:30:00-04:00,46,46.0,4499.9325182491675
2021-04-29,2021,2021-04-29 08:53:00-04:00,72.19135327136428,TP,2021-04-29 09:34:00-04:00,41,41.0,4572.123871520532
2021-05-04,2021,2021-05-03 20:20:00-04:00,-81.2109375,SL,2021-05-04 07:39:00-04:00,679,679.0,4490.912934020532
2021-05-06,2021,2021-05-06 10:21:00-04:00,229.172299812255,TP,2021-05-06 11:41:00-04:00,80,80.0,4720.085233832787
2021-05-07,2021,2021-05-07 08:30:00-04:00,-37.1875,SL,2021-05-07 08:31:00-04:00,1,1.0,4682.897733832787
2021-05-10,2021,2021-05-10 10:30:00-04:00,-159.6427612631469,cutoff,2021-05-10 15:00:00-04:00,270,270.0,4523.25497256964
2021-05-11,2021,2021-05-10 20:54:00-04:00,-52.5,SL,2021-05-10 20:56:00-04:00,2,2.0,4470.75497256964
2021-05-13,2021,2021-05-13 04:50:00-04:00,302.8891333445863,TP,2021-05-13 08:45:00-04:00,235,235.0,4773.644105914226
2021-05-19,2021,2021-05-18 20:07:00-04:00,0.0,BE,2021-05-18 22:21:00-04:00,134,134.0,4773.644105914226
2021-05-19,2021,2021-05-19 02:35:00-04:00,66.73504505211531,TP,2021-05-19 02:42:00-04:00,7,7.0,4840.3791509663415
2021-05-19,2021,2021-05-19 04:46:00-04:00,0.0,BE,2021-05-19 05:54:00-04:00,68,68.0,4840.3791509663415
2021-05-21,2021,2021-05-20 20:09:00-04:00,53.45241693104981,TP,2021-05-21 10:19:00-04:00,850,850.0,4893.831567897391
2021-05-21,2021,2021-05-21 09:28:00-04:00,84.58949043949269,TP,2021-05-21 09:41:00-04:00,13,13.0,4978.421058336884
2021-05-25,2021,2021-05-25 02:14:00-04:00,65.20751996814579,TP,2021-05-25 09:52:00-04:00,458,458.0,5043.62857830503
2021-06-03,2021,2021-06-03 06:58:00-04:00,-77.65625,SL,2021-06-03 09:44:00-04:00,166,166.0,4965.97232830503
2021-06-04,2021,2021-06-04 10:01:00-04:00,-86.48721991859566,cutoff,2021-06-04 15:00:00-04:00,299,299.0,4879.485108386434
2021-06-08,2021,2021-06-07 19:24:00-04:00,-0.0,BE,2021-06-07 20:11:00-04:00,47,47.0,4879.485108386434
2021-06-08,2021,2021-06-07 19:24:00-04:00,-0.0,BE,2021-06-07 20:10:00-04:00,46,46.0,4879.485108386434
2021-06-08,2021,2021-06-07 21:01:00-04:00,80.7642689294762,TP,2021-06-08 03:14:00-04:00,373,373.0,4960.24937731591
2021-06-08,2021,2021-06-07 21:13:00-04:00,83.0003798523303,TP,2021-06-08 03:05:00-04:00,352,352.0,5043.249757168241
2021-06-08,2021,2021-06-08 07:42:00-04:00,189.22595708202243,TP,2021-06-08 11:21:00-04:00,219,219.0,5232.475714250263
2021-06-08,2021,2021-06-08 07:53:00-04:00,134.65243830722284,TP,2021-06-08 11:21:00-04:00,208,208.0,5367.128152557486
2021-06-10,2021,2021-06-10 09:46:00-04:00,-26.49662121053916,cutoff,2021-06-10 15:00:00-04:00,314,314.0,5340.631531346947
2021-06-14,2021,2021-06-14 06:38:00-04:00,20.727542839900707,TP,2021-06-14 08:48:00-04:00,130,130.0,5361.3590741868475
2021-06-15,2021,2021-06-14 21:15:00-04:00,-0.0,BE,2021-06-15 03:07:00-04:00,352,352.0,5361.3590741868475
2021-06-18,2021,2021-06-17 21:45:00-04:00,-0.0,BE,2021-06-18 01:53:00-04:00,248,248.0,5361.3590741868475
2021-06-23,2021,2021-06-22 20:10:00-04:00,-31.9921875,SL,2021-06-23 01:57:00-04:00,347,347.0,5329.3668866868475
2021-07-02,2021,2021-07-02 09:01:00-04:00,-69.45242774383041,cutoff,2021-07-02 15:00:00-04:00,359,359.0,5259.914458943017
2021-07-06,2021,2021-07-06 09:32:00-04:00,44.72071956764921,TP,2021-07-06 10:34:00-04:00,62,62.0,5304.635178510666
2021-07-07,2021,2021-07-07 03:06:00-04:00,-68.90625,SL,2021-07-07 09:27:00-04:00,381,381.0,5235.728928510666
2021-07-08,2021,2021-07-08 03:46:00-04:00,70.95509120209135,TP,2021-07-08 13:26:00-04:00,580,580.0,5306.684019712758
2021-07-08,2021,2021-07-08 05:22:00-04:00,110.14199238234869,TP,2021-07-08 13:09:00-04:00,467,467.0,5416.826012095106
2021-07-08,2021,2021-07-08 06:15:00-04:00,0.0,BE,2021-07-08 09:27:00-04:00,192,192.0,5416.826012095106
2021-07-12,2021,2021-07-12 08:20:00-04:00,44.27651806743597,TP,2021-07-12 09:41:00-04:00,81,81.0,5461.102530162542
2021-07-12,2021,2021-07-12 09:32:00-04:00,63.39199238234869,TP,2021-07-12 09:41:00-04:00,9,9.0,5524.494522544891
2021-07-15,2021,2021-07-15 09:38:00-04:00,77.7471368214683,TP,2021-07-15 09:56:00-04:00,18,18.0,5602.241659366359
2021-07-19,2021,2021-07-18 19:34:00-04:00,0.0,BE,2021-07-19 04:47:00-04:00,553,553.0,5602.241659366359
2021-07-19,2021,2021-07-19 07:44:00-04:00,-40.09848193256403,cutoff,2021-07-19 15:00:00-04:00,436,436.0,5562.143177433795
2021-07-22,2021,2021-07-22 09:42:00-04:00,-39.13317091092904,cutoff,2021-07-22 15:00:00-04:00,318,318.0,5523.010006522866
2021-07-23,2021,2021-07-23 05:39:00-04:00,35.19109433464655,TP,2021-07-23 07:39:00-04:00,120,120.0,5558.201100857513
2021-07-23,2021,2021-07-23 10:38:00-04:00,-83.4594381832685,cutoff,2021-07-23 15:00:00-04:00,262,262.0,5474.741662674244
2021-07-26,2021,2021-07-25 19:21:00-04:00,32.9971368214683,TP,2021-07-25 21:09:00-04:00,108,108.0,5507.738799495713
2021-07-27,2021,2021-07-27 10:36:00-04:00,9.004106256114028,cutoff,2021-07-27 15:00:00-04:00,264,264.0,5516.742905751827
2021-07-30,2021,2021-07-29 20:47:00-04:00,0.0,BE,2021-07-30 01:00:00-04:00,253,253.0,5516.742905751827
2021-08-12,2021,2021-08-12 09:36:00-04:00,78.07742265170964,TP,2021-08-12 10:34:00-04:00,58,58.0,5594.820328403536
2021-08-12,2021,2021-08-12 09:45:00-04:00,79.45618360155277,TP,2021-08-12 10:31:00-04:00,46,46.0,5674.276512005089
2021-08-16,2021,2021-08-16 10:28:00-04:00,146.37526346793857,cutoff,2021-08-16 15:00:00-04:00,272,272.0,5820.651775473028
2021-08-19,2021,2021-08-19 02:58:00-04:00,59.41992936119641,TP,2021-08-19 06:08:00-04:00,190,190.0,5880.071704834224
2021-08-19,2021,2021-08-19 02:58:00-04:00,0.0,BE,2021-08-19 07:08:00-04:00,250,250.0,5880.071704834224
2021-08-20,2021,2021-08-20 09:46:00-04:00,-48.98317570533436,cutoff,2021-08-20 15:00:00-04:00,314,314.0,5831.08852912889
2021-08-23,2021,2021-08-23 01:11:00-04:00,10.721444576327485,TP,2021-08-23 01:22:00-04:00,11,11.0,5841.809973705217
2021-08-23,2021,2021-08-23 09:32:00-04:00,-73.28125,SL,2021-08-23 10:06:00-04:00,34,34.0,5768.528723705217
2021-08-24,2021,2021-08-24 02:36:00-04:00,35.01595027505391,TP,2021-08-24 07:54:00-04:00,318,318.0,5803.544673980271
2021-08-30,2021,2021-08-30 09:33:00-04:00,-64.53125,SL,2021-08-30 10:04:00-04:00,31,31.0,5739.013423980271
2021-08-31,2021,2021-08-31 02:14:00-04:00,47.441483257985965,TP,2021-08-31 06:21:00-04:00,247,247.0,5786.454907238257
2021-09-08,2021,2021-09-08 10:38:00-04:00,34.86613415354441,cutoff,2021-09-08 15:00:00-04:00,262,262.0,5821.321041391801
2021-09-13,2021,2021-09-13 01:07:00-04:00,21.619224716952886,TP,2021-09-13 01:50:00-04:00,43,43.0,5842.940266108754
2021-09-13,2021,2021-09-13 10:01:00-04:00,0.0,BE,2021-09-13 13:30:00-04:00,209,209.0,5842.940266108754
2021-09-20,2021,2021-09-19 22:16:00-04:00,-131.25,SL,2021-09-20 05:50:00-04:00,454,454.0,5711.690266108754
2021-09-23,2021,2021-09-23 05:08:00-04:00,40.061195048974696,TP,2021-09-23 06:11:00-04:00,63,63.0,5751.751461157729
2021-09-23,2021,2021-09-23 05:08:00-04:00,37.04837709714411,TP,2021-09-23 06:11:00-04:00,63,63.0,5788.799838254873
2021-09-23,2021,2021-09-23 10:03:00-04:00,-0.0,BE,2021-09-23 13:05:00-04:00,182,182.0,5788.799838254873
2021-09-27,2021,2021-09-26 21:31:00-04:00,-0.0,BE,2021-09-27 01:45:00-04:00,254,254.0,5788.799838254873
2021-09-28,2021,2021-09-28 03:19:00-04:00,-196.58093575464227,cutoff,2021-09-28 15:00:00-04:00,701,701.0,5592.218902500231
2021-10-01,2021,2021-09-30 21:08:00-04:00,92.49042210894186,TP,2021-10-01 07:26:00-04:00,618,618.0,5684.709324609173
2021-10-01,2021,2021-09-30 21:11:00-04:00,0.0,BE,2021-10-01 00:13:00-04:00,182,182.0,5684.709324609173
2021-10-07,2021,2021-10-06 20:36:00-04:00,-147.65625,SL,2021-10-07 10:12:00-04:00,816,816.0,5537.053074609173
2021-10-11,2021,2021-10-10 19:39:00-04:00,0.0,BE,2021-10-11 03:44:00-04:00,485,485.0,5537.053074609173
2021-10-14,2021,2021-10-14 08:30:00-04:00,-96.70684345166592,cutoff,2021-10-14 15:00:00-04:00,390,390.0,5440.346231157507
2021-10-15,2021,2021-10-15 01:58:00-04:00,55.020001779219456,TP,2021-10-15 03:20:00-04:00,82,82.0,5495.366232936726
2021-10-19,2021,2021-10-19 10:58:00-04:00,-0.7422676149799372,cutoff,2021-10-19 15:00:00-04:00,242,242.0,5494.623965321746
2021-10-26,2021,2021-10-25 20:09:00-04:00,-78.75,SL,2021-10-26 09:36:00-04:00,807,807.0,5415.873965321746
2021-11-05,2021,2021-11-05 09:33:00-04:00,132.90138140183262,TP,2021-11-05 13:29:00-04:00,236,236.0,5548.775346723579
2021-11-09,2021,2021-11-09 09:58:00-05:00,-24.10357845647377,cutoff,2021-11-09 15:00:00-05:00,302,302.0,5524.671768267105
2021-11-10,2021,2021-11-10 09:32:00-05:00,147.94506862531853,TP,2021-11-10 10:13:00-05:00,41,41.0,5672.616836892424
2021-11-15,2021,2021-11-15 08:20:00-05:00,34.52858916364494,TP,2021-11-15 09:28:00-05:00,68,68.0,5707.145426056069
2021-11-18,2021,2021-11-18 09:47:00-05:00,43.21575043740813,TP,2021-11-18 09:53:00-05:00,6,6.0,5750.361176493477
2021-11-19,2021,2021-11-18 20:47:00-05:00,-51.40625,SL,2021-11-18 22:14:00-05:00,87,87.0,5698.954926493477
2021-11-22,2021,2021-11-22 10:04:00-05:00,196.7427456329242,TP,2021-11-22 11:49:00-05:00,105,105.0,5895.697672126401
2021-11-23,2021,2021-11-22 21:23:00-05:00,-185.9375,SL,2021-11-23 10:59:00-05:00,816,816.0,5709.760172126401
2021-11-26,2021,2021-11-26 02:06:00-05:00,-182.68669227244573,cutoff,2021-11-26 13:14:00-05:00,668,668.0,5527.073479853955
2021-11-30,2021,2021-11-30 10:10:00-05:00,203.55859981393587,TP,2021-11-30 10:50:00-05:00,40,40.0,5730.632079667891
2021-12-07,2021,2021-12-07 03:25:00-05:00,-178.28125,SL,2021-12-07 10:09:00-05:00,404,404.0,5552.350829667891
2021-12-08,2021,2021-12-08 06:46:00-05:00,68.02536662909915,TP,2021-12-08 07:10:00-05:00,24,24.0,5620.37619629699
2021-12-14,2021,2021-12-14 04:40:00-05:00,-117.03125,SL,2021-12-14 08:33:00-05:00,233,233.0,5503.34494629699
2021-12-16,2021,2021-12-16 06:28:00-05:00,67.60056526759945,TP,2021-12-16 08:07:00-05:00,99,99.0,5570.94551156459
2021-12-17,2021,2021-12-17 09:42:00-05:00,175.32328393825082,TP,2021-12-17 09:50:00-05:00,8,8.0,5746.2687955028405
2021-12-17,2021,2021-12-17 10:22:00-05:00,217.64624160835228,cutoff,2021-12-17 15:00:00-05:00,278,278.0,5963.915037111193
2021-12-20,2021,2021-12-20 04:06:00-05:00,0.0,BE,2021-12-20 11:32:00-05:00,446,446.0,5963.915037111193
2021-12-21,2021,2021-12-21 01:50:00-05:00,38.83807488556522,TP,2021-12-21 02:36:00-05:00,46,46.0,6002.753111996758
2021-12-22,2021,2021-12-22 09:45:00-05:00,-100.60247178147074,cutoff,2021-12-22 15:00:00-05:00,315,315.0,5902.150640215287
2021-12-23,2021,2021-12-23 05:52:00-05:00,30.112242887906177,TP,2021-12-23 08:43:00-05:00,171,171.0,5932.262883103193
2021-12-27,2021,2021-12-27 09:32:00-05:00,-106.09375,SL,2021-12-27 10:30:00-05:00,58,58.0,5826.169133103193
2021-12-28,2021,2021-12-28 03:28:00-05:00,60.14200804965367,TP,2021-12-28 09:36:00-05:00,368,368.0,5886.311141152847
2021-12-28,2021,2021-12-28 03:28:00-05:00,60.003522480328684,TP,2021-12-28 09:36:00-05:00,368,368.0,5946.314663633176
2021-12-28,2021,2021-12-28 04:04:00-05:00,113.34689937509393,TP,2021-12-28 10:15:00-05:00,371,371.0,6059.66156300827
2021-12-28,2021,2021-12-28 04:38:00-05:00,107.7118816000293,TP,2021-12-28 09:38:00-05:00,300,300.0,6167.373444608299
2021-12-31,2021,2021-12-30 19:28:00-05:00,31.466829631674045,TP,2021-12-30 20:01:00-05:00,33,33.0,6198.840274239973
2022-01-04,2022,2022-01-04 10:44:00-05:00,-63.70594468593936,cutoff,2022-01-04 15:00:00-05:00,256,256.0,6135.134329554034
2022-01-05,2022,2022-01-05 09:32:00-05:00,0.0,BE,2022-01-05 10:38:00-05:00,66,66.0,6135.134329554034
2022-01-05,2022,2022-01-05 09:34:00-05:00,0.0,BE,2022-01-05 11:46:00-05:00,132,132.0,6135.134329554034
2022-01-10,2022,2022-01-10 07:31:00-05:00,-250.0,SL,2022-01-10 09:58:00-05:00,147,147.0,5885.134329554034
2022-01-11,2022,2022-01-11 04:16:00-05:00,-216.8271300450033,cutoff,2022-01-11 15:00:00-05:00,644,644.0,5668.30719950903
2022-01-18,2022,2022-01-18 03:10:00-05:00,-195.46875,SL,2022-01-18 13:01:00-05:00,591,591.0,5472.83844950903
2022-01-19,2022,2022-01-18 21:47:00-05:00,211.01952993703526,TP,2022-01-19 09:38:00-05:00,711,711.0,5683.857979446066
2022-01-19,2022,2022-01-18 21:53:00-05:00,0.0,BE,2022-01-18 23:51:00-05:00,118,118.0,5683.857979446066
2022-01-24,2022,2022-01-24 05:26:00-05:00,0.0,BE,2022-01-24 07:21:00-05:00,115,115.0,5683.857979446066
2022-01-31,2022,2022-01-31 10:02:00-05:00,-199.68542930300828,cutoff,2022-01-31 15:00:00-05:00,298,298.0,5484.172550143057
2022-02-01,2022,2022-02-01 02:12:00-05:00,185.3216480485571,TP,2022-02-01 09:44:00-05:00,452,452.0,5669.4941981916145
2022-02-02,2022,2022-02-02 04:44:00-05:00,-0.0,BE,2022-02-02 05:45:00-05:00,61,61.0,5669.4941981916145
2022-02-04,2022,2022-02-04 08:54:00-05:00,257.49153681399093,TP,2022-02-04 10:17:00-05:00,83,83.0,5926.985735005605
2022-02-09,2022,2022-02-09 05:14:00-05:00,-0.0,BE,2022-02-09 06:16:00-05:00,62,62.0,5926.985735005605
2022-02-14,2022,2022-02-14 03:29:00-05:00,209.3823184388457,TP,2022-02-14 09:53:00-05:00,384,384.0,6136.368053444451
2022-02-15,2022,2022-02-15 04:19:00-05:00,-0.0,BE,2022-02-15 05:22:00-05:00,63,63.0,6136.368053444451
2022-02-21,2022,2022-02-20 19:04:00-05:00,269.87272909010244,TP,2022-02-20 20:13:00-05:00,69,69.0,6406.240782534554
2022-02-22,2022,2022-02-22 09:53:00-05:00,202.75356503177682,TP,2022-02-22 11:39:00-05:00,106,106.0,6608.99434756633
2022-03-01,2022,2022-03-01 02:07:00-05:00,245.2228368330725,TP,2022-03-01 04:52:00-05:00,165,165.0,6854.217184399403
2022-03-01,2022,2022-03-01 02:08:00-05:00,194.30947449896485,TP,2022-03-01 04:29:00-05:00,141,141.0,7048.526658898368
2022-03-03,2022,2022-03-03 09:02:00-05:00,276.0225034919222,TP,2022-03-03 10:21:00-05:00,79,79.0,7324.54916239029
2022-03-04,2022,2022-03-03 19:23:00-05:00,-202.5,SL,2022-03-03 19:55:00-05:00,32,32.0,7122.04916239029
2022-03-11,2022,2022-03-11 06:26:00-05:00,-0.0,BE,2022-03-11 07:34:00-05:00,68,68.0,7122.04916239029
2022-03-15,2022,2022-03-15 03:13:00-04:00,0.0,BE,2022-03-15 04:57:00-04:00,104,104.0,7122.04916239029
2022-03-16,2022,2022-03-16 01:47:00-04:00,-102.375,SL,2022-03-16 05:17:00-04:00,210,210.0,7019.67416239029
2022-03-18,2022,2022-03-18 10:04:00-04:00,-178.13556016002622,cutoff,2022-03-18 15:00:00-04:00,296,296.0,6841.538602230264
2022-03-21,2022,2022-03-21 09:41:00-04:00,216.38306889142314,TP,2022-03-21 10:05:00-04:00,24,24.0,7057.921671121687
2022-03-29,2022,2022-03-29 05:07:00-04:00,-0.0,BE,2022-03-29 07:43:00-04:00,156,156.0,7057.921671121687
2022-03-31,2022,2022-03-31 10:02:00-04:00,0.0,BE,2022-03-31 13:13:00-04:00,191,191.0,7057.921671121687
2022-04-01,2022,2022-04-01 09:50:00-04:00,0.0,BE,2022-04-01 11:14:00-04:00,84,84.0,7057.921671121687
2022-04-01,2022,2022-04-01 09:52:00-04:00,0.0,BE,2022-04-01 11:30:00-04:00,98,98.0,7057.921671121687
2022-04-06,2022,2022-04-06 06:40:00-04:00,-250.0,SL,2022-04-06 10:08:00-04:00,208,208.0,6807.921671121687
2022-04-11,2022,2022-04-10 20:00:00-04:00,0.0,BE,2022-04-10 21:30:00-04:00,90,90.0,6807.921671121687
2022-04-11,2022,2022-04-10 20:00:00-04:00,0.0,BE,2022-04-10 21:24:00-04:00,84,84.0,6807.921671121687
2022-04-11,2022,2022-04-10 20:09:00-04:00,0.0,BE,2022-04-10 21:41:00-04:00,92,92.0,6807.921671121687
2022-04-11,2022,2022-04-10 21:55:00-04:00,-250.0,SL,2022-04-11 10:46:00-04:00,771,771.0,6557.921671121687
2022-04-14,2022,2022-04-14 00:30:00-04:00,-0.0,BE,2022-04-14 01:36:00-04:00,66,66.0,6557.921671121687
2022-04-18,2022,2022-04-17 19:46:00-04:00,258.5298074394723,TP,2022-04-18 10:14:00-04:00,868,868.0,6816.451478561159
2022-04-20,2022,2022-04-20 07:55:00-04:00,175.40168661067582,TP,2022-04-20 09:44:00-04:00,109,109.0,6991.853165171835
2022-04-22,2022,2022-04-22 10:20:00-04:00,0.0,BE,2022-04-22 11:28:00-04:00,68,68.0,6991.853165171835
2022-05-06,2022,2022-05-06 09:35:00-04:00,0.0,BE,2022-05-06 10:37:00-04:00,62,62.0,6991.853165171835
2022-05-09,2022,2022-05-09 04:31:00-04:00,0.0,BE,2022-05-09 05:32:00-04:00,61,61.0,6991.853165171835
2022-05-09,2022,2022-05-09 10:39:00-04:00,0.0,BE,2022-05-09 11:49:00-04:00,70,70.0,6991.853165171835
2022-05-10,2022,2022-05-09 20:16:00-04:00,175.07943078600192,TP,2022-05-09 22:04:00-04:00,108,108.0,7166.932595957836
2022-05-11,2022,2022-05-11 08:55:00-04:00,197.5870272527718,TP,2022-05-11 09:32:00-04:00,37,37.0,7364.519623210608
2022-05-12,2022,2022-05-12 03:22:00-04:00,0.0,BE,2022-05-12 04:36:00-04:00,74,74.0,7364.519623210608
2022-05-13,2022,2022-05-13 09:54:00-04:00,-192.65625,SL,2022-05-13 12:12:00-04:00,138,138.0,7171.863373210608
2022-05-19,2022,2022-05-19 03:33:00-04:00,158.93211941913432,TP,2022-05-19 09:33:00-04:00,360,360.0,7330.7954926297425
2022-05-24,2022,2022-05-24 10:15:00-04:00,278.6471894544684,TP,2022-05-24 12:16:00-04:00,121,121.0,7609.442682084211
2022-05-26,2022,2022-05-26 09:43:00-04:00,-250.0,SL,2022-05-26 12:12:00-04:00,149,149.0,7359.442682084211
2022-05-27,2022,2022-05-27 05:51:00-04:00,-0.0,BE,2022-05-27 06:59:00-04:00,68,68.0,7359.442682084211
2022-05-27,2022,2022-05-27 10:37:00-04:00,-0.0,BE,2022-05-27 11:49:00-04:00,72,72.0,7359.442682084211
2022-05-30,2022,2022-05-29 19:14:00-04:00,-95.27206000422439,cutoff,2022-05-30 12:59:00-04:00,1065,1065.0,7264.170622079986
2022-05-31,2022,2022-05-31 09:34:00-04:00,0.0,BE,2022-05-31 10:37:00-04:00,63,63.0,7264.170622079986
2022-06-07,2022,2022-06-06 21:26:00-04:00,0.0,BE,2022-06-07 01:23:00-04:00,237,237.0,7264.170622079986
2022-06-07,2022,2022-06-07 08:31:00-04:00,284.0648127301847,TP,2022-06-07 10:37:00-04:00,126,126.0,7548.235434810171
2022-06-08,2022,2022-06-08 09:49:00-04:00,-0.0,BE,2022-06-08 11:17:00-04:00,88,88.0,7548.235434810171
2022-06-10,2022,2022-06-10 08:30:00-04:00,-250.0,SL,2022-06-10 09:54:00-04:00,84,84.0,7298.235434810171
2022-06-13,2022,2022-06-12 21:17:00-04:00,-250.0,SL,2022-06-13 10:42:00-04:00,805,805.0,7048.235434810171
2022-06-16,2022,2022-06-16 09:54:00-04:00,-173.69577141855189,cutoff,2022-06-16 15:00:00-04:00,306,306.0,6874.539663391619
2022-06-21,2022,2022-06-21 03:31:00-04:00,-138.28246555350233,cutoff,2022-06-21 15:00:00-04:00,689,689.0,6736.257197838117
2022-06-24,2022,2022-06-23 22:40:00-04:00,-250.0,SL,2022-06-24 10:02:00-04:00,682,682.0,6486.257197838117
2022-06-27,2022,2022-06-27 03:34:00-04:00,202.2627010315182,TP,2022-06-27 09:37:00-04:00,363,363.0,6688.519898869635
2022-06-29,2022,2022-06-29 09:45:00-04:00,92.43516082521455,cutoff,2022-06-29 15:00:00-04:00,315,315.0,6780.955059694849
2022-06-30,2022,2022-06-30 10:02:00-04:00,218.77730250798413,TP,2022-06-30 11:27:00-04:00,85,85.0,6999.732362202833
2022-06-30,2022,2022-06-30 10:02:00-04:00,270.78141305316876,TP,2022-06-30 11:27:00-04:00,85,85.0,7270.513775256002
2022-07-05,2022,2022-07-04 19:06:00-04:00,325.32838095357874,TP,2022-07-05 09:31:00-04:00,865,865.0,7595.842156209581
2022-07-07,2022,2022-07-07 10:52:00-04:00,-66.3185305303432,cutoff,2022-07-07 15:00:00-04:00,248,248.0,7529.523625679238
2022-07-12,2022,2022-07-12 02:01:00-04:00,115.85728728623872,TP,2022-07-12 07:34:00-04:00,333,333.0,7645.380912965476
2022-07-13,2022,2022-07-13 08:30:00-04:00,-43.3125,SL,2022-07-13 08:33:00-04:00,3,3.0,7602.068412965476
2022-07-15,2022,2022-07-15 08:48:00-04:00,-62.75390625,SL,2022-07-15 09:30:00-04:00,42,42.0,7539.314506715476
2022-07-18,2022,2022-07-18 03:37:00-04:00,-0.0,BE,2022-07-18 07:24:00-04:00,227,227.0,7539.314506715476
2022-07-20,2022,2022-07-19 22:36:00-04:00,-0.0,BE,2022-07-20 10:23:00-04:00,707,707.0,7539.314506715476
2022-07-20,2022,2022-07-20 10:47:00-04:00,-0.0,BE,2022-07-20 14:25:00-04:00,218,218.0,7539.314506715476
2022-07-21,2022,2022-07-21 08:43:00-04:00,168.8668400070128,TP,2022-07-21 09:37:00-04:00,54,54.0,7708.181346722489
2022-07-26,2022,2022-07-26 09:45:00-04:00,-82.44140625,SL,2022-07-26 11:29:00-04:00,104,104.0,7625.739940472489
2022-08-01,2022,2022-08-01 10:51:00-04:00,147.11244027617795,cutoff,2022-08-01 15:00:00-04:00,249,249.0,7772.852380748667
2022-08-03,2022,2022-08-03 09:56:00-04:00,-75.46875,SL,2022-08-03 10:06:00-04:00,10,10.0,7697.383630748667
2022-08-04,2022,2022-08-04 06:04:00-04:00,-0.0,BE,2022-08-04 08:39:00-04:00,155,155.0,7697.383630748667
2022-08-09,2022,2022-08-09 09:31:00-04:00,-65.21484375,SL,2022-08-09 09:55:00-04:00,24,24.0,7632.168786998667
2022-08-10,2022,2022-08-10 08:30:00-04:00,-59.0625,SL,2022-08-10 08:32:00-04:00,2,2.0,7573.106286998667
2022-08-11,2022,2022-08-10 20:27:00-04:00,-0.0,BE,2022-08-10 23:14:00-04:00,167,167.0,7573.106286998667
2022-08-11,2022,2022-08-11 08:30:00-04:00,-74.6484375,SL,2022-08-11 10:13:00-04:00,103,103.0,7498.457849498667
2022-08-15,2022,2022-08-15 09:54:00-04:00,-79.98046875,SL,2022-08-15 12:58:00-04:00,184,184.0,7418.477380748667
2022-08-19,2022,2022-08-19 06:43:00-04:00,0.0,BE,2022-08-19 09:41:00-04:00,178,178.0,7418.477380748667
2022-08-19,2022,2022-08-19 09:50:00-04:00,-44.625,SL,2022-08-19 10:52:00-04:00,62,62.0,7373.852380748667
2022-08-22,2022,2022-08-22 03:26:00-04:00,-62.75390625,SL,2022-08-22 03:51:00-04:00,25,25.0,7311.098474498667
2022-08-23,2022,2022-08-23 02:21:00-04:00,125.93079481743189,cutoff,2022-08-23 15:00:00-04:00,759,759.0,7437.029269316099
2022-08-23,2022,2022-08-23 02:36:00-04:00,104.70737215528061,cutoff,2022-08-23 15:00:00-04:00,744,744.0,7541.73664147138
2022-08-25,2022,2022-08-25 10:25:00-04:00,42.20971646341695,cutoff,2022-08-25 15:00:00-04:00,275,275.0,7583.946357934797
2022-08-26,2022,2022-08-26 09:03:00-04:00,300.6938832996311,TP,2022-08-26 10:40:00-04:00,97,97.0,7884.640241234428
2022-08-30,2022,2022-08-30 10:46:00-04:00,23.27590824890467,cutoff,2022-08-30 15:00:00-04:00,254,254.0,7907.916149483332
2022-09-02,2022,2022-09-02 08:38:00-04:00,-74.6484375,SL,2022-09-02 10:41:00-04:00,123,123.0,7833.267711983332
2022-09-06,2022,2022-09-06 10:12:00-04:00,89.6967091035799,cutoff,2022-09-06 15:00:00-04:00,288,288.0,7922.964421086912
2022-09-06,2022,2022-09-06 10:13:00-04:00,83.8914795035962,cutoff,2022-09-06 15:00:00-04:00,287,287.0,8006.855900590508
2022-09-09,2022,2022-09-09 00:48:00-04:00,-29.53125,SL,2022-09-09 03:14:00-04:00,146,146.0,7977.324650590508
2022-09-12,2022,2022-09-12 02:38:00-04:00,-43.06640625,SL,2022-09-12 03:47:00-04:00,69,69.0,7934.258244340508
2022-09-13,2022,2022-09-13 08:30:00-04:00,431.1075131528705,TP,2022-09-13 08:32:00-04:00,2,2.0,8365.365757493379
2022-09-13,2022,2022-09-13 08:38:00-04:00,-32.8125,SL,2022-09-13 08:41:00-04:00,3,3.0,8332.553257493379
2022-09-16,2022,2022-09-16 08:57:00-04:00,-61.11328125,SL,2022-09-16 09:56:00-04:00,59,59.0,8271.439976243379
2022-09-20,2022,2022-09-19 19:51:00-04:00,-0.0,BE,2022-09-20 03:11:00-04:00,440,440.0,8271.439976243379
2022-09-23,2022,2022-09-23 06:46:00-04:00,0.0,BE,2022-09-23 09:39:00-04:00,173,173.0,8271.439976243379
2022-09-28,2022,2022-09-27 22:12:00-04:00,0.0,BE,2022-09-28 02:58:00-04:00,286,286.0,8271.439976243379
2022-09-28,2022,2022-09-27 22:19:00-04:00,0.0,BE,2022-09-28 03:12:00-04:00,293,293.0,8271.439976243379
2022-10-03,2022,2022-10-02 19:52:00-04:00,0.0,BE,2022-10-03 01:18:00-04:00,326,326.0,8271.439976243379
2022-10-04,2022,2022-10-03 20:17:00-04:00,-0.0,BE,2022-10-03 23:42:00-04:00,205,205.0,8271.439976243379
2022-10-04,2022,2022-10-04 02:46:00-04:00,-47.98828125,SL,2022-10-04 03:24:00-04:00,38,38.0,8223.451694993379
2022-10-07,2022,2022-10-07 08:51:00-04:00,-29.859375,SL,2022-10-07 09:44:00-04:00,53,53.0,8193.592319993379
2022-10-11,2022,2022-10-11 09:56:00-04:00,0.0,BE,2022-10-11 14:55:00-04:00,299,299.0,8193.592319993379
2022-10-11,2022,2022-10-11 09:58:00-04:00,0.0,BE,2022-10-11 14:56:00-04:00,298,298.0,8193.592319993379
2022-10-13,2022,2022-10-13 08:30:00-04:00,-104.34375,SL,2022-10-13 08:31:00-04:00,1,1.0,8089.248569993379
2022-10-14,2022,2022-10-13 22:31:00-04:00,-0.0,BE,2022-10-14 02:28:00-04:00,237,237.0,8089.248569993379
2022-10-18,2022,2022-10-17 23:42:00-04:00,-20.015625,SL,2022-10-17 23:45:00-04:00,3,3.0,8069.232944993379
2022-10-25,2022,2022-10-25 09:31:00-04:00,-44.625,SL,2022-10-25 09:47:00-04:00,16,16.0,8024.607944993379
2022-10-27,2022,2022-10-27 09:51:00-04:00,-49.433169932308374,cutoff,2022-10-27 15:00:00-04:00,309,309.0,7975.17477506107
2022-11-03,2022,2022-11-03 06:18:00-04:00,-70.13671875,SL,2022-11-03 07:37:00-04:00,79,79.0,7905.03805631107
2022-11-08,2022,2022-11-08 10:48:00-05:00,102.4056286806408,cutoff,2022-11-08 15:00:00-05:00,252,252.0,8007.443684991711
2022-11-10,2022,2022-11-10 08:30:00-05:00,-44.70703125,SL,2022-11-10 08:31:00-05:00,1,1.0,7962.736653741711
2022-11-11,2022,2022-11-11 00:48:00-05:00,-50.0390625,SL,2022-11-11 01:06:00-05:00,18,18.0,7912.697591241711
2022-11-15,2022,2022-11-15 07:27:00-05:00,-42.24609375,SL,2022-11-15 08:30:00-05:00,63,63.0,7870.451497491711
2022-11-17,2022,2022-11-17 08:08:00-05:00,118.50183197143906,cutoff,2022-11-17 15:00:00-05:00,412,412.0,7988.95332946315
2022-11-17,2022,2022-11-17 09:00:00-05:00,164.38853172470772,cutoff,2022-11-17 15:00:00-05:00,360,360.0,8153.341861187858
2022-11-18,2022,2022-11-18 05:40:00-05:00,150.35718604476642,cutoff,2022-11-18 15:00:00-05:00,560,560.0,8303.699047232625
2022-11-22,2022,2022-11-22 03:32:00-05:00,0.0,BE,2022-11-22 09:41:00-05:00,369,369.0,8303.699047232625
2022-11-23,2022,2022-11-23 07:40:00-05:00,-52.08984375,SL,2022-11-23 09:45:00-05:00,125,125.0,8251.609203482625
2022-11-25,2022,2022-11-25 09:31:00-05:00,0.0,BE,2022-11-25 12:05:00-05:00,154,154.0,8251.609203482625
2022-11-28,2022,2022-11-28 05:02:00-05:00,0.0,BE,2022-11-28 13:56:00-05:00,534,534.0,8251.609203482625
2022-11-29,2022,2022-11-29 09:45:00-05:00,-77.109375,SL,2022-11-29 11:17:00-05:00,92,92.0,8174.499828482625
2022-12-02,2022,2022-12-02 08:31:00-05:00,-54.55078125,SL,2022-12-02 08:33:00-05:00,2,2.0,8119.949047232625
2022-12-06,2022,2022-12-06 09:44:00-05:00,-57.421875,SL,2022-12-06 09:57:00-05:00,13,13.0,8062.527172232625
2022-12-07,2022,2022-12-07 06:44:00-05:00,-35.2734375,SL,2022-12-07 07:20:00-05:00,36,36.0,8027.253734732625
2022-12-09,2022,2022-12-09 08:30:00-05:00,103.1256722107264,cutoff,2022-12-09 15:00:00-05:00,390,390.0,8130.379406943352
2022-12-13,2022,2022-12-13 03:01:00-05:00,-38.96484375,SL,2022-12-13 05:35:00-05:00,154,154.0,8091.414563193352
2022-12-15,2022,2022-12-15 10:04:00-05:00,-40.245259949664614,cutoff,2022-12-15 15:00:00-05:00,296,296.0,8051.169303243687
2022-12-16,2022,2022-12-16 03:14:00-05:00,-82.6875,SL,2022-12-16 11:49:00-05:00,515,515.0,7968.481803243687
2022-12-20,2022,2022-12-19 22:11:00-05:00,-25.265625,SL,2022-12-19 22:19:00-05:00,8,8.0,7943.216178243687
2022-12-22,2022,2022-12-22 10:12:00-05:00,-151.59375,SL,2022-12-22 13:20:00-05:00,188,188.0,7791.622428243687
2023-01-06,2023,2023-01-06 04:35:00-05:00,32.82437721240785,TP,2023-01-06 05:13:00-05:00,38,38.0,7824.446805456095
2023-01-09,2023,2023-01-09 09:30:00-05:00,-95.15625,SL,2023-01-09 09:53:00-05:00,23,23.0,7729.290555456095
2023-01-11,2023,2023-01-11 10:30:00-05:00,-0.0,BE,2023-01-11 12:07:00-05:00,97,97.0,7729.290555456095
2023-01-12,2023,2023-01-12 08:18:00-05:00,218.4818064657411,TP,2023-01-12 08:30:00-05:00,12,12.0,7947.772361921836
2023-01-12,2023,2023-01-12 08:28:00-05:00,236.29603899595168,TP,2023-01-12 08:30:00-05:00,2,2.0,8184.068400917788
2023-01-16,2023,2023-01-15 20:58:00-05:00,31.739965214790573,TP,2023-01-16 01:09:00-05:00,250,251.0,8215.808366132578
2023-01-17,2023,2023-01-17 10:00:00-05:00,-0.0,BE,2023-01-17 13:39:00-05:00,219,219.0,8215.808366132578
2023-01-18,2023,2023-01-18 08:30:00-05:00,72.5805634206663,TP,2023-01-18 08:34:00-05:00,4,4.0,8288.388929553244
2023-01-18,2023,2023-01-18 08:30:00-05:00,79.8046615985113,TP,2023-01-18 08:34:00-05:00,4,4.0,8368.193591151756
2023-01-19,2023,2023-01-19 05:26:00-05:00,-77.8125,SL,2023-01-19 10:55:00-05:00,329,329.0,8290.381091151756
2023-01-23,2023,2023-01-23 09:51:00-05:00,-217.96875,SL,2023-01-23 10:48:00-05:00,57,57.0,8072.412341151756
2023-01-25,2023,2023-01-25 09:30:00-05:00,88.4148251143506,TP,2023-01-25 11:53:00-05:00,143,143.0,8160.827166266106
2023-01-26,2023,2023-01-26 09:32:00-05:00,114.5398251143506,TP,2023-01-26 09:57:00-05:00,25,25.0,8275.366991380457
2023-01-31,2023,2023-01-31 05:34:00-05:00,97.88395505478547,TP,2023-01-31 07:33:00-05:00,119,119.0,8373.250946435242
2023-02-06,2023,2023-02-06 04:53:00-05:00,179.70379446084735,TP,2023-02-06 09:34:00-05:00,281,281.0,8552.95474089609
2023-02-10,2023,2023-02-10 04:56:00-05:00,75.33113718111781,TP,2023-02-10 10:18:00-05:00,322,322.0,8628.285878077208
2023-02-10,2023,2023-02-10 05:02:00-05:00,0.0,BE,2023-02-10 05:48:00-05:00,46,46.0,8628.285878077208
2023-02-10,2023,2023-02-10 05:02:00-05:00,12.468876099361296,cutoff,2023-02-10 15:00:00-05:00,598,598.0,8640.754754176569
2023-02-14,2023,2023-02-14 08:29:00-05:00,154.6534921981056,TP,2023-02-14 08:31:00-05:00,2,2.0,8795.408246374674
2023-02-17,2023,2023-02-17 02:02:00-05:00,36.858447275797516,TP,2023-02-17 02:36:00-05:00,34,34.0,8832.266693650472
2023-02-17,2023,2023-02-17 03:36:00-05:00,55.9094547884506,TP,2023-02-17 04:31:00-05:00,55,55.0,8888.176148438923
2023-02-21,2023,2023-02-21 03:46:00-05:00,0.0,BE,2023-02-21 04:37:00-05:00,51,51.0,8888.176148438923
2023-02-21,2023,2023-02-21 10:12:00-05:00,-217.7895234056832,cutoff,2023-02-21 15:00:00-05:00,288,288.0,8670.38662503324
2023-02-22,2023,2023-02-22 10:16:00-05:00,75.56597050347591,TP,2023-02-22 11:36:00-05:00,80,80.0,8745.952595536715
2023-02-24,2023,2023-02-24 08:39:00-05:00,29.680918462941918,TP,2023-02-24 08:57:00-05:00,18,18.0,8775.633513999657
2023-02-27,2023,2023-02-27 10:09:00-05:00,80.31881402773615,TP,2023-02-27 10:37:00-05:00,28,28.0,8855.952328027393
2023-03-01,2023,2023-03-01 10:11:00-05:00,0.0,BE,2023-03-01 11:08:00-05:00,57,57.0,8855.952328027393
2023-03-02,2023,2023-03-01 20:39:00-05:00,0.0,BE,2023-03-01 21:40:00-05:00,61,61.0,8855.952328027393
2023-03-02,2023,2023-03-01 20:40:00-05:00,0.0,BE,2023-03-01 21:43:00-05:00,63,63.0,8855.952328027393
2023-03-06,2023,2023-03-05 21:37:00-05:00,-62.8125,SL,2023-03-06 10:08:00-05:00,751,751.0,8793.139828027393
2023-03-07,2023,2023-03-07 10:08:00-05:00,195.1502507968653,TP,2023-03-07 10:32:00-05:00,24,24.0,8988.290078824259
2023-03-13,2023,2023-03-13 02:12:00-04:00,-0.0,BE,2023-03-13 03:00:00-04:00,48,48.0,8988.290078824259
2023-03-14,2023,2023-03-14 09:16:00-04:00,-26.994444007585116,cutoff,2023-03-14 15:00:00-04:00,344,344.0,8961.295634816674
2023-03-15,2023,2023-03-14 22:08:00-04:00,31.008157347230735,TP,2023-03-15 01:30:00-04:00,202,202.0,8992.303792163904
2023-03-16,2023,2023-03-15 20:29:00-04:00,-0.0,BE,2023-03-15 21:15:00-04:00,46,46.0,8992.303792163904
2023-03-16,2023,2023-03-15 21:08:00-04:00,71.97690594084634,TP,2023-03-16 03:02:00-04:00,354,354.0,9064.28069810475
2023-03-16,2023,2023-03-16 10:54:00-04:00,-173.51431830548609,cutoff,2023-03-16 15:00:00-04:00,246,246.0,8890.766379799265
2023-03-21,2023,2023-03-21 09:32:00-04:00,142.93482174456585,TP,2023-03-21 10:17:00-04:00,45,45.0,9033.70120154383
2023-03-28,2023,2023-03-28 09:33:00-04:00,-72.65625,SL,2023-03-28 10:33:00-04:00,60,60.0,8961.04495154383
2023-03-30,2023,2023-03-30 05:27:00-04:00,-30.9375,SL,2023-03-30 07:13:00-04:00,106,106.0,8930.10745154383
2023-04-05,2023,2023-04-05 10:19:00-04:00,-80.84080873537096,cutoff,2023-04-05 15:00:00-04:00,281,281.0,8849.26664280846
2023-04-06,2023,2023-04-06 09:34:00-04:00,79.30750989963053,TP,2023-04-06 10:12:00-04:00,38,38.0,8928.57415270809
2023-04-11,2023,2023-04-11 05:02:00-04:00,145.22365909794462,TP,2023-04-11 07:07:00-04:00,125,125.0,9073.797811806035
2023-04-14,2023,2023-04-14 10:04:00-04:00,558.3419120496001,TP,2023-04-14 12:45:00-04:00,161,161.0,9632.139723855635
2023-04-20,2023,2023-04-20 04:37:00-04:00,278.794864157313,TP,2023-04-20 10:09:00-04:00,332,332.0,9910.934588012948
2023-04-21,2023,2023-04-21 06:50:00-04:00,0.0,BE,2023-04-21 08:01:00-04:00,71,71.0,9910.934588012948
2023-04-25,2023,2023-04-25 10:07:00-04:00,-92.8125,SL,2023-04-25 13:16:00-04:00,189,189.0,9818.122088012948
2023-04-27,2023,2023-04-27 10:34:00-04:00,-275.625,SL,2023-04-27 13:25:00-04:00,171,171.0,9542.497088012948
2023-05-01,2023,2023-04-30 22:55:00-04:00,-0.0,BE,2023-04-30 23:41:00-04:00,46,46.0,9542.497088012948
2023-05-01,2023,2023-05-01 02:42:00-04:00,84.74945295641555,TP,2023-05-01 04:05:00-04:00,83,83.0,9627.246540969363
2023-05-01,2023,2023-05-01 02:42:00-04:00,29.304618825253783,TP,2023-05-01 03:43:00-04:00,61,61.0,9656.551159794617
2023-05-02,2023,2023-05-02 10:36:00-04:00,29.361967523207568,cutoff,2023-05-02 15:00:00-04:00,264,264.0,9685.913127317825
2023-05-04,2023,2023-05-04 09:44:00-04:00,64.81491327007825,TP,2023-05-04 11:10:00-04:00,86,86.0,9750.728040587903
2023-05-05,2023,2023-05-05 10:09:00-04:00,-119.776800582953,cutoff,2023-05-05 15:00:00-04:00,291,291.0,9630.95124000495
2023-05-10,2023,2023-05-10 09:32:00-04:00,20.06491327007825,cutoff,2023-05-10 15:00:00-04:00,328,328.0,9651.016153275028
2023-05-10,2023,2023-05-10 09:32:00-04:00,21.1990020326557,cutoff,2023-05-10 15:00:00-04:00,328,328.0,9672.215155307684
2023-05-10,2023,2023-05-10 10:04:00-04:00,122.74577306491301,TP,2023-05-10 10:59:00-04:00,55,55.0,9794.960928372597
2023-05-10,2023,2023-05-10 10:08:00-04:00,123.98696752320757,TP,2023-05-10 10:56:00-04:00,48,48.0,9918.947895895804
2023-05-11,2023,2023-05-11 03:46:00-04:00,-0.0,BE,2023-05-11 04:32:00-04:00,46,46.0,9918.947895895804
2023-05-11,2023,2023-05-11 04:17:00-04:00,-0.0,BE,2023-05-11 05:22:00-04:00,65,65.0,9918.947895895804
2023-05-24,2023,2023-05-24 03:03:00-04:00,-38.90625,SL,2023-05-24 07:23:00-04:00,260,260.0,9880.041645895804
2023-05-25,2023,2023-05-25 09:06:00-04:00,76.37052097448031,TP,2023-05-25 09:32:00-04:00,26,26.0,9956.412166870285
2023-05-26,2023,2023-05-26 07:26:00-04:00,-0.0,BE,2023-05-26 08:30:00-04:00,64,64.0,9956.412166870285
2023-05-26,2023,2023-05-26 07:42:00-04:00,-0.0,BE,2023-05-26 08:30:00-04:00,48,48.0,9956.412166870285
2023-05-26,2023,2023-05-26 10:00:00-04:00,-204.84375,SL,2023-05-26 13:02:00-04:00,182,182.0,9751.568416870285
2023-05-30,2023,2023-05-30 05:20:00-04:00,-0.0,BE,2023-05-30 06:14:00-04:00,54,54.0,9751.568416870285
2023-06-02,2023,2023-06-02 05:14:00-04:00,-0.0,BE,2023-06-02 06:18:00-04:00,64,64.0,9751.568416870285
2023-06-12,2023,2023-06-12 00:00:00-04:00,-24.84375,SL,2023-06-12 00:01:00-04:00,1,1.0,9726.724666870285
2023-06-20,2023,2023-06-20 01:20:00-04:00,0.0,BE,2023-06-20 02:06:00-04:00,46,46.0,9726.724666870285
2023-06-20,2023,2023-06-20 10:30:00-04:00,141.88829987437202,TP,2023-06-20 12:42:00-04:00,132,132.0,9868.612966744657
2023-06-22,2023,2023-06-22 02:13:00-04:00,0.0,BE,2023-06-22 03:02:00-04:00,49,49.0,9868.612966744657
2023-06-30,2023,2023-06-30 08:38:00-04:00,75.20871835066646,TP,2023-06-30 08:53:00-04:00,15,15.0,9943.821685095323
2023-06-30,2023,2023-06-30 08:39:00-04:00,25.280357455947524,TP,2023-06-30 08:48:00-04:00,9,9.0,9969.10204255127
2023-06-30,2023,2023-06-30 08:39:00-04:00,26.44806727539617,TP,2023-06-30 08:48:00-04:00,9,9.0,9995.550109826667
2023-06-30,2023,2023-06-30 09:43:00-04:00,-46.578041068776656,cutoff,2023-06-30 15:00:00-04:00,317,317.0,9948.97206875789
2023-07-03,2023,2023-07-03 04:11:00-04:00,40.52827798293583,TP,2023-07-03 06:05:00-04:00,114,114.0,9989.500346740826
2023-07-06,2023,2023-07-06 08:30:00-04:00,-118.125,SL,2023-07-06 08:44:00-04:00,14,14.0,9871.375346740826
2023-07-12,2023,2023-07-12 08:30:00-04:00,-165.375,SL,2023-07-12 08:32:00-04:00,2,2.0,9706.000346740826
2023-07-13,2023,2023-07-13 00:13:00-04:00,18.392235680834347,TP,2023-07-13 00:16:00-04:00,3,3.0,9724.39258242166
2023-07-27,2023,2023-07-27 03:49:00-04:00,-43.75,SL,2023-07-27 07:46:00-04:00,237,237.0,9680.64258242166
2023-08-02,2023,2023-08-02 02:53:00-04:00,-48.5625,SL,2023-08-02 03:54:00-04:00,61,61.0,9632.08008242166
2023-08-03,2023,2023-08-03 03:31:00-04:00,185.70633696133154,TP,2023-08-03 05:08:00-04:00,97,97.0,9817.786419382992
2023-08-08,2023,2023-08-08 10:11:00-04:00,219.65813014666492,cutoff,2023-08-08 15:00:00-04:00,289,289.0,10037.444549529657
2023-08-08,2023,2023-08-08 10:57:00-04:00,107.34430576496743,TP,2023-08-08 14:58:00-04:00,241,241.0,10144.788855294624
2023-08-11,2023,2023-08-11 08:31:00-04:00,-49.0,SL,2023-08-11 08:51:00-04:00,20,20.0,10095.788855294624
2023-08-17,2023,2023-08-16 20:19:00-04:00,44.25207935709841,TP,2023-08-16 20:26:00-04:00,7,7.0,10140.040934651723
2023-08-17,2023,2023-08-16 20:39:00-04:00,53.86931350959094,TP,2023-08-16 21:00:00-04:00,21,21.0,10193.910248161314
2023-08-17,2023,2023-08-17 10:33:00-04:00,0.0,BE,2023-08-17 12:08:00-04:00,95,95.0,10193.910248161314
2023-08-21,2023,2023-08-21 04:24:00-04:00,-100.0,SL,2023-08-21 10:05:00-04:00,341,341.0,10093.910248161314
2023-08-22,2023,2023-08-22 03:44:00-04:00,-0.0,BE,2023-08-22 05:16:00-04:00,92,92.0,10093.910248161314
2023-08-23,2023,2023-08-23 10:51:00-04:00,-27.777243063766946,cutoff,2023-08-23 15:00:00-04:00,249,249.0,10066.133005097547
2023-08-29,2023,2023-08-29 10:00:00-04:00,-100.0,SL,2023-08-29 10:22:00-04:00,22,22.0,9966.133005097547
2023-08-31,2023,2023-08-31 08:16:00-04:00,50.80267682797785,TP,2023-08-31 09:14:00-04:00,58,58.0,10016.935681925524
2023-08-31,2023,2023-08-31 09:45:00-04:00,139.68980516004194,TP,2023-08-31 09:48:00-04:00,3,3.0,10156.625487085566
2023-08-31,2023,2023-08-31 10:00:00-04:00,-0.0,BE,2023-08-31 11:31:00-04:00,91,91.0,10156.625487085566
2023-08-31,2023,2023-08-31 10:21:00-04:00,259.0263122923716,TP,2023-08-31 12:46:00-04:00,145,145.0,10415.651799377938
2023-09-01,2023,2023-09-01 08:32:00-04:00,34.94994080761535,TP,2023-09-01 08:34:00-04:00,2,2.0,10450.601740185553
2023-09-01,2023,2023-09-01 08:32:00-04:00,35.05165857947577,TP,2023-09-01 08:34:00-04:00,2,2.0,10485.65339876503
2023-09-05,2023,2023-09-05 04:12:00-04:00,127.11487257997578,TP,2023-09-05 06:19:00-04:00,127,127.0,10612.768271345005
2023-09-06,2023,2023-09-06 10:13:00-04:00,-58.595670829967275,cutoff,2023-09-06 15:00:00-04:00,287,287.0,10554.172600515038
2023-09-07,2023,2023-09-07 08:14:00-04:00,-66.0625,SL,2023-09-07 08:39:00-04:00,25,25.0,10488.110100515038
2023-09-08,2023,2023-09-08 09:50:00-04:00,51.185919182658836,TP,2023-09-08 09:58:00-04:00,8,8.0,10539.296019697696
2023-09-11,2023,2023-09-11 09:33:00-04:00,135.6470682941217,TP,2023-09-11 09:38:00-04:00,5,5.0,10674.943087991818
2023-09-13,2023,2023-09-13 08:30:00-04:00,50.50918467023439,TP,2023-09-13 08:34:00-04:00,4,4.0,10725.452272662053
2023-09-13,2023,2023-09-13 08:30:00-04:00,52.592533125378395,TP,2023-09-13 08:36:00-04:00,6,6.0,10778.044805787431
2023-09-15,2023,2023-09-15 10:59:00-04:00,0.0,BE,2023-09-15 13:08:00-04:00,129,129.0,10778.044805787431
2023-09-19,2023,2023-09-19 09:50:00-04:00,43.133368658040126,TP,2023-09-19 13:46:00-04:00,236,236.0,10821.178174445471
2023-09-21,2023,2023-09-20 20:07:00-04:00,71.51374924927586,TP,2023-09-20 20:16:00-04:00,9,9.0,10892.691923694747
2023-09-21,2023,2023-09-21 06:01:00-04:00,-61.6875,SL,2023-09-21 08:20:00-04:00,139,139.0,10831.004423694747
2023-09-25,2023,2023-09-25 04:44:00-04:00,94.07654294599706,TP,2023-09-25 04:50:00-04:00,6,6.0,10925.080966640744
2023-09-26,2023,2023-09-26 10:13:00-04:00,0.0,BE,2023-09-26 11:44:00-04:00,91,91.0,10925.080966640744
2023-09-29,2023,2023-09-29 08:30:00-04:00,115.84983617229227,TP,2023-09-29 08:36:00-04:00,6,6.0,11040.930802813036
2023-09-29,2023,2023-09-29 09:48:00-04:00,80.96352905053573,TP,2023-09-29 11:30:00-04:00,102,102.0,11121.894331863572
2023-10-04,2023,2023-10-04 02:18:00-04:00,138.80209096852195,TP,2023-10-04 03:46:00-04:00,88,88.0,11260.696422832094
2023-10-12,2023,2023-10-11 20:06:00-04:00,-0.0,BE,2023-10-11 21:37:00-04:00,91,91.0,11260.696422832094
2023-10-19,2023,2023-10-19 03:46:00-04:00,26.053746345194668,TP,2023-10-19 04:33:00-04:00,47,47.0,11286.750169177289
2023-10-19,2023,2023-10-19 03:49:00-04:00,78.20853195581367,TP,2023-10-19 04:01:00-04:00,12,12.0,11364.958701133102
2023-10-20,2023,2023-10-20 02:21:00-04:00,60.88256040112901,TP,2023-10-20 02:58:00-04:00,37,37.0,11425.841261534231
2023-10-23,2023,2023-10-23 03:43:00-04:00,20.62858554257582,TP,2023-10-23 03:49:00-04:00,6,6.0,11446.469847076807
2023-10-23,2023,2023-10-23 05:05:00-04:00,-220.5,SL,2023-10-23 05:40:00-04:00,35,35.0,11225.969847076807
2023-10-24,2023,2023-10-24 10:38:00-04:00,214.16128939891132,TP,2023-10-24 11:33:00-04:00,55,55.0,11440.131136475718
2023-10-25,2023,2023-10-25 10:27:00-04:00,-300.0,SL,2023-10-25 13:28:00-04:00,181,181.0,11140.131136475718
2023-10-26,2023,2023-10-25 19:21:00-04:00,215.66128939891132,TP,2023-10-26 08:55:00-04:00,814,814.0,11355.79242587463
2023-11-01,2023,2023-11-01 10:22:00-04:00,-240.64481644933585,cutoff,2023-11-01 15:00:00-04:00,278,278.0,11115.147609425294
2023-11-02,2023,2023-11-02 08:30:00-04:00,31.78457552087457,TP,2023-11-02 09:33:00-04:00,63,63.0,11146.932184946168
2023-11-03,2023,2023-11-03 09:31:00-04:00,-100.0,SL,2023-11-03 12:18:00-04:00,167,167.0,11046.932184946168
2023-11-07,2023,2023-11-07 09:17:00-05:00,35.78963433660101,TP,2023-11-07 09:35:00-05:00,18,18.0,11082.72181928277
2023-11-07,2023,2023-11-07 09:18:00-05:00,40.98699676007345,TP,2023-11-07 09:34:00-05:00,16,16.0,11123.708816042843
2023-11-07,2023,2023-11-07 10:28:00-05:00,-128.04146804418633,cutoff,2023-11-07 15:00:00-05:00,272,272.0,10995.667347998657
2023-11-14,2023,2023-11-14 08:30:00-05:00,-34.5625,SL,2023-11-14 08:31:00-05:00,1,1.0,10961.104847998657
2023-11-15,2023,2023-11-15 08:25:00-05:00,-126.0,SL,2023-11-15 08:30:00-05:00,5,5.0,10835.104847998657
2023-11-20,2023,2023-11-20 09:58:00-05:00,98.9398813379521,TP,2023-11-20 10:22:00-05:00,24,24.0,10934.044729336609
2023-11-22,2023,2023-11-22 09:36:00-05:00,105.17872321208779,TP,2023-11-22 09:47:00-05:00,11,11.0,11039.223452548697
2023-11-27,2023,2023-11-26 21:04:00-05:00,56.959102970384265,TP,2023-11-27 02:21:00-05:00,317,317.0,11096.18255551908
2023-11-29,2023,2023-11-29 04:23:00-05:00,-231.0,SL,2023-11-29 09:32:00-05:00,309,309.0,10865.18255551908
2023-11-30,2023,2023-11-30 09:42:00-05:00,-86.625,SL,2023-11-30 11:34:00-05:00,112,112.0,10778.55755551908
2023-12-04,2023,2023-12-04 09:24:00-05:00,-300.0,SL,2023-12-04 10:26:00-05:00,62,62.0,10478.55755551908
2023-12-06,2023,2023-12-06 09:00:00-05:00,81.61085902696504,TP,2023-12-06 09:39:00-05:00,39,39.0,10560.168414546046
2023-12-06,2023,2023-12-06 09:23:00-05:00,82.74835560655265,TP,2023-12-06 09:36:00-05:00,13,13.0,10642.916770152598
2023-12-08,2023,2023-12-08 10:11:00-05:00,85.51333390207947,TP,2023-12-08 12:14:00-05:00,123,123.0,10728.430104054678
2023-12-08,2023,2023-12-08 10:24:00-05:00,273.6392138009469,TP,2023-12-08 10:38:00-05:00,14,14.0,11002.069317855625
2023-12-11,2023,2023-12-11 00:00:00-05:00,-55.125,SL,2023-12-11 00:01:00-05:00,1,1.0,10946.944317855625
2023-12-12,2023,2023-12-11 19:21:00-05:00,15.609105597912276,TP,2023-12-11 19:32:00-05:00,11,11.0,10962.553423453537
2023-12-19,2023,2023-12-19 07:17:00-05:00,21.90460072435235,TP,2023-12-19 07:30:00-05:00,13,13.0,10984.45802417789
2023-12-19,2023,2023-12-19 10:31:00-05:00,-0.0,BE,2023-12-19 12:46:00-05:00,135,135.0,10984.45802417789
2023-12-28,2023,2023-12-27 20:09:00-05:00,65.94823711134813,TP,2023-12-28 09:35:00-05:00,806,806.0,11050.406261289238
2023-12-28,2023,2023-12-27 20:43:00-05:00,42.905513781533955,TP,2023-12-27 22:21:00-05:00,98,98.0,11093.311775070772
2023-12-28,2023,2023-12-28 07:34:00-05:00,25.983334418793675,TP,2023-12-28 07:49:00-05:00,15,15.0,11119.295109489565
2023-12-29,2023,2023-12-29 10:48:00-05:00,-177.1875,SL,2023-12-29 11:25:00-05:00,37,37.0,10942.107609489565
2024-01-02,2024,2024-01-02 06:27:00-05:00,-51.1875,SL,2024-01-02 07:51:00-05:00,84,84.0,10890.920109489565
2024-01-03,2024,2024-01-03 07:35:00-05:00,-29.65643208939582,cutoff,2024-01-03 15:00:00-05:00,445,445.0,10861.26367740017
2024-01-04,2024,2024-01-04 08:21:00-05:00,171.4012057971413,TP,2024-01-04 11:14:00-05:00,173,173.0,11032.66488319731
2024-01-05,2024,2024-01-05 00:20:00-05:00,39.531086708961084,TP,2024-01-05 09:33:00-05:00,553,553.0,11072.195969906272
2024-01-08,2024,2024-01-08 10:04:00-05:00,-300.0,SL,2024-01-08 14:58:00-05:00,294,294.0,10772.195969906272
2024-01-11,2024,2024-01-10 20:07:00-05:00,-0.0,BE,2024-01-10 20:44:00-05:00,37,37.0,10772.195969906272
2024-01-11,2024,2024-01-11 03:26:00-05:00,65.84356791060418,TP,2024-01-11 04:16:00-05:00,50,50.0,10838.039537816876
2024-01-16,2024,2024-01-16 03:03:00-05:00,71.92909285992937,TP,2024-01-16 07:40:00-05:00,277,277.0,10909.968630676805
2024-01-16,2024,2024-01-16 03:04:00-05:00,0.0,BE,2024-01-16 03:35:00-05:00,31,31.0,10909.968630676805
2024-01-17,2024,2024-01-17 09:48:00-05:00,109.2887283195887,cutoff,2024-01-17 15:00:00-05:00,312,312.0,11019.257358996394
2024-01-17,2024,2024-01-17 10:00:00-05:00,252.00901348574553,cutoff,2024-01-17 15:00:00-05:00,300,300.0,11271.26637248214
2024-01-17,2024,2024-01-17 10:00:00-05:00,301.457186876185,TP,2024-01-17 11:47:00-05:00,107,107.0,11572.723559358325
2024-01-18,2024,2024-01-18 07:37:00-05:00,-81.1234044265475,cutoff,2024-01-18 15:00:00-05:00,443,443.0,11491.600154931777
2024-01-19,2024,2024-01-18 21:48:00-05:00,-150.0,SL,2024-01-19 12:54:00-05:00,906,906.0,11341.600154931777
2024-01-24,2024,2024-01-24 01:52:00-05:00,-0.0,BE,2024-01-24 02:36:00-05:00,44,44.0,11341.600154931777
2024-01-24,2024,2024-01-24 10:29:00-05:00,56.079133271625324,cutoff,2024-01-24 15:00:00-05:00,271,271.0,11397.679288203402
2024-01-26,2024,2024-01-25 20:00:00-05:00,54.28344058215225,TP,2024-01-26 07:17:00-05:00,677,677.0,11451.962728785555
2024-01-31,2024,2024-01-31 04:15:00-05:00,155.3163122949627,TP,2024-01-31 14:46:00-05:00,631,631.0,11607.279041080517
2024-01-31,2024,2024-01-31 04:17:00-05:00,76.93845036383573,TP,2024-01-31 14:43:00-05:00,626,626.0,11684.217491444353
2024-01-31,2024,2024-01-31 06:01:00-05:00,139.40826654325065,TP,2024-01-31 07:18:00-05:00,77,77.0,11823.625757987604
2024-01-31,2024,2024-01-31 10:32:00-05:00,333.8459355350933,TP,2024-01-31 14:44:00-05:00,252,252.0,12157.471693522697
2024-02-07,2024,2024-02-07 10:14:00-05:00,-41.70084903369934,cutoff,2024-02-07 15:00:00-05:00,286,286.0,12115.770844488998
2024-02-09,2024,2024-02-09 03:02:00-05:00,-300.0,SL,2024-02-09 14:30:00-05:00,688,688.0,11815.770844488998
2024-02-13,2024,2024-02-13 03:46:00-05:00,0.0,BE,2024-02-13 04:18:00-05:00,32,32.0,11815.770844488998
2024-02-13,2024,2024-02-13 08:30:00-05:00,-300.0,SL,2024-02-13 09:30:00-05:00,60,60.0,11515.770844488998
2024-02-16,2024,2024-02-16 03:18:00-05:00,147.75274152323254,TP,2024-02-16 08:34:00-05:00,316,316.0,11663.52358601223
2024-02-20,2024,2024-02-19 21:00:00-05:00,0.0,BE,2024-02-19 22:13:00-05:00,73,73.0,11663.52358601223
2024-02-20,2024,2024-02-20 03:21:00-05:00,0.0,BE,2024-02-20 05:00:00-05:00,99,99.0,11663.52358601223
2024-02-20,2024,2024-02-20 09:40:00-05:00,-48.247258476767456,cutoff,2024-02-20 15:00:00-05:00,320,320.0,11615.276327535463
2024-02-22,2024,2024-02-22 09:45:00-05:00,-150.0,SL,2024-02-22 14:23:00-05:00,278,278.0,11465.276327535463
2024-02-23,2024,2024-02-23 09:20:00-05:00,299.1988039086573,TP,2024-02-23 11:05:00-05:00,105,105.0,11764.47513144412
2024-02-28,2024,2024-02-28 04:41:00-05:00,0.0,BE,2024-02-28 05:12:00-05:00,31,31.0,11764.47513144412
2024-02-29,2024,2024-02-29 03:10:00-05:00,245.11435062289092,TP,2024-02-29 08:31:00-05:00,321,321.0,12009.589482067011
2024-03-01,2024,2024-03-01 02:03:00-05:00,116.22040518659196,TP,2024-03-01 05:14:00-05:00,191,191.0,12125.809887253603
2024-03-01,2024,2024-03-01 10:00:00-05:00,-150.0,SL,2024-03-01 13:24:00-05:00,204,204.0,11975.809887253603
2024-03-05,2024,2024-03-05 01:31:00-05:00,0.0,BE,2024-03-05 02:18:00-05:00,47,47.0,11975.809887253603
2024-03-05,2024,2024-03-05 10:32:00-05:00,0.0,BE,2024-03-05 11:03:00-05:00,31,31.0,11975.809887253603
2024-03-08,2024,2024-03-08 10:00:00-05:00,314.94045844100765,TP,2024-03-08 11:19:00-05:00,79,79.0,12290.75034569461
2024-03-12,2024,2024-03-12 10:41:00-04:00,-28.383758253479755,cutoff,2024-03-12 15:00:00-04:00,259,259.0,12262.36658744113
2024-03-15,2024,2024-03-15 09:45:00-04:00,0.0,BE,2024-03-15 11:37:00-04:00,112,112.0,12262.36658744113
2024-03-18,2024,2024-03-18 09:46:00-04:00,136.0066999578412,TP,2024-03-18 10:00:00-04:00,14,14.0,12398.373287398972
2024-03-19,2024,2024-03-19 07:37:00-04:00,0.0,BE,2024-03-19 08:08:00-04:00,31,31.0,12398.373287398972
2024-03-20,2024,2024-03-20 07:29:00-04:00,-107.42127757540584,cutoff,2024-03-20 15:00:00-04:00,451,451.0,12290.952009823566
2024-03-21,2024,2024-03-20 19:07:00-04:00,4.715968319178501,cutoff,2024-03-21 15:00:00-04:00,1193,1193.0,12295.667978142745
2024-03-21,2024,2024-03-20 19:22:00-04:00,-0.0,BE,2024-03-20 22:26:00-04:00,184,184.0,12295.667978142745
2024-03-21,2024,2024-03-21 00:31:00-04:00,-183.75,SL,2024-03-21 09:28:00-04:00,537,537.0,12111.917978142745
2024-03-22,2024,2024-03-22 08:17:00-04:00,0.0,BE,2024-03-22 09:47:00-04:00,90,90.0,12111.917978142745
2024-03-27,2024,2024-03-27 10:02:00-04:00,0.0,BE,2024-03-27 10:49:00-04:00,47,47.0,12111.917978142745
2024-04-02,2024,2024-04-02 08:40:00-04:00,-150.0,SL,2024-04-02 09:41:00-04:00,61,61.0,11961.917978142745
2024-04-04,2024,2024-04-04 09:00:00-04:00,-0.0,BE,2024-04-04 09:32:00-04:00,32,32.0,11961.917978142745
2024-04-10,2024,2024-04-10 08:36:00-04:00,87.07241949196032,TP,2024-04-10 09:31:00-04:00,55,55.0,12048.990397634705
2024-04-10,2024,2024-04-10 08:36:00-04:00,97.3103361029498,TP,2024-04-10 09:31:00-04:00,55,55.0,12146.300733737655
2024-04-19,2024,2024-04-18 21:04:00-04:00,-300.0,SL,2024-04-18 21:39:00-04:00,35,35.0,11846.300733737655
2024-04-23,2024,2024-04-23 09:56:00-04:00,-116.7838085163603,cutoff,2024-04-23 15:00:00-04:00,304,304.0,11729.516925221295
2024-04-24,2024,2024-04-23 21:19:00-04:00,84.60524773207726,TP,2024-04-24 11:25:00-04:00,846,846.0,11814.122172953372
2024-04-24,2024,2024-04-23 21:48:00-04:00,86.0565063923641,TP,2024-04-24 11:17:00-04:00,809,809.0,11900.178679345736
2024-04-29,2024,2024-04-29 08:54:00-04:00,-0.0,BE,2024-04-29 09:30:00-04:00,36,36.0,11900.178679345736
2024-05-03,2024,2024-05-03 08:30:00-04:00,-150.0,SL,2024-05-03 09:42:00-04:00,72,72.0,11750.178679345736
2024-05-06,2024,2024-05-06 09:38:00-04:00,-79.89292537329311,cutoff,2024-05-06 15:00:00-04:00,322,322.0,11670.285753972443
2024-05-07,2024,2024-05-07 10:56:00-04:00,92.13912821127451,cutoff,2024-05-07 15:00:00-04:00,244,244.0,11762.424882183717
2024-05-10,2024,2024-05-10 09:35:00-04:00,75.3976053204533,cutoff,2024-05-10 15:00:00-04:00,325,325.0,11837.82248750417
2024-05-10,2024,2024-05-10 09:49:00-04:00,263.08807735667506,TP,2024-05-10 10:37:00-04:00,48,48.0,12100.910564860846
2024-05-14,2024,2024-05-14 10:26:00-04:00,-0.0,BE,2024-05-14 11:16:00-04:00,50,50.0,12100.910564860846
2024-05-15,2024,2024-05-15 08:30:00-04:00,-106.875,SL,2024-05-15 11:08:00-04:00,158,158.0,11994.035564860846
2024-05-22,2024,2024-05-22 10:00:00-04:00,-0.0,BE,2024-05-22 11:05:00-04:00,65,65.0,11994.035564860846
2024-05-23,2024,2024-05-22 22:59:00-04:00,266.45167544727155,TP,2024-05-23 10:56:00-04:00,717,717.0,12260.487240308117
2024-05-28,2024,2024-05-28 04:14:00-04:00,209.42810386783094,TP,2024-05-28 09:45:00-04:00,331,331.0,12469.915344175948
2024-05-29,2024,2024-05-29 09:27:00-04:00,140.2986634354893,cutoff,2024-05-29 15:00:00-04:00,333,333.0,12610.214007611437
2024-05-31,2024,2024-05-30 20:35:00-04:00,127.05215045207296,TP,2024-05-31 04:25:00-04:00,470,470.0,12737.26615806351
2024-05-31,2024,2024-05-31 10:15:00-04:00,-150.0,SL,2024-05-31 11:30:00-04:00,75,75.0,12587.26615806351
2024-06-05,2024,2024-06-05 07:40:00-04:00,-0.0,BE,2024-06-05 08:14:00-04:00,34,34.0,12587.26615806351
2024-06-05,2024,2024-06-05 09:29:00-04:00,-300.0,SL,2024-06-05 12:50:00-04:00,201,201.0,12287.26615806351
2024-06-12,2024,2024-06-11 19:00:00-04:00,-300.0,SL,2024-06-12 08:30:00-04:00,810,810.0,11987.26615806351
2024-06-13,2024,2024-06-13 03:14:00-04:00,80.17406997938087,TP,2024-06-13 05:52:00-04:00,158,158.0,12067.440228042891
2024-06-20,2024,2024-06-20 03:30:00-04:00,140.08872922214505,TP,2024-06-20 08:11:00-04:00,281,281.0,12207.528957265036
2024-06-26,2024,2024-06-26 03:24:00-04:00,49.72334406313166,TP,2024-06-26 07:10:00-04:00,226,226.0,12257.252301328168
2024-06-28,2024,2024-06-28 08:16:00-04:00,78.653038571254,TP,2024-06-28 08:41:00-04:00,25,25.0,12335.905339899422
2024-06-28,2024,2024-06-28 08:16:00-04:00,86.06992762080336,TP,2024-06-28 08:41:00-04:00,25,25.0,12421.975267520225
2024-06-28,2024,2024-06-28 10:02:00-04:00,306.30050031273277,TP,2024-06-28 12:11:00-04:00,129,129.0,12728.275767832958
2024-06-28,2024,2024-06-28 10:05:00-04:00,152.73857308531296,TP,2024-06-28 11:09:00-04:00,64,64.0,12881.014340918271
2024-07-01,2024,2024-07-01 10:14:00-04:00,151.34885797994139,TP,2024-07-01 12:00:00-04:00,106,106.0,13032.363198898212
2024-07-01,2024,2024-07-01 10:15:00-04:00,154.98857308531296,TP,2024-07-01 11:54:00-04:00,99,99.0,13187.351771983525
2024-07-05,2024,2024-07-05 02:19:00-04:00,-0.0,BE,2024-07-05 04:07:00-04:00,108,108.0,13187.351771983525
2024-07-05,2024,2024-07-05 10:01:00-04:00,-72.83453439658842,cutoff,2024-07-05 15:00:00-04:00,299,299.0,13114.517237586937
2024-07-10,2024,2024-07-10 10:10:00-04:00,-0.0,BE,2024-07-10 12:22:00-04:00,132,132.0,13114.517237586937
2024-07-11,2024,2024-07-11 08:30:00-04:00,52.349260775481525,TP,2024-07-11 08:53:00-04:00,23,23.0,13166.866498362418
2024-07-17,2024,2024-07-17 03:06:00-04:00,-150.0,SL,2024-07-17 07:34:00-04:00,268,268.0,13016.866498362418
2024-07-18,2024,2024-07-18 10:35:00-04:00,-150.0,SL,2024-07-18 11:32:00-04:00,57,57.0,12866.866498362418
2024-07-19,2024,2024-07-19 03:44:00-04:00,150.90996381040168,TP,2024-07-19 06:29:00-04:00,165,165.0,13017.77646217282
2024-07-24,2024,2024-07-24 00:20:00-04:00,0.0,BE,2024-07-24 02:04:00-04:00,104,104.0,13017.77646217282
2024-07-24,2024,2024-07-24 04:24:00-04:00,0.0,BE,2024-07-24 07:05:00-04:00,161,161.0,13017.77646217282
2024-07-24,2024,2024-07-24 09:34:00-04:00,-150.0,SL,2024-07-24 10:45:00-04:00,71,71.0,12867.77646217282
2024-07-31,2024,2024-07-31 10:01:00-04:00,-150.0,SL,2024-07-31 14:50:00-04:00,289,289.0,12717.77646217282
2024-08-01,2024,2024-07-31 19:16:00-04:00,158.58822149362095,TP,2024-08-01 04:13:00-04:00,537,537.0,12876.364683666441
2024-08-02,2024,2024-08-01 22:22:00-04:00,0.0,BE,2024-08-02 02:27:00-04:00,245,245.0,12876.364683666441
2024-08-05,2024,2024-08-04 20:52:00-04:00,-150.0,SL,2024-08-05 00:07:00-04:00,195,195.0,12726.364683666441
2024-08-06,2024,2024-08-05 20:48:00-04:00,175.84494601251936,TP,2024-08-06 04:15:00-04:00,447,447.0,12902.20962967896
2024-08-07,2024,2024-08-07 09:32:00-04:00,-0.0,BE,2024-08-07 11:03:00-04:00,91,91.0,12902.20962967896
2024-08-13,2024,2024-08-13 03:06:00-04:00,-0.0,BE,2024-08-13 08:30:00-04:00,324,324.0,12902.20962967896
2024-08-13,2024,2024-08-13 03:08:00-04:00,-0.0,BE,2024-08-13 08:30:00-04:00,322,322.0,12902.20962967896
2024-08-15,2024,2024-08-15 09:52:00-04:00,-150.0,SL,2024-08-15 13:46:00-04:00,234,234.0,12752.20962967896
2024-08-16,2024,2024-08-15 22:19:00-04:00,-0.0,BE,2024-08-16 01:28:00-04:00,189,189.0,12752.20962967896
2024-08-27,2024,2024-08-27 09:38:00-04:00,163.8194244306942,TP,2024-08-27 10:26:00-04:00,48,48.0,12916.029054109655
2024-09-03,2024,2024-09-03 09:31:00-04:00,-150.0,SL,2024-09-03 10:14:00-04:00,43,43.0,12766.029054109655
2024-09-06,2024,2024-09-06 03:14:00-04:00,170.87942486420798,TP,2024-09-06 08:50:00-04:00,336,336.0,12936.908478973863
2024-09-06,2024,2024-09-06 10:35:00-04:00,-150.0,SL,2024-09-06 11:50:00-04:00,75,75.0,12786.908478973863
2024-09-11,2024,2024-09-11 09:21:00-04:00,174.67852213518927,TP,2024-09-11 10:01:00-04:00,40,40.0,12961.587001109052
2024-09-12,2024,2024-09-12 00:34:00-04:00,-150.0,SL,2024-09-12 13:55:00-04:00,801,801.0,12811.587001109052
2024-09-16,2024,2024-09-16 00:00:00-04:00,136.93003387690987,TP,2024-09-16 09:34:00-04:00,569,574.0,12948.517034985962
2024-09-16,2024,2024-09-16 00:00:00-04:00,123.80357043389813,TP,2024-09-16 09:36:00-04:00,571,576.0,13072.32060541986
2024-09-17,2024,2024-09-17 07:52:00-04:00,152.85604036348377,TP,2024-09-17 12:24:00-04:00,272,272.0,13225.176645783344
2024-09-17,2024,2024-09-17 07:52:00-04:00,153.12399127850222,TP,2024-09-17 12:24:00-04:00,272,272.0,13378.300637061846
2024-09-17,2024,2024-09-17 10:45:00-04:00,151.30115923372068,TP,2024-09-17 12:21:00-04:00,96,96.0,13529.601796295567
2024-09-19,2024,2024-09-19 02:25:00-04:00,-150.0,SL,2024-09-19 09:27:00-04:00,422,422.0,13379.601796295567
2024-09-25,2024,2024-09-25 10:15:00-04:00,69.23376077762077,cutoff,2024-09-25 15:00:00-04:00,285,285.0,13448.835557073187
2024-09-26,2024,2024-09-25 20:01:00-04:00,-150.0,SL,2024-09-26 02:05:00-04:00,364,364.0,13298.835557073187
2024-09-30,2024,2024-09-30 07:38:00-04:00,0.0,BE,2024-09-30 10:24:00-04:00,166,166.0,13298.835557073187
2024-10-01,2024,2024-10-01 10:10:00-04:00,0.0,BE,2024-10-01 11:46:00-04:00,96,96.0,13298.835557073187
2024-10-01,2024,2024-10-01 10:10:00-04:00,107.71643125829723,cutoff,2024-10-01 15:00:00-04:00,290,290.0,13406.551988331485
2024-10-04,2024,2024-10-04 08:52:00-04:00,155.5217683513838,TP,2024-10-04 10:00:00-04:00,68,68.0,13562.073756682868
2024-10-14,2024,2024-10-14 06:16:00-04:00,-150.0,SL,2024-10-14 09:56:00-04:00,220,220.0,13412.073756682868
2024-10-25,2024,2024-10-25 09:43:00-04:00,55.714439891780785,cutoff,2024-10-25 15:00:00-04:00,317,317.0,13467.78819657465
2024-10-25,2024,2024-10-25 09:46:00-04:00,151.2650993486859,TP,2024-10-25 14:11:00-04:00,265,265.0,13619.053295923335
2024-10-25,2024,2024-10-25 10:00:00-04:00,160.74292141081605,TP,2024-10-25 13:42:00-04:00,222,222.0,13779.796217334151
2024-10-25,2024,2024-10-25 10:22:00-04:00,166.52589030311356,TP,2024-10-25 13:35:00-04:00,193,193.0,13946.322107637265
2024-10-31,2024,2024-10-31 02:48:00-04:00,-150.0,SL,2024-10-31 09:48:00-04:00,420,420.0,13796.322107637265
2024-11-06,2024,2024-11-05 21:09:00-05:00,-150.0,SL,2024-11-05 21:48:00-05:00,39,39.0,13646.322107637265
2024-11-07,2024,2024-11-07 08:10:00-05:00,-150.0,SL,2024-11-07 10:47:00-05:00,157,157.0,13496.322107637265
2024-11-15,2024,2024-11-14 20:07:00-05:00,0.0,BE,2024-11-14 21:45:00-05:00,98,98.0,13496.322107637265
2024-11-15,2024,2024-11-14 20:11:00-05:00,0.0,BE,2024-11-14 23:16:00-05:00,185,185.0,13496.322107637265
2024-11-15,2024,2024-11-15 03:24:00-05:00,0.0,BE,2024-11-15 08:30:00-05:00,306,306.0,13496.322107637265
2024-11-20,2024,2024-11-20 03:22:00-05:00,162.99525435004762,TP,2024-11-20 09:38:00-05:00,376,376.0,13659.317361987312
2024-11-25,2024,2024-11-25 08:45:00-05:00,151.91192193572715,TP,2024-11-25 12:15:00-05:00,210,210.0,13811.22928392304
2024-11-25,2024,2024-11-25 09:16:00-05:00,172.33280563000153,TP,2024-11-25 10:12:00-05:00,56,56.0,13983.562089553041
2024-11-25,2024,2024-11-25 09:39:00-05:00,157.68471260719525,TP,2024-11-25 10:02:00-05:00,23,23.0,14141.246802160236
2024-11-27,2024,2024-11-27 10:37:00-05:00,55.009462181053095,cutoff,2024-11-27 15:00:00-05:00,263,263.0,14196.25626434129
2024-12-02,2024,2024-12-02 08:11:00-05:00,-150.0,SL,2024-12-02 10:00:00-05:00,109,109.0,14046.25626434129
2024-12-04,2024,2024-12-03 23:56:00-05:00,-0.0,BE,2024-12-04 01:58:00-05:00,122,122.0,14046.25626434129
2024-12-04,2024,2024-12-04 00:38:00-05:00,-0.0,BE,2024-12-04 03:35:00-05:00,177,177.0,14046.25626434129
2024-12-04,2024,2024-12-04 03:35:00-05:00,-140.42678991055436,cutoff,2024-12-04 15:00:00-05:00,685,685.0,13905.829474430735
2024-12-06,2024,2024-12-06 09:49:00-05:00,-32.23119325057269,cutoff,2024-12-06 15:00:00-05:00,311,311.0,13873.598281180162
2024-12-09,2024,2024-12-09 02:36:00-05:00,57.030920669865736,TP,2024-12-09 04:54:00-05:00,138,138.0,13930.629201850028
2024-12-13,2024,2024-12-13 09:43:00-05:00,152.59111027698236,TP,2024-12-13 10:54:00-05:00,71,71.0,14083.22031212701
2024-12-13,2024,2024-12-13 09:43:00-05:00,157.00941044215142,TP,2024-12-13 10:54:00-05:00,71,71.0,14240.229722569162
2024-12-20,2024,2024-12-19 19:16:00-05:00,-150.0,SL,2024-12-20 04:07:00-05:00,531,531.0,14090.229722569162
2024-12-24,2024,2024-12-24 10:01:00-05:00,-132.58185796129692,cutoff,2024-12-24 13:14:00-05:00,193,193.0,13957.647864607865
2024-12-26,2024,2024-12-25 22:23:00-05:00,144.78009018564626,TP,2024-12-26 03:33:00-05:00,309,310.0,14102.427954793511
2024-12-27,2024,2024-12-27 09:39:00-05:00,-150.0,SL,2024-12-27 10:11:00-05:00,32,32.0,13952.427954793511
2024-12-30,2024,2024-12-30 08:54:00-05:00,150.27648320807566,TP,2024-12-30 12:29:00-05:00,215,215.0,14102.704438001587
2024-12-30,2024,2024-12-30 10:00:00-05:00,150.79314203870308,TP,2024-12-30 11:37:00-05:00,97,97.0,14253.49758004029
2025-01-06,2025,2025-01-06 03:47:00-05:00,-91.875,SL,2025-01-06 06:24:00-05:00,157,157.0,14161.62258004029
2025-01-07,2025,2025-01-07 10:32:00-05:00,0.0,BE,2025-01-07 11:35:00-05:00,63,63.0,14161.62258004029
2025-01-10,2025,2025-01-10 08:35:00-05:00,0.0,BE,2025-01-10 09:47:00-05:00,72,72.0,14161.62258004029
2025-01-10,2025,2025-01-10 09:48:00-05:00,0.0,BE,2025-01-10 10:34:00-05:00,46,46.0,14161.62258004029
2025-01-10,2025,2025-01-10 10:01:00-05:00,0.0,BE,2025-01-10 11:00:00-05:00,59,59.0,14161.62258004029
2025-01-13,2025,2025-01-13 03:42:00-05:00,76.87786490859799,cutoff,2025-01-13 15:00:00-05:00,678,678.0,14238.500444948888
2025-01-13,2025,2025-01-13 04:04:00-05:00,174.00745261229167,cutoff,2025-01-13 15:00:00-05:00,656,656.0,14412.50789756118
2025-01-15,2025,2025-01-15 10:00:00-05:00,-153.53903564282518,cutoff,2025-01-15 15:00:00-05:00,300,300.0,14258.968861918354
2025-01-16,2025,2025-01-16 02:30:00-05:00,-0.0,BE,2025-01-16 03:16:00-05:00,46,46.0,14258.968861918354
2025-01-17,2025,2025-01-17 09:12:00-05:00,-0.0,BE,2025-01-17 11:21:00-05:00,129,129.0,14258.968861918354
2025-01-17,2025,2025-01-17 09:26:00-05:00,-0.0,BE,2025-01-17 11:25:00-05:00,119,119.0,14258.968861918354
2025-01-20,2025,2025-01-20 09:26:00-05:00,-0.0,BE,2025-01-20 10:13:00-05:00,47,47.0,14258.968861918354
2025-01-21,2025,2025-01-20 19:53:00-05:00,510.3268103002338,TP,2025-01-21 13:14:00-05:00,1041,1041.0,14769.295672218588
2025-01-22,2025,2025-01-22 03:47:00-05:00,-66.25,SL,2025-01-22 09:31:00-05:00,344,344.0,14703.045672218588
2025-01-24,2025,2025-01-24 09:53:00-05:00,230.607099461522,TP,2025-01-24 14:10:00-05:00,257,257.0,14933.65277168011
2025-01-27,2025,2025-01-27 01:37:00-05:00,-239.375,SL,2025-01-27 05:02:00-05:00,205,205.0,14694.27777168011
2025-01-30,2025,2025-01-30 09:49:00-05:00,263.8717370551167,TP,2025-01-30 11:00:00-05:00,71,71.0,14958.149508735227
2025-01-31,2025,2025-01-31 09:31:00-05:00,-132.5,SL,2025-01-31 10:58:00-05:00,87,87.0,14825.649508735227
2025-02-06,2025,2025-02-06 10:12:00-05:00,-0.0,BE,2025-02-06 13:24:00-05:00,192,192.0,14825.649508735227
2025-02-12,2025,2025-02-12 08:36:00-05:00,0.0,BE,2025-02-12 09:31:00-05:00,55,55.0,14825.649508735227
2025-02-13,2025,2025-02-13 10:20:00-05:00,-78.15793912611844,cutoff,2025-02-13 15:00:00-05:00,280,280.0,14747.491569609108
2025-02-14,2025,2025-02-14 02:16:00-05:00,111.05530848586204,TP,2025-02-14 06:46:00-05:00,270,270.0,14858.54687809497
2025-02-17,2025,2025-02-16 20:36:00-05:00,30.54398226860212,cutoff,2025-02-17 12:59:00-05:00,983,983.0,14889.090860363573
2025-02-18,2025,2025-02-18 02:07:00-05:00,-0.0,BE,2025-02-18 02:58:00-05:00,51,51.0,14889.090860363573
2025-02-20,2025,2025-02-20 09:53:00-05:00,-131.25,SL,2025-02-20 10:00:00-05:00,7,7.0,14757.840860363573
2025-02-24,2025,2025-02-24 09:53:00-05:00,-115.0,SL,2025-02-24 10:03:00-05:00,10,10.0,14642.840860363573
2025-02-25,2025,2025-02-25 02:53:00-05:00,0.0,BE,2025-02-25 04:00:00-05:00,67,67.0,14642.840860363573
2025-02-25,2025,2025-02-25 05:51:00-05:00,0.0,BE,2025-02-25 09:47:00-05:00,236,236.0,14642.840860363573
2025-02-25,2025,2025-02-25 09:52:00-05:00,-295.0,SL,2025-02-25 10:18:00-05:00,26,26.0,14347.840860363573
2025-02-27,2025,2025-02-27 10:00:00-05:00,0.0,BE,2025-02-27 14:17:00-05:00,257,257.0,14347.840860363573
2025-03-04,2025,2025-03-04 10:00:00-05:00,0.0,BE,2025-03-04 10:46:00-05:00,46,46.0,14347.840860363573
2025-03-07,2025,2025-03-07 10:32:00-05:00,264.49766743796135,TP,2025-03-07 14:21:00-05:00,229,229.0,14612.338527801534
2025-03-10,2025,2025-03-10 10:02:00-04:00,-250.0,SL,2025-03-10 13:10:00-04:00,188,188.0,14362.338527801534
2025-03-13,2025,2025-03-13 10:00:00-04:00,0.0,BE,2025-03-13 11:35:00-04:00,95,95.0,14362.338527801534
2025-03-17,2025,2025-03-17 09:40:00-04:00,-0.0,BE,2025-03-17 13:50:00-04:00,250,250.0,14362.338527801534
2025-03-24,2025,2025-03-24 04:09:00-04:00,-162.5,SL,2025-03-24 09:38:00-04:00,329,329.0,14199.838527801534
2025-03-25,2025,2025-03-25 08:31:00-04:00,-0.0,BE,2025-03-25 10:00:00-04:00,89,89.0,14199.838527801534
2025-03-28,2025,2025-03-28 10:12:00-04:00,-250.0,SL,2025-03-28 13:00:00-04:00,168,168.0,13949.838527801534
2025-03-31,2025,2025-03-30 20:20:00-04:00,0.0,BE,2025-03-31 07:25:00-04:00,665,665.0,13949.838527801534
2025-03-31,2025,2025-03-31 07:32:00-04:00,0.0,BE,2025-03-31 09:31:00-04:00,119,119.0,13949.838527801534
2025-03-31,2025,2025-03-31 09:44:00-04:00,251.7636167359742,TP,2025-03-31 11:54:00-04:00,130,130.0,14201.602144537508
2025-04-03,2025,2025-04-03 10:49:00-04:00,0.0,BE,2025-04-03 14:11:00-04:00,202,202.0,14201.602144537508
2025-04-04,2025,2025-04-04 10:50:00-04:00,346.3790412476337,TP,2025-04-04 11:02:00-04:00,12,12.0,14547.981185785142
2025-04-16,2025,2025-04-15 20:13:00-04:00,-172.5,SL,2025-04-16 01:28:00-04:00,315,315.0,14375.481185785142
2025-04-21,2025,2025-04-21 09:56:00-04:00,-285.0,SL,2025-04-21 10:18:00-04:00,22,22.0,14090.481185785142
2025-04-23,2025,2025-04-23 04:40:00-04:00,-0.0,BE,2025-04-23 06:03:00-04:00,83,83.0,14090.481185785142
2025-04-23,2025,2025-04-23 07:05:00-04:00,-0.0,BE,2025-04-23 08:36:00-04:00,91,91.0,14090.481185785142
2025-04-30,2025,2025-04-30 09:39:00-04:00,512.4437494797967,TP,2025-04-30 11:45:00-04:00,126,126.0,14602.924935264939
2025-04-30,2025,2025-04-30 09:58:00-04:00,264.54002017429593,TP,2025-04-30 11:01:00-04:00,63,63.0,14867.464955439234
2025-05-06,2025,2025-05-06 09:51:00-04:00,254.65533365356168,TP,2025-05-06 12:15:00-04:00,144,144.0,15122.120289092796
2025-05-06,2025,2025-05-06 09:55:00-04:00,556.6670747162134,TP,2025-05-06 12:15:00-04:00,140,140.0,15678.78736380901
2025-05-08,2025,2025-05-08 00:41:00-04:00,-0.0,BE,2025-05-08 04:17:00-04:00,216,216.0,15678.78736380901
2025-05-12,2025,2025-05-11 21:07:00-04:00,-0.0,BE,2025-05-11 22:48:00-04:00,101,101.0,15678.78736380901
2025-05-13,2025,2025-05-13 10:17:00-04:00,-91.35490658599883,cutoff,2025-05-13 15:00:00-04:00,283,283.0,15587.43245722301
2025-05-19,2025,2025-05-18 23:41:00-04:00,-99.375,SL,2025-05-19 04:32:00-04:00,291,291.0,15488.05745722301
2025-05-20,2025,2025-05-19 19:32:00-04:00,-0.0,BE,2025-05-19 20:18:00-04:00,46,46.0,15488.05745722301
2025-05-22,2025,2025-05-22 08:16:00-04:00,501.44280867850466,TP,2025-05-22 10:02:00-04:00,106,106.0,15989.500265901515
2025-05-22,2025,2025-05-22 08:16:00-04:00,513.1020564010614,TP,2025-05-22 10:02:00-04:00,106,106.0,16502.602322302577
2025-05-23,2025,2025-05-23 07:43:00-04:00,-116.25,SL,2025-05-23 07:44:00-04:00,1,1.0,16386.352322302577
2025-05-28,2025,2025-05-28 06:54:00-04:00,-0.0,BE,2025-05-28 08:08:00-04:00,74,74.0,16386.352322302577
2025-05-28,2025,2025-05-28 09:39:00-04:00,158.4331886574655,cutoff,2025-05-28 15:00:00-04:00,321,321.0,16544.785510960042
2025-05-29,2025,2025-05-28 19:00:00-04:00,291.2275006413656,TP,2025-05-29 11:58:00-04:00,1018,1018.0,16836.013011601408
2025-05-29,2025,2025-05-28 19:00:00-04:00,285.7712854309211,TP,2025-05-29 11:59:00-04:00,1019,1019.0,17121.78429703233
2025-05-29,2025,2025-05-28 19:00:00-04:00,279.80588287719,TP,2025-05-29 11:58:00-04:00,1018,1018.0,17401.59017990952
2025-05-29,2025,2025-05-28 19:01:00-04:00,253.92615650389052,TP,2025-05-29 10:20:00-04:00,919,919.0,17655.51633641341
2025-05-29,2025,2025-05-28 19:07:00-04:00,271.8900119032551,TP,2025-05-29 10:08:00-04:00,901,901.0,17927.406348316665
2025-05-29,2025,2025-05-28 19:16:00-04:00,-0.0,BE,2025-05-28 20:43:00-04:00,87,87.0,17927.406348316665
2025-05-30,2025,2025-05-30 08:11:00-04:00,0.0,BE,2025-05-30 12:27:00-04:00,256,256.0,17927.406348316665
2025-06-03,2025,2025-06-03 10:03:00-04:00,-0.0,BE,2025-06-03 10:49:00-04:00,46,46.0,17927.406348316665
2025-06-03,2025,2025-06-03 10:51:00-04:00,-144.6660365593998,cutoff,2025-06-03 15:00:00-04:00,249,249.0,17782.740311757265
2025-06-05,2025,2025-06-05 03:27:00-04:00,-106.25,SL,2025-06-05 08:49:00-04:00,322,322.0,17676.490311757265
2025-06-11,2025,2025-06-11 08:30:00-04:00,319.19191195791063,cutoff,2025-06-11 15:00:00-04:00,390,390.0,17995.682223715175
2025-06-11,2025,2025-06-11 08:30:00-04:00,-0.0,BE,2025-06-11 10:36:00-04:00,126,126.0,17995.682223715175
2025-06-11,2025,2025-06-11 08:30:00-04:00,-0.0,BE,2025-06-11 10:36:00-04:00,126,126.0,17995.682223715175
2025-06-11,2025,2025-06-11 08:30:00-04:00,-0.0,BE,2025-06-11 10:34:00-04:00,124,124.0,17995.682223715175
2025-06-11,2025,2025-06-11 08:30:00-04:00,-0.0,BE,2025-06-11 10:55:00-04:00,145,145.0,17995.682223715175
2025-06-12,2025,2025-06-12 04:02:00-04:00,0.0,BE,2025-06-12 07:52:00-04:00,230,230.0,17995.682223715175
2025-06-13,2025,2025-06-12 20:05:00-04:00,52.65708023220941,cutoff,2025-06-13 15:00:00-04:00,1135,1135.0,18048.339303947385
2025-06-13,2025,2025-06-12 20:05:00-04:00,29.40583400799005,cutoff,2025-06-13 15:00:00-04:00,1135,1135.0,18077.745137955375
2025-06-13,2025,2025-06-12 20:32:00-04:00,253.09258874458465,TP,2025-06-13 11:33:00-04:00,901,901.0,18330.83772669996
2025-06-13,2025,2025-06-12 20:32:00-04:00,251.88360238996393,TP,2025-06-13 11:33:00-04:00,901,901.0,18582.721329089924
2025-06-16,2025,2025-06-16 03:07:00-04:00,-130.625,SL,2025-06-16 09:53:00-04:00,406,406.0,18452.096329089924
2025-06-19,2025,2025-06-18 21:04:00-04:00,0.0,BE,2025-06-18 22:02:00-04:00,58,58.0,18452.096329089924
2025-06-19,2025,2025-06-19 09:05:00-04:00,-38.51368658431966,cutoff,2025-06-19 12:59:00-04:00,234,234.0,18413.582642505604
2025-06-20,2025,2025-06-20 08:51:00-04:00,252.01624763870495,TP,2025-06-20 11:02:00-04:00,131,131.0,18665.59889014431
2025-06-24,2025,2025-06-23 19:18:00-04:00,-0.0,BE,2025-06-23 20:07:00-04:00,49,49.0,18665.59889014431
2025-06-24,2025,2025-06-23 19:22:00-04:00,-0.0,BE,2025-06-23 21:12:00-04:00,110,110.0,18665.59889014431
2025-06-24,2025,2025-06-24 01:45:00-04:00,-145.0,SL,2025-06-24 03:06:00-04:00,81,81.0,18520.59889014431
2025-06-25,2025,2025-06-25 09:30:00-04:00,-0.0,BE,2025-06-25 10:45:00-04:00,75,75.0,18520.59889014431
2025-06-27,2025,2025-06-27 02:11:00-04:00,-75.625,SL,2025-06-27 10:03:00-04:00,472,472.0,18444.97389014431
2025-07-03,2025,2025-07-03 09:30:00-04:00,-95.43486888757616,cutoff,2025-07-03 13:14:00-04:00,224,224.0,18349.539021256733
2025-07-15,2025,2025-07-14 21:50:00-04:00,55.18003053194843,TP,2025-07-14 22:26:00-04:00,36,36.0,18404.71905178868
2025-07-15,2025,2025-07-14 21:52:00-04:00,73.99858672231858,TP,2025-07-14 22:17:00-04:00,25,25.0,18478.717638511
2025-07-15,2025,2025-07-14 21:52:00-04:00,72.74049259963795,TP,2025-07-14 22:17:00-04:00,25,25.0,18551.458131110638
2025-07-15,2025,2025-07-15 06:31:00-04:00,-0.0,BE,2025-07-15 07:09:00-04:00,38,38.0,18551.458131110638
2025-07-15,2025,2025-07-15 08:30:00-04:00,-0.0,BE,2025-07-15 09:02:00-04:00,32,32.0,18551.458131110638
2025-07-16,2025,2025-07-16 03:07:00-04:00,140.67527068902564,TP,2025-07-16 08:31:00-04:00,324,324.0,18692.133401799663
2025-07-18,2025,2025-07-18 09:28:00-04:00,47.330634039353754,TP,2025-07-18 09:31:00-04:00,3,3.0,18739.464035839017
2025-07-21,2025,2025-07-21 09:39:00-04:00,-58.79127592092118,cutoff,2025-07-21 15:00:00-04:00,321,321.0,18680.672759918096
2025-07-25,2025,2025-07-24 21:43:00-04:00,54.55027068902564,TP,2025-07-25 03:17:00-04:00,334,334.0,18735.22303060712
2025-07-28,2025,2025-07-28 01:53:00-04:00,51.39852130270447,TP,2025-07-28 05:25:00-04:00,212,212.0,18786.621551909826
2025-07-28,2025,2025-07-28 01:54:00-04:00,54.84823492010037,TP,2025-07-28 05:25:00-04:00,211,211.0,18841.469786829926
2025-07-29,2025,2025-07-29 03:46:00-04:00,-40.5,SL,2025-07-29 09:33:00-04:00,347,347.0,18800.969786829926
2025-07-31,2025,2025-07-31 03:41:00-04:00,66.43409885947767,TP,2025-07-31 07:45:00-04:00,244,244.0,18867.403885689404
2025-08-01,2025,2025-08-01 03:36:00-04:00,0.0,BE,2025-08-01 04:07:00-04:00,31,31.0,18867.403885689404
2025-08-01,2025,2025-08-01 03:51:00-04:00,-123.0,SL,2025-08-01 09:33:00-04:00,342,342.0,18744.403885689404
2025-08-05,2025,2025-08-05 08:14:00-04:00,190.09557342517655,TP,2025-08-05 09:31:00-04:00,77,77.0,18934.49945911458
2025-08-07,2025,2025-08-07 05:56:00-04:00,353.22775682008796,TP,2025-08-07 12:41:00-04:00,405,405.0,19287.72721593467
2025-08-13,2025,2025-08-12 19:49:00-04:00,44.18508415140968,TP,2025-08-12 22:03:00-04:00,134,134.0,19331.912300086078
2025-08-13,2025,2025-08-13 08:36:00-04:00,52.030307301589346,TP,2025-08-13 10:25:00-04:00,109,109.0,19383.942607387668
2025-08-15,2025,2025-08-15 09:49:00-04:00,89.66808522386054,TP,2025-08-15 10:15:00-04:00,26,26.0,19473.610692611528
2025-08-19,2025,2025-08-19 09:47:00-04:00,0.0,BE,2025-08-19 10:28:00-04:00,41,41.0,19473.610692611528
2025-08-19,2025,2025-08-19 10:28:00-04:00,-176.84442981908796,cutoff,2025-08-19 15:00:00-04:00,272,272.0,19296.76626279244
2025-08-20,2025,2025-08-20 09:45:00-04:00,-238.5,SL,2025-08-20 09:53:00-04:00,8,8.0,19058.26626279244
2025-08-22,2025,2025-08-22 10:08:00-04:00,-21.840778657686315,cutoff,2025-08-22 15:00:00-04:00,292,292.0,19036.425484134754
2025-08-28,2025,2025-08-28 09:31:00-04:00,151.83941720804796,TP,2025-08-28 09:57:00-04:00,26,26.0,19188.2649013428
2025-08-28,2025,2025-08-28 09:33:00-04:00,146.19228447243222,TP,2025-08-28 09:53:00-04:00,20,20.0,19334.457185815234
2025-09-02,2025,2025-09-02 03:42:00-04:00,-122.25,SL,2025-09-02 06:42:00-04:00,180,180.0,19212.207185815234
2025-09-03,2025,2025-09-03 10:34:00-04:00,144.0529437332916,cutoff,2025-09-03 15:00:00-04:00,266,266.0,19356.260129548526
2025-09-05,2025,2025-09-05 00:25:00-04:00,-0.0,BE,2025-09-05 01:16:00-04:00,51,51.0,19356.260129548526
2025-09-05,2025,2025-09-05 08:35:00-04:00,90.97845614905964,TP,2025-09-05 10:15:00-04:00,100,100.0,19447.238585697585
2025-09-10,2025,2025-09-10 01:30:00-04:00,-0.0,BE,2025-09-10 02:14:00-04:00,44,44.0,19447.238585697585
2025-09-10,2025,2025-09-10 02:22:00-04:00,-0.0,BE,2025-09-10 02:53:00-04:00,31,31.0,19447.238585697585
2025-09-10,2025,2025-09-10 08:30:00-04:00,101.57775337583371,TP,2025-09-10 09:31:00-04:00,61,61.0,19548.81633907342
2025-09-10,2025,2025-09-10 08:30:00-04:00,99.67526747663942,TP,2025-09-10 09:31:00-04:00,61,61.0,19648.49160655006
2025-09-10,2025,2025-09-10 08:30:00-04:00,80.3119885629203,TP,2025-09-10 09:46:00-04:00,76,76.0,19728.80359511298
2025-09-10,2025,2025-09-10 08:30:00-04:00,88.6377046854468,TP,2025-09-10 09:52:00-04:00,82,82.0,19817.441299798425
2025-09-15,2025,2025-09-15 00:00:00-04:00,-43.5,SL,2025-09-15 00:01:00-04:00,1,1.0,19773.941299798425
2025-09-18,2025,2025-09-18 03:55:00-04:00,-117.75,SL,2025-09-18 10:27:00-04:00,392,392.0,19656.191299798425
2025-09-25,2025,2025-09-25 07:58:00-04:00,0.0,BE,2025-09-25 08:30:00-04:00,32,32.0,19656.191299798425
2025-09-25,2025,2025-09-25 07:58:00-04:00,0.0,BE,2025-09-25 08:30:00-04:00,32,32.0,19656.191299798425
2025-09-25,2025,2025-09-25 09:09:00-04:00,86.78612658762722,cutoff,2025-09-25 15:00:00-04:00,351,351.0,19742.977426386053
2025-09-29,2025,2025-09-29 05:28:00-04:00,-0.0,BE,2025-09-29 06:22:00-04:00,54,54.0,19742.977426386053
2025-10-02,2025,2025-10-01 20:50:00-04:00,-77.25,SL,2025-10-02 07:32:00-04:00,642,642.0,19665.727426386053
2025-10-06,2025,2025-10-06 08:10:00-04:00,-0.0,BE,2025-10-06 09:30:00-04:00,80,80.0,19665.727426386053
2025-10-09,2025,2025-10-08 19:17:00-04:00,69.50666616942908,TP,2025-10-08 21:34:00-04:00,137,137.0,19735.23409255548
2025-10-14,2025,2025-10-14 09:43:00-04:00,515.9372820938879,TP,2025-10-14 10:25:00-04:00,42,42.0,20251.17137464937
2025-10-15,2025,2025-10-15 10:04:00-04:00,282.0485813837404,TP,2025-10-15 13:10:00-04:00,186,186.0,20533.21995603311
2025-10-17,2025,2025-10-17 01:43:00-04:00,0.0,BE,2025-10-17 02:36:00-04:00,53,53.0,20533.21995603311
2025-10-20,2025,2025-10-20 09:32:00-04:00,-135.78135895305604,cutoff,2025-10-20 15:00:00-04:00,328,328.0,20397.438597080054
2025-10-21,2025,2025-10-20 22:30:00-04:00,71.04683763212961,TP,2025-10-21 00:57:00-04:00,147,147.0,20468.485434712184
2025-10-24,2025,2025-10-24 05:37:00-04:00,-0.0,BE,2025-10-24 06:13:00-04:00,36,36.0,20468.485434712184
2025-10-24,2025,2025-10-24 08:30:00-04:00,-69.75,SL,2025-10-24 08:31:00-04:00,1,1.0,20398.735434712184
2025-10-27,2025,2025-10-26 23:20:00-04:00,-0.0,BE,2025-10-27 01:05:00-04:00,105,105.0,20398.735434712184
2025-10-28,2025,2025-10-28 09:31:00-04:00,-0.0,BE,2025-10-28 12:02:00-04:00,151,151.0,20398.735434712184
2025-10-29,2025,2025-10-29 04:03:00-04:00,-0.0,BE,2025-10-29 09:55:00-04:00,352,352.0,20398.735434712184
2025-10-30,2025,2025-10-30 09:36:00-04:00,0.0,BE,2025-10-30 10:24:00-04:00,48,48.0,20398.735434712184
2025-11-04,2025,2025-11-04 00:40:00-05:00,-217.5,SL,2025-11-04 01:30:00-05:00,50,50.0,20181.235434712184
2025-11-05,2025,2025-11-04 20:01:00-05:00,237.73267308677168,TP,2025-11-05 09:48:00-05:00,827,827.0,20418.968107798955
2025-11-07,2025,2025-11-06 23:02:00-05:00,0.0,BE,2025-11-07 05:24:00-05:00,382,382.0,20418.968107798955
2025-11-07,2025,2025-11-06 23:02:00-05:00,0.0,BE,2025-11-07 06:08:00-05:00,426,426.0,20418.968107798955
2025-11-07,2025,2025-11-06 23:02:00-05:00,0.0,BE,2025-11-07 05:24:00-05:00,382,382.0,20418.968107798955
2025-11-10,2025,2025-11-09 22:02:00-05:00,-240.0,SL,2025-11-10 09:31:00-05:00,689,689.0,20178.968107798955
2025-11-13,2025,2025-11-13 09:40:00-05:00,0.0,BE,2025-11-13 10:34:00-05:00,54,54.0,20178.968107798955
2025-11-13,2025,2025-11-13 09:44:00-05:00,0.0,BE,2025-11-13 10:37:00-05:00,53,53.0,20178.968107798955
2025-11-13,2025,2025-11-13 10:49:00-05:00,-166.4746322787105,cutoff,2025-11-13 15:00:00-05:00,251,251.0,20012.493475520245
2025-11-14,2025,2025-11-14 07:39:00-05:00,0.0,BE,2025-11-14 08:21:00-05:00,42,42.0,20012.493475520245
2025-11-14,2025,2025-11-14 09:32:00-05:00,525.1983354393014,TP,2025-11-14 09:49:00-05:00,17,17.0,20537.691810959546
2025-11-17,2025,2025-11-17 02:23:00-05:00,109.16495881189257,TP,2025-11-17 05:31:00-05:00,188,188.0,20646.85676977144
2025-11-18,2025,2025-11-18 09:52:00-05:00,185.99170014674746,TP,2025-11-18 12:57:00-05:00,185,185.0,20832.848469918186
2025-11-20,2025,2025-11-20 08:31:00-05:00,223.67519500719936,TP,2025-11-20 11:13:00-05:00,162,162.0,21056.523664925386
2025-11-20,2025,2025-11-20 09:56:00-05:00,-0.0,BE,2025-11-20 10:36:00-05:00,40,40.0,21056.523664925386
2025-11-24,2025,2025-11-24 09:35:00-05:00,-219.0,SL,2025-11-24 12:38:00-05:00,183,183.0,20837.523664925386
2025-11-26,2025,2025-11-26 09:30:00-05:00,-0.0,BE,2025-11-26 10:39:00-05:00,69,69.0,20837.523664925386
2025-12-02,2025,2025-12-02 09:39:00-05:00,83.33457932310921,TP,2025-12-02 11:14:00-05:00,95,95.0,20920.858244248495
2025-12-02,2025,2025-12-02 09:39:00-05:00,82.37300268881881,TP,2025-12-02 11:14:00-05:00,95,95.0,21003.231246937314
2025-12-02,2025,2025-12-02 10:01:00-05:00,-0.0,BE,2025-12-02 10:48:00-05:00,47,47.0,21003.231246937314
2025-12-05,2025,2025-12-05 10:00:00-05:00,142.45925750315655,cutoff,2025-12-05 15:00:00-05:00,300,300.0,21145.69050444047
2025-12-05,2025,2025-12-05 10:03:00-05:00,82.30849800927535,cutoff,2025-12-05 15:00:00-05:00,297,297.0,21227.999002449746
2025-12-11,2025,2025-12-10 22:07:00-05:00,255.35142874338635,TP,2025-12-11 07:32:00-05:00,565,565.0,21483.350431193132
2025-12-11,2025,2025-12-10 22:09:00-05:00,253.8820028936243,TP,2025-12-11 07:13:00-05:00,544,544.0,21737.232434086756
2025-12-12,2025,2025-12-12 10:26:00-05:00,-122.62266841923702,cutoff,2025-12-12 15:00:00-05:00,274,274.0,21614.60976566752
2025-12-16,2025,2025-12-16 02:37:00-05:00,154.58320513620856,TP,2025-12-16 03:18:00-05:00,41,41.0,21769.192970803728
2025-12-16,2025,2025-12-16 02:38:00-05:00,73.23881306865223,TP,2025-12-16 03:15:00-05:00,37,37.0,21842.43178387238
2025-12-16,2025,2025-12-16 02:38:00-05:00,73.24697403022219,TP,2025-12-16 03:15:00-05:00,37,37.0,21915.678757902602
2025-12-17,2025,2025-12-17 10:52:00-05:00,-107.3813558302536,cutoff,2025-12-17 15:00:00-05:00,248,248.0,21808.29740207235
2025-12-19,2025,2025-12-19 10:00:00-05:00,46.53406369475124,cutoff,2025-12-19 15:00:00-05:00,300,300.0,21854.8314657671
2025-12-22,2025,2025-12-22 04:40:00-05:00,-0.0,BE,2025-12-22 07:10:00-05:00,150,150.0,21854.8314657671
2025-12-22,2025,2025-12-22 09:31:00-05:00,99.26530449349593,TP,2025-12-22 09:34:00-05:00,3,3.0,21954.096770260596
2025-12-26,2025,2025-12-25 19:13:00-05:00,-0.0,BE,2025-12-25 20:00:00-05:00,47,47.0,21954.096770260596
2025-12-26,2025,2025-12-26 08:40:00-05:00,-0.0,BE,2025-12-26 09:36:00-05:00,56,56.0,21954.096770260596
2025-12-26,2025,2025-12-26 09:36:00-05:00,83.72207213260117,TP,2025-12-26 10:03:00-05:00,27,27.0,22037.818842393197
2025-12-31,2025,2025-12-30 20:00:00-05:00,0.0,BE,2025-12-31 00:53:00-05:00,293,293.0,22037.818842393197
2026-01-02,2026,2026-01-02 10:57:00-05:00,-3.77792786739883,cutoff,2026-01-02 15:00:00-05:00,243,243.0,22034.040914525798
