sess_date,year,touched_at,pnl,exit,exit_time,bars_held,hold_min,cum_pnl
2019-01-03,2019,2019-01-03 10:37:00-05:00,6.687958243557659,cutoff,2019-01-03 15:00:00-05:00,263,263.0,6.687958243557659
2019-01-07,2019,2019-01-06 19:03:00-05:00,-0.0,BE,2019-01-07 02:20:00-05:00,437,437.0,6.687958243557659
2019-01-07,2019,2019-01-06 19:03:00-05:00,-0.0,BE,2019-01-06 23:13:00-05:00,250,250.0,6.687958243557659
2019-01-07,2019,2019-01-06 19:03:00-05:00,-0.0,BE,2019-01-07 10:35:00-05:00,932,932.0,6.687958243557659
2019-01-07,2019,2019-01-06 19:19:00-05:00,47.18795824355766,TP,2019-01-07 05:02:00-05:00,583,583.0,53.87591648711532
2019-01-15,2019,2019-01-15 00:56:00-05:00,13.704769945700718,TP,2019-01-15 02:42:00-05:00,106,106.0,67.58068643281604
2019-01-15,2019,2019-01-15 10:00:00-05:00,-0.717113159174005,cutoff,2019-01-15 15:00:00-05:00,300,300.0,66.86357327364203
2019-01-25,2019,2019-01-25 10:44:00-05:00,7.371282286143469,cutoff,2019-01-25 15:00:00-05:00,256,256.0,74.2348555597855
2019-01-28,2019,2019-01-28 09:33:00-05:00,6.158995553429577,cutoff,2019-01-28 15:00:00-05:00,327,327.0,80.39385111321508
2019-01-31,2019,2019-01-30 22:17:00-05:00,-0.0,BE,2019-01-31 03:28:00-05:00,311,311.0,80.39385111321508
2019-02-01,2019,2019-02-01 10:22:00-05:00,33.061892363423794,cutoff,2019-02-01 15:00:00-05:00,278,278.0,113.45574347663887
2019-02-05,2019,2019-02-05 06:13:00-05:00,-0.0,BE,2019-02-05 09:16:00-05:00,183,183.0,113.45574347663887
2019-02-05,2019,2019-02-05 10:56:00-05:00,4.164484944339165,cutoff,2019-02-05 15:00:00-05:00,244,244.0,117.62022842097804
2019-02-07,2019,2019-02-07 09:41:00-05:00,-27.0,SL,2019-02-07 11:30:00-05:00,109,109.0,90.62022842097804
2019-02-11,2019,2019-02-11 03:56:00-05:00,-0.0,BE,2019-02-11 08:05:00-05:00,249,249.0,90.62022842097804
2019-02-12,2019,2019-02-12 10:58:00-05:00,-14.459959278892711,cutoff,2019-02-12 15:00:00-05:00,242,242.0,76.16026914208533
2019-02-13,2019,2019-02-12 19:12:00-05:00,-21.375,SL,2019-02-13 09:40:00-05:00,868,868.0,54.785269142085326
2019-02-14,2019,2019-02-14 09:46:00-05:00,19.689269088722995,cutoff,2019-02-14 15:00:00-05:00,314,314.0,74.47453823080832
2019-02-15,2019,2019-02-15 09:28:00-05:00,-3.0354251966000447,cutoff,2019-02-15 15:00:00-05:00,332,332.0,71.43911303420828
2019-02-21,2019,2019-02-20 22:20:00-05:00,-0.0,BE,2019-02-21 02:27:00-05:00,247,247.0,71.43911303420828
2019-02-21,2019,2019-02-20 22:38:00-05:00,55.55727714310615,cutoff,2019-02-21 15:00:00-05:00,982,982.0,126.99639017731442
2019-02-25,2019,2019-02-25 05:54:00-05:00,-12.375,SL,2019-02-25 09:39:00-05:00,225,225.0,114.62139017731442
2019-02-26,2019,2019-02-25 20:30:00-05:00,26.663381385626963,TP,2019-02-26 11:17:00-05:00,887,887.0,141.2847715629414
2019-03-07,2019,2019-03-07 02:24:00-05:00,9.601953785843762,TP,2019-03-07 07:13:00-05:00,289,289.0,150.88672534878515
2019-03-07,2019,2019-03-07 09:37:00-05:00,-36.0,SL,2019-03-07 10:20:00-05:00,43,43.0,114.88672534878515
2019-03-11,2019,2019-03-11 03:53:00-04:00,-0.0,BE,2019-03-11 07:38:00-04:00,225,225.0,114.88672534878515
2019-03-13,2019,2019-03-13 10:15:00-04:00,-10.898046214156238,cutoff,2019-03-13 15:00:00-04:00,285,285.0,103.98867913462891
2019-03-18,2019,2019-03-18 10:10:00-04:00,8.010315870963495,cutoff,2019-03-18 15:00:00-04:00,290,290.0,111.9989950055924
2019-03-25,2019,2019-03-24 20:37:00-04:00,-15.75,SL,2019-03-24 21:02:00-04:00,25,25.0,96.2489950055924
2019-03-29,2019,2019-03-29 09:30:00-04:00,-0.0,BE,2019-03-29 14:53:00-04:00,323,323.0,96.2489950055924
2019-04-01,2019,2019-03-31 20:07:00-04:00,-18.0,SL,2019-04-01 13:00:00-04:00,1013,1013.0,78.2489950055924
2019-04-03,2019,2019-04-02 20:47:00-04:00,-3.9375,SL,2019-04-02 20:57:00-04:00,10,10.0,74.3114950055924
2019-04-05,2019,2019-04-05 08:30:00-04:00,-7.1683477107399085,cutoff,2019-04-05 15:00:00-04:00,390,390.0,67.1431472948525
2019-04-12,2019,2019-04-12 04:33:00-04:00,-11.25,SL,2019-04-12 07:11:00-04:00,158,158.0,55.8931472948525
2019-04-16,2019,2019-04-16 01:26:00-04:00,-2.25,SL,2019-04-16 03:48:00-04:00,142,142.0,53.6431472948525
2019-04-18,2019,2019-04-18 03:51:00-04:00,35.62946031830779,TP,2019-04-18 08:31:00-04:00,280,280.0,89.27260761316029
2019-04-18,2019,2019-04-18 04:00:00-04:00,39.909792279047906,cutoff,2019-04-18 15:00:00-04:00,660,660.0,129.1823998922082
2019-04-18,2019,2019-04-18 04:00:00-04:00,39.13696056758636,cutoff,2019-04-18 15:00:00-04:00,660,660.0,168.31936045979455
2019-04-23,2019,2019-04-23 10:29:00-04:00,-15.1875,SL,2019-04-23 12:05:00-04:00,96,96.0,153.13186045979455
2019-04-25,2019,2019-04-25 10:14:00-04:00,17.74072102492437,cutoff,2019-04-25 15:00:00-04:00,286,286.0,170.87258148471892
2019-04-29,2019,2019-04-29 04:12:00-04:00,-0.0,BE,2019-04-29 09:44:00-04:00,332,332.0,170.87258148471892
2019-05-01,2019,2019-04-30 22:17:00-04:00,25.393861556362936,TP,2019-05-01 10:01:00-04:00,694,704.0,196.26644304108186
2019-05-09,2019,2019-05-09 09:49:00-04:00,32.157923613521234,cutoff,2019-05-09 15:00:00-04:00,311,311.0,228.4243666546031
2019-05-13,2019,2019-05-13 10:01:00-04:00,4.445562850318311,cutoff,2019-05-13 15:00:00-04:00,299,299.0,232.8699295049214
2019-05-13,2019,2019-05-13 10:05:00-04:00,19.486025875148698,cutoff,2019-05-13 15:00:00-04:00,295,295.0,252.3559553800701
2019-05-16,2019,2019-05-16 06:09:00-04:00,-22.5,SL,2019-05-16 09:48:00-04:00,219,219.0,229.8559553800701
2019-05-23,2019,2019-05-23 03:07:00-04:00,-29.25,SL,2019-05-23 09:41:00-04:00,394,394.0,200.6059553800701
2019-05-29,2019,2019-05-28 20:12:00-04:00,-16.875,SL,2019-05-29 02:20:00-04:00,368,368.0,183.7309553800701
2019-05-31,2019,2019-05-30 19:59:00-04:00,22.063035250333087,TP,2019-05-30 23:53:00-04:00,234,234.0,205.7939906304032
2019-05-31,2019,2019-05-31 05:25:00-04:00,-1.0542091150273336,cutoff,2019-05-31 15:00:00-04:00,575,575.0,204.73978151537585
2019-06-03,2019,2019-06-03 03:47:00-04:00,17.20073635868539,TP,2019-06-03 08:49:00-04:00,302,302.0,221.94051787406124
2019-06-05,2019,2019-06-05 03:55:00-04:00,-7.875,SL,2019-06-05 06:12:00-04:00,137,137.0,214.06551787406124
2019-06-07,2019,2019-06-07 06:30:00-04:00,19.21703761707886,TP,2019-06-07 08:37:00-04:00,127,127.0,233.2825554911401
2019-06-07,2019,2019-06-07 06:54:00-04:00,20.589802799191602,TP,2019-06-07 08:37:00-04:00,103,103.0,253.8723582903317
2019-06-07,2019,2019-06-07 08:50:00-04:00,-11.25,SL,2019-06-07 09:39:00-04:00,49,49.0,242.6223582903317
2019-06-12,2019,2019-06-12 05:40:00-04:00,0.0,BE,2019-06-12 11:38:00-04:00,358,358.0,242.6223582903317
2019-06-13,2019,2019-06-12 22:10:00-04:00,20.207804654442498,cutoff,2019-06-13 15:00:00-04:00,1010,1010.0,262.8301629447742
2019-06-18,2019,2019-06-18 06:46:00-04:00,-15.75,SL,2019-06-18 09:39:00-04:00,173,173.0,247.0801629447742
2019-06-20,2019,2019-06-20 02:09:00-04:00,-10.125,SL,2019-06-20 03:18:00-04:00,69,69.0,236.9551629447742
2019-07-01,2019,2019-07-01 03:02:00-04:00,-0.0,BE,2019-07-01 06:23:00-04:00,201,201.0,236.9551629447742
2019-07-03,2019,2019-07-03 03:33:00-04:00,-2.1875,SL,2019-07-03 04:07:00-04:00,34,34.0,234.7676629447742
2019-07-05,2019,2019-07-05 08:42:00-04:00,-2.40625,SL,2019-07-05 08:44:00-04:00,2,2.0,232.3614129447742
2019-07-09,2019,2019-07-09 03:50:00-04:00,0.0,BE,2019-07-09 05:11:00-04:00,81,81.0,232.3614129447742
2019-07-10,2019,2019-07-10 08:36:00-04:00,-1.75,SL,2019-07-10 08:50:00-04:00,14,14.0,230.6114129447742
2019-07-17,2019,2019-07-17 10:19:00-04:00,-14.4375,SL,2019-07-17 10:46:00-04:00,27,27.0,216.1739129447742
2019-07-25,2019,2019-07-25 01:12:00-04:00,3.642661816574673,TP,2019-07-25 06:59:00-04:00,347,347.0,219.81657476134887
2019-07-25,2019,2019-07-25 01:14:00-04:00,-0.0,BE,2019-07-25 02:15:00-04:00,61,61.0,219.81657476134887
2019-07-25,2019,2019-07-25 07:57:00-04:00,18.127769180700398,TP,2019-07-25 10:03:00-04:00,126,126.0,237.94434394204927
2019-07-25,2019,2019-07-25 07:57:00-04:00,17.590146389169604,TP,2019-07-25 10:03:00-04:00,126,126.0,255.53449033121888
2019-08-05,2019,2019-08-04 22:29:00-04:00,-74.8125,SL,2019-08-05 09:42:00-04:00,673,673.0,180.72199033121888
2019-08-08,2019,2019-08-08 09:58:00-04:00,-20.34375,SL,2019-08-08 10:38:00-04:00,40,40.0,160.37824033121888
2019-08-13,2019,2019-08-13 05:23:00-04:00,0.0,BE,2019-08-13 08:31:00-04:00,188,188.0,160.37824033121888
2019-08-13,2019,2019-08-13 09:48:00-04:00,-7.875,SL,2019-08-13 10:27:00-04:00,39,39.0,152.50324033121888
2019-08-15,2019,2019-08-15 06:38:00-04:00,33.39656079216229,TP,2019-08-15 07:31:00-04:00,53,53.0,185.89980112338117
2019-08-15,2019,2019-08-15 06:39:00-04:00,35.07854106153263,TP,2019-08-15 07:31:00-04:00,52,52.0,220.9783421849138
2019-08-16,2019,2019-08-16 10:58:00-04:00,-0.0,BE,2019-08-16 12:45:00-04:00,107,107.0,220.9783421849138
2019-08-19,2019,2019-08-19 02:31:00-04:00,-3.71875,SL,2019-08-19 02:55:00-04:00,24,24.0,217.2595921849138
2019-08-29,2019,2019-08-29 03:13:00-04:00,-7.875,SL,2019-08-29 03:14:00-04:00,1,1.0,209.3845921849138
2019-08-30,2019,2019-08-30 05:30:00-04:00,64.7869389598568,TP,2019-08-30 11:33:00-04:00,363,363.0,274.1715311447706
2019-08-30,2019,2019-08-30 05:56:00-04:00,73.13077148132516,TP,2019-08-30 11:33:00-04:00,337,337.0,347.30230262609575
2019-09-05,2019,2019-09-04 20:06:00-04:00,-5.25,SL,2019-09-04 20:09:00-04:00,3,3.0,342.05230262609575
2019-09-10,2019,2019-09-10 09:40:00-04:00,-3.28125,SL,2019-09-10 09:42:00-04:00,2,2.0,338.77105262609575
2019-09-12,2019,2019-09-11 19:17:00-04:00,-5.25,SL,2019-09-11 19:18:00-04:00,1,1.0,333.52105262609575
2019-09-19,2019,2019-09-19 10:16:00-04:00,-0.0,BE,2019-09-19 11:19:00-04:00,63,63.0,333.52105262609575
2019-09-19,2019,2019-09-19 10:16:00-04:00,-0.0,BE,2019-09-19 11:18:00-04:00,62,62.0,333.52105262609575
2019-09-25,2019,2019-09-25 10:01:00-04:00,90.82360089045142,cutoff,2019-09-25 15:00:00-04:00,299,299.0,424.34465351654717
2019-10-02,2019,2019-10-02 03:12:00-04:00,-4.8125,SL,2019-10-02 03:21:00-04:00,9,9.0,419.53215351654717
2019-10-04,2019,2019-10-04 09:58:00-04:00,-0.0,BE,2019-10-04 11:06:00-04:00,68,68.0,419.53215351654717
2019-10-08,2019,2019-10-08 07:00:00-04:00,0.0,BE,2019-10-08 09:30:00-04:00,150,150.0,419.53215351654717
2019-10-09,2019,2019-10-08 19:00:00-04:00,26.391826590248456,TP,2019-10-09 05:12:00-04:00,612,612.0,445.9239801067956
2019-10-11,2019,2019-10-11 04:29:00-04:00,-4.8125,SL,2019-10-11 04:52:00-04:00,23,23.0,441.1114801067956
2019-10-15,2019,2019-10-15 10:28:00-04:00,-7.21875,SL,2019-10-15 10:52:00-04:00,24,24.0,433.8927301067956
2019-10-17,2019,2019-10-17 05:36:00-04:00,-0.0,BE,2019-10-17 09:46:00-04:00,250,250.0,433.8927301067956
2019-10-22,2019,2019-10-21 20:17:00-04:00,-0.875,SL,2019-10-21 20:20:00-04:00,3,3.0,433.0177301067956
2019-10-24,2019,2019-10-24 09:30:00-04:00,11.673335093335481,TP,2019-10-24 10:23:00-04:00,53,53.0,444.6910652001311
2019-10-25,2019,2019-10-25 10:49:00-04:00,-7.875,SL,2019-10-25 11:25:00-04:00,36,36.0,436.8160652001311
2019-10-28,2019,2019-10-28 08:47:00-04:00,-2.625,SL,2019-10-28 08:56:00-04:00,9,9.0,434.1910652001311
2019-11-01,2019,2019-11-01 09:54:00-04:00,-15.37924679387379,cutoff,2019-11-01 15:00:00-04:00,306,306.0,418.8118184062573
2019-11-04,2019,2019-11-04 05:16:00-05:00,-3.0625,SL,2019-11-04 08:31:00-05:00,195,195.0,415.7493184062573
2019-11-07,2019,2019-11-07 09:41:00-05:00,19.780484371562125,cutoff,2019-11-07 15:00:00-05:00,319,319.0,435.52980277781944
2019-11-12,2019,2019-11-12 10:20:00-05:00,37.94924401258595,cutoff,2019-11-12 15:00:00-05:00,280,280.0,473.4790467904054
2019-11-12,2019,2019-11-12 10:27:00-05:00,42.58548310852575,cutoff,2019-11-12 15:00:00-05:00,273,273.0,516.0645298989311
2019-11-12,2019,2019-11-12 10:41:00-05:00,45.1661117015251,cutoff,2019-11-12 15:00:00-05:00,259,259.0,561.2306416004562
2019-11-15,2019,2019-11-14 19:37:00-05:00,-9.84375,SL,2019-11-14 19:56:00-05:00,19,19.0,551.3868916004562
2019-11-19,2019,2019-11-19 04:49:00-05:00,9.471439583650408,cutoff,2019-11-19 15:00:00-05:00,611,611.0,560.8583311841066
2019-11-25,2019,2019-11-25 10:34:00-05:00,1.9400326504405712,cutoff,2019-11-25 15:00:00-05:00,266,266.0,562.7983638345472
2019-11-26,2019,2019-11-25 19:17:00-05:00,-1.96875,SL,2019-11-25 19:59:00-05:00,42,42.0,560.8296138345472
2019-11-27,2019,2019-11-27 02:54:00-05:00,-0.0,BE,2019-11-27 03:55:00-05:00,61,61.0,560.8296138345472
2019-12-02,2019,2019-12-02 09:40:00-05:00,-4.59375,SL,2019-12-02 10:00:00-05:00,20,20.0,556.2358638345472
2019-12-03,2019,2019-12-03 07:44:00-05:00,-14.4375,SL,2019-12-03 08:11:00-05:00,27,27.0,541.7983638345472
2019-12-04,2019,2019-12-04 09:37:00-05:00,-5.25,SL,2019-12-04 10:03:00-05:00,26,26.0,536.5483638345472
2019-12-06,2019,2019-12-06 08:54:00-05:00,-3.0625,SL,2019-12-06 09:30:00-05:00,36,36.0,533.4858638345472
2019-12-10,2019,2019-12-10 06:27:00-05:00,-4.59375,SL,2019-12-10 06:28:00-05:00,1,1.0,528.8921138345472
2019-12-12,2019,2019-12-12 09:39:00-05:00,-5.6875,SL,2019-12-12 10:00:00-05:00,21,21.0,523.2046138345472
2019-12-16,2019,2019-12-16 09:47:00-05:00,-9.84375,SL,2019-12-16 10:25:00-05:00,38,38.0,513.3608638345472
2019-12-20,2019,2019-12-20 09:02:00-05:00,-2.625,SL,2019-12-20 09:21:00-05:00,19,19.0,510.7358638345472
2019-12-27,2019,2019-12-26 19:40:00-05:00,-5.90625,SL,2019-12-26 21:03:00-05:00,83,83.0,504.8296138345472
2019-12-30,2019,2019-12-30 10:13:00-05:00,0.9209671470662215,cutoff,2019-12-30 15:00:00-05:00,287,287.0,505.75058098161344
2020-01-02,2020,2020-01-02 03:51:00-05:00,-9.1875,SL,2020-01-02 05:17:00-05:00,86,86.0,496.56308098161344
2020-01-03,2020,2020-01-03 05:49:00-05:00,-13.59375,SL,2020-01-03 05:56:00-05:00,7,7.0,482.96933098161344
2020-01-08,2020,2020-01-07 19:25:00-05:00,0.0,BE,2020-01-07 19:56:00-05:00,31,31.0,482.96933098161344
2020-01-08,2020,2020-01-07 19:30:00-05:00,45.0761747036413,TP,2020-01-07 21:05:00-05:00,95,95.0,528.0455056852547
2020-01-09,2020,2020-01-09 02:13:00-05:00,-3.75,SL,2020-01-09 02:28:00-05:00,15,15.0,524.2955056852547
2020-01-16,2020,2020-01-16 03:30:00-05:00,-4.21875,SL,2020-01-16 03:32:00-05:00,2,2.0,520.0767556852547
2020-01-17,2020,2020-01-17 05:10:00-05:00,-0.0,BE,2020-01-17 08:32:00-05:00,202,202.0,520.0767556852547
2020-01-23,2020,2020-01-23 09:32:00-05:00,-8.90625,SL,2020-01-23 09:35:00-05:00,3,3.0,511.17050568525474
2020-01-27,2020,2020-01-27 04:48:00-05:00,-17.8125,SL,2020-01-27 06:00:00-05:00,72,72.0,493.35800568525474
2020-01-28,2020,2020-01-28 10:40:00-05:00,-0.0,BE,2020-01-28 11:13:00-05:00,33,33.0,493.35800568525474
2020-01-30,2020,2020-01-30 02:00:00-05:00,-9.375,SL,2020-01-30 02:19:00-05:00,19,19.0,483.98300568525474
2020-02-04,2020,2020-02-04 09:46:00-05:00,-0.0,BE,2020-02-04 10:22:00-05:00,36,36.0,483.98300568525474
2020-02-04,2020,2020-02-04 10:35:00-05:00,-0.0,BE,2020-02-04 11:18:00-05:00,43,43.0,483.98300568525474
2020-02-05,2020,2020-02-05 03:34:00-05:00,-7.96875,SL,2020-02-05 03:37:00-05:00,3,3.0,476.01425568525474
2020-02-06,2020,2020-02-05 20:17:00-05:00,-0.0,BE,2020-02-05 21:08:00-05:00,51,51.0,476.01425568525474
2020-02-06,2020,2020-02-06 00:04:00-05:00,16.215772271111064,cutoff,2020-02-06 15:00:00-05:00,896,896.0,492.2300279563658
2020-02-06,2020,2020-02-06 01:29:00-05:00,18.908206213571702,TP,2020-02-06 04:23:00-05:00,174,174.0,511.1382341699375
2020-02-06,2020,2020-02-06 01:29:00-05:00,19.28547763999427,TP,2020-02-06 04:23:00-05:00,174,174.0,530.4237118099318
2020-02-11,2020,2020-02-10 19:47:00-05:00,-6.09375,SL,2020-02-10 20:46:00-05:00,59,59.0,524.3299618099318
2020-02-17,2020,2020-02-17 01:19:00-05:00,-0.0,BE,2020-02-17 03:17:00-05:00,118,118.0,524.3299618099318
2020-02-18,2020,2020-02-17 21:57:00-05:00,0.0,BE,2020-02-18 02:15:00-05:00,258,258.0,524.3299618099318
2020-02-20,2020,2020-02-19 19:02:00-05:00,16.19280149451697,TP,2020-02-19 21:23:00-05:00,141,141.0,540.5227633044487
2020-02-20,2020,2020-02-19 19:02:00-05:00,18.093229315817553,TP,2020-02-19 21:36:00-05:00,154,154.0,558.6159926202663
2020-02-21,2020,2020-02-21 09:49:00-05:00,0.0,BE,2020-02-21 10:40:00-05:00,51,51.0,558.6159926202663
2020-02-21,2020,2020-02-21 10:40:00-05:00,0.0,BE,2020-02-21 13:31:00-05:00,171,171.0,558.6159926202663
2020-02-24,2020,2020-02-23 21:54:00-05:00,0.0,BE,2020-02-24 02:13:00-05:00,259,259.0,558.6159926202663
2020-02-24,2020,2020-02-24 04:16:00-05:00,-41.25,SL,2020-02-24 12:09:00-05:00,473,473.0,517.3659926202663
2020-02-25,2020,2020-02-25 10:32:00-05:00,-45.0,SL,2020-02-25 12:59:00-05:00,147,147.0,472.3659926202663
2020-02-27,2020,2020-02-26 19:05:00-05:00,0.0,BE,2020-02-26 19:48:00-05:00,43,43.0,472.3659926202663
2020-03-02,2020,2020-03-02 02:46:00-05:00,-21.5625,SL,2020-03-02 02:52:00-05:00,6,6.0,450.8034926202663
2020-03-03,2020,2020-03-03 10:00:00-05:00,55.80800308453627,TP,2020-03-03 10:14:00-05:00,14,14.0,506.61149570480256
2020-03-06,2020,2020-03-05 21:07:00-05:00,0.0,BE,2020-03-05 21:48:00-05:00,41,41.0,506.61149570480256
2020-03-06,2020,2020-03-05 21:58:00-05:00,0.0,BE,2020-03-05 22:29:00-05:00,31,31.0,506.61149570480256
2020-03-12,2020,2020-03-11 21:44:00-04:00,-45.0,SL,2020-03-11 22:05:00-04:00,21,21.0,461.61149570480256
2020-03-24,2020,2020-03-24 09:36:00-04:00,32.99723457039681,TP,2020-03-24 09:43:00-04:00,7,7.0,494.6087302751994
2020-03-26,2020,2020-03-26 10:20:00-04:00,35.47846078821294,TP,2020-03-26 10:49:00-04:00,29,29.0,530.0871910634123
2020-03-26,2020,2020-03-26 10:20:00-04:00,49.41313919854838,TP,2020-03-26 10:49:00-04:00,29,29.0,579.5003302619607
2020-03-27,2020,2020-03-26 19:58:00-04:00,45.5739628229494,TP,2020-03-26 20:50:00-04:00,52,52.0,625.0742930849101
2020-04-01,2020,2020-04-01 01:30:00-04:00,-25.3125,SL,2020-04-01 01:48:00-04:00,18,18.0,599.7617930849101
2020-04-06,2020,2020-04-05 20:31:00-04:00,-24.375,SL,2020-04-05 23:30:00-04:00,179,179.0,575.3867930849101
2020-04-07,2020,2020-04-07 03:00:00-04:00,-0.0,BE,2020-04-07 03:36:00-04:00,36,36.0,575.3867930849101
2020-04-07,2020,2020-04-07 09:32:00-04:00,49.77021972854914,TP,2020-04-07 09:40:00-04:00,8,8.0,625.1570128134592
2020-04-14,2020,2020-04-14 09:49:00-04:00,-17.1875,SL,2020-04-14 14:19:00-04:00,270,270.0,607.9695128134592
2020-04-21,2020,2020-04-20 22:37:00-04:00,0.0,BE,2020-04-20 23:26:00-04:00,49,49.0,607.9695128134592
2020-04-21,2020,2020-04-21 06:12:00-04:00,0.0,BE,2020-04-21 06:49:00-04:00,37,37.0,607.9695128134592
2020-04-23,2020,2020-04-23 10:40:00-04:00,-0.0,BE,2020-04-23 11:27:00-04:00,47,47.0,607.9695128134592
2020-04-27,2020,2020-04-27 01:46:00-04:00,-0.0,BE,2020-04-27 11:32:00-04:00,586,586.0,607.9695128134592
2020-04-28,2020,2020-04-28 05:16:00-04:00,-15.9375,SL,2020-04-28 05:25:00-04:00,9,9.0,592.0320128134592
2020-04-30,2020,2020-04-30 00:28:00-04:00,-0.0,BE,2020-04-30 01:09:00-04:00,41,41.0,592.0320128134592
2020-04-30,2020,2020-04-30 00:29:00-04:00,50.283193511101445,TP,2020-04-30 06:52:00-04:00,383,383.0,642.3152063245607
2020-05-01,2020,2020-05-01 02:45:00-04:00,-22.96875,SL,2020-05-01 11:45:00-04:00,540,540.0,619.3464563245607
2020-05-05,2020,2020-05-05 09:10:00-04:00,-16.875,SL,2020-05-05 09:56:00-04:00,46,46.0,602.4714563245607
2020-05-08,2020,2020-05-07 20:37:00-04:00,-18.28125,SL,2020-05-07 22:37:00-04:00,120,120.0,584.1902063245607
2020-05-11,2020,2020-05-10 19:33:00-04:00,46.10041446715468,TP,2020-05-11 07:41:00-04:00,728,728.0,630.2906207917154
2020-05-18,2020,2020-05-18 03:05:00-04:00,-0.0,BE,2020-05-18 03:44:00-04:00,39,39.0,630.2906207917154
2020-05-18,2020,2020-05-18 07:58:00-04:00,-15.46875,SL,2020-05-18 08:15:00-04:00,17,17.0,614.8218707917154
2020-05-19,2020,2020-05-19 02:59:00-04:00,26.8239709383829,TP,2020-05-19 03:54:00-04:00,55,55.0,641.6458417300983
2020-05-22,2020,2020-05-21 23:22:00-04:00,24.74579839576336,cutoff,2020-05-22 15:00:00-04:00,938,938.0,666.3916401258616
2020-05-22,2020,2020-05-22 03:12:00-04:00,0.0,BE,2020-05-22 03:53:00-04:00,41,41.0,666.3916401258616
2020-05-25,2020,2020-05-25 04:47:00-04:00,-0.0,BE,2020-05-25 05:37:00-04:00,50,50.0,666.3916401258616
2020-05-25,2020,2020-05-25 06:50:00-04:00,-0.0,BE,2020-05-25 08:41:00-04:00,111,111.0,666.3916401258616
2020-05-26,2020,2020-05-25 21:09:00-04:00,-15.46875,SL,2020-05-26 00:23:00-04:00,194,194.0,650.9228901258616
2020-05-27,2020,2020-05-27 04:37:00-04:00,31.543592171891305,TP,2020-05-27 10:02:00-04:00,325,325.0,682.4664822977529
2020-05-27,2020,2020-05-27 10:49:00-04:00,47.24388527428641,TP,2020-05-27 12:09:00-04:00,80,80.0,729.7103675720393
2020-06-02,2020,2020-06-02 04:45:00-04:00,-0.0,BE,2020-06-02 05:27:00-04:00,42,42.0,729.7103675720393
2020-06-03,2020,2020-06-02 19:23:00-04:00,-10.3125,SL,2020-06-02 20:45:00-04:00,82,82.0,719.3978675720393
2020-06-05,2020,2020-06-05 03:22:00-04:00,-10.3125,SL,2020-06-05 08:31:00-04:00,309,309.0,709.0853675720393
2020-06-11,2020,2020-06-10 23:42:00-04:00,-15.0,SL,2020-06-11 00:09:00-04:00,27,27.0,694.0853675720393
2020-06-15,2020,2020-06-15 01:35:00-04:00,-28.59375,SL,2020-06-15 01:57:00-04:00,22,22.0,665.4916175720393
2020-06-16,2020,2020-06-16 08:52:00-04:00,47.24673118811643,TP,2020-06-16 10:42:00-04:00,110,110.0,712.7383487601558
2020-06-16,2020,2020-06-16 10:59:00-04:00,48.831808897834435,TP,2020-06-16 11:25:00-04:00,26,26.0,761.5701576579902
2020-06-23,2020,2020-06-23 08:12:00-04:00,-0.0,BE,2020-06-23 08:43:00-04:00,31,31.0,761.5701576579902
2020-06-24,2020,2020-06-24 05:18:00-04:00,0.0,BE,2020-06-24 09:53:00-04:00,275,275.0,761.5701576579902
2020-06-25,2020,2020-06-25 03:12:00-04:00,45.87987501783118,TP,2020-06-25 04:46:00-04:00,94,94.0,807.4500326758214
2020-07-01,2020,2020-07-01 09:04:00-04:00,-11.806191042757291,cutoff,2020-07-01 15:00:00-04:00,356,356.0,795.6438416330641
2020-07-02,2020,2020-07-02 03:50:00-04:00,-15.3125,SL,2020-07-02 08:30:00-04:00,280,280.0,780.3313416330641
2020-07-06,2020,2020-07-05 22:04:00-04:00,-0.0,BE,2020-07-05 23:20:00-04:00,76,76.0,780.3313416330641
2020-07-06,2020,2020-07-05 22:04:00-04:00,-0.0,BE,2020-07-05 22:20:00-04:00,16,16.0,780.3313416330641
2020-07-07,2020,2020-07-06 20:16:00-04:00,-0.0,BE,2020-07-06 20:41:00-04:00,25,25.0,780.3313416330641
2020-07-07,2020,2020-07-06 20:50:00-04:00,44.87922956332022,TP,2020-07-07 06:19:00-04:00,569,569.0,825.2105711963843
2020-07-13,2020,2020-07-13 02:01:00-04:00,-0.0,BE,2020-07-13 07:07:00-04:00,306,306.0,825.2105711963843
2020-07-13,2020,2020-07-13 10:17:00-04:00,7.699184817944115,cutoff,2020-07-13 15:00:00-04:00,283,283.0,832.9097560143284
2020-07-13,2020,2020-07-13 10:56:00-04:00,14.37252206235189,cutoff,2020-07-13 15:00:00-04:00,244,244.0,847.2822780766803
2020-07-13,2020,2020-07-13 10:59:00-04:00,17.51991526469874,cutoff,2020-07-13 15:00:00-04:00,241,241.0,864.802193341379
2020-07-21,2020,2020-07-21 01:49:00-04:00,-0.29698997899549795,cutoff,2020-07-21 15:00:00-04:00,791,791.0,864.5052033623836
2020-07-21,2020,2020-07-21 01:49:00-04:00,0.5872440007515252,cutoff,2020-07-21 15:00:00-04:00,791,791.0,865.0924473631351
2020-07-24,2020,2020-07-24 02:58:00-04:00,-0.14788671840915413,cutoff,2020-07-24 15:00:00-04:00,722,722.0,864.9445606447259
2020-08-05,2020,2020-08-04 23:31:00-04:00,-0.0,BE,2020-08-05 01:43:00-04:00,132,132.0,864.9445606447259
2020-08-05,2020,2020-08-05 02:05:00-04:00,-0.0,BE,2020-08-05 02:23:00-04:00,18,18.0,864.9445606447259
2020-08-05,2020,2020-08-05 02:45:00-04:00,-9.381251084585074,cutoff,2020-08-05 15:00:00-04:00,735,735.0,855.5633095601409
2020-08-06,2020,2020-08-05 20:24:00-04:00,20.35429923806896,TP,2020-08-06 06:54:00-04:00,630,630.0,875.9176087982098
2020-08-10,2020,2020-08-10 01:03:00-04:00,84.54575209761606,TP,2020-08-10 10:59:00-04:00,596,596.0,960.4633608958259
2020-08-10,2020,2020-08-10 01:39:00-04:00,-0.0,BE,2020-08-10 01:56:00-04:00,17,17.0,960.4633608958259
2020-08-11,2020,2020-08-11 04:22:00-04:00,8.512610711653906,cutoff,2020-08-11 15:00:00-04:00,638,638.0,968.9759716074798
2020-08-18,2020,2020-08-17 19:19:00-04:00,20.231228664771606,TP,2020-08-18 10:30:00-04:00,911,911.0,989.2072002722514
2020-08-20,2020,2020-08-19 21:14:00-04:00,26.04042655766989,cutoff,2020-08-20 15:00:00-04:00,1066,1066.0,1015.2476268299213
2020-08-24,2020,2020-08-23 21:40:00-04:00,-0.0,BE,2020-08-24 01:59:00-04:00,259,259.0,1015.2476268299213
2020-08-24,2020,2020-08-23 21:40:00-04:00,-0.0,BE,2020-08-23 22:10:00-04:00,30,30.0,1015.2476268299213
2020-08-24,2020,2020-08-24 02:30:00-04:00,-10.5,SL,2020-08-24 06:31:00-04:00,241,241.0,1004.7476268299213
2020-09-02,2020,2020-09-01 19:23:00-04:00,-9.75,SL,2020-09-01 20:43:00-04:00,80,80.0,994.9976268299213
2020-09-04,2020,2020-09-04 10:17:00-04:00,29.43872452560936,cutoff,2020-09-04 15:00:00-04:00,283,283.0,1024.4363513555306
2020-09-04,2020,2020-09-04 10:29:00-04:00,48.15804403434595,cutoff,2020-09-04 15:00:00-04:00,271,271.0,1072.5943953898766
2020-09-04,2020,2020-09-04 10:35:00-04:00,58.88316749255864,cutoff,2020-09-04 15:00:00-04:00,265,265.0,1131.4775628824352
2020-09-08,2020,2020-09-08 08:10:00-04:00,0.0,BE,2020-09-08 08:27:00-04:00,17,17.0,1131.4775628824352
2020-09-08,2020,2020-09-08 09:42:00-04:00,0.0,BE,2020-09-08 11:52:00-04:00,130,130.0,1131.4775628824352
2020-09-08,2020,2020-09-08 09:43:00-04:00,0.0,BE,2020-09-08 14:40:00-04:00,297,297.0,1131.4775628824352
2020-09-15,2020,2020-09-15 08:38:00-04:00,-0.0,BE,2020-09-15 08:55:00-04:00,17,17.0,1131.4775628824352
2020-09-17,2020,2020-09-16 21:50:00-04:00,-34.29933089510405,cutoff,2020-09-17 15:00:00-04:00,1030,1030.0,1097.1782319873312
2020-09-21,2020,2020-09-21 04:14:00-04:00,-35.01687753680562,cutoff,2020-09-21 15:00:00-04:00,646,646.0,1062.1613544505256
2020-09-23,2020,2020-09-23 04:33:00-04:00,75.82233580311686,cutoff,2020-09-23 15:00:00-04:00,627,627.0,1137.9836902536424
2020-09-28,2020,2020-09-28 08:05:00-04:00,-0.0,BE,2020-09-28 08:23:00-04:00,18,18.0,1137.9836902536424
2020-09-29,2020,2020-09-28 20:11:00-04:00,-0.0,BE,2020-09-28 20:27:00-04:00,16,16.0,1137.9836902536424
2020-09-30,2020,2020-09-30 01:58:00-04:00,324.3811848733458,TP,2020-09-30 14:05:00-04:00,727,727.0,1462.3648751269882
2020-10-01,2020,2020-10-01 05:42:00-04:00,-0.0,BE,2020-10-01 06:03:00-04:00,21,21.0,1462.3648751269882
2020-10-01,2020,2020-10-01 06:03:00-04:00,-0.0,BE,2020-10-01 07:55:00-04:00,112,112.0,1462.3648751269882
2020-10-02,2020,2020-10-02 01:01:00-04:00,0.0,BE,2020-10-02 01:18:00-04:00,17,17.0,1462.3648751269882
2020-10-06,2020,2020-10-06 08:32:00-04:00,-0.0,BE,2020-10-06 09:30:00-04:00,58,58.0,1462.3648751269882
2020-10-08,2020,2020-10-08 02:38:00-04:00,-4.930950656728783,cutoff,2020-10-08 15:00:00-04:00,742,742.0,1457.4339244702594
2020-10-12,2020,2020-10-12 08:40:00-04:00,-0.0,BE,2020-10-12 10:13:00-04:00,93,93.0,1457.4339244702594
2020-10-15,2020,2020-10-15 03:21:00-04:00,10.229248248636395,cutoff,2020-10-15 15:00:00-04:00,699,699.0,1467.6631727188958
2020-10-15,2020,2020-10-15 04:20:00-04:00,-87.0,SL,2020-10-15 09:30:00-04:00,310,310.0,1380.6631727188958
2020-10-16,2020,2020-10-16 10:02:00-04:00,-4.418919148834902,cutoff,2020-10-16 15:00:00-04:00,298,298.0,1376.244253570061
2020-10-26,2020,2020-10-26 10:32:00-04:00,-35.25,SL,2020-10-26 13:01:00-04:00,149,149.0,1340.994253570061
2020-10-28,2020,2020-10-28 04:16:00-04:00,-58.5,SL,2020-10-28 10:51:00-04:00,395,395.0,1282.494253570061
2020-10-29,2020,2020-10-29 07:56:00-04:00,0.0,BE,2020-10-29 08:20:00-04:00,24,24.0,1282.494253570061
2020-10-30,2020,2020-10-30 02:00:00-04:00,-2.664565941833189,cutoff,2020-10-30 15:00:00-04:00,780,780.0,1279.8296876282277
2020-11-03,2020,2020-11-03 09:54:00-05:00,-114.0,SL,2020-11-03 11:00:00-05:00,66,66.0,1165.8296876282277
2020-11-04,2020,2020-11-03 22:16:00-05:00,105.72111745506254,TP,2020-11-04 02:43:00-05:00,267,267.0,1271.5508050832902
2020-11-04,2020,2020-11-04 10:17:00-05:00,-0.0,BE,2020-11-04 10:33:00-05:00,16,16.0,1271.5508050832902
2020-11-05,2020,2020-11-05 03:08:00-05:00,-33.173100388116836,cutoff,2020-11-05 15:00:00-05:00,712,712.0,1238.3777046951734
2020-11-09,2020,2020-11-08 19:55:00-05:00,-369.0,SL,2020-11-09 06:57:00-05:00,662,662.0,869.3777046951734
2020-11-19,2020,2020-11-19 03:49:00-05:00,92.73225916452793,cutoff,2020-11-19 15:00:00-05:00,671,671.0,962.1099638597013
2020-11-24,2020,2020-11-23 23:00:00-05:00,-0.0,BE,2020-11-23 23:17:00-05:00,17,17.0,962.1099638597013
2020-11-24,2020,2020-11-24 10:48:00-05:00,-14.758609875805632,cutoff,2020-11-24 15:00:00-05:00,252,252.0,947.3513539838957
2020-11-25,2020,2020-11-24 19:10:00-05:00,85.94544086830683,cutoff,2020-11-25 15:00:00-05:00,1190,1190.0,1033.2967948522025
2020-11-25,2020,2020-11-24 19:10:00-05:00,92.47103161859923,cutoff,2020-11-25 15:00:00-05:00,1190,1190.0,1125.7678264708018
2020-11-30,2020,2020-11-30 01:41:00-05:00,0.0,BE,2020-11-30 01:57:00-05:00,16,16.0,1125.7678264708018
2020-11-30,2020,2020-11-30 10:44:00-05:00,0.0,BE,2020-11-30 11:34:00-05:00,50,50.0,1125.7678264708018
2020-12-01,2020,2020-11-30 21:30:00-05:00,-0.0,BE,2020-11-30 21:55:00-05:00,25,25.0,1125.7678264708018
2020-12-01,2020,2020-12-01 04:27:00-05:00,-0.0,BE,2020-12-01 05:20:00-05:00,53,53.0,1125.7678264708018
2020-12-01,2020,2020-12-01 10:08:00-05:00,3.7021709587461373,cutoff,2020-12-01 15:00:00-05:00,292,292.0,1129.469997429548
2020-12-01,2020,2020-12-01 10:08:00-05:00,2.6940689658276824,cutoff,2020-12-01 15:00:00-05:00,292,292.0,1132.1640663953756
2020-12-01,2020,2020-12-01 10:21:00-05:00,-0.0,BE,2020-12-01 14:06:00-05:00,225,225.0,1132.1640663953756
2020-12-04,2020,2020-12-04 10:42:00-05:00,-0.0,BE,2020-12-04 10:58:00-05:00,16,16.0,1132.1640663953756
2020-12-10,2020,2020-12-10 08:54:00-05:00,5.4911738780806445,cutoff,2020-12-10 15:00:00-05:00,366,366.0,1137.6552402734562
2020-12-11,2020,2020-12-11 03:33:00-05:00,-18.0,SL,2020-12-11 06:08:00-05:00,155,155.0,1119.6552402734562
2020-12-14,2020,2020-12-14 09:39:00-05:00,27.87243322281529,cutoff,2020-12-14 15:00:00-05:00,321,321.0,1147.5276734962715
2020-12-15,2020,2020-12-15 00:08:00-05:00,27.556174275864578,TP,2020-12-15 04:49:00-05:00,281,281.0,1175.083847772136
2020-12-17,2020,2020-12-17 02:26:00-05:00,-6.0,SL,2020-12-17 04:44:00-05:00,138,138.0,1169.083847772136
2020-12-18,2020,2020-12-18 04:09:00-05:00,-0.0,BE,2020-12-18 07:05:00-05:00,176,176.0,1169.083847772136
2020-12-18,2020,2020-12-18 04:09:00-05:00,-0.0,BE,2020-12-18 07:05:00-05:00,176,176.0,1169.083847772136
2020-12-21,2020,2020-12-21 04:45:00-05:00,-29.25,SL,2020-12-21 05:19:00-05:00,34,34.0,1139.833847772136
2020-12-28,2020,2020-12-27 21:53:00-05:00,-14.572421652979756,cutoff,2020-12-28 15:00:00-05:00,1027,1027.0,1125.2614261191563
2020-12-29,2020,2020-12-29 00:46:00-05:00,-0.0,BE,2020-12-29 03:49:00-05:00,183,183.0,1125.2614261191563
2021-01-04,2021,2021-01-04 02:15:00-05:00,25.932710774387488,TP,2021-01-04 10:05:00-05:00,470,470.0,1151.1941368935438
2021-01-04,2021,2021-01-04 02:15:00-05:00,26.921609032317974,TP,2021-01-04 10:07:00-05:00,472,472.0,1178.1157459258618
2021-01-04,2021,2021-01-04 02:16:00-05:00,26.060251092005274,TP,2021-01-04 09:53:00-05:00,457,457.0,1204.175997017867
2021-01-04,2021,2021-01-04 04:23:00-05:00,42.42791262462242,TP,2021-01-04 10:26:00-05:00,363,363.0,1246.6039096424895
2021-01-06,2021,2021-01-06 10:43:00-05:00,7.256962188151192,cutoff,2021-01-06 15:00:00-05:00,257,257.0,1253.8608718306407
2021-01-07,2021,2021-01-07 10:01:00-05:00,-10.784387372043966,cutoff,2021-01-07 15:00:00-05:00,299,299.0,1243.0764844585967
2021-01-08,2021,2021-01-07 20:31:00-05:00,2.7125011750977137,cutoff,2021-01-08 15:00:00-05:00,1109,1109.0,1245.7889856336944
2021-01-15,2021,2021-01-15 00:17:00-05:00,-2.6229640985238802,cutoff,2021-01-15 15:00:00-05:00,883,883.0,1243.1660215351706
2021-01-20,2021,2021-01-20 10:07:00-05:00,-17.0810982478838,cutoff,2021-01-20 15:00:00-05:00,293,293.0,1226.0849232872868
2021-01-21,2021,2021-01-20 22:22:00-05:00,6.109378348312475,cutoff,2021-01-21 15:00:00-05:00,997,998.0,1232.1943016355992
2021-01-27,2021,2021-01-27 06:48:00-05:00,-62.0,SL,2021-01-27 14:51:00-05:00,483,483.0,1170.1943016355992
2021-02-02,2021,2021-02-02 09:32:00-05:00,-27.325146947662688,cutoff,2021-02-02 15:00:00-05:00,328,328.0,1142.8691546879365
2021-02-05,2021,2021-02-04 21:24:00-05:00,-0.0,BE,2021-02-05 00:31:00-05:00,187,187.0,1142.8691546879365
2021-02-05,2021,2021-02-05 04:43:00-05:00,-0.0,BE,2021-02-05 05:34:00-05:00,51,51.0,1142.8691546879365
2021-02-05,2021,2021-02-05 05:40:00-05:00,3.585623273852434,cutoff,2021-02-05 15:00:00-05:00,560,560.0,1146.454777961789
2021-02-05,2021,2021-02-05 06:09:00-05:00,-0.0,BE,2021-02-05 09:29:00-05:00,200,200.0,1146.454777961789
2021-02-10,2021,2021-02-10 08:34:00-05:00,22.487432559001263,TP,2021-02-10 10:20:00-05:00,106,106.0,1168.9422105207902
2021-02-15,2021,2021-02-14 19:17:00-05:00,-9.057049754369018,cutoff,2021-02-15 12:59:00-05:00,1060,1062.0,1159.8851607664212
2021-02-16,2021,2021-02-15 20:45:00-05:00,-0.0,BE,2021-02-15 21:34:00-05:00,49,49.0,1159.8851607664212
2021-02-17,2021,2021-02-16 20:03:00-05:00,0.0,BE,2021-02-17 08:52:00-05:00,769,769.0,1159.8851607664212
2021-02-17,2021,2021-02-17 09:37:00-05:00,0.0,BE,2021-02-17 11:16:00-05:00,99,99.0,1159.8851607664212
2021-02-22,2021,2021-02-22 02:17:00-05:00,12.631472948237843,cutoff,2021-02-22 15:00:00-05:00,763,763.0,1172.516633714659
2021-02-22,2021,2021-02-22 03:03:00-05:00,20.068824141510504,cutoff,2021-02-22 15:00:00-05:00,717,717.0,1192.5854578561696
2021-02-22,2021,2021-02-22 03:43:00-05:00,26.724010098267172,cutoff,2021-02-22 15:00:00-05:00,677,677.0,1219.3094679544367
2021-02-23,2021,2021-02-23 04:29:00-05:00,10.692950245630982,cutoff,2021-02-23 15:00:00-05:00,631,631.0,1230.0024182000677
2021-02-23,2021,2021-02-23 04:29:00-05:00,9.863210793078906,cutoff,2021-02-23 15:00:00-05:00,631,631.0,1239.8656289931466
2021-02-23,2021,2021-02-23 04:48:00-05:00,12.33331025251482,cutoff,2021-02-23 15:00:00-05:00,612,612.0,1252.1989392456614
2021-02-23,2021,2021-02-23 04:49:00-05:00,13.10161436641556,cutoff,2021-02-23 15:00:00-05:00,611,611.0,1265.300553612077
2021-02-23,2021,2021-02-23 05:28:00-05:00,0.0,BE,2021-02-23 09:13:00-05:00,225,225.0,1265.300553612077
2021-02-23,2021,2021-02-23 09:38:00-05:00,0.0,BE,2021-02-23 12:03:00-05:00,145,145.0,1265.300553612077
2021-02-23,2021,2021-02-23 09:40:00-05:00,0.0,BE,2021-02-23 12:59:00-05:00,199,199.0,1265.300553612077
2021-02-26,2021,2021-02-26 10:28:00-05:00,47.460623273852434,cutoff,2021-02-26 15:00:00-05:00,272,272.0,1312.7611768859294
2021-03-03,2021,2021-03-03 10:12:00-05:00,0.0,BE,2021-03-03 13:56:00-05:00,224,224.0,1312.7611768859294
2021-03-04,2021,2021-03-03 22:47:00-05:00,-23.546472574958898,cutoff,2021-03-04 15:00:00-05:00,973,973.0,1289.2147043109705
2021-03-08,2021,2021-03-08 10:30:00-05:00,-0.0,BE,2021-03-08 11:20:00-05:00,50,50.0,1289.2147043109705
2021-03-09,2021,2021-03-09 10:27:00-05:00,-4.855761132562293,cutoff,2021-03-09 15:00:00-05:00,273,273.0,1284.3589431784083
2021-03-11,2021,2021-03-11 01:46:00-05:00,-32.0,SL,2021-03-11 11:18:00-05:00,572,572.0,1252.3589431784083
2021-03-16,2021,2021-03-15 21:17:00-04:00,-0.0,BE,2021-03-15 23:07:00-04:00,110,110.0,1252.3589431784083
2021-03-16,2021,2021-03-16 08:30:00-04:00,-0.0,BE,2021-03-16 09:43:00-04:00,73,73.0,1252.3589431784083
2021-03-16,2021,2021-03-16 10:37:00-04:00,20.738300204822735,cutoff,2021-03-16 15:00:00-04:00,263,263.0,1273.097243383231
2021-03-18,2021,2021-03-17 20:07:00-04:00,55.41135313591076,TP,2021-03-18 14:36:00-04:00,1109,1109.0,1328.5085965191417
2021-03-18,2021,2021-03-17 20:07:00-04:00,-0.0,BE,2021-03-17 20:53:00-04:00,46,46.0,1328.5085965191417
2021-03-19,2021,2021-03-19 09:00:00-04:00,77.79043059929063,cutoff,2021-03-19 15:00:00-04:00,360,360.0,1406.2990271184324
2021-03-19,2021,2021-03-19 09:00:00-04:00,20.098089857617197,cutoff,2021-03-19 15:00:00-04:00,360,360.0,1426.3971169760496
2021-03-19,2021,2021-03-19 09:36:00-04:00,24.16135313591076,cutoff,2021-03-19 15:00:00-04:00,324,324.0,1450.5584701119603
2021-03-19,2021,2021-03-19 09:49:00-04:00,37.738300204822735,cutoff_eng,2021-03-19 15:00:00-04:00,311,311.0,1488.296770316783
2021-03-25,2021,2021-03-25 07:36:00-04:00,24.158056192746244,TP,2021-03-25 15:00:00-04:00,444,444.0,1512.4548265095293
2021-03-25,2021,2021-03-25 07:53:00-04:00,24.176465610208197,TP,2021-03-25 13:15:00-04:00,322,322.0,1536.6312921197375
2021-03-25,2021,2021-03-25 08:00:00-04:00,31.54587119580765,cutoff,2021-03-25 15:00:00-04:00,420,420.0,1568.1771633155452
2021-03-25,2021,2021-03-25 10:55:00-04:00,51.457719147642365,cutoff,2021-03-25 15:00:00-04:00,245,245.0,1619.6348824631875
2021-03-26,2021,2021-03-25 22:54:00-04:00,-13.530346189542797,cutoff,2021-03-26 15:00:00-04:00,966,966.0,1606.1045362736447
2021-04-01,2021,2021-04-01 09:30:00-04:00,-14.295767974712817,cutoff,2021-04-01 15:00:00-04:00,330,330.0,1591.808768298932
2021-04-02,2021,2021-04-02 08:30:00-04:00,0.23573675100124092,cutoff,2021-04-02 09:14:00-04:00,44,44.0,1592.0445050499332
2021-04-08,2021,2021-04-07 22:42:00-04:00,-1.7035351464978703,cutoff,2021-04-08 15:00:00-04:00,978,978.0,1590.3409699034353
2021-04-09,2021,2021-04-08 20:33:00-04:00,-0.0,BE,2021-04-09 13:37:00-04:00,1024,1024.0,1590.3409699034353
2021-04-15,2021,2021-04-15 09:33:00-04:00,-0.0,BE,2021-04-15 10:20:00-04:00,47,47.0,1590.3409699034353
2021-04-15,2021,2021-04-15 10:32:00-04:00,-3.5746913433504233,cutoff,2021-04-15 15:00:00-04:00,268,268.0,1586.7662785600849
2021-04-16,2021,2021-04-16 08:00:00-04:00,-0.0,BE,2021-04-16 08:47:00-04:00,47,47.0,1586.7662785600849
2021-04-20,2021,2021-04-20 06:43:00-04:00,0.0,BE,2021-04-20 10:41:00-04:00,238,238.0,1586.7662785600849
2021-04-20,2021,2021-04-20 10:52:00-04:00,-11.069878176829661,cutoff,2021-04-20 15:00:00-04:00,248,248.0,1575.6964003832552
2021-04-29,2021,2021-04-28 21:42:00-04:00,-32.93284819662222,cutoff,2021-04-29 15:00:00-04:00,1038,1038.0,1542.763552186633
2021-05-04,2021,2021-05-04 08:26:00-04:00,0.0,BE,2021-05-04 09:40:00-04:00,74,74.0,1542.763552186633
2021-05-04,2021,2021-05-04 08:26:00-04:00,0.0,BE,2021-05-04 09:40:00-04:00,74,74.0,1542.763552186633
2021-05-04,2021,2021-05-04 09:49:00-04:00,-2.6375297905624393,cutoff,2021-05-04 15:00:00-04:00,311,311.0,1540.1260223960705
2021-05-07,2021,2021-05-07 08:29:00-04:00,-0.0,BE,2021-05-07 09:37:00-04:00,68,68.0,1540.1260223960705
2021-05-07,2021,2021-05-07 08:32:00-04:00,-0.0,BE,2021-05-07 09:45:00-04:00,73,73.0,1540.1260223960705
2021-05-07,2021,2021-05-07 09:46:00-04:00,-12.1538759303794,cutoff,2021-05-07 15:00:00-04:00,314,314.0,1527.9721464656911
2021-05-10,2021,2021-05-09 20:12:00-04:00,-0.0,BE,2021-05-09 21:09:00-04:00,57,57.0,1527.9721464656911
2021-05-11,2021,2021-05-10 22:03:00-04:00,0.0,BE,2021-05-11 03:32:00-04:00,329,329.0,1527.9721464656911
2021-05-11,2021,2021-05-11 10:29:00-04:00,0.0,BE,2021-05-11 11:15:00-04:00,46,46.0,1527.9721464656911
2021-05-11,2021,2021-05-11 10:38:00-04:00,35.068369124149285,cutoff,2021-05-11 15:00:00-04:00,262,262.0,1563.0405155898404
2021-05-11,2021,2021-05-11 10:46:00-04:00,35.926797213044665,cutoff,2021-05-11 15:00:00-04:00,254,254.0,1598.967312802885
2021-05-11,2021,2021-05-11 10:46:00-04:00,36.752501049721104,cutoff,2021-05-11 15:00:00-04:00,254,254.0,1635.7198138526062
2021-05-12,2021,2021-05-12 08:30:00-04:00,0.0,BE,2021-05-12 10:43:00-04:00,133,133.0,1635.7198138526062
2021-05-12,2021,2021-05-12 08:30:00-04:00,0.0,BE,2021-05-12 10:32:00-04:00,122,122.0,1635.7198138526062
2021-05-12,2021,2021-05-12 10:50:00-04:00,-20.280821707201994,cutoff,2021-05-12 15:00:00-04:00,250,250.0,1615.4389921454042
2021-05-19,2021,2021-05-18 19:58:00-04:00,0.0,BE,2021-05-18 22:11:00-04:00,133,133.0,1615.4389921454042
2021-05-19,2021,2021-05-19 04:27:00-04:00,0.0,BE,2021-05-19 05:55:00-04:00,88,88.0,1615.4389921454042
2021-05-20,2021,2021-05-20 09:12:00-04:00,-37.5095527889971,cutoff,2021-05-20 15:00:00-04:00,348,348.0,1577.929439356407
2021-05-21,2021,2021-05-21 09:30:00-04:00,16.083163106796746,cutoff,2021-05-21 15:00:00-04:00,330,330.0,1594.0126024632038
2021-05-24,2021,2021-05-24 10:16:00-04:00,-11.674268275257418,cutoff,2021-05-24 15:00:00-04:00,284,284.0,1582.3383341879464
2021-06-01,2021,2021-06-01 04:00:00-04:00,-0.0,BE,2021-06-01 04:56:00-04:00,56,56.0,1582.3383341879464
2021-06-01,2021,2021-06-01 09:29:00-04:00,26.816211065122843,TP,2021-06-01 10:23:00-04:00,54,54.0,1609.1545452530693
2021-06-01,2021,2021-06-01 09:30:00-04:00,26.196305842054244,TP,2021-06-01 10:16:00-04:00,46,46.0,1635.3508510951235
2021-06-03,2021,2021-06-03 07:46:00-04:00,0.0,BE,2021-06-03 09:40:00-04:00,114,114.0,1635.3508510951235
2021-06-03,2021,2021-06-03 07:46:00-04:00,0.0,BE,2021-06-03 09:40:00-04:00,114,114.0,1635.3508510951235
2021-06-03,2021,2021-06-03 08:04:00-04:00,0.0,BE,2021-06-03 09:43:00-04:00,99,99.0,1635.3508510951235
2021-06-03,2021,2021-06-03 09:49:00-04:00,24.946506457662508,cutoff,2021-06-03 15:00:00-04:00,311,311.0,1660.297357552786
2021-06-04,2021,2021-06-04 10:41:00-04:00,-7.521697225417483,cutoff,2021-06-04 15:00:00-04:00,259,259.0,1652.7756603273685
2021-06-10,2021,2021-06-10 09:34:00-04:00,-1.0574304906476755,cutoff,2021-06-10 15:00:00-04:00,326,326.0,1651.7182298367209
2021-06-17,2021,2021-06-16 20:10:00-04:00,20.71150810063409,cutoff,2021-06-17 15:00:00-04:00,1130,1130.0,1672.429737937355
2021-06-18,2021,2021-06-18 08:23:00-04:00,0.0,BE,2021-06-18 09:29:00-04:00,66,66.0,1672.429737937355
2021-06-18,2021,2021-06-18 10:04:00-04:00,0.0,BE,2021-06-18 10:51:00-04:00,47,47.0,1672.429737937355
2021-06-18,2021,2021-06-18 10:30:00-04:00,-2.683788934877157,cutoff,2021-06-18 15:00:00-04:00,270,270.0,1669.7459490024778
2021-06-21,2021,2021-06-20 22:04:00-04:00,67.10330277458252,TP,2021-06-21 10:38:00-04:00,754,754.0,1736.8492517770603
2021-06-21,2021,2021-06-20 22:40:00-04:00,67.99801605815355,TP,2021-06-21 10:32:00-04:00,712,712.0,1804.8472678352139
2021-06-21,2021,2021-06-20 22:40:00-04:00,66.94630584205424,TP,2021-06-21 10:31:00-04:00,711,711.0,1871.7935736772681
2021-06-24,2021,2021-06-24 04:40:00-04:00,-30.08037459462139,cutoff,2021-06-24 15:00:00-04:00,620,620.0,1841.7131990826467
2021-06-25,2021,2021-06-25 10:05:00-04:00,-0.0,BE,2021-06-25 11:13:00-04:00,68,68.0,1841.7131990826467
2021-06-25,2021,2021-06-25 10:05:00-04:00,-0.0,BE,2021-06-25 11:14:00-04:00,69,69.0,1841.7131990826467
2021-06-25,2021,2021-06-25 10:21:00-04:00,-0.0,BE,2021-06-25 11:33:00-04:00,72,72.0,1841.7131990826467
2021-06-25,2021,2021-06-25 10:29:00-04:00,-0.0,BE,2021-06-25 14:20:00-04:00,231,231.0,1841.7131990826467
2021-06-29,2021,2021-06-29 09:34:00-04:00,-0.0,BE,2021-06-29 10:20:00-04:00,46,46.0,1841.7131990826467
2021-07-01,2021,2021-06-30 21:08:00-04:00,-0.0,BE,2021-06-30 21:59:00-04:00,51,51.0,1841.7131990826467
2021-07-02,2021,2021-07-01 20:10:00-04:00,-20.0,SL,2021-07-02 11:56:00-04:00,946,946.0,1821.7131990826467
2021-07-06,2021,2021-07-06 10:59:00-04:00,10.694981426067898,cutoff,2021-07-06 15:00:00-04:00,241,241.0,1832.4081805087146
2021-07-08,2021,2021-07-08 05:20:00-04:00,11.039301866483129,cutoff,2021-07-08 15:00:00-04:00,580,580.0,1843.4474823751978
2021-07-08,2021,2021-07-08 05:22:00-04:00,14.46427159216114,cutoff,2021-07-08 15:00:00-04:00,578,578.0,1857.911753967359
2021-07-08,2021,2021-07-08 06:02:00-04:00,0.0,BE,2021-07-08 08:33:00-04:00,151,151.0,1857.911753967359
2021-07-09,2021,2021-07-09 07:34:00-04:00,-28.12289180609514,cutoff,2021-07-09 15:00:00-04:00,446,446.0,1829.7888621612638
2021-07-12,2021,2021-07-12 10:30:00-04:00,-4.180018573932102,cutoff,2021-07-12 15:00:00-04:00,270,270.0,1825.6088435873316
2021-07-19,2021,2021-07-18 19:31:00-04:00,-102.5,SL,2021-07-19 13:30:00-04:00,1079,1079.0,1723.1088435873316
2021-07-21,2021,2021-07-21 09:53:00-04:00,-7.136859128778497,cutoff,2021-07-21 15:00:00-04:00,307,307.0,1715.9719844585532
2021-07-23,2021,2021-07-23 03:53:00-04:00,-26.95611162574187,cutoff,2021-07-23 15:00:00-04:00,667,667.0,1689.0158728328113
2021-08-03,2021,2021-08-03 09:55:00-04:00,42.392311566078206,cutoff,2021-08-03 15:00:00-04:00,305,305.0,1731.4081843988895
2021-08-03,2021,2021-08-03 10:10:00-04:00,44.84827260347265,cutoff,2021-08-03 15:00:00-04:00,290,290.0,1776.2564570023621
2021-08-10,2021,2021-08-10 10:02:00-04:00,-0.0,BE,2021-08-10 14:01:00-04:00,239,239.0,1776.2564570023621
2021-08-10,2021,2021-08-10 10:10:00-04:00,4.277788431987801,cutoff,2021-08-10 15:00:00-04:00,290,290.0,1780.53424543435
2021-08-10,2021,2021-08-10 10:11:00-04:00,5.880763229953345,cutoff,2021-08-10 15:00:00-04:00,289,289.0,1786.4150086643033
2021-08-11,2021,2021-08-11 09:12:00-04:00,4.39168835528335,cutoff,2021-08-11 15:00:00-04:00,348,348.0,1790.8066970195866
2021-08-11,2021,2021-08-11 09:13:00-04:00,6.4104922135231845,cutoff,2021-08-11 15:00:00-04:00,347,347.0,1797.2171892331098
2021-08-12,2021,2021-08-12 06:45:00-04:00,-0.0,BE,2021-08-12 11:40:00-04:00,295,295.0,1797.2171892331098
2021-08-19,2021,2021-08-19 02:56:00-04:00,35.05002747371782,cutoff,2021-08-19 15:00:00-04:00,724,724.0,1832.2672167068276
2021-08-19,2021,2021-08-19 02:58:00-04:00,50.32918835528335,cutoff,2021-08-19 15:00:00-04:00,722,722.0,1882.596405062111
2021-08-19,2021,2021-08-19 02:58:00-04:00,49.630763229953345,cutoff,2021-08-19 15:00:00-04:00,722,722.0,1932.2271682920643
2021-08-19,2021,2021-08-19 04:20:00-04:00,0.0,BE,2021-08-19 07:23:00-04:00,183,183.0,1932.2271682920643
2021-08-19,2021,2021-08-19 04:28:00-04:00,0.0,BE,2021-08-19 08:02:00-04:00,214,214.0,1932.2271682920643
2021-08-23,2021,2021-08-23 10:05:00-04:00,-11.116102362899255,cutoff,2021-08-23 15:00:00-04:00,295,295.0,1921.111065929165
2021-08-24,2021,2021-08-24 02:33:00-04:00,-0.0,BE,2021-08-24 05:13:00-04:00,160,160.0,1921.111065929165
2021-08-24,2021,2021-08-24 02:36:00-04:00,3.90178937279984,cutoff,2021-08-24 15:00:00-04:00,744,744.0,1925.012855301965
2021-08-30,2021,2021-08-30 10:03:00-04:00,-13.825261259133185,cutoff,2021-08-30 15:00:00-04:00,297,297.0,1911.1875940428317
2021-08-31,2021,2021-08-31 00:55:00-04:00,12.752765049011941,cutoff,2021-08-31 15:00:00-04:00,845,845.0,1923.9403590918437
2021-09-07,2021,2021-09-07 10:12:00-04:00,16.144286294310177,cutoff,2021-09-07 15:00:00-04:00,288,288.0,1940.0846453861539
2021-09-08,2021,2021-09-08 03:14:00-04:00,0.0,BE,2021-09-08 10:36:00-04:00,442,442.0,1940.0846453861539
2021-09-08,2021,2021-09-08 10:54:00-04:00,23.37338728868872,cutoff,2021-09-08 15:00:00-04:00,246,246.0,1963.4580326748426
2021-09-09,2021,2021-09-09 03:11:00-04:00,21.29847980207728,cutoff,2021-09-09 15:00:00-04:00,709,709.0,1984.7565124769199
2021-09-10,2021,2021-09-10 10:04:00-04:00,-11.829670675116176,cutoff,2021-09-10 15:00:00-04:00,296,296.0,1972.9268418018037
2021-09-20,2021,2021-09-19 21:42:00-04:00,-67.5,SL,2021-09-20 08:02:00-04:00,620,620.0,1905.4268418018037
2021-09-23,2021,2021-09-23 03:44:00-04:00,-0.0,BE,2021-09-23 06:26:00-04:00,162,162.0,1905.4268418018037
2021-09-23,2021,2021-09-23 09:47:00-04:00,-18.961670092930035,cutoff,2021-09-23 15:00:00-04:00,313,313.0,1886.4651717088736
2021-09-28,2021,2021-09-28 06:15:00-04:00,0.0,BE,2021-09-28 09:46:00-04:00,211,211.0,1886.4651717088736
2021-09-28,2021,2021-09-28 10:01:00-04:00,-7.740530505364404,cutoff,2021-09-28 15:00:00-04:00,299,299.0,1878.7246412035092
2021-10-07,2021,2021-10-06 21:56:00-04:00,-0.0,BE,2021-10-07 02:03:00-04:00,247,247.0,1878.7246412035092
2021-10-07,2021,2021-10-07 06:58:00-04:00,-7.572164595891309,cutoff,2021-10-07 15:00:00-04:00,482,482.0,1871.152476607618
2021-10-12,2021,2021-10-11 20:18:00-04:00,0.0,BE,2021-10-11 22:51:00-04:00,153,153.0,1871.152476607618
2021-10-12,2021,2021-10-11 21:05:00-04:00,0.0,BE,2021-10-12 02:04:00-04:00,299,299.0,1871.152476607618
2021-10-14,2021,2021-10-14 10:01:00-04:00,-27.44897311164209,cutoff,2021-10-14 15:00:00-04:00,299,299.0,1843.7035034959758
2021-10-15,2021,2021-10-14 22:18:00-04:00,-31.807783335507338,cutoff,2021-10-15 15:00:00-04:00,1002,1002.0,1811.8957201604685
2021-10-19,2021,2021-10-18 20:15:00-04:00,-0.0,BE,2021-10-19 01:41:00-04:00,325,326.0,1811.8957201604685
2021-10-19,2021,2021-10-19 04:19:00-04:00,-13.61838647704758,cutoff,2021-10-19 15:00:00-04:00,641,641.0,1798.277333683421
2021-10-21,2021,2021-10-21 10:49:00-04:00,3.0564711978477135,cutoff,2021-10-21 15:00:00-04:00,251,251.0,1801.3338048812686
2021-10-26,2021,2021-10-26 04:21:00-04:00,-0.0,BE,2021-10-26 09:33:00-04:00,312,312.0,1801.3338048812686
2021-10-26,2021,2021-10-26 10:13:00-04:00,7.243461132669836,cutoff,2021-10-26 15:00:00-04:00,287,287.0,1808.5772660139385
2021-11-01,2021,2021-11-01 06:59:00-04:00,22.70613602963749,cutoff,2021-11-01 15:00:00-04:00,481,481.0,1831.283402043576
2021-11-05,2021,2021-11-05 09:35:00-04:00,16.007463158985047,cutoff,2021-11-05 15:00:00-04:00,325,325.0,1847.290865202561
2021-11-10,2021,2021-11-09 21:36:00-05:00,0.0,BE,2021-11-10 00:12:00-05:00,156,156.0,1847.290865202561
2021-11-10,2021,2021-11-09 22:19:00-05:00,0.0,BE,2021-11-10 08:31:00-05:00,612,612.0,1847.290865202561
2021-11-15,2021,2021-11-15 08:11:00-05:00,20.265122444033068,cutoff,2021-11-15 15:00:00-05:00,409,409.0,1867.555987646594
2021-11-15,2021,2021-11-15 08:20:00-05:00,24.20766499632805,cutoff,2021-11-15 15:00:00-05:00,400,400.0,1891.7636526429221
2021-11-19,2021,2021-11-18 20:47:00-05:00,16.03815876683825,cutoff,2021-11-19 15:00:00-05:00,1093,1093.0,1907.8018114097604
2021-11-22,2021,2021-11-22 09:48:00-05:00,4.01323345275523,cutoff,2021-11-22 15:00:00-05:00,312,312.0,1911.8150448625156
2021-11-22,2021,2021-11-22 09:49:00-05:00,6.376473755385632,cutoff,2021-11-22 15:00:00-05:00,311,311.0,1918.1915186179012
2021-11-22,2021,2021-11-22 09:56:00-05:00,11.039789755278434,cutoff,2021-11-22 15:00:00-05:00,304,304.0,1929.2313083731797
2021-11-23,2021,2021-11-23 02:09:00-05:00,0.0,BE,2021-11-23 10:27:00-05:00,498,498.0,1929.2313083731797
2021-11-23,2021,2021-11-23 03:30:00-05:00,0.0,BE,2021-11-23 10:59:00-05:00,449,449.0,1929.2313083731797
2021-11-26,2021,2021-11-25 20:39:00-05:00,-89.92810705048487,cutoff,2021-11-26 13:14:00-05:00,995,995.0,1839.3032013226948
2021-12-07,2021,2021-12-07 02:04:00-05:00,-48.0,SL,2021-12-07 09:54:00-05:00,470,470.0,1791.3032013226948
2021-12-08,2021,2021-12-08 06:54:00-05:00,17.237850715555396,cutoff,2021-12-08 15:00:00-05:00,486,486.0,1808.5410520382502
2021-12-13,2021,2021-12-12 19:46:00-05:00,41.08065617552984,cutoff,2021-12-13 15:00:00-05:00,1154,1154.0,1849.62170821378
2021-12-14,2021,2021-12-14 08:33:00-05:00,-21.681312068282068,cutoff,2021-12-14 15:00:00-05:00,387,387.0,1827.940396145498
2021-12-16,2021,2021-12-16 05:57:00-05:00,-0.0,BE,2021-12-16 08:30:00-05:00,153,153.0,1827.940396145498
2021-12-16,2021,2021-12-16 05:58:00-05:00,80.1445704448106,cutoff,2021-12-16 15:00:00-05:00,542,542.0,1908.0849665903086
2021-12-16,2021,2021-12-16 06:17:00-05:00,103.96017835956627,cutoff,2021-12-16 15:00:00-05:00,523,523.0,2012.0451449498748
2021-12-16,2021,2021-12-16 06:47:00-05:00,110.86434217386113,cutoff,2021-12-16 15:00:00-05:00,493,493.0,2122.9094871237357
2021-12-16,2021,2021-12-16 06:47:00-05:00,112.66103702655755,TP,2021-12-16 14:58:00-05:00,491,491.0,2235.5705241502933
2021-12-16,2021,2021-12-16 06:47:00-05:00,113.83986618689391,TP,2021-12-16 14:58:00-05:00,491,491.0,2349.410390337187
2021-12-16,2021,2021-12-16 06:47:00-05:00,113.92235024980778,TP,2021-12-16 14:58:00-05:00,491,491.0,2463.332740586995
2021-12-20,2021,2021-12-19 19:02:00-05:00,-31.730429555189403,cutoff,2021-12-20 15:00:00-05:00,1198,1198.0,2431.6023110318056
2021-12-22,2021,2021-12-22 10:17:00-05:00,-24.470982228556295,cutoff,2021-12-22 15:00:00-05:00,283,283.0,2407.1313288032493
2021-12-23,2021,2021-12-23 03:54:00-05:00,-35.0,SL,2021-12-23 11:01:00-05:00,427,427.0,2372.1313288032493
2021-12-27,2021,2021-12-27 10:09:00-05:00,-26.607541752538282,cutoff,2021-12-27 15:00:00-05:00,291,291.0,2345.523787050711
2021-12-28,2021,2021-12-28 04:08:00-05:00,15.311553775840139,cutoff,2021-12-28 15:00:00-05:00,652,652.0,2360.835340826551
2022-01-03,2022,2022-01-03 09:50:00-05:00,41.01020094473597,cutoff,2022-01-03 15:00:00-05:00,310,310.0,2401.845541771287
2022-01-10,2022,2022-01-10 08:00:00-05:00,0.0,BE,2022-01-10 09:16:00-05:00,76,76.0,2401.845541771287
2022-01-10,2022,2022-01-10 09:43:00-05:00,32.65028326659035,cutoff,2022-01-10 15:00:00-05:00,317,317.0,2434.4958250378777
2022-01-10,2022,2022-01-10 10:12:00-05:00,63.760538847210455,cutoff,2022-01-10 15:00:00-05:00,288,288.0,2498.256363885088
2022-01-12,2022,2022-01-12 00:43:00-05:00,-22.5,SL,2022-01-12 09:31:00-05:00,528,528.0,2475.756363885088
2022-01-18,2022,2022-01-18 03:19:00-05:00,-29.785564738130006,cutoff,2022-01-18 15:00:00-05:00,701,701.0,2445.9707991469577
2022-01-19,2022,2022-01-18 23:58:00-05:00,19.224914319121353,cutoff,2022-01-19 15:00:00-05:00,902,902.0,2465.195713466079
2022-01-19,2022,2022-01-18 23:59:00-05:00,22.08965897549092,cutoff,2022-01-19 15:00:00-05:00,901,901.0,2487.28537244157
2022-01-24,2022,2022-01-24 05:43:00-05:00,0.0,BE,2022-01-24 07:51:00-05:00,128,128.0,2487.28537244157
2022-01-26,2022,2022-01-26 08:23:00-05:00,-0.0,BE,2022-01-26 09:51:00-05:00,88,88.0,2487.28537244157
2022-01-26,2022,2022-01-26 10:01:00-05:00,-0.0,BE,2022-01-26 14:00:00-05:00,239,239.0,2487.28537244157
2022-02-02,2022,2022-02-02 07:55:00-05:00,-0.0,BE,2022-02-02 14:35:00-05:00,400,400.0,2487.28537244157
2022-02-04,2022,2022-02-04 06:22:00-05:00,0.0,BE,2022-02-04 08:32:00-05:00,130,130.0,2487.28537244157
2022-02-09,2022,2022-02-09 03:45:00-05:00,-39.42337282478661,cutoff,2022-02-09 15:00:00-05:00,675,675.0,2447.8619996167836
2022-02-16,2022,2022-02-16 03:18:00-05:00,2.7863309297099477,cutoff,2022-02-16 15:00:00-05:00,702,702.0,2450.6483305464935
2022-02-18,2022,2022-02-18 10:49:00-05:00,19.612775320880473,cutoff,2022-02-18 15:00:00-05:00,251,251.0,2470.2611058673738
2022-02-21,2022,2022-02-21 08:18:00-05:00,0.0,BE,2022-02-21 09:50:00-05:00,92,92.0,2470.2611058673738
2022-03-01,2022,2022-03-01 02:07:00-05:00,-0.0,BE,2022-03-01 03:06:00-05:00,59,59.0,2470.2611058673738
2022-03-03,2022,2022-03-03 08:56:00-05:00,-0.0,BE,2022-03-03 09:44:00-05:00,48,48.0,2470.2611058673738
2022-03-03,2022,2022-03-03 09:00:00-05:00,-0.0,BE,2022-03-03 09:46:00-05:00,46,46.0,2470.2611058673738
2022-03-03,2022,2022-03-03 09:00:00-05:00,-0.0,BE,2022-03-03 09:47:00-05:00,47,47.0,2470.2611058673738
2022-03-04,2022,2022-03-03 19:36:00-05:00,-21.364155008824127,cutoff,2022-03-04 15:00:00-05:00,1164,1164.0,2448.8969508585496
2022-03-07,2022,2022-03-07 03:18:00-05:00,0.0,BE,2022-03-07 06:04:00-05:00,166,166.0,2448.8969508585496
2022-03-11,2022,2022-03-11 06:26:00-05:00,81.29404966133166,TP,2022-03-11 13:26:00-05:00,420,420.0,2530.1910005198815
2022-03-16,2022,2022-03-16 01:45:00-04:00,-0.0,BE,2022-03-16 02:32:00-04:00,47,47.0,2530.1910005198815
2022-03-16,2022,2022-03-16 03:10:00-04:00,-0.0,BE,2022-03-16 03:59:00-04:00,49,49.0,2530.1910005198815
2022-03-16,2022,2022-03-16 10:18:00-04:00,89.64361871768119,TP,2022-03-16 14:38:00-04:00,260,260.0,2619.834619237563
2022-03-18,2022,2022-03-18 10:10:00-04:00,-0.0,BE,2022-03-18 11:07:00-04:00,57,57.0,2619.834619237563
2022-03-22,2022,2022-03-22 09:42:00-04:00,-16.989155008824127,cutoff,2022-03-22 15:00:00-04:00,318,318.0,2602.845464228739
2022-03-25,2022,2022-03-24 21:54:00-04:00,-0.0,BE,2022-03-25 00:57:00-04:00,183,183.0,2602.845464228739
2022-03-25,2022,2022-03-25 00:58:00-04:00,-0.0,BE,2022-03-25 07:26:00-04:00,388,388.0,2602.845464228739
2022-03-25,2022,2022-03-25 10:24:00-04:00,7.770704404216303,cutoff,2022-03-25 15:00:00-04:00,276,276.0,2610.616168632955
2022-03-25,2022,2022-03-25 10:42:00-04:00,15.544481479173555,cutoff,2022-03-25 15:00:00-04:00,258,258.0,2626.1606501121287
2022-03-29,2022,2022-03-29 01:33:00-04:00,-20.0,SL,2022-03-29 07:52:00-04:00,379,379.0,2606.1606501121287
2022-04-06,2022,2022-04-06 03:54:00-04:00,-9.014540605044203,cutoff,2022-04-06 15:00:00-04:00,666,666.0,2597.1461095070845
2022-04-11,2022,2022-04-11 10:41:00-04:00,3.1202574468024977,cutoff,2022-04-11 15:00:00-04:00,259,259.0,2600.266366953887
2022-04-12,2022,2022-04-11 20:58:00-04:00,3.6131316475621134,cutoff,2022-04-12 15:00:00-04:00,1082,1082.0,2603.879498601449
2022-04-12,2022,2022-04-12 00:28:00-04:00,0.0,BE,2022-04-12 03:22:00-04:00,174,174.0,2603.879498601449
2022-04-14,2022,2022-04-14 00:36:00-04:00,-0.0,BE,2022-04-14 01:36:00-04:00,60,60.0,2603.879498601449
2022-04-19,2022,2022-04-19 10:41:00-04:00,-8.29973023348316,cutoff,2022-04-19 15:00:00-04:00,259,259.0,2595.5797683679657
2022-04-20,2022,2022-04-20 07:56:00-04:00,24.689972490949003,cutoff,2022-04-20 15:00:00-04:00,424,424.0,2620.2697408589147
2022-04-21,2022,2022-04-21 09:33:00-04:00,74.08188164756211,TP,2022-04-21 13:31:00-04:00,238,238.0,2694.351622506477
2022-04-21,2022,2022-04-21 09:35:00-04:00,78.85113749964489,TP,2022-04-21 13:31:00-04:00,236,236.0,2773.202760006122
2022-04-22,2022,2022-04-22 10:30:00-04:00,0.0,BE,2022-04-22 11:16:00-04:00,46,46.0,2773.202760006122
2022-05-06,2022,2022-05-06 09:45:00-04:00,0.0,BE,2022-05-06 10:38:00-04:00,53,53.0,2773.202760006122
2022-05-09,2022,2022-05-09 10:29:00-04:00,-7.9665358435599956,cutoff,2022-05-09 15:00:00-04:00,271,271.0,2765.236224162562
2022-05-12,2022,2022-05-12 07:57:00-04:00,0.0,BE,2022-05-12 09:32:00-04:00,95,95.0,2765.236224162562
2022-05-13,2022,2022-05-13 10:02:00-04:00,-10.3335307335783,cutoff,2022-05-13 15:00:00-04:00,298,298.0,2754.9026934289836
2022-05-17,2022,2022-05-17 05:39:00-04:00,-3.0471693170716208,cutoff,2022-05-17 15:00:00-04:00,561,561.0,2751.855524111912
2022-05-19,2022,2022-05-19 03:30:00-04:00,56.816038353660474,cutoff,2022-05-19 15:00:00-04:00,690,690.0,2808.6715624655726
2022-05-26,2022,2022-05-26 07:16:00-04:00,-0.0,BE,2022-05-26 08:46:00-04:00,90,90.0,2808.6715624655726
2022-05-26,2022,2022-05-26 07:21:00-04:00,-0.0,BE,2022-05-26 08:53:00-04:00,92,92.0,2808.6715624655726
2022-05-26,2022,2022-05-26 07:28:00-04:00,-0.0,BE,2022-05-26 09:35:00-04:00,127,127.0,2808.6715624655726
2022-05-26,2022,2022-05-26 09:38:00-04:00,-47.69653589351583,cutoff,2022-05-26 15:00:00-04:00,322,322.0,2760.975026572057
2022-05-27,2022,2022-05-27 08:49:00-04:00,-59.67799306063114,cutoff,2022-05-27 15:00:00-04:00,371,371.0,2701.2970335114255
2022-05-30,2022,2022-05-29 19:31:00-04:00,-0.0,BE,2022-05-29 20:47:00-04:00,76,76.0,2701.2970335114255
2022-05-30,2022,2022-05-30 04:22:00-04:00,-0.0,BE,2022-05-30 05:29:00-04:00,67,67.0,2701.2970335114255
2022-05-31,2022,2022-05-31 05:42:00-04:00,0.0,BE,2022-05-31 08:33:00-04:00,171,171.0,2701.2970335114255
2022-06-07,2022,2022-06-07 01:25:00-04:00,0.0,BE,2022-06-07 06:59:00-04:00,334,334.0,2701.2970335114255
2022-06-10,2022,2022-06-09 20:25:00-04:00,0.0,BE,2022-06-09 21:24:00-04:00,59,59.0,2701.2970335114255
2022-06-10,2022,2022-06-10 10:01:00-04:00,0.0,BE,2022-06-10 10:47:00-04:00,46,46.0,2701.2970335114255
2022-06-13,2022,2022-06-12 20:12:00-04:00,-75.0,SL,2022-06-13 09:41:00-04:00,809,809.0,2626.2970335114255
2022-06-16,2022,2022-06-16 04:58:00-04:00,-69.00390874231732,cutoff,2022-06-16 15:00:00-04:00,602,602.0,2557.293124769108
2022-06-21,2022,2022-06-21 09:40:00-04:00,-29.615369664530817,cutoff,2022-06-21 15:00:00-04:00,320,320.0,2527.677755104577
2022-06-24,2022,2022-06-23 22:16:00-04:00,-75.0,SL,2022-06-24 13:02:00-04:00,886,886.0,2452.677755104577
2022-06-27,2022,2022-06-26 22:33:00-04:00,-0.0,BE,2022-06-27 03:25:00-04:00,292,292.0,2452.677755104577
2022-06-30,2022,2022-06-30 09:39:00-04:00,33.96588736350168,cutoff,2022-06-30 15:00:00-04:00,321,321.0,2486.6436424680787
2022-06-30,2022,2022-06-30 09:41:00-04:00,39.870205704252726,cutoff,2022-06-30 15:00:00-04:00,319,319.0,2526.5138481723316
2022-07-05,2022,2022-07-04 19:06:00-04:00,88.96394749033107,TP,2022-07-05 10:37:00-04:00,931,931.0,2615.4777956626626
2022-07-05,2022,2022-07-05 09:31:00-04:00,57.47954959785204,cutoff_eng,2022-07-05 15:00:00-04:00,329,329.0,2672.9573452605146
2022-07-12,2022,2022-07-12 03:34:00-04:00,24.264641944350842,TP,2022-07-12 10:00:00-04:00,386,386.0,2697.2219872048654
2022-07-13,2022,2022-07-13 08:30:00-04:00,19.886177624521792,TP,2022-07-13 14:03:00-04:00,333,333.0,2717.108164829387
2022-07-13,2022,2022-07-13 08:32:00-04:00,30.77008459919398,TP,2022-07-13 14:03:00-04:00,331,331.0,2747.878249428581
2022-07-15,2022,2022-07-14 19:40:00-04:00,-0.0,BE,2022-07-14 19:59:00-04:00,19,19.0,2747.878249428581
2022-07-15,2022,2022-07-15 09:05:00-04:00,-0.0,BE,2022-07-15 09:25:00-04:00,20,20.0,2747.878249428581
2022-07-18,2022,2022-07-18 04:28:00-04:00,-0.0,BE,2022-07-18 04:51:00-04:00,23,23.0,2747.878249428581
2022-07-20,2022,2022-07-19 20:27:00-04:00,-0.0,BE,2022-07-19 21:37:00-04:00,70,70.0,2747.878249428581
2022-08-05,2022,2022-08-05 08:55:00-04:00,23.299680671204896,TP,2022-08-05 11:22:00-04:00,147,147.0,2771.177930099786
2022-08-08,2022,2022-08-08 08:56:00-04:00,-0.0,BE,2022-08-08 09:33:00-04:00,37,37.0,2771.177930099786
2022-08-08,2022,2022-08-08 09:42:00-04:00,42.62022394386531,cutoff_eng,2022-08-08 15:00:00-04:00,318,318.0,2813.7981540436513
2022-08-08,2022,2022-08-08 09:55:00-04:00,63.67728664291121,cutoff_eng,2022-08-08 15:00:00-04:00,305,305.0,2877.4754406865623
2022-08-10,2022,2022-08-10 08:30:00-04:00,-24.0,SL,2022-08-10 11:00:00-04:00,150,150.0,2853.4754406865623
2022-08-11,2022,2022-08-10 21:10:00-04:00,12.191207145435328,cutoff,2022-08-11 15:00:00-04:00,1070,1070.0,2865.6666478319976
2022-08-11,2022,2022-08-11 08:30:00-04:00,-0.0,BE,2022-08-11 08:55:00-04:00,25,25.0,2865.6666478319976
2022-08-19,2022,2022-08-19 06:39:00-04:00,-23.936574838975275,cutoff,2022-08-19 15:00:00-04:00,501,501.0,2841.730072993022
2022-08-22,2022,2022-08-22 03:26:00-04:00,-41.25,SL,2022-08-22 09:35:00-04:00,369,369.0,2800.480072993022
2022-08-23,2022,2022-08-23 02:36:00-04:00,10.682165858837834,TP,2022-08-23 11:01:00-04:00,505,505.0,2811.16223885186
2022-08-25,2022,2022-08-25 02:18:00-04:00,-0.0,BE,2022-08-25 02:45:00-04:00,27,27.0,2811.16223885186
2022-08-30,2022,2022-08-30 10:48:00-04:00,0.0,BE,2022-08-30 13:42:00-04:00,174,174.0,2811.16223885186
2022-09-01,2022,2022-08-31 19:25:00-04:00,12.494957902314354,cutoff,2022-09-01 15:00:00-04:00,1175,1175.0,2823.657196754174
2022-09-02,2022,2022-09-02 08:30:00-04:00,-0.0,BE,2022-09-02 08:50:00-04:00,20,20.0,2823.657196754174
2022-09-06,2022,2022-09-06 10:12:00-04:00,32.550513866663664,TP,2022-09-06 12:23:00-04:00,131,131.0,2856.2077106208376
2022-09-09,2022,2022-09-09 03:06:00-04:00,-46.25,SL,2022-09-09 13:16:00-04:00,610,610.0,2809.9577106208376
2022-09-12,2022,2022-09-12 04:38:00-04:00,-18.105585095402148,cutoff,2022-09-12 15:00:00-04:00,622,622.0,2791.8521255254354
2022-09-13,2022,2022-09-13 08:53:00-04:00,-26.25,SL,2022-09-13 09:14:00-04:00,21,21.0,2765.6021255254354
2022-09-16,2022,2022-09-16 02:54:00-04:00,0.0,BE,2022-09-16 03:19:00-04:00,25,25.0,2765.6021255254354
2022-09-16,2022,2022-09-16 08:57:00-04:00,0.0,BE,2022-09-16 09:15:00-04:00,18,18.0,2765.6021255254354
2022-09-19,2022,2022-09-19 05:32:00-04:00,0.0,BE,2022-09-19 06:04:00-04:00,32,32.0,2765.6021255254354
2022-09-20,2022,2022-09-19 19:51:00-04:00,52.19351149823183,TP,2022-09-20 11:55:00-04:00,964,964.0,2817.795637023667
2022-09-20,2022,2022-09-20 03:11:00-04:00,57.69809899832467,TP,2022-09-20 11:55:00-04:00,524,524.0,2875.493736021992
2022-09-23,2022,2022-09-23 06:45:00-04:00,-40.0,SL,2022-09-23 12:08:00-04:00,323,323.0,2835.493736021992
2022-09-28,2022,2022-09-27 22:12:00-04:00,0.0,BE,2022-09-27 22:31:00-04:00,19,19.0,2835.493736021992
2022-09-28,2022,2022-09-27 22:20:00-04:00,0.0,BE,2022-09-28 03:13:00-04:00,293,293.0,2835.493736021992
2022-10-03,2022,2022-10-02 19:52:00-04:00,149.83294879338757,cutoff_eng,2022-10-03 15:00:00-04:00,1148,1148.0,2985.3266848153794
2022-10-03,2022,2022-10-02 20:06:00-04:00,0.0,BE,2022-10-02 20:56:00-04:00,50,50.0,2985.3266848153794
2022-10-04,2022,2022-10-03 20:17:00-04:00,-0.0,BE,2022-10-03 23:32:00-04:00,195,195.0,2985.3266848153794
2022-10-04,2022,2022-10-04 00:37:00-04:00,-40.0,SL,2022-10-04 09:39:00-04:00,542,542.0,2945.3266848153794
2022-10-07,2022,2022-10-07 08:50:00-04:00,0.0,BE,2022-10-07 09:32:00-04:00,42,42.0,2945.3266848153794
2022-10-07,2022,2022-10-07 09:48:00-04:00,-50.0,SL,2022-10-07 14:32:00-04:00,284,284.0,2895.3266848153794
2022-10-11,2022,2022-10-11 03:00:00-04:00,0.0,BE,2022-10-11 05:50:00-04:00,170,170.0,2895.3266848153794
2022-10-13,2022,2022-10-13 08:30:00-04:00,-50.0,SL,2022-10-13 08:32:00-04:00,2,2.0,2845.3266848153794
2022-10-14,2022,2022-10-14 08:56:00-04:00,-0.0,BE,2022-10-14 09:39:00-04:00,43,43.0,2845.3266848153794
2022-10-18,2022,2022-10-17 23:47:00-04:00,-0.0,BE,2022-10-18 00:03:00-04:00,16,16.0,2845.3266848153794
2022-10-21,2022,2022-10-21 08:20:00-04:00,0.0,BE,2022-10-21 08:50:00-04:00,30,30.0,2845.3266848153794
2022-10-25,2022,2022-10-25 09:45:00-04:00,-36.0,SL,2022-10-25 14:34:00-04:00,289,289.0,2809.3266848153794
2022-11-03,2022,2022-11-03 06:18:00-04:00,-50.0,SL,2022-11-03 09:53:00-04:00,215,215.0,2759.3266848153794
2022-11-04,2022,2022-11-04 10:27:00-04:00,63.007682853416895,TP,2022-11-04 14:42:00-04:00,255,255.0,2822.3343676687964
2022-11-08,2022,2022-11-08 10:44:00-05:00,29.517058870559367,TP,2022-11-08 14:42:00-05:00,238,238.0,2851.851426539356
2022-11-10,2022,2022-11-10 08:36:00-05:00,-31.0,SL,2022-11-10 09:55:00-05:00,79,79.0,2820.851426539356
2022-11-11,2022,2022-11-11 01:06:00-05:00,-0.0,BE,2022-11-11 02:38:00-05:00,92,92.0,2820.851426539356
2022-11-15,2022,2022-11-15 08:30:00-05:00,-0.0,BE,2022-11-15 08:46:00-05:00,16,16.0,2820.851426539356
2022-11-15,2022,2022-11-15 08:33:00-05:00,66.62391368019826,TP,2022-11-15 14:10:00-05:00,337,337.0,2887.4753402195543
2022-11-17,2022,2022-11-17 08:00:00-05:00,15.626174397166778,cutoff,2022-11-17 15:00:00-05:00,420,420.0,2903.101514616721
2022-11-17,2022,2022-11-17 08:00:00-05:00,17.049130944158605,cutoff,2022-11-17 15:00:00-05:00,420,420.0,2920.1506455608796
2022-11-18,2022,2022-11-18 04:31:00-05:00,-0.0,BE,2022-11-18 05:17:00-05:00,46,46.0,2920.1506455608796
2022-11-23,2022,2022-11-23 09:45:00-05:00,-0.0,BE,2022-11-23 10:06:00-05:00,21,21.0,2920.1506455608796
2022-11-23,2022,2022-11-23 10:43:00-05:00,-0.0,BE,2022-11-23 11:23:00-05:00,40,40.0,2920.1506455608796
2022-11-24,2022,2022-11-24 04:01:00-05:00,2.523260532912559,cutoff,2022-11-24 12:59:00-05:00,538,538.0,2922.673906093792
2022-11-28,2022,2022-11-27 20:07:00-05:00,-31.25,SL,2022-11-28 13:12:00-05:00,1025,1025.0,2891.423906093792
2022-12-02,2022,2022-12-02 08:30:00-05:00,0.0,BE,2022-12-02 08:47:00-05:00,17,17.0,2891.423906093792
2022-12-06,2022,2022-12-06 09:45:00-05:00,-50.0,SL,2022-12-06 12:56:00-05:00,191,191.0,2841.423906093792
2022-12-07,2022,2022-12-07 07:20:00-05:00,10.470782558351857,TP,2022-12-07 11:24:00-05:00,244,244.0,2851.894688652144
2022-12-07,2022,2022-12-07 07:21:00-05:00,15.960760532912559,TP,2022-12-07 11:24:00-05:00,243,243.0,2867.8554491850564
2022-12-13,2022,2022-12-13 08:26:00-05:00,-50.0,SL,2022-12-13 08:29:00-05:00,3,3.0,2817.8554491850564
2022-12-16,2022,2022-12-16 03:15:00-05:00,-50.0,SL,2022-12-16 10:37:00-05:00,442,442.0,2767.8554491850564
2022-12-20,2022,2022-12-19 22:10:00-05:00,-21.0,SL,2022-12-20 00:30:00-05:00,140,140.0,2746.8554491850564
2022-12-21,2022,2022-12-21 10:33:00-05:00,-4.3332290888736225,cutoff,2022-12-21 15:00:00-05:00,267,267.0,2742.5222200961825
2023-01-03,2023,2023-01-03 04:05:00-05:00,122.04350063479251,TP,2023-01-03 06:45:00-05:00,160,160.0,2864.565720730975
2023-01-03,2023,2023-01-03 04:15:00-05:00,123.92845537595531,TP,2023-01-03 06:45:00-05:00,150,150.0,2988.4941761069304
2023-01-09,2023,2023-01-08 23:44:00-05:00,3.7667541892737972,TP,2023-01-09 01:11:00-05:00,87,87.0,2992.260930296204
2023-01-09,2023,2023-01-09 04:44:00-05:00,-0.0,BE,2023-01-09 07:04:00-05:00,140,140.0,2992.260930296204
2023-01-09,2023,2023-01-09 10:03:00-05:00,111.20874518632445,TP,2023-01-09 14:58:00-05:00,295,295.0,3103.4696754825286
2023-01-09,2023,2023-01-09 10:35:00-05:00,-0.0,BE,2023-01-09 12:48:00-05:00,133,133.0,3103.4696754825286
2023-01-12,2023,2023-01-12 00:31:00-05:00,35.89826884431204,TP,2023-01-12 02:07:00-05:00,96,96.0,3139.3679443268406
2023-01-12,2023,2023-01-12 07:59:00-05:00,-21.25,SL,2023-01-12 08:18:00-05:00,19,19.0,3118.1179443268406
2023-01-17,2023,2023-01-17 10:02:00-05:00,25.477669744471314,TP,2023-01-17 11:11:00-05:00,69,69.0,3143.595614071312
2023-01-19,2023,2023-01-19 05:39:00-05:00,-10.9375,SL,2023-01-19 07:44:00-05:00,125,125.0,3132.658114071312
2023-01-25,2023,2023-01-25 10:36:00-05:00,25.96038507481171,TP,2023-01-25 11:39:00-05:00,63,63.0,3158.6184991461237
2023-01-26,2023,2023-01-26 09:06:00-05:00,112.43595096985337,TP,2023-01-26 10:55:00-05:00,109,109.0,3271.054450115977
2023-01-26,2023,2023-01-26 09:31:00-05:00,26.800806013330657,TP,2023-01-26 09:51:00-05:00,20,20.0,3297.8552561293077
2023-01-26,2023,2023-01-26 09:40:00-05:00,27.96038507481171,TP,2023-01-26 09:51:00-05:00,11,11.0,3325.8156412041194
2023-01-31,2023,2023-01-31 05:02:00-05:00,-8.75,SL,2023-01-31 06:33:00-05:00,91,91.0,3317.0656412041194
2023-02-06,2023,2023-02-06 04:13:00-05:00,-11.25,SL,2023-02-06 05:04:00-05:00,51,51.0,3305.8156412041194
2023-02-10,2023,2023-02-10 05:15:00-05:00,27.29032247624582,TP,2023-02-10 10:18:00-05:00,303,303.0,3333.105963680365
2023-02-10,2023,2023-02-10 05:18:00-05:00,28.94215421148465,TP,2023-02-10 10:18:00-05:00,300,300.0,3362.04811789185
2023-02-13,2023,2023-02-13 10:55:00-05:00,10.26435630033302,cutoff,2023-02-13 15:00:00-05:00,245,245.0,3372.312474192183
2023-02-14,2023,2023-02-14 08:29:00-05:00,131.53717413945196,TP,2023-02-14 08:31:00-05:00,2,2.0,3503.849648331635
2023-02-17,2023,2023-02-17 01:25:00-05:00,-5.9375,SL,2023-02-17 03:29:00-05:00,124,124.0,3497.912148331635
2023-02-21,2023,2023-02-21 09:48:00-05:00,-43.75,SL,2023-02-21 10:12:00-05:00,24,24.0,3454.162148331635
2023-02-22,2023,2023-02-22 03:43:00-05:00,0.0,BE,2023-02-22 06:28:00-05:00,165,165.0,3454.162148331635
2023-02-22,2023,2023-02-22 10:16:00-05:00,75.70778126763253,TP,2023-02-22 12:18:00-05:00,122,122.0,3529.8699295992674
2023-02-22,2023,2023-02-22 10:32:00-05:00,74.9213443964818,TP,2023-02-22 11:36:00-05:00,64,64.0,3604.791273995749
2023-02-24,2023,2023-02-24 09:47:00-05:00,101.77107855406575,TP,2023-02-24 11:51:00-05:00,124,124.0,3706.562352549815
2023-02-27,2023,2023-02-27 10:03:00-05:00,20.822042611873712,TP,2023-02-27 11:16:00-05:00,73,73.0,3727.3843951616886
2023-03-01,2023,2023-02-28 19:05:00-05:00,58.4785159452349,TP,2023-02-28 22:25:00-05:00,200,200.0,3785.8629111069235
2023-03-02,2023,2023-03-01 20:40:00-05:00,0.0,BE,2023-03-02 00:26:00-05:00,226,226.0,3785.8629111069235
2023-03-03,2023,2023-03-03 09:55:00-05:00,-68.75,SL,2023-03-03 12:46:00-05:00,171,171.0,3717.1129111069235
2023-03-06,2023,2023-03-05 21:37:00-05:00,-0.0,BE,2023-03-05 23:48:00-05:00,131,131.0,3717.1129111069235
2023-03-06,2023,2023-03-05 21:40:00-05:00,50.9785159452349,TP,2023-03-06 03:18:00-05:00,338,338.0,3768.0914270521585
2023-03-06,2023,2023-03-05 21:40:00-05:00,53.27107855406575,TP,2023-03-06 03:19:00-05:00,339,339.0,3821.362505606224
2023-03-06,2023,2023-03-06 10:17:00-05:00,17.597248514568946,TP,2023-03-06 13:50:00-05:00,213,213.0,3838.959754120793
2023-03-07,2023,2023-03-07 10:09:00-05:00,15.094157292656291,TP,2023-03-07 10:24:00-05:00,15,15.0,3854.0539114134494
2023-03-08,2023,2023-03-08 10:00:00-05:00,20.108631742424677,TP,2023-03-08 10:34:00-05:00,34,34.0,3874.162543155874
2023-03-10,2023,2023-03-09 21:18:00-05:00,57.954010448385816,TP,2023-03-10 04:27:00-05:00,429,429.0,3932.11655360426
2023-03-13,2023,2023-03-13 01:47:00-04:00,11.972596395161418,TP,2023-03-13 03:14:00-04:00,87,87.0,3944.0891499994214
2023-03-13,2023,2023-03-13 08:48:00-04:00,101.39038558064567,TP,2023-03-13 09:02:00-04:00,14,14.0,4045.479535580067
2023-03-14,2023,2023-03-14 09:41:00-04:00,114.64019114541043,TP,2023-03-14 13:17:00-04:00,216,216.0,4160.119726725477
2023-03-15,2023,2023-03-15 06:48:00-04:00,104.42004497402377,TP,2023-03-15 14:25:00-04:00,457,457.0,4264.539771699501
2023-03-16,2023,2023-03-16 10:54:00-04:00,-100.0,SL,2023-03-16 11:56:00-04:00,62,62.0,4164.539771699501
2023-03-17,2023,2023-03-17 04:09:00-04:00,47.42004497402377,TP,2023-03-17 06:12:00-04:00,123,123.0,4211.959816673525
2023-03-20,2023,2023-03-20 02:44:00-04:00,-37.5,SL,2023-03-20 02:50:00-04:00,6,6.0,4174.459816673525
2023-03-21,2023,2023-03-21 07:25:00-04:00,-12.8125,SL,2023-03-21 10:00:00-04:00,155,155.0,4161.647316673525
2023-03-29,2023,2023-03-29 09:29:00-04:00,36.18589129144675,TP,2023-03-29 10:38:00-04:00,69,69.0,4197.833207964972
2023-03-30,2023,2023-03-30 03:40:00-04:00,-0.0,BE,2023-03-30 05:52:00-04:00,132,132.0,4197.833207964972
2023-03-30,2023,2023-03-30 06:03:00-04:00,-4.0625,SL,2023-03-30 06:41:00-04:00,38,38.0,4193.770707964972
2023-03-31,2023,2023-03-31 10:00:00-04:00,-66.25,SL,2023-03-31 12:21:00-04:00,141,141.0,4127.520707964972
2023-04-05,2023,2023-04-05 10:29:00-04:00,-43.75,SL,2023-04-05 12:26:00-04:00,117,117.0,4083.7707079649717
2023-04-11,2023,2023-04-10 20:14:00-04:00,20.166301556408143,TP,2023-04-10 20:39:00-04:00,25,25.0,4103.93700952138
2023-04-11,2023,2023-04-11 05:40:00-04:00,35.98062075146663,TP,2023-04-11 07:07:00-04:00,87,87.0,4139.9176302728465
2023-04-12,2023,2023-04-12 08:30:00-04:00,-27.5,SL,2023-04-12 08:31:00-04:00,1,1.0,4112.4176302728465
2023-04-14,2023,2023-04-14 09:44:00-04:00,24.174508472325215,TP,2023-04-14 10:43:00-04:00,59,59.0,4136.592138745172
2023-04-14,2023,2023-04-14 09:51:00-04:00,103.30658435149235,TP,2023-04-14 10:20:00-04:00,29,29.0,4239.898723096664
2023-04-18,2023,2023-04-18 08:33:00-04:00,36.27952264520354,TP,2023-04-18 09:31:00-04:00,58,58.0,4276.178245741868
2023-04-25,2023,2023-04-25 10:11:00-04:00,-14.375,SL,2023-04-25 13:14:00-04:00,183,183.0,4261.803245741868
2023-04-26,2023,2023-04-26 07:14:00-04:00,0.0,BE,2023-04-26 10:17:00-04:00,183,183.0,4261.803245741868
2023-04-26,2023,2023-04-26 10:18:00-04:00,83.69803388929904,TP,2023-04-26 11:22:00-04:00,64,64.0,4345.501279631167
2023-04-28,2023,2023-04-28 10:25:00-04:00,24.13960084995324,TP,2023-04-28 11:02:00-04:00,37,37.0,4369.64088048112
2023-05-01,2023,2023-05-01 01:54:00-04:00,13.192997682544956,TP,2023-05-01 02:01:00-04:00,7,7.0,4382.833878163665
2023-05-01,2023,2023-05-01 01:54:00-04:00,11.77643074253865,TP,2023-05-01 01:59:00-04:00,5,5.0,4394.6103089062035
2023-05-01,2023,2023-05-01 10:56:00-04:00,35.076277209805994,cutoff,2023-05-01 15:00:00-04:00,244,244.0,4429.6865861160095
2023-05-02,2023,2023-05-02 10:11:00-04:00,-65.0,SL,2023-05-02 10:28:00-04:00,17,17.0,4364.6865861160095
2023-05-04,2023,2023-05-04 10:23:00-04:00,25.41657538910249,TP,2023-05-04 13:19:00-04:00,176,176.0,4390.103161505112
2023-05-04,2023,2023-05-04 10:30:00-04:00,105.98062075146481,TP,2023-05-04 11:10:00-04:00,40,40.0,4496.083782256577
2023-05-10,2023,2023-05-10 09:13:00-04:00,28.003014106590854,TP,2023-05-10 09:42:00-04:00,29,29.0,4524.086796363168
2023-05-10,2023,2023-05-10 09:14:00-04:00,30.012138585697357,TP,2023-05-10 09:42:00-04:00,28,28.0,4554.0989349488655
2023-05-18,2023,2023-05-18 04:06:00-04:00,-0.0,BE,2023-05-18 06:23:00-04:00,137,137.0,4554.0989349488655
2023-05-18,2023,2023-05-18 04:07:00-04:00,-0.0,BE,2023-05-18 06:39:00-04:00,152,152.0,4554.0989349488655
2023-05-18,2023,2023-05-18 06:45:00-04:00,9.75562862220886,TP,2023-05-18 08:40:00-04:00,115,115.0,4563.854563571074
2023-05-18,2023,2023-05-18 06:45:00-04:00,9.660561254622735,TP,2023-05-18 08:40:00-04:00,115,115.0,4573.515124825697
2023-05-18,2023,2023-05-18 07:04:00-04:00,8.313673989117888,TP,2023-05-18 08:25:00-04:00,81,81.0,4581.828798814815
2023-05-18,2023,2023-05-18 10:30:00-04:00,-0.0,BE,2023-05-18 13:26:00-04:00,176,176.0,4581.828798814815
2023-05-24,2023,2023-05-24 03:03:00-04:00,-31.25,SL,2023-05-24 03:43:00-04:00,40,40.0,4550.578798814815
2023-05-26,2023,2023-05-26 09:40:00-04:00,-19.6875,SL,2023-05-26 10:25:00-04:00,45,45.0,4530.891298814815
2023-05-31,2023,2023-05-31 10:07:00-04:00,12.017117156294262,cutoff,2023-05-31 15:00:00-04:00,293,293.0,4542.908415971109
2023-05-31,2023,2023-05-31 10:19:00-04:00,9.167455190643523,cutoff,2023-05-31 15:00:00-04:00,281,281.0,4552.075871161753
2023-06-02,2023,2023-06-02 03:01:00-04:00,-28.75,SL,2023-06-02 05:16:00-04:00,135,135.0,4523.325871161753
2023-06-05,2023,2023-06-05 10:01:00-04:00,-0.0,BE,2023-06-05 12:12:00-04:00,131,131.0,4523.325871161753
2023-06-09,2023,2023-06-09 09:30:00-04:00,-27.5,SL,2023-06-09 09:51:00-04:00,21,21.0,4495.825871161753
2023-06-19,2023,2023-06-19 10:13:00-04:00,18.79948936166693,cutoff,2023-06-19 12:59:00-04:00,166,166.0,4514.62536052342
2023-06-20,2023,2023-06-20 10:20:00-04:00,23.954242003404033,TP,2023-06-20 13:21:00-04:00,181,181.0,4538.579602526824
2023-06-26,2023,2023-06-26 03:33:00-04:00,-4.0625,SL,2023-06-26 03:37:00-04:00,4,4.0,4534.517102526824
2023-06-30,2023,2023-06-29 21:15:00-04:00,-25.0,SL,2023-06-30 04:53:00-04:00,458,458.0,4509.517102526824
2023-07-06,2023,2023-07-06 00:29:00-04:00,0.0,BE,2023-07-06 03:02:00-04:00,153,153.0,4509.517102526824
2023-07-06,2023,2023-07-06 08:31:00-04:00,-42.1875,SL,2023-07-06 10:08:00-04:00,97,97.0,4467.329602526824
2023-07-12,2023,2023-07-12 03:51:00-04:00,-20.25,SL,2023-07-12 08:30:00-04:00,279,279.0,4447.079602526824
2023-07-13,2023,2023-07-13 09:34:00-04:00,-0.0,BE,2023-07-13 11:42:00-04:00,128,128.0,4447.079602526824
2023-07-14,2023,2023-07-14 10:00:00-04:00,23.48045423647727,cutoff,2023-07-14 15:00:00-04:00,300,300.0,4470.560056763301
2023-07-27,2023,2023-07-27 03:25:00-04:00,-15.75,SL,2023-07-27 08:33:00-04:00,308,308.0,4454.810056763301
2023-08-02,2023,2023-08-02 03:54:00-04:00,0.0,BE,2023-08-02 09:31:00-04:00,337,337.0,4454.810056763301
2023-08-02,2023,2023-08-02 04:02:00-04:00,0.0,BE,2023-08-02 09:35:00-04:00,333,333.0,4454.810056763301
2023-08-02,2023,2023-08-02 10:45:00-04:00,-10.830081356464689,cutoff,2023-08-02 15:00:00-04:00,255,255.0,4443.979975406836
2023-08-03,2023,2023-08-03 02:59:00-04:00,6.499821545025952,cutoff,2023-08-03 15:00:00-04:00,721,721.0,4450.479796951862
2023-08-03,2023,2023-08-03 03:22:00-04:00,0.0,BE,2023-08-03 08:22:00-04:00,300,300.0,4450.479796951862
2023-08-03,2023,2023-08-03 03:31:00-04:00,0.0,BE,2023-08-03 09:28:00-04:00,357,357.0,4450.479796951862
2023-08-03,2023,2023-08-03 10:28:00-04:00,23.565123362046506,cutoff,2023-08-03 15:00:00-04:00,272,272.0,4474.044920313909
2023-08-08,2023,2023-08-08 10:17:00-04:00,27.66161213810483,cutoff,2023-08-08 15:00:00-04:00,283,283.0,4501.706532452014
2023-08-11,2023,2023-08-11 08:33:00-04:00,0.0,BE,2023-08-11 11:15:00-04:00,162,162.0,4501.706532452014
2023-08-11,2023,2023-08-11 09:31:00-04:00,23.30136342899641,cutoff,2023-08-11 15:00:00-04:00,329,329.0,4525.00789588101
2023-08-15,2023,2023-08-14 21:26:00-04:00,50.29527204117221,cutoff_eng,2023-08-15 15:00:00-04:00,1054,1054.0,4575.303167922182
2023-08-17,2023,2023-08-16 21:23:00-04:00,0.0,BE,2023-08-17 13:42:00-04:00,979,979.0,4575.303167922182
2023-08-21,2023,2023-08-21 05:24:00-04:00,-0.0,BE,2023-08-21 07:29:00-04:00,125,125.0,4575.303167922182
2023-08-25,2023,2023-08-25 10:53:00-04:00,57.27494219419532,cutoff,2023-08-25 15:00:00-04:00,247,247.0,4632.5781101163775
2023-08-29,2023,2023-08-29 10:01:00-04:00,-33.51752996970299,cutoff,2023-08-29 15:00:00-04:00,299,299.0,4599.0605801466745
2023-08-30,2023,2023-08-30 09:54:00-04:00,-0.0,BE,2023-08-30 11:55:00-04:00,121,121.0,4599.0605801466745
2023-08-30,2023,2023-08-30 10:12:00-04:00,-0.0,BE,2023-08-30 12:34:00-04:00,142,142.0,4599.0605801466745
2023-09-06,2023,2023-09-06 01:07:00-04:00,-23.625,SL,2023-09-06 10:00:00-04:00,533,533.0,4575.4355801466745
2023-09-07,2023,2023-09-07 08:30:00-04:00,12.8649674185408,cutoff,2023-09-07 15:00:00-04:00,390,390.0,4588.300547565215
2023-09-08,2023,2023-09-08 10:30:00-04:00,22.31550916510605,cutoff,2023-09-08 15:00:00-04:00,270,270.0,4610.616056730321
2023-09-11,2023,2023-09-11 03:24:00-04:00,-0.0,BE,2023-09-11 06:58:00-04:00,214,214.0,4610.616056730321
2023-09-13,2023,2023-09-13 08:30:00-04:00,28.40433976267377,cutoff,2023-09-13 15:00:00-04:00,390,390.0,4639.020396492995
2023-09-15,2023,2023-09-14 22:01:00-04:00,61.576185239894585,cutoff_eng,2023-09-15 15:00:00-04:00,1019,1019.0,4700.59658173289
2023-09-18,2023,2023-09-18 07:47:00-04:00,9.917100560150175,cutoff,2023-09-18 15:00:00-04:00,433,433.0,4710.51368229304
2023-09-19,2023,2023-09-19 10:38:00-04:00,11.237350955810143,cutoff,2023-09-19 15:00:00-04:00,262,262.0,4721.75103324885
2023-09-21,2023,2023-09-21 06:18:00-04:00,-30.04939130920411,cutoff,2023-09-21 15:00:00-04:00,522,522.0,4691.701641939646
2023-09-25,2023,2023-09-25 09:08:00-04:00,23.669213538087206,cutoff,2023-09-25 15:00:00-04:00,352,352.0,4715.370855477733
2023-09-29,2023,2023-09-29 04:30:00-04:00,23.28411458460505,cutoff,2023-09-29 15:00:00-04:00,630,630.0,4738.654970062338
2023-09-29,2023,2023-09-29 08:40:00-04:00,34.09776751328263,cutoff,2023-09-29 15:00:00-04:00,380,380.0,4772.752737575621
2023-10-03,2023,2023-10-03 10:17:00-04:00,-16.923202038663476,cutoff,2023-10-03 15:00:00-04:00,283,283.0,4755.829535536957
2023-10-04,2023,2023-10-04 02:59:00-04:00,46.61582024191466,cutoff,2023-10-04 15:00:00-04:00,721,721.0,4802.445355778872
2023-10-10,2023,2023-10-10 10:13:00-04:00,-2.006544392414071,cutoff,2023-10-10 15:00:00-04:00,287,287.0,4800.438811386458
2023-10-12,2023,2023-10-12 00:17:00-04:00,46.294213538087206,cutoff_eng,2023-10-12 15:00:00-04:00,883,883.0,4846.733024924545
2023-10-19,2023,2023-10-18 23:26:00-04:00,0.0,BE,2023-10-19 03:43:00-04:00,257,257.0,4846.733024924545
2023-10-19,2023,2023-10-19 03:46:00-04:00,0.0,BE,2023-10-19 10:32:00-04:00,406,406.0,4846.733024924545
2023-10-20,2023,2023-10-20 08:28:00-04:00,-17.133450610549517,cutoff,2023-10-20 15:00:00-04:00,392,392.0,4829.599574313996
2023-10-23,2023,2023-10-23 03:57:00-04:00,-18.0,SL,2023-10-23 05:37:00-04:00,100,100.0,4811.599574313996
2023-11-01,2023,2023-11-01 09:16:00-04:00,-32.11271631888394,cutoff,2023-11-01 15:00:00-04:00,344,344.0,4779.486857995112
2023-11-02,2023,2023-11-02 04:50:00-04:00,-22.5,SL,2023-11-02 09:32:00-04:00,282,282.0,4756.986857995112
2023-11-03,2023,2023-11-03 08:30:00-04:00,-32.625,SL,2023-11-03 09:47:00-04:00,77,77.0,4724.361857995112
2023-11-07,2023,2023-11-07 10:32:00-05:00,-0.0,BE,2023-11-07 12:46:00-05:00,134,134.0,4724.361857995112
2023-11-09,2023,2023-11-09 05:45:00-05:00,-0.0,BE,2023-11-09 08:46:00-05:00,181,181.0,4724.361857995112
2023-11-14,2023,2023-11-14 04:21:00-05:00,-0.0,BE,2023-11-14 08:30:00-05:00,249,249.0,4724.361857995112
2023-11-14,2023,2023-11-14 08:30:00-05:00,-25.875,SL,2023-11-14 08:31:00-05:00,1,1.0,4698.486857995112
2023-11-15,2023,2023-11-15 08:30:00-05:00,14.362662822184575,cutoff,2023-11-15 15:00:00-05:00,390,390.0,4712.849520817296
2023-11-29,2023,2023-11-29 06:55:00-05:00,-12.375,SL,2023-11-29 09:36:00-05:00,161,161.0,4700.474520817296
2023-12-08,2023,2023-12-08 10:09:00-05:00,-0.0,BE,2023-12-08 14:17:00-05:00,248,248.0,4700.474520817296
2023-12-08,2023,2023-12-08 10:11:00-05:00,-0.0,BE,2023-12-08 14:19:00-05:00,248,248.0,4700.474520817296
2023-12-08,2023,2023-12-08 10:16:00-05:00,-0.0,BE,2023-12-08 14:42:00-05:00,266,266.0,4700.474520817296
2023-12-08,2023,2023-12-08 10:17:00-05:00,-0.0,BE,2023-12-08 14:43:00-05:00,266,266.0,4700.474520817296
2023-12-12,2023,2023-12-12 08:25:00-05:00,-0.0,BE,2023-12-12 12:33:00-05:00,248,248.0,4700.474520817296
2023-12-13,2023,2023-12-13 08:30:00-05:00,-0.0,BE,2023-12-13 10:46:00-05:00,136,136.0,4700.474520817296
2023-12-22,2023,2023-12-22 09:53:00-05:00,15.284503507335103,cutoff,2023-12-22 15:00:00-05:00,307,307.0,4715.759024324631
2024-01-02,2024,2024-01-02 06:32:00-05:00,-22.5,SL,2024-01-02 15:00:00-05:00,508,508.0,4693.259024324631
2024-01-03,2024,2024-01-03 10:39:00-05:00,35.35813925218508,TP,2024-01-03 14:28:00-05:00,229,229.0,4728.617163576817
2024-01-05,2024,2024-01-05 01:36:00-05:00,0.0,BE,2024-01-05 02:41:00-05:00,65,65.0,4728.617163576817
2024-01-05,2024,2024-01-05 08:31:00-05:00,30.165480913340616,TP,2024-01-05 09:02:00-05:00,31,31.0,4758.7826444901575
2024-01-11,2024,2024-01-11 01:37:00-05:00,-0.0,BE,2024-01-11 02:39:00-05:00,62,62.0,4758.7826444901575
2024-01-16,2024,2024-01-16 09:51:00-05:00,33.24507292871249,TP,2024-01-16 10:21:00-05:00,30,30.0,4792.02771741887
2024-01-17,2024,2024-01-17 09:32:00-05:00,0.0,BE,2024-01-17 10:36:00-05:00,64,64.0,4792.02771741887
2024-01-17,2024,2024-01-17 09:35:00-05:00,0.0,BE,2024-01-17 12:43:00-05:00,188,188.0,4792.02771741887
2024-01-19,2024,2024-01-19 02:20:00-05:00,-0.0,BE,2024-01-19 03:23:00-05:00,63,63.0,4792.02771741887
2024-01-19,2024,2024-01-19 08:01:00-05:00,30.05757292871249,TP,2024-01-19 09:32:00-05:00,91,91.0,4822.0852903475825
2024-01-24,2024,2024-01-24 05:00:00-05:00,-0.0,BE,2024-01-24 06:07:00-05:00,67,67.0,4822.0852903475825
2024-01-24,2024,2024-01-24 08:11:00-05:00,-0.0,BE,2024-01-24 09:29:00-05:00,78,78.0,4822.0852903475825
2024-01-31,2024,2024-01-31 10:12:00-05:00,-18.731745646028685,cutoff,2024-01-31 15:00:00-05:00,288,288.0,4803.353544701554
2024-02-07,2024,2024-02-07 10:28:00-05:00,-0.0,BE,2024-02-07 11:55:00-05:00,87,87.0,4803.353544701554
2024-02-07,2024,2024-02-07 10:29:00-05:00,-0.0,BE,2024-02-07 13:01:00-05:00,152,152.0,4803.353544701554
2024-02-09,2024,2024-02-09 08:33:00-05:00,23.457394363051662,TP,2024-02-09 09:01:00-05:00,28,28.0,4826.810939064606
2024-02-13,2024,2024-02-13 08:30:00-05:00,-20.0,SL,2024-02-13 08:32:00-05:00,2,2.0,4806.810939064606
2024-02-20,2024,2024-02-20 06:03:00-05:00,0.0,BE,2024-02-20 09:40:00-05:00,217,217.0,4806.810939064606
2024-02-20,2024,2024-02-20 10:13:00-05:00,0.0,BE,2024-02-20 11:56:00-05:00,103,103.0,4806.810939064606
2024-02-20,2024,2024-02-20 10:13:00-05:00,0.0,BE,2024-02-20 11:56:00-05:00,103,103.0,4806.810939064606
2024-02-22,2024,2024-02-22 03:03:00-05:00,-30.0,SL,2024-02-22 06:21:00-05:00,198,198.0,4776.810939064606
2024-02-23,2024,2024-02-23 09:17:00-05:00,9.143083524634221,cutoff,2024-02-23 15:00:00-05:00,343,343.0,4785.95402258924
2024-03-01,2024,2024-03-01 10:26:00-05:00,-20.0,SL,2024-03-01 13:41:00-05:00,195,195.0,4765.95402258924
2024-03-05,2024,2024-03-05 10:09:00-05:00,-30.0,SL,2024-03-05 11:43:00-05:00,94,94.0,4735.95402258924
2024-03-07,2024,2024-03-07 10:44:00-05:00,-0.0,BE,2024-03-07 11:57:00-05:00,73,73.0,4735.95402258924
2024-03-08,2024,2024-03-08 09:57:00-05:00,31.944027112279855,TP,2024-03-08 11:11:00-05:00,74,74.0,4767.89804970152
2024-03-12,2024,2024-03-12 10:28:00-04:00,-20.0,SL,2024-03-12 14:58:00-04:00,270,270.0,4747.89804970152
2024-03-15,2024,2024-03-15 10:06:00-04:00,21.209276449318168,TP,2024-03-15 10:39:00-04:00,33,33.0,4769.107326150838
2024-03-18,2024,2024-03-18 09:35:00-04:00,12.085996952015194,cutoff,2024-03-18 15:00:00-04:00,325,325.0,4781.193323102853
2024-03-19,2024,2024-03-19 08:25:00-04:00,30.109034725770925,TP,2024-03-19 09:30:00-04:00,65,65.0,4811.302357828625
2024-03-25,2024,2024-03-25 07:00:00-04:00,7.664108930447583,cutoff,2024-03-25 15:00:00-04:00,480,480.0,4818.966466759072
2024-04-01,2024,2024-03-31 19:35:00-04:00,20.583222363084133,TP,2024-04-01 08:35:00-04:00,780,780.0,4839.549689122156
2024-04-02,2024,2024-04-02 07:47:00-04:00,-20.0,SL,2024-04-02 09:04:00-04:00,77,77.0,4819.549689122156
2024-04-04,2024,2024-04-04 08:40:00-04:00,36.305252825135994,TP,2024-04-04 14:11:00-04:00,331,331.0,4855.854941947293
2024-04-09,2024,2024-04-09 10:43:00-04:00,35.81331758839724,TP,2024-04-09 11:44:00-04:00,61,61.0,4891.668259535691
2024-04-10,2024,2024-04-10 08:36:00-04:00,-30.0,SL,2024-04-10 08:41:00-04:00,5,5.0,4861.668259535691
2024-04-19,2024,2024-04-18 21:09:00-04:00,-30.0,SL,2024-04-18 21:30:00-04:00,21,21.0,4831.668259535691
2024-04-23,2024,2024-04-23 09:45:00-04:00,-20.0,SL,2024-04-23 10:30:00-04:00,45,45.0,4811.668259535691
2024-04-24,2024,2024-04-23 23:03:00-04:00,12.212277387103313,TP,2024-04-24 05:22:00-04:00,379,379.0,4823.880536922794
2024-04-26,2024,2024-04-26 08:30:00-04:00,32.78110191254473,TP,2024-04-26 08:51:00-04:00,21,21.0,4856.661638835339
2024-05-03,2024,2024-05-03 08:30:00-04:00,-30.0,SL,2024-05-03 10:00:00-04:00,90,90.0,4826.661638835339
2024-05-06,2024,2024-05-06 06:31:00-04:00,-20.0,SL,2024-05-06 13:53:00-04:00,442,442.0,4806.661638835339
2024-05-07,2024,2024-05-06 23:25:00-04:00,-0.0,BE,2024-05-07 00:34:00-04:00,69,69.0,4806.661638835339
2024-05-07,2024,2024-05-07 09:10:00-04:00,-0.0,BE,2024-05-07 10:12:00-04:00,62,62.0,4806.661638835339
2024-05-10,2024,2024-05-10 03:03:00-04:00,-0.0,BE,2024-05-10 04:17:00-04:00,74,74.0,4806.661638835339
2024-05-10,2024,2024-05-10 03:03:00-04:00,-0.0,BE,2024-05-10 04:18:00-04:00,75,75.0,4806.661638835339
2024-05-10,2024,2024-05-10 04:42:00-04:00,29.92154192995531,TP,2024-05-10 11:45:00-04:00,423,423.0,4836.583180765294
2024-05-10,2024,2024-05-10 09:49:00-04:00,30.381099776617248,TP,2024-05-10 10:29:00-04:00,40,40.0,4866.964280541912
2024-05-14,2024,2024-05-14 08:30:00-04:00,17.043056128905846,TP,2024-05-14 08:33:00-04:00,3,3.0,4884.0073366708175
2024-05-15,2024,2024-05-15 08:30:00-04:00,-24.75,SL,2024-05-15 10:36:00-04:00,126,126.0,4859.2573366708175
2024-05-15,2024,2024-05-15 08:30:00-04:00,-0.0,BE,2024-05-15 09:31:00-04:00,61,61.0,4859.2573366708175
2024-05-15,2024,2024-05-15 08:30:00-04:00,-0.0,BE,2024-05-15 09:31:00-04:00,61,61.0,4859.2573366708175
2024-05-23,2024,2024-05-22 22:55:00-04:00,37.02816097813184,TP,2024-05-23 09:51:00-04:00,656,656.0,4896.285497648949
2024-05-23,2024,2024-05-22 23:12:00-04:00,30.60794338107189,TP,2024-05-23 09:46:00-04:00,634,634.0,4926.893441030021
2024-05-29,2024,2024-05-29 05:22:00-04:00,0.0,BE,2024-05-29 06:41:00-04:00,79,79.0,4926.893441030021
2024-05-29,2024,2024-05-29 05:36:00-04:00,0.0,BE,2024-05-29 07:17:00-04:00,101,101.0,4926.893441030021
2024-05-30,2024,2024-05-29 19:28:00-04:00,0.0,BE,2024-05-29 20:38:00-04:00,70,70.0,4926.893441030021
2024-05-30,2024,2024-05-30 00:42:00-04:00,26.54832354023938,TP,2024-05-30 08:31:00-04:00,469,469.0,4953.44176457026
2024-05-31,2024,2024-05-31 10:34:00-04:00,-20.0,SL,2024-05-31 12:21:00-04:00,107,107.0,4933.44176457026
2024-06-03,2024,2024-06-02 20:12:00-04:00,-0.0,BE,2024-06-02 23:00:00-04:00,168,168.0,4933.44176457026
2024-06-05,2024,2024-06-04 22:11:00-04:00,-0.0,BE,2024-06-04 23:31:00-04:00,80,80.0,4933.44176457026
2024-06-05,2024,2024-06-05 08:44:00-04:00,-0.0,BE,2024-06-05 09:45:00-04:00,61,61.0,4933.44176457026
2024-06-05,2024,2024-06-05 09:26:00-04:00,21.65725935590217,TP,2024-06-05 10:01:00-04:00,35,35.0,4955.099023926162
2024-06-06,2024,2024-06-05 19:03:00-04:00,-0.0,BE,2024-06-05 21:50:00-04:00,166,167.0,4955.099023926162
2024-06-07,2024,2024-06-07 08:42:00-04:00,20.09473483072179,TP,2024-06-07 09:44:00-04:00,62,62.0,4975.193758756884
2024-06-12,2024,2024-06-12 07:11:00-04:00,-0.0,BE,2024-06-12 08:12:00-04:00,61,61.0,4975.193758756884
2024-06-12,2024,2024-06-12 08:30:00-04:00,-30.0,SL,2024-06-12 08:31:00-04:00,1,1.0,4945.193758756884
2024-06-20,2024,2024-06-20 03:31:00-04:00,21.684665898154435,TP,2024-06-20 08:41:00-04:00,310,310.0,4966.8784246550385
2024-06-28,2024,2024-06-27 22:00:00-04:00,-30.0,SL,2024-06-28 10:10:00-04:00,730,730.0,4936.8784246550385
2024-07-01,2024,2024-07-01 10:15:00-04:00,35.291514857744914,TP,2024-07-01 12:09:00-04:00,114,114.0,4972.1699395127835
2024-07-08,2024,2024-07-08 08:38:00-04:00,4.031067801892277,cutoff,2024-07-08 15:00:00-04:00,382,382.0,4976.201007314676
2024-07-08,2024,2024-07-08 09:32:00-04:00,10.004563369222524,cutoff,2024-07-08 15:00:00-04:00,328,328.0,4986.205570683898
2024-07-17,2024,2024-07-17 07:33:00-04:00,0.0,BE,2024-07-17 08:57:00-04:00,84,84.0,4986.205570683898
2024-07-17,2024,2024-07-17 10:07:00-04:00,-9.50327676214215,cutoff,2024-07-17 15:00:00-04:00,293,293.0,4976.702293921756
2024-07-24,2024,2024-07-24 00:20:00-04:00,0.0,BE,2024-07-24 02:32:00-04:00,132,132.0,4976.702293921756
2024-07-24,2024,2024-07-24 09:51:00-04:00,-20.0,SL,2024-07-24 10:17:00-04:00,26,26.0,4956.702293921756
2024-07-31,2024,2024-07-31 09:08:00-04:00,-0.0,BE,2024-07-31 10:01:00-04:00,53,53.0,4956.702293921756
2024-07-31,2024,2024-07-31 10:32:00-04:00,-0.0,BE,2024-07-31 11:25:00-04:00,53,53.0,4956.702293921756
2024-08-01,2024,2024-08-01 09:45:00-04:00,30.94011099894942,TP,2024-08-01 10:06:00-04:00,21,21.0,4987.642404920705
2024-08-02,2024,2024-08-02 03:05:00-04:00,0.0,BE,2024-08-02 04:18:00-04:00,73,73.0,4987.642404920705
2024-08-02,2024,2024-08-02 08:30:00-04:00,25.149901773844476,TP,2024-08-02 09:16:00-04:00,46,46.0,5012.79230669455
2024-08-05,2024,2024-08-04 21:03:00-04:00,0.0,BE,2024-08-04 21:50:00-04:00,47,47.0,5012.79230669455
2024-08-06,2024,2024-08-06 10:49:00-04:00,25.928909449922912,TP,2024-08-06 11:13:00-04:00,24,24.0,5038.721216144472
2024-08-09,2024,2024-08-09 04:39:00-04:00,22.955943762621246,TP,2024-08-09 07:28:00-04:00,169,169.0,5061.6771599070935
2024-08-12,2024,2024-08-12 08:29:00-04:00,26.312547518321026,TP,2024-08-12 09:40:00-04:00,71,71.0,5087.989707425415
2024-08-13,2024,2024-08-13 09:33:00-04:00,-0.0,BE,2024-08-13 10:25:00-04:00,52,52.0,5087.989707425415
2024-08-13,2024,2024-08-13 09:45:00-04:00,-0.0,BE,2024-08-13 10:46:00-04:00,61,61.0,5087.989707425415
2024-08-14,2024,2024-08-14 08:30:00-04:00,-0.0,BE,2024-08-14 09:16:00-04:00,46,46.0,5087.989707425415
2024-08-15,2024,2024-08-15 08:36:00-04:00,-20.0,SL,2024-08-15 09:31:00-04:00,55,55.0,5067.989707425415
2024-08-16,2024,2024-08-16 02:04:00-04:00,20.01184463865593,TP,2024-08-16 06:17:00-04:00,253,253.0,5088.001552064071
2024-08-21,2024,2024-08-21 10:41:00-04:00,29.098732276214605,TP,2024-08-21 10:51:00-04:00,10,10.0,5117.100284340286
2024-09-03,2024,2024-09-03 09:38:00-04:00,-20.0,SL,2024-09-03 10:03:00-04:00,25,25.0,5097.100284340286
2024-09-06,2024,2024-09-06 03:14:00-04:00,36.26480579831991,TP,2024-09-06 08:31:00-04:00,317,317.0,5133.365090138605
2024-09-06,2024,2024-09-06 10:26:00-04:00,-20.0,SL,2024-09-06 10:43:00-04:00,17,17.0,5113.365090138605
2024-09-11,2024,2024-09-11 10:17:00-04:00,27.256716905531903,TP,2024-09-11 11:39:00-04:00,82,82.0,5140.621807044137
2024-09-13,2024,2024-09-13 09:47:00-04:00,-0.0,BE,2024-09-13 10:36:00-04:00,49,49.0,5140.621807044137
2024-09-16,2024,2024-09-16 00:00:00-04:00,-20.0,SL,2024-09-16 04:04:00-04:00,239,244.0,5120.621807044137
2024-09-17,2024,2024-09-17 03:13:00-04:00,-25.0,SL,2024-09-17 07:52:00-04:00,279,279.0,5095.621807044137
2024-09-19,2024,2024-09-19 04:40:00-04:00,-25.0,SL,2024-09-19 07:40:00-04:00,180,180.0,5070.621807044137
2024-09-26,2024,2024-09-26 01:27:00-04:00,25.12627021575554,TP,2024-09-26 10:56:00-04:00,569,569.0,5095.748077259893
2024-09-26,2024,2024-09-26 03:51:00-04:00,20.542012609074845,TP,2024-09-26 10:25:00-04:00,394,394.0,5116.290089868968
2024-10-01,2024,2024-10-01 10:10:00-04:00,0.0,BE,2024-10-01 10:56:00-04:00,46,46.0,5116.290089868968
2024-10-09,2024,2024-10-09 10:57:00-04:00,-20.0,SL,2024-10-09 11:48:00-04:00,51,51.0,5096.290089868968
2024-10-11,2024,2024-10-11 10:16:00-04:00,-0.0,BE,2024-10-11 11:06:00-04:00,50,50.0,5096.290089868968
2024-10-11,2024,2024-10-11 10:26:00-04:00,-0.0,BE,2024-10-11 14:19:00-04:00,233,233.0,5096.290089868968
2024-10-11,2024,2024-10-11 10:26:00-04:00,-0.0,BE,2024-10-11 14:19:00-04:00,233,233.0,5096.290089868968
2024-10-14,2024,2024-10-14 06:16:00-04:00,-0.0,BE,2024-10-14 08:42:00-04:00,146,146.0,5096.290089868968
2024-10-14,2024,2024-10-14 09:33:00-04:00,-20.0,SL,2024-10-14 10:00:00-04:00,27,27.0,5076.290089868968
2024-10-17,2024,2024-10-17 09:08:00-04:00,30.35967799196169,TP,2024-10-17 09:36:00-04:00,28,28.0,5106.649767860929
2024-10-31,2024,2024-10-31 02:30:00-04:00,-20.0,SL,2024-10-31 09:31:00-04:00,421,421.0,5086.649767860929
2024-11-06,2024,2024-11-05 19:22:00-05:00,-20.0,SL,2024-11-05 20:06:00-05:00,44,44.0,5066.649767860929
2024-11-07,2024,2024-11-07 09:56:00-05:00,-25.0,SL,2024-11-07 14:59:00-05:00,303,303.0,5041.649767860929
2024-11-15,2024,2024-11-14 19:32:00-05:00,-25.0,SL,2024-11-15 01:29:00-05:00,357,357.0,5016.649767860929
2024-11-19,2024,2024-11-19 08:53:00-05:00,21.877513933095543,TP,2024-11-19 09:41:00-05:00,48,48.0,5038.527281794025
2024-11-20,2024,2024-11-20 02:44:00-05:00,-0.0,BE,2024-11-20 03:52:00-05:00,68,68.0,5038.527281794025
2024-11-22,2024,2024-11-22 09:45:00-05:00,25.94064241636943,TP,2024-11-22 10:23:00-05:00,38,38.0,5064.467924210394
2024-11-25,2024,2024-11-25 09:35:00-05:00,25.372243662733126,TP,2024-11-25 10:11:00-05:00,36,36.0,5089.840167873127
2024-11-25,2024,2024-11-25 09:40:00-05:00,25.9732540777577,TP,2024-11-25 09:54:00-05:00,14,14.0,5115.813421950885
2024-12-04,2024,2024-12-04 03:52:00-05:00,-18.0,SL,2024-12-04 14:35:00-05:00,643,643.0,5097.813421950885
2024-12-10,2024,2024-12-10 04:39:00-05:00,0.0,BE,2024-12-10 14:00:00-05:00,561,561.0,5097.813421950885
2024-12-16,2024,2024-12-16 00:00:00-05:00,-18.0,SL,2024-12-16 05:27:00-05:00,325,327.0,5079.813421950885
2024-12-20,2024,2024-12-20 04:07:00-05:00,-25.0,SL,2024-12-20 07:18:00-05:00,191,191.0,5054.813421950885
2024-12-24,2024,2024-12-24 10:07:00-05:00,-20.0,SL,2024-12-24 12:22:00-05:00,135,135.0,5034.813421950885
2024-12-27,2024,2024-12-27 10:04:00-05:00,-20.0,SL,2024-12-27 10:17:00-05:00,13,13.0,5014.813421950885
2024-12-30,2024,2024-12-30 07:49:00-05:00,-20.0,SL,2024-12-30 08:56:00-05:00,67,67.0,4994.813421950885
2025-01-02,2025,2025-01-01 19:18:00-05:00,27.788696175011864,TP,2025-01-01 19:45:00-05:00,27,27.0,5022.602118125897
2025-01-06,2025,2025-01-06 04:02:00-05:00,-26.25,SL,2025-01-06 07:46:00-05:00,224,224.0,4996.352118125897
2025-01-07,2025,2025-01-07 10:39:00-05:00,0.0,BE,2025-01-07 11:53:00-05:00,74,74.0,4996.352118125897
2025-01-10,2025,2025-01-10 09:53:00-05:00,-7.563679113532089,cutoff,2025-01-10 15:00:00-05:00,307,307.0,4988.7884390123645
2025-01-13,2025,2025-01-13 04:04:00-05:00,0.0,BE,2025-01-13 05:06:00-05:00,62,62.0,4988.7884390123645
2025-01-13,2025,2025-01-13 04:04:00-05:00,49.109701628009134,cutoff,2025-01-13 15:00:00-05:00,656,656.0,5037.898140640374
2025-01-15,2025,2025-01-15 08:34:00-05:00,-19.375,SL,2025-01-15 10:00:00-05:00,86,86.0,5018.523140640374
2025-01-16,2025,2025-01-16 02:29:00-05:00,19.68632088646791,cutoff,2025-01-16 15:00:00-05:00,751,751.0,5038.209461526842
2025-01-20,2025,2025-01-20 08:54:00-05:00,-1.1278855743703389,cutoff,2025-01-20 12:59:00-05:00,245,245.0,5037.081575952471
2025-01-21,2025,2025-01-20 19:59:00-05:00,46.40941121177093,TP,2025-01-21 04:33:00-05:00,514,514.0,5083.490987164242
2025-01-22,2025,2025-01-21 19:45:00-05:00,-0.0,BE,2025-01-21 20:46:00-05:00,61,61.0,5083.490987164242
2025-01-22,2025,2025-01-22 03:58:00-05:00,-11.875,SL,2025-01-22 09:55:00-05:00,357,357.0,5071.615987164242
2025-01-24,2025,2025-01-23 21:17:00-05:00,-0.0,BE,2025-01-24 09:30:00-05:00,733,733.0,5071.615987164242
2025-01-27,2025,2025-01-26 20:46:00-05:00,0.0,BE,2025-01-26 23:36:00-05:00,170,170.0,5071.615987164242
2025-01-27,2025,2025-01-27 00:10:00-05:00,-23.75,SL,2025-01-27 01:37:00-05:00,87,87.0,5047.865987164242
2025-01-28,2025,2025-01-28 10:28:00-05:00,-0.0,BE,2025-01-28 12:00:00-05:00,92,92.0,5047.865987164242
2025-01-31,2025,2025-01-31 10:04:00-05:00,53.945170660511394,TP,2025-01-31 14:07:00-05:00,243,243.0,5101.8111578247535
2025-01-31,2025,2025-01-31 10:12:00-05:00,55.5739243711605,TP,2025-01-31 14:07:00-05:00,235,235.0,5157.385082195914
2025-02-03,2025,2025-02-02 21:41:00-05:00,0.0,BE,2025-02-02 23:32:00-05:00,111,111.0,5157.385082195914
2025-02-03,2025,2025-02-02 21:50:00-05:00,72.74711442562966,TP,2025-02-03 10:25:00-05:00,755,755.0,5230.132196621544
2025-02-06,2025,2025-02-06 00:39:00-05:00,-0.0,BE,2025-02-06 02:02:00-05:00,83,83.0,5230.132196621544
2025-02-06,2025,2025-02-06 09:24:00-05:00,28.43835763620973,TP,2025-02-06 14:32:00-05:00,308,308.0,5258.570554257753
2025-02-07,2025,2025-02-07 10:54:00-05:00,0.0,BE,2025-02-07 12:00:00-05:00,66,66.0,5258.570554257753
2025-02-12,2025,2025-02-12 08:37:00-05:00,37.955788920921805,TP,2025-02-12 10:25:00-05:00,108,108.0,5296.526343178675
2025-02-13,2025,2025-02-13 10:34:00-05:00,-98.71825100477508,cutoff,2025-02-13 15:00:00-05:00,266,266.0,5197.8080921739
2025-02-14,2025,2025-02-14 02:08:00-05:00,11.466093637197446,TP,2025-02-14 03:39:00-05:00,91,91.0,5209.274185811098
2025-02-18,2025,2025-02-18 01:36:00-05:00,-27.5,SL,2025-02-18 01:59:00-05:00,23,23.0,5181.774185811098
2025-02-21,2025,2025-02-21 10:24:00-05:00,0.0,BE,2025-02-21 11:26:00-05:00,62,62.0,5181.774185811098
2025-02-21,2025,2025-02-21 10:44:00-05:00,0.0,BE,2025-02-21 12:16:00-05:00,92,92.0,5181.774185811098
2025-02-21,2025,2025-02-21 10:44:00-05:00,0.0,BE,2025-02-21 12:17:00-05:00,93,93.0,5181.774185811098
2025-02-21,2025,2025-02-21 10:44:00-05:00,0.0,BE,2025-02-21 12:16:00-05:00,92,92.0,5181.774185811098
2025-02-24,2025,2025-02-24 09:53:00-05:00,-10.625,SL,2025-02-24 10:01:00-05:00,8,8.0,5171.149185811098
2025-02-25,2025,2025-02-25 02:50:00-05:00,0.0,BE,2025-02-25 03:59:00-05:00,69,69.0,5171.149185811098
2025-02-25,2025,2025-02-25 09:54:00-05:00,-25.625,SL,2025-02-25 10:19:00-05:00,25,25.0,5145.524185811098
2025-03-04,2025,2025-03-04 09:50:00-05:00,-41.25,SL,2025-03-04 10:17:00-05:00,27,27.0,5104.274185811098
2025-03-07,2025,2025-03-07 10:40:00-05:00,61.8604470090786,cutoff,2025-03-07 15:00:00-05:00,260,260.0,5166.134632820176
2025-03-17,2025,2025-03-17 00:04:00-04:00,-0.0,BE,2025-03-17 01:17:00-04:00,73,73.0,5166.134632820176
2025-03-17,2025,2025-03-17 06:37:00-04:00,-18.75,SL,2025-03-17 08:40:00-04:00,123,123.0,5147.384632820176
2025-03-24,2025,2025-03-24 04:09:00-04:00,-15.625,SL,2025-03-24 09:10:00-04:00,301,301.0,5131.759632820176
2025-03-25,2025,2025-03-25 08:32:00-04:00,-0.0,BE,2025-03-25 10:38:00-04:00,126,126.0,5131.759632820176
2025-03-27,2025,2025-03-27 09:43:00-04:00,46.73912380006186,TP,2025-03-27 10:30:00-04:00,47,47.0,5178.498756620238
2025-03-28,2025,2025-03-28 10:26:00-04:00,-37.25716575057049,cutoff,2025-03-28 15:00:00-04:00,274,274.0,5141.241590869668
2025-04-03,2025,2025-04-03 10:20:00-04:00,-5.4698831369451,cutoff,2025-04-03 15:00:00-04:00,280,280.0,5135.7717077327225
2025-04-14,2025,2025-04-14 09:16:00-04:00,-0.0,BE,2025-04-14 10:50:00-04:00,94,94.0,5135.7717077327225
2025-04-16,2025,2025-04-16 01:18:00-04:00,-16.25,SL,2025-04-16 01:26:00-04:00,8,8.0,5119.5217077327225
2025-04-21,2025,2025-04-21 10:00:00-04:00,-82.03729615766042,cutoff,2025-04-21 15:00:00-04:00,300,300.0,5037.484411575062
2025-04-23,2025,2025-04-22 19:00:00-04:00,-0.0,BE,2025-04-23 04:14:00-04:00,554,554.0,5037.484411575062
2025-04-23,2025,2025-04-23 09:34:00-04:00,48.486516195152035,cutoff,2025-04-23 15:00:00-04:00,326,326.0,5085.970927770214
2025-04-28,2025,2025-04-28 09:32:00-04:00,37.621099122182386,cutoff,2025-04-28 15:00:00-04:00,328,328.0,5123.5920268923965
2025-04-30,2025,2025-04-30 09:41:00-04:00,65.23243079590247,cutoff,2025-04-30 15:00:00-04:00,319,319.0,5188.824457688299
2025-05-01,2025,2025-04-30 20:25:00-04:00,-30.625,SL,2025-05-01 10:55:00-04:00,870,870.0,5158.199457688299
2025-05-08,2025,2025-05-08 04:41:00-04:00,-147.5,SL,2025-05-08 12:51:00-04:00,490,490.0,5010.699457688299
2025-05-12,2025,2025-05-12 02:45:00-04:00,-21.875,SL,2025-05-12 03:00:00-04:00,15,15.0,4988.824457688299
2025-05-16,2025,2025-05-16 04:36:00-04:00,-0.0,BE,2025-05-16 06:24:00-04:00,108,108.0,4988.824457688299
2025-05-21,2025,2025-05-21 06:22:00-04:00,0.0,BE,2025-05-21 13:18:00-04:00,416,416.0,4988.824457688299
2025-05-22,2025,2025-05-22 07:58:00-04:00,0.0,BE,2025-05-22 09:33:00-04:00,95,95.0,4988.824457688299
2025-05-22,2025,2025-05-22 08:16:00-04:00,53.29038144575679,cutoff,2025-05-22 15:00:00-04:00,404,404.0,5042.114839134056
2025-05-23,2025,2025-05-23 07:44:00-04:00,-107.5,SL,2025-05-23 07:58:00-04:00,14,14.0,4934.614839134056
2025-05-28,2025,2025-05-28 08:44:00-04:00,41.73053844742935,TP,2025-05-28 14:53:00-04:00,369,369.0,4976.345377581485
2025-05-29,2025,2025-05-28 19:07:00-04:00,48.64536647627665,cutoff,2025-05-29 15:00:00-04:00,1193,1193.0,5024.990744057762
2025-05-29,2025,2025-05-28 19:15:00-04:00,-0.0,BE,2025-05-28 20:17:00-04:00,62,62.0,5024.990744057762
2025-05-29,2025,2025-05-28 19:16:00-04:00,-0.0,BE,2025-05-28 20:47:00-04:00,91,91.0,5024.990744057762
2025-05-29,2025,2025-05-28 22:21:00-04:00,-0.0,BE,2025-05-29 03:59:00-04:00,338,338.0,5024.990744057762
2025-05-29,2025,2025-05-28 22:21:00-04:00,-0.0,BE,2025-05-29 03:59:00-04:00,338,338.0,5024.990744057762
2025-06-05,2025,2025-06-05 08:49:00-04:00,34.842757394887485,TP,2025-06-05 09:32:00-04:00,43,43.0,5059.833501452649
2025-06-05,2025,2025-06-05 08:49:00-04:00,32.71319275260066,TP,2025-06-05 09:40:00-04:00,51,51.0,5092.54669420525
2025-06-06,2025,2025-06-06 09:45:00-04:00,7.574719377477777,cutoff,2025-06-06 15:00:00-04:00,315,315.0,5100.121413582728
2025-06-11,2025,2025-06-11 08:30:00-04:00,60.34578934711499,TP,2025-06-11 14:17:00-04:00,347,347.0,5160.467202929843
2025-06-11,2025,2025-06-11 08:30:00-04:00,-0.0,BE,2025-06-11 10:23:00-04:00,113,113.0,5160.467202929843
2025-06-11,2025,2025-06-11 08:30:00-04:00,58.277308162796544,TP,2025-06-11 14:16:00-04:00,346,346.0,5218.744511092639
2025-06-11,2025,2025-06-11 08:30:00-04:00,-0.0,BE,2025-06-11 10:16:00-04:00,106,106.0,5218.744511092639
2025-06-12,2025,2025-06-12 04:02:00-04:00,0.0,BE,2025-06-12 07:30:00-04:00,208,208.0,5218.744511092639
2025-06-13,2025,2025-06-12 20:05:00-04:00,9.220789347114987,cutoff,2025-06-13 15:00:00-04:00,1135,1135.0,5227.965300439754
2025-06-13,2025,2025-06-12 20:32:00-04:00,19.929197365336222,cutoff,2025-06-13 15:00:00-04:00,1108,1108.0,5247.89449780509
2025-06-13,2025,2025-06-12 20:52:00-04:00,0.0,BE,2025-06-12 22:04:00-04:00,72,72.0,5247.89449780509
2025-06-13,2025,2025-06-12 21:10:00-04:00,0.0,BE,2025-06-12 22:25:00-04:00,75,75.0,5247.89449780509
2025-06-16,2025,2025-06-16 03:15:00-04:00,-0.0,BE,2025-06-16 04:31:00-04:00,76,76.0,5247.89449780509
2025-06-16,2025,2025-06-16 09:49:00-04:00,-21.25,SL,2025-06-16 10:18:00-04:00,29,29.0,5226.64449780509
2025-06-19,2025,2025-06-18 21:04:00-04:00,0.0,BE,2025-06-19 02:49:00-04:00,345,345.0,5226.64449780509
2025-06-19,2025,2025-06-19 03:56:00-04:00,0.0,BE,2025-06-19 08:35:00-04:00,279,279.0,5226.64449780509
2025-06-19,2025,2025-06-19 09:48:00-04:00,7.137840312841945,cutoff,2025-06-19 12:59:00-04:00,191,191.0,5233.782338117932
2025-06-20,2025,2025-06-20 09:22:00-04:00,48.546161503230906,cutoff,2025-06-20 15:00:00-04:00,338,338.0,5282.328499621163
2025-06-24,2025,2025-06-23 19:18:00-04:00,-0.0,BE,2025-06-23 21:12:00-04:00,114,114.0,5282.328499621163
2025-06-24,2025,2025-06-23 19:22:00-04:00,-0.0,BE,2025-06-23 21:45:00-04:00,143,143.0,5282.328499621163
2025-06-24,2025,2025-06-24 02:01:00-04:00,-24.328047495901956,cutoff,2025-06-24 15:00:00-04:00,779,779.0,5258.000452125261
2025-06-26,2025,2025-06-26 10:31:00-04:00,-0.0,BE,2025-06-26 11:36:00-04:00,65,65.0,5258.000452125261
2025-06-27,2025,2025-06-27 08:00:00-04:00,-0.0,BE,2025-06-27 09:56:00-04:00,116,116.0,5258.000452125261
2025-07-02,2025,2025-07-02 02:46:00-04:00,21.10251342065476,TP,2025-07-02 07:50:00-04:00,304,304.0,5279.102965545916
2025-07-03,2025,2025-07-03 08:30:00-04:00,-60.2375909304501,cutoff,2025-07-03 13:14:00-04:00,284,284.0,5218.865374615466
2025-07-18,2025,2025-07-17 19:12:00-04:00,28.931555391376605,cutoff,2025-07-18 15:00:00-04:00,1188,1188.0,5247.796930006843
2025-07-18,2025,2025-07-17 19:53:00-04:00,37.16190392227327,cutoff,2025-07-18 15:00:00-04:00,1147,1147.0,5284.958833929116
2025-07-18,2025,2025-07-18 01:13:00-04:00,32.38865763524154,TP,2025-07-18 10:15:00-04:00,542,542.0,5317.347491564357
2025-07-18,2025,2025-07-18 01:13:00-04:00,32.43956008895111,TP,2025-07-18 10:15:00-04:00,542,542.0,5349.7870516533085
2025-07-18,2025,2025-07-18 01:32:00-04:00,32.96628274835166,TP,2025-07-18 07:19:00-04:00,347,347.0,5382.75333440166
2025-07-18,2025,2025-07-18 02:21:00-04:00,65.66140733478824,TP,2025-07-18 12:37:00-04:00,616,616.0,5448.414741736448
2025-07-21,2025,2025-07-21 09:52:00-04:00,-0.17969069246100844,cutoff,2025-07-21 15:00:00-04:00,308,308.0,5448.235051043987
2025-07-24,2025,2025-07-24 10:56:00-04:00,-0.0,BE,2025-07-24 14:03:00-04:00,187,187.0,5448.235051043987
2025-07-31,2025,2025-07-31 03:30:00-04:00,89.6007831194056,TP,2025-07-31 10:59:00-04:00,449,449.0,5537.835834163393
2025-08-01,2025,2025-08-01 03:51:00-04:00,-40.0,SL,2025-08-01 09:42:00-04:00,351,351.0,5497.835834163393
2025-08-07,2025,2025-08-07 03:16:00-04:00,87.66603346590637,TP,2025-08-07 12:43:00-04:00,567,567.0,5585.501867629299
2025-08-07,2025,2025-08-07 04:01:00-04:00,80.94259170214355,TP,2025-08-07 11:48:00-04:00,467,467.0,5666.444459331443
2025-08-11,2025,2025-08-10 21:39:00-04:00,-0.0,BE,2025-08-11 02:53:00-04:00,314,314.0,5666.444459331443
2025-08-13,2025,2025-08-12 19:49:00-04:00,-0.0,BE,2025-08-13 02:41:00-04:00,412,412.0,5666.444459331443
2025-08-13,2025,2025-08-12 19:54:00-04:00,-0.0,BE,2025-08-13 03:12:00-04:00,438,438.0,5666.444459331443
2025-08-13,2025,2025-08-13 04:34:00-04:00,-0.0,BE,2025-08-13 07:40:00-04:00,186,186.0,5666.444459331443
2025-08-13,2025,2025-08-13 08:44:00-04:00,6.1579606555678765,cutoff,2025-08-13 15:00:00-04:00,376,376.0,5672.602419987011
2025-08-13,2025,2025-08-13 09:47:00-04:00,35.317104515206665,cutoff,2025-08-13 15:00:00-04:00,313,313.0,5707.919524502217
2025-08-20,2025,2025-08-19 21:36:00-04:00,-40.0,SL,2025-08-20 10:08:00-04:00,752,752.0,5667.919524502217
2025-08-22,2025,2025-08-22 10:01:00-04:00,-53.266884588229004,cutoff,2025-08-22 15:00:00-04:00,299,299.0,5614.652639913988
2025-09-02,2025,2025-09-02 03:49:00-04:00,-80.0,SL,2025-09-02 08:47:00-04:00,298,298.0,5534.652639913988
2025-09-04,2025,2025-09-03 22:08:00-04:00,-0.0,BE,2025-09-04 06:02:00-04:00,474,474.0,5534.652639913988
2025-09-05,2025,2025-09-04 21:00:00-04:00,33.78948998029864,TP,2025-09-05 10:25:00-04:00,805,805.0,5568.442129894287
2025-09-05,2025,2025-09-05 00:09:00-04:00,18.5232376690783,TP,2025-09-05 08:31:00-04:00,502,502.0,5586.965367563365
2025-09-05,2025,2025-09-05 01:32:00-04:00,21.340762562346754,TP,2025-09-05 08:31:00-04:00,419,419.0,5608.306130125712
2025-09-05,2025,2025-09-05 02:07:00-04:00,-0.0,BE,2025-09-05 08:35:00-04:00,388,388.0,5608.306130125712
2025-09-05,2025,2025-09-05 02:22:00-04:00,-0.0,BE,2025-09-05 08:35:00-04:00,373,373.0,5608.306130125712
2025-09-10,2025,2025-09-10 07:40:00-04:00,13.861663695985044,cutoff,2025-09-10 15:00:00-04:00,440,440.0,5622.167793821697
2025-09-10,2025,2025-09-10 08:30:00-04:00,-0.0,BE,2025-09-10 11:41:00-04:00,191,191.0,5622.167793821697
2025-09-10,2025,2025-09-10 08:30:00-04:00,35.824091860386034,cutoff,2025-09-10 15:00:00-04:00,390,390.0,5657.991885682083
2025-09-10,2025,2025-09-10 08:30:00-04:00,41.73220949908682,cutoff,2025-09-10 15:00:00-04:00,390,390.0,5699.72409518117
2025-09-10,2025,2025-09-10 08:30:00-04:00,-0.0,BE,2025-09-10 11:50:00-04:00,200,200.0,5699.72409518117
2025-09-10,2025,2025-09-10 08:30:00-04:00,36.69575798907681,cutoff,2025-09-10 15:00:00-04:00,390,390.0,5736.419853170247
2025-09-15,2025,2025-09-15 00:00:00-04:00,-45.0,SL,2025-09-15 00:01:00-04:00,1,1.0,5691.419853170247
2025-09-18,2025,2025-09-18 04:51:00-04:00,44.12710378241354,TP,2025-09-18 09:45:00-04:00,294,294.0,5735.54695695266
2025-09-25,2025,2025-09-25 07:58:00-04:00,0.0,BE,2025-09-25 11:02:00-04:00,184,184.0,5735.54695695266
2025-09-25,2025,2025-09-25 08:49:00-04:00,0.0,BE,2025-09-25 12:54:00-04:00,245,245.0,5735.54695695266
2025-09-25,2025,2025-09-25 08:53:00-04:00,0.0,BE,2025-09-25 13:20:00-04:00,267,267.0,5735.54695695266
2025-09-29,2025,2025-09-29 04:36:00-04:00,-0.0,BE,2025-09-29 07:54:00-04:00,198,198.0,5735.54695695266
2025-10-02,2025,2025-10-02 04:07:00-04:00,5.672135625172814,cutoff,2025-10-02 15:00:00-04:00,653,653.0,5741.219092577833
2025-10-02,2025,2025-10-02 04:22:00-04:00,6.612290602009125,cutoff,2025-10-02 15:00:00-04:00,638,638.0,5747.831383179842
2025-10-02,2025,2025-10-02 09:01:00-04:00,30.287469772305485,TP,2025-10-02 10:47:00-04:00,106,106.0,5778.118852952148
2025-10-14,2025,2025-10-14 09:45:00-04:00,81.87493465712942,TP,2025-10-14 10:02:00-04:00,17,17.0,5859.993787609277
2025-10-15,2025,2025-10-15 05:12:00-04:00,41.48876689145891,TP,2025-10-15 13:01:00-04:00,469,469.0,5901.482554500736
2025-10-15,2025,2025-10-15 10:05:00-04:00,85.62493465712942,TP,2025-10-15 11:44:00-04:00,99,99.0,5987.1074891578655
2025-10-20,2025,2025-10-20 10:41:00-04:00,-10.310694206933476,cutoff,2025-10-20 15:00:00-04:00,259,259.0,5976.796794950932
2025-10-24,2025,2025-10-24 08:30:00-04:00,-5.16359573958016,cutoff,2025-10-24 15:00:00-04:00,390,390.0,5971.633199211352
2025-11-04,2025,2025-11-04 00:49:00-05:00,-40.0,SL,2025-11-04 05:04:00-05:00,255,255.0,5931.633199211352
2025-11-05,2025,2025-11-04 20:17:00-05:00,82.19216447636609,TP,2025-11-05 01:19:00-05:00,302,302.0,6013.825363687718
2025-11-07,2025,2025-11-06 23:02:00-05:00,0.0,BE,2025-11-07 06:12:00-05:00,430,430.0,6013.825363687718
2025-11-07,2025,2025-11-07 06:14:00-05:00,-40.0,SL,2025-11-07 10:06:00-05:00,232,232.0,5973.825363687718
2025-11-12,2025,2025-11-11 20:54:00-05:00,-0.0,BE,2025-11-12 00:10:00-05:00,196,196.0,5973.825363687718
2025-11-12,2025,2025-11-11 21:05:00-05:00,-0.0,BE,2025-11-12 00:42:00-05:00,217,217.0,5973.825363687718
2025-11-12,2025,2025-11-11 21:12:00-05:00,-0.0,BE,2025-11-12 01:26:00-05:00,254,254.0,5973.825363687718
2025-11-12,2025,2025-11-12 02:41:00-05:00,-0.0,BE,2025-11-12 07:36:00-05:00,295,295.0,5973.825363687718
2025-11-13,2025,2025-11-13 09:42:00-05:00,-40.0,SL,2025-11-13 11:43:00-05:00,121,121.0,5933.825363687718
2025-11-17,2025,2025-11-17 03:39:00-05:00,84.01664288623579,TP,2025-11-17 07:04:00-05:00,205,205.0,6017.842006573954
2025-11-18,2025,2025-11-17 23:17:00-05:00,-80.0,SL,2025-11-18 10:02:00-05:00,645,645.0,5937.842006573954
2025-11-20,2025,2025-11-20 08:31:00-05:00,43.777652626223244,TP,2025-11-20 11:18:00-05:00,167,167.0,5981.619659200177
2025-11-20,2025,2025-11-20 09:37:00-05:00,46.37899222459782,TP,2025-11-20 11:15:00-05:00,98,98.0,6027.998651424775
2025-11-21,2025,2025-11-21 05:04:00-05:00,47.152652626223244,TP,2025-11-21 07:37:00-05:00,153,153.0,6075.151304050998
2025-11-26,2025,2025-11-26 00:21:00-05:00,-80.0,SL,2025-11-26 11:41:00-05:00,680,680.0,5995.151304050998
2025-12-04,2025,2025-12-04 09:09:00-05:00,40.51002544024868,TP,2025-12-04 14:24:00-05:00,315,315.0,6035.661329491247
2025-12-04,2025,2025-12-04 09:09:00-05:00,41.990825438680076,TP,2025-12-04 14:24:00-05:00,315,315.0,6077.652154929927
2025-12-05,2025,2025-12-05 09:51:00-05:00,-0.0,BE,2025-12-05 13:05:00-05:00,194,194.0,6077.652154929927
2025-12-05,2025,2025-12-05 10:02:00-05:00,25.358382085829362,cutoff,2025-12-05 15:00:00-05:00,298,298.0,6103.010537015756
2025-12-05,2025,2025-12-05 10:02:00-05:00,28.151349586931246,cutoff,2025-12-05 15:00:00-05:00,298,298.0,6131.161886602687
2025-12-05,2025,2025-12-05 10:13:00-05:00,42.2936362037035,cutoff,2025-12-05 15:00:00-05:00,287,287.0,6173.455522806391
2025-12-11,2025,2025-12-10 22:09:00-05:00,42.22262776739626,TP,2025-12-11 06:47:00-05:00,518,518.0,6215.678150573787
2025-12-17,2025,2025-12-17 10:58:00-05:00,-23.190718308895157,cutoff,2025-12-17 15:00:00-05:00,242,242.0,6192.487432264892
2025-12-22,2025,2025-12-22 02:19:00-05:00,-0.0,BE,2025-12-22 05:23:00-05:00,184,184.0,6192.487432264892
2025-12-22,2025,2025-12-22 09:31:00-05:00,-4.879430986998159,cutoff,2025-12-22 15:00:00-05:00,329,329.0,6187.608001277894
2025-12-23,2025,2025-12-23 09:44:00-05:00,-45.45450747007999,cutoff,2025-12-23 15:00:00-05:00,316,316.0,6142.153493807814
2025-12-24,2025,2025-12-24 09:43:00-05:00,-13.220359154447578,cutoff,2025-12-24 13:14:00-05:00,211,211.0,6128.933134653366
2025-12-31,2025,2025-12-30 20:00:00-05:00,0.0,BE,2025-12-31 00:50:00-05:00,290,290.0,6128.933134653366
2026-01-02,2026,2026-01-02 10:59:00-05:00,18.80555329292656,cutoff,2026-01-02 15:00:00-05:00,241,241.0,6147.738687946293
